code,name,current,ideal,chase,defense,defense_source,ideal_risk,current_risk,setup_invalid,t1,t2,up1,up2,rr1,rr2,fund_low,fund_mid,fund_high,fund_confidence,resonance,target_type,target_low,target_high,price_state,ema9,ema20,ext9_pct,ext20_pct,overextended,grade,title,action,issue
0050,元大台灣50,112.05,110.89960926320393,112.06746550688243,108.19625555348605,技術結構,2.437658462169926,3.439307850525607,False,114.0,116.5,1.7402945113788482,3.9714413208389088,0.506001377897268,1.1547210931501752,,,,,⚪ 基本面不足,技術目標,114.0,116.5,🟢 合理,110.89960926320393,109.36411179716455,1.037326230848823,2.4559136984689367,False,NO,🔴 不追,第一目標風報不足,
0051,元大中型100,148.675,146.77326447268408,148.4018339394112,144.05724508774722,技術結構,1.8504864592981334,3.1059390699531138,False,152.0,155.5,2.2364217252396124,4.590549857070791,0.7200468762812442,1.4779909565772933,,,,,⚪ 基本面不足,技術目標,152.0,155.5,🔴 過熱,146.77326447268408,145.68581455447435,1.2956961434007486,2.0518026787075705,False,NO,🔴 不追,等待回到合理價格區,
0052,富邦科技,65.45,64.5289106363132,65.23337459505343,62.8936224382377,技術結構,2.534194645392406,3.905848069919486,False,65.9,67.6,0.6875477463712754,3.2849503437738514,0.1760303355541037,0.841033825425157,,,,,⚪ 基本面不足,技術目標,65.9,67.6,🔴 過熱,64.5289106363132,63.59808639697793,1.4274057234254123,2.91190145480551,False,NO,🔴 不追,等待回到合理價格區,
0053,元大電子,252.05,249.38865352902786,252.56276099885906,243.01699547273515,技術結構,2.554910965727268,3.5838145317456314,False,254.5,261.5,0.9720293592541118,3.7492560999801583,0.2712275846430726,1.0461635407661407,,,,,⚪ 基本面不足,技術目標,254.5,261.5,🟢 合理,249.38865352902786,246.19110294256635,1.0671481774780833,2.3798167307453433,False,NO,🔴 不追,第一目標風報不足,
0055,元大MSCI金融,49.27,49.62656477155979,50.37067236400625,48.11204835362085,技術結構,3.0518260228378495,2.3502164529716936,False,49.9,51.4,1.2786685609904591,4.323117515729646,0.5440641688018425,1.8394550469014672,,,,,⚪ 基本面不足,技術目標,49.9,51.4,🔵 偏便宜,49.62656477155979,48.85615594606731,-0.7184957758029853,0.8470663438800541,False,NO,🔴 不追,第一目標風報不足,
0056,元大高股息,56.95,56.49976665921831,57.02208825127676,55.22758656542818,技術結構,2.2516554828683737,3.024430965007585,False,57.9,59.1,1.668129938542573,3.7752414398595224,0.5515516663606138,1.2482485080792889,,,,,⚪ 基本面不足,技術目標,57.9,59.1,🟢 合理,56.49976665921831,55.74990815748664,0.79687646056541,2.1526346538962127,False,NO,🔴 不追,第一目標風報不足,
0057,富邦摩台,333.45,330.32037777664107,333.44091218303055,322.8965685690267,技術結構,2.247457228519591,3.164921706694636,False,337.0,344.5,1.0646273804168604,3.3138401559454245,0.3363834808819743,1.0470528066889577,,,,,⚪ 基本面不足,技術目標,337.0,344.5,🔴 過熱,330.32037777664107,326.0171029754162,0.9474505461710026,2.279910150954345,False,NO,🔴 不追,等待回到合理價格區,
0061,元大寶滬深,23.25,24.003361623149377,24.20907599878153,23.797647247517226,技術結構,0.8570231905924212,,True,24.4,24.5,4.946236559139772,5.376344086021501,,,,,,,⚪ 基本面不足,技術目標,24.4,24.5,🔵 偏便宜,23.803881798405627,24.003361623149377,-2.326854935243061,-3.138567151456062,False,NO,🔴 結構失效,現價已跌破防守位，等待重新形成結構,
1101,台泥,26.3,28.012182862700854,30.302361556744692,24.044275863190137,技術結構,14.164933232654697,8.576897858592638,False,30.15,35.5,14.638783269961975,34.980988593155885,1.706768987029072,4.078512904069471,,,,,⚪ 基本面不足,技術目標,30.15,35.5,🔵 偏便宜,28.012182862700854,26.334454557233975,-6.112279328936843,-0.1308345200736638,False,B,🟡 B 等確認,等支撐或量價確認,
1102,亞泥,35.8,35.48650997410924,35.882938586409566,34.82024433103253,技術結構,1.8775180866273313,2.7367476786800857,False,36.1,36.5,0.8379888268156499,1.9553072625698498,0.30619878965963204,0.7144638425391415,40.39,50.55,60.71,🟡 B 中等,🔵 技術低於基本面,技術目標,36.1,36.5,🟢 合理,35.48650997410924,35.21667294333285,0.883406190463587,1.6563945651702383,False,NO,🔴 不追,第一目標風報不足,
1103,嘉泥,13.2,13.135252567202318,13.269181179502647,13.00132395490199,技術結構,1.0196120068123988,1.5051215537728002,False,13.35,13.5,1.1363636363636465,2.2727272727272707,0.5681818181818232,1.1363636363636354,6.79,12.5,18.21,🟠 C 低一致,🟡 共振但估值分歧,共振目標,13.35,13.5,🟢 合理,13.115904368075785,13.135252567202318,0.6411729573822189,0.49292872342134864,False,NO,🔴 不追,第一目標風報不足,
1104,環泥,26.7,26.825404244071212,27.01558285637154,26.635225631770883,技術結構,0.7089496604412259,0.2426006300715971,False,26.85,27.05,0.5617977528090012,1.310861423220988,0.2808988764045006,0.655430711610494,26.81,28.87,30.93,🟡 B 中等,✅ 技術×基本面共振,共振目標,26.85,27.05,🔵 偏便宜,26.728850415572136,26.825404244071212,-0.1079373602814182,-0.46748314743076946,False,NO,🔴 不追,第一目標風報不足,
1108,幸福,11.15,11.275715869525058,11.388215869525059,11.163215869525057,技術結構,0.9977193581478503,,True,11.65,11.8,4.484304932735417,5.829596412556048,,,5.02,6.74,8.46,🟡 B 中等,🔴 基本面背離,技術目標,11.65,11.8,🔵 偏便宜,11.117924443097634,11.275715869525058,0.2885031020540829,-1.1149258369025694,False,NO,🔴 結構失效,現價已跌破防守位，等待重新形成結構,
1109,信大,13.35,13.414594325622959,13.481558304799071,13.347630346446847,技術結構,0.4991875084004998,0.01775021388129418,False,13.45,13.6,0.7490636704119868,1.8726591760299671,0.3745318352059934,0.9363295880149836,2.93,7.9,12.88,🟠 C 低一致,🔴 基本面背離,技術目標,13.45,13.6,🔵 偏便宜,13.357975998648433,13.414594325622959,-0.059709634522775445,-0.4815227658400256,False,NO,🔴 不追,第一目標風報不足,
1110,東泥,14.65,15.350694853026326,15.589087577335974,15.112302128716678,技術結構,1.5529767648442951,,True,15.6,16.15,6.484641638225241,10.23890784982935,,,6.64,7.77,8.89,🟡 B 中等,🔴 基本面背離,技術目標,15.6,16.15,🔵 偏便宜,14.984612475313499,15.350694853026326,-2.2330405665462405,-4.564580689897479,False,NO,🔴 結構失效,現價已跌破防守位，等待重新形成結構,
1201,味全,11.65,11.883945289880437,12.004481045037908,11.763409534722966,技術結構,1.014273898249188,,True,12.15,12.25,4.29184549356223,5.150214592274671,,,14.11,16.74,19.37,🟢 A 高一致,🔵 技術低於基本面,技術目標,12.15,12.25,🔵 偏便宜,11.717690888661677,11.883945289880437,-0.5776811259561088,-1.9685826901243653,False,NO,🔴 結構失效,現價已跌破防守位，等待重新形成結構,
1203,味王,43.7,43.99455191870475,45.25348081710737,42.73562302030213,技術結構,2.8615563598168516,2.206812310521452,False,46.0,46.85,5.263157894736836,7.208237986270016,2.3849594592361116,3.2663575202581536,30.97,34.56,38.16,🟢 A 高一致,🔴 基本面背離,技術目標,46.0,46.85,🔵 偏便宜,43.65165866634647,43.99455191870475,0.11074340616248346,-0.6695190787464722,False,B,🟡 B 等確認,等支撐或量價確認,
1210,大成,52.0,52.20074133795269,52.607884235967305,51.79359843993808,技術結構,0.7799561607348247,0.3969260770421539,False,52.8,53.4,1.538461538461533,2.6923076923076827,0.7692307692307665,1.3461538461538414,57.16,61.71,66.26,🟢 A 高一致,🔵 技術低於基本面,技術目標,52.8,53.4,🔵 偏便宜,52.019048709608825,52.20074133795269,-0.036618719644720965,-0.38455648867719017,False,NO,🔴 不追,第一目標風報不足,
1213,大飲,7.47,7.3666577056631315,7.599693394403998,7.133622016922265,技術結構,3.163384238169769,4.503051982298989,False,7.52,7.7,0.6693440428380271,3.0789825970549023,0.14864230869844414,0.683754620012838,,,,,⚪ 基本面不足,技術目標,7.52,7.7,🟢 合理,7.337216967792327,7.3666577056631315,1.8097193089769759,1.402838281157326,False,NO,🔴 不追,第一目標風報不足,
1215,卜蜂,105.0,107.28006628695702,108.80685200124273,105.75328057267131,技術結構,1.4231774523720004,,True,108.0,110.0,2.857142857142847,4.761904761904767,,,65.37,100.86,136.36,🟠 C 低一致,🟡 共振但估值分歧,共振目標,108.0,110.0,🔵 偏便宜,106.2236307558407,107.28006628695702,-1.1519383654407966,-2.125340117574326,False,NO,🔴 結構失效,現價已跌破防守位，等待重新形成結構,
1216,統一,74.2,75.10959585108078,75.73638164711001,74.48281005505156,技術結構,0.8344949655593249,,True,75.4,76.3,1.6172506738544534,2.8301886792452713,,,42.67,75.79,108.9,🟠 C 低一致,🟡 共振但估值分歧,共振目標,75.4,76.3,🔵 偏便宜,74.64158099506214,75.10959585108078,-0.5916018781694232,-1.2110248241572585,False,NO,🔴 結構失效,現價已跌破防守位，等待重新形成結構,
1217,愛之味,9.95,9.954591023571894,10.000662210999959,9.908519836143828,技術結構,0.4628134628431403,0.4168860689062438,False,10.0,10.05,0.5025125628140836,1.005025125628145,0.2512562814070418,0.5025125628140725,5.99,13.19,20.39,🟠 C 低一致,🟡 共振但估值分歧,共振目標,10.0,10.05,🔵 偏便宜,9.947252869986652,9.954591023571894,0.027616971733324114,-0.04611966037603166,False,NO,🔴 不追,第一目標風報不足,
1218,泰山,14.6,14.52157190852291,14.652821939176727,14.390321877869093,技術結構,0.9038279841921553,1.4361515214445653,False,14.7,14.85,0.6849315068493178,1.7123287671232834,0.3424657534246589,0.8561643835616417,,,,,⚪ 基本面不足,技術目標,14.7,14.85,🟢 合理,14.470702563687285,14.52157190852291,0.8935118094208772,0.5400799029963155,False,NO,🔴 不追,第一目標風報不足,
1219,福壽,11.45,11.433055208336194,11.577698228966078,11.283151713256032,技術結構,1.3111411809755158,1.4571902772398877,False,11.7,11.85,2.183406113537112,3.493449781659397,1.091703056768556,1.7467248908296984,,,,,⚪ 基本面不足,技術目標,11.7,11.85,🟢 合理,11.433055208336194,11.427794733885916,0.14820878019945471,0.19430928390968827,False,B,🟡 B 等確認,等支撐或量價確認,
1220,台榮,10.85,10.819871920179773,10.902907705991062,10.736836134368485,技術結構,0.767437788763668,1.0429849366959911,False,11.05,11.25,1.8433179723502446,3.686635944700467,0.9216589861751223,1.8433179723502335,18.21,18.21,18.21,🟠 C 低一致,🔵 技術低於基本面,技術目標,11.05,11.25,🟢 合理,10.793456339358993,10.819871920179773,0.5238698231892158,0.2784513536064681,False,C,🟠 C 觀察,條件未齊，不急進,
1225,福懋油,24.55,24.73138421378745,25.192098049912417,24.270670377662483,技術結構,1.8628712090774293,1.1377988689919234,False,25.35,25.75,3.258655804480659,4.887983706720966,1.6293279022403295,2.443991853360483,16.78,16.78,16.78,🟠 C 低一致,🔴 基本面背離,技術目標,25.35,25.75,🔵 偏便宜,24.588076419260904,24.73138421378745,-0.15485725117999616,-0.7334171521476307,False,B,🟡 B 等確認,等支撐或量價確認,
1227,佳格,28.1,28.344957578642155,28.527100435785012,28.1628147214993,技術結構,0.6425935076371434,,True,28.55,28.85,1.6014234875444844,2.6690391459074814,,,30.0,30.8,31.59,🟢 A 高一致,🔵 技術低於基本面,技術目標,28.55,28.85,🔵 偏便宜,28.183998267107054,28.344957578642155,-0.29803531177862164,-0.8642016060970592,False,NO,🔴 結構失效,現價已跌破防守位，等待重新形成結構,
1229,聯華,39.9,40.59182173302624,41.00967871239635,40.17396475365612,技術結構,1.0294117423908038,,True,40.5,40.85,1.5037593984962516,2.3809523809523947,,,36.76,40.98,45.21,🟢 A 高一致,✅ 技術×基本面共振,共振目標,40.5,40.85,🔵 偏便宜,40.14770845135069,40.59182173302624,-0.616992752278378,-1.7043377298421647,False,NO,🔴 結構失效,現價已跌破防守位，等待重新形成結構,
1231,聯華食,79.6,80.05869998258036,80.54084357541484,79.57655638974589,技術結構,0.6022375993357163,0.02945177167601175,False,80.4,80.9,1.005025125628145,1.633165829145744,0.5025125628140725,0.816582914572872,45.34,72.55,99.76,🟠 C 低一致,🟡 共振但估值分歧,共振目標,80.4,80.9,🔵 偏便宜,79.79146794763194,80.05869998258036,-0.23996042754547142,-0.5729545729323271,False,NO,🔴 不追,第一目標風報不足,
1232,大統益,153.5,154.9313886186754,155.815317190104,154.04746004724683,技術結構,0.5705290447012975,,True,155.5,157.5,1.3029315960912058,2.6058631921824116,,,64.49,137.69,210.88,🟠 C 低一致,🟡 共振但估值分歧,共振目標,155.5,157.5,🔵 偏便宜,154.40910182018632,154.9313886186754,-0.5887618083841972,-0.9238854898528159,False,NO,🔴 結構失效,現價已跌破防守位，等待重新形成結構,
1233,天仁,28.1,28.082472469377187,28.256579673541964,27.90836526521241,技術結構,0.6199853106048046,0.6819741451515704,False,28.3,28.45,0.7117437722419906,1.245551601423478,0.3558718861209953,0.622775800711739,19.62,20.59,21.56,🟢 A 高一致,🔴 基本面背離,技術目標,28.3,28.45,🟢 合理,28.015303143348767,28.082472469377187,0.3023235415938741,0.062414485198658554,False,NO,🔴 不追,第一目標風報不足,
1234,黑松,33.0,33.177473899880674,33.351581369711866,33.00336643004948,技術結構,0.5247761488912457,,True,33.35,33.6,1.060606060606073,1.81818181818183,,,17.46,36.53,55.6,🟠 C 低一致,🟡 共振但估值分歧,共振目標,33.35,33.6,🔵 偏便宜,33.06624453852837,33.177473899880674,-0.20033886355369512,-0.5349228829664265,False,NO,🔴 結構失效,現價已跌破防守位，等待重新形成結構,
1235,興泰,33.15,36.07052312785738,37.50177311423346,34.6392731414813,技術結構,3.9679213448133273,,True,36.9,37.95,11.31221719457014,14.47963800904979,,,,,,,⚪ 基本面不足,技術目標,36.9,37.95,🔵 偏便宜,35.294672871848306,36.07052312785738,-6.076477545592828,-8.096702999025396,False,NO,🔴 結構失效,現價已跌破防守位，等待重新形成結構,
1236,宏亞,25.45,25.565768844258244,25.887197395250936,25.24434029326555,技術結構,1.2572614301207736,0.8080931502335862,False,25.6,25.85,0.5893909626719207,1.5717092337917515,0.29469548133596035,0.7858546168958758,,,,,⚪ 基本面不足,技術目標,25.6,25.85,🔵 偏便宜,25.48012724201846,25.565768844258244,-0.1182381929740961,-0.45282754828727123,False,NO,🔴 不追,第一目標風報不足,
1240,茂生農經,54.0,55.025149039748804,55.351935040136816,54.69836303936079,技術結構,0.5938848073849823,,True,55.2,55.5,2.2222222222222365,2.777777777777768,,,83.81,105.33,126.86,🟠 C 低一致,🔵 技術低於基本面,技術目標,55.2,55.5,🔵 偏便宜,54.71993448512799,55.025149039748804,-1.3156713214334315,-1.8630554530770338,False,NO,🔴 結構失效,現價已跌破防守位，等待重新形成結構,
1256,鮮活果汁-KY,168.0,171.6023035441817,173.58444640132456,169.62016068703883,技術結構,1.1550793994047566,,True,172.0,174.0,2.3809523809523725,3.571428571428581,,,219.05,310.55,402.05,🟡 B 中等,🔵 技術低於基本面,技術目標,172.0,174.0,🔵 偏便宜,168.9961831984585,171.6023035441817,-0.5894708268580517,-2.0992163099105676,False,NO,🔴 結構失效,現價已跌破防守位，等待重新形成結構,
1259,安心,67.8,67.22453199074131,68.17274643994263,65.03694976014202,技術結構,3.2541427449440343,4.075295339023563,False,69.0,71.3,1.7699115044247815,5.162241887905594,0.4343026350695974,1.2667160189529878,52.11,110.02,167.93,🟠 C 低一致,🟡 共振但估值分歧,共振目標,69.0,71.3,🟢 合理,67.22453199074131,65.98516420934334,0.8560386992920055,2.750369438952882,False,NO,🔴 不追,第一目標風報不足,
1264,德麥,244.75,247.1291220113318,248.4416220113318,245.8166220113318,技術結構,0.5310988803415151,,True,246.0,253.0,0.5107252298263587,3.370786516853941,,,210.3,279.32,348.33,🟡 B 中等,✅ 技術×基本面共振,共振目標,246.0,253.0,🔵 偏便宜,244.96473836890613,247.1291220113318,-0.0876609304408249,-0.9627040277441212,False,NO,🔴 結構失效,現價已跌破防守位，等待重新形成結構,
1268,漢來美食,175.0,174.95147589716424,176.02290446859283,173.88004732573566,技術結構,0.6124147086694856,0.63997295672248,False,176.0,177.5,0.5714285714285783,1.4285714285714235,0.28571428571428914,0.7142857142857117,161.7,254.22,346.74,🟠 C 低一致,🟡 共振但估值分歧,共振目標,176.0,177.5,🟢 合理,174.46469346598468,174.95147589716424,0.3068280024919101,0.027735749348156702,False,NO,🔴 不追,第一目標風報不足,
1294,漢田生技,50.4,51.93874902623809,52.43428449529327,51.443213557182915,技術結構,0.954076635162787,,True,51.7,53.9,2.5793650793650924,6.944444444444442,,,47.54,51.91,56.29,🟢 A 高一致,✅ 技術×基本面共振,共振目標,51.7,53.9,🔵 偏便宜,50.878545789433424,51.93874902623809,-0.9405649906228497,-2.9626224256205314,False,NO,🔴 結構失效,現價已跌破防守位，等待重新形成結構,
1295,生合,47.4,46.07580673723843,46.841878084066344,45.01280465871534,技術結構,2.307072092270006,5.036277091317847,False,48.8,50.0,2.9535864978902815,5.485232067510548,0.5864622705097058,1.0891442166608873,45.39,53.13,60.87,🟢 A 高一致,✅ 技術×基本面共振,共振目標,48.8,50.0,🔴 過熱,46.07580673723843,45.77887600554325,2.873944823827368,3.5412053241771213,False,NO,🔴 不追,等待回到合理價格區,
1301,台塑,68.1,65.00835453693288,66.727997516691,62.44631303182256,技術結構,3.9410957612452133,8.302036663990355,False,68.6,69.8,0.7342143906020615,2.496328928046987,0.08843786414322616,0.3006887380869662,59.71,72.62,85.53,🟡 B 中等,✅ 技術×基本面共振,共振目標,68.6,69.8,🔴 過熱,65.00835453693288,64.16595601158069,4.755766370475767,6.131045546503322,False,NO,🔴 不追,等待回到合理價格區,
1303,南亞,255.5,239.8081500445819,250.17422147315332,221.4560046606145,技術結構,7.652844734657944,13.32446001541507,False,273.0,297.0,6.849315068493156,16.242661448140904,0.5140407236442739,1.219010858927849,59.52,179.64,299.76,🟠 C 低一致,🟡 共振但估值分歧,共振目標,273.0,297.0,🔴 過熱,239.8081500445819,231.8220760891859,6.543501525073636,10.213834812567546,False,NO,🔴 不追,等待回到合理價格區,
1304,台聚,12.65,12.401019906970362,12.679591304887973,12.07489721981526,技術結構,2.629805367635895,4.546267037033526,False,12.85,13.15,1.5810276679841806,3.9525691699604737,0.3477639247992378,0.8694098119980993,,,,,⚪ 基本面不足,技術目標,12.85,13.15,🟢 合理,12.401019906970362,12.35346861773287,2.0077388383974215,2.4003896512229117,False,NO,🔴 不追,第一目標風報不足,
1305,華夏,12.35,12.127723343546995,12.38754480277224,11.849731487010082,技術結構,2.2922015011566743,4.05075719020176,False,12.6,13.1,2.0242914979757165,6.072874493927127,0.4997316311311394,1.4991948933934127,,,,,⚪ 基本面不足,技術目標,12.6,13.1,🟢 合理,12.127723343546995,12.109552946235327,1.8327978809911993,1.985598104506603,False,NO,🔴 不追,第一目標風報不足,
1307,三芳,31.5,30.83172507561294,31.13708203454718,30.441090417296408,技術結構,1.2669893019561003,3.3616177228685458,False,31.8,32.75,0.952380952380949,3.9682539682539764,0.2833103079812003,1.1804596165883412,24.5,54.09,83.68,🟠 C 低一致,🟡 共振但估值分歧,共振目標,31.8,32.75,🔴 過熱,30.83172507561294,30.74644737623065,2.167491188858728,2.4508607923005243,False,NO,🔴 不追,等待回到合理價格區,
1308,亞聚,14.45,14.242545093993273,14.547902155106904,13.87165493744396,技術結構,2.604100279139958,4.002387976166362,False,14.55,14.8,0.6920415224913601,2.422145328719738,0.17290715608091137,0.6051750462831843,,,,,⚪ 基本面不足,技術目標,14.55,14.8,🟢 合理,14.242545093993273,14.17701199855759,1.4565859166155493,1.9255679650280522,False,NO,🔴 不追,第一目標風報不足,
1309,台達化,13.95,13.803567569329376,14.170531824389844,13.356500094695944,技術結構,3.2387820930205495,4.254479607914375,False,14.3,14.7,2.508960573476715,5.376344086021501,0.5897220822987219,1.2636901763543966,,,,,⚪ 基本面不足,技術目標,14.3,14.7,🟢 合理,13.803567569329376,13.723464349756412,1.0608303247342077,1.6507176647972965,False,NO,🔴 不追,第一目標風報不足,
1310,台苯,9.25,8.889918436431556,9.090811405971742,8.560380378136754,技術結構,3.706873810498975,7.45534726338644,False,10.65,11.0,15.135135135135137,18.918918918918926,2.0301046484399854,2.5376308105499823,,,,,⚪ 基本面不足,技術目標,10.65,11.0,🔴 過熱,8.889918436431556,8.76127334767694,4.0504484506044935,5.578260521373246,False,NO,🔴 不追,等待回到合理價格區,
1312,國喬,15.0,14.66499592306689,15.104281647570543,13.965931277845234,技術結構,4.766892871221884,6.893791481031772,False,15.15,15.5,1.0000000000000009,3.3333333333333437,0.1450580573479043,0.48352685782634874,,,,,⚪ 基本面不足,技術目標,15.15,15.5,🟢 合理,14.66499592306689,14.405217002348888,2.2843789298718775,4.128941601880265,False,NO,🔴 不追,第一目標風報不足,
1313,聯成,12.3,12.14534663346655,12.39981086809114,11.789122480771791,技術結構,2.9330093528428582,4.153475766083004,False,12.4,12.6,0.8130081300812941,2.4390243902439046,0.19574163324131136,0.5872248997239394,,,,,⚪ 基本面不足,技術目標,12.4,12.6,🟢 合理,12.14534663346655,12.043586715396382,1.2733549004464217,2.129044201390795,False,NO,🔴 不追,第一目標風報不足,
1314,中石化,9.0,8.784001186550467,9.051322615121896,8.285421514847615,技術結構,5.675997317330147,7.939760946137614,False,9.5,10.7,5.555555555555558,18.88888888888889,0.6997132021031591,2.37902488715074,,,,,⚪ 基本面不足,技術目標,9.5,10.7,🟢 合理,8.784001186550467,8.552742943419043,2.4590025531901816,5.229399030694615,False,NO,🔴 不追,第一目標風報不足,
1315,達新,68.8,67.90959203153889,68.4399495831136,66.60566731893259,技術結構,1.9200891561838986,3.189437036435186,False,69.7,71.0,1.3081395348837344,3.197674418604657,0.4101474711492765,1.0025827072537785,17.38,55.38,93.38,🟠 C 低一致,🟡 共振但估值分歧,共振目標,69.7,71.0,🔴 過熱,67.90959203153889,67.1360248705073,1.311166717137069,2.4785130378246034,False,NO,🔴 不追,等待回到合理價格區,
1316,上曜,10.7,10.671902101301015,10.886187856458486,10.457616346143544,技術結構,2.0079434118061052,2.2652677930509855,False,10.8,11.25,0.9345794392523477,5.140186915887868,0.4125690755500503,2.269129915525257,,,,,⚪ 基本面不足,技術目標,10.8,11.25,🟢 合理,10.614571303679423,10.671902101301015,0.8048247439909728,0.2632885724800582,False,NO,🔴 不追,第一目標風報不足,
1319,東陽,77.9,79.4629851322009,80.29869966314573,78.62727060125607,技術結構,1.0517029149540082,,True,78.6,80.7,0.8985879332477298,3.594351732991008,,,73.81,91.11,108.41,🟡 B 中等,✅ 技術×基本面共振,共振目標,78.6,80.7,🔵 偏便宜,78.90136857564475,79.4629851322009,-1.2691396787176235,-1.9669348308531176,False,NO,🔴 結構失效,現價已跌破防守位，等待重新形成結構,
1321,大洋,32.4,32.438014249035945,32.77015682007651,32.10521004442391,技術結構,1.0259697219965387,0.9098455419014986,False,32.6,33.05,0.6172839506172867,2.0061728395061706,0.30864197530864335,1.0030864197530853,18.18,24.07,29.96,🟡 B 中等,🔴 基本面背離,技術目標,32.6,33.05,🔵 偏便宜,32.438014249035945,32.43735261546448,-0.11719043201627866,-0.11515309497442949,False,NO,🔴 不追,第一目標風報不足,
1323,永裕,21.45,21.36244062253152,21.582083459238497,21.119401256633903,技術結構,1.137694752168326,1.5412528828256222,False,21.6,21.9,0.6993006993007089,2.0979020979021046,0.34965034965035446,1.0489510489510523,26.65,40.79,54.94,🟡 B 中等,🔵 技術低於基本面,技術目標,21.6,21.9,🟢 合理,21.36244062253152,21.33904409334088,0.4098753462473237,0.5199666216245458,False,NO,🔴 不追,第一目標風報不足,
1324,地球,9.99,10.024801553225238,10.092837508654316,9.95676559779616,技術結構,0.6786763315747554,0.3326766987371393,False,10.1,10.15,1.1011011011010874,1.60160160160161,0.5505505505505437,0.800800800800805,,,,,⚪ 基本面不足,技術目標,10.1,10.15,🔵 偏便宜,9.998209018601226,10.024801553225238,-0.08210489084549133,-0.3471545350844485,False,NO,🔴 不追,第一目標風報不足,
1325,恆大,25.9,25.78419432379823,26.10294430336235,25.465444344234108,技術結構,1.236222375464809,1.6778210647331697,False,26.3,26.7,1.5444015444015635,3.0888030888030826,0.7722007722007818,1.5444015444015413,,,,,⚪ 基本面不足,技術目標,26.3,26.7,🟢 合理,25.72576986467763,25.78419432379823,0.6772591694586882,0.4491343601722875,False,NO,🔴 不追,第一目標風報不足,
1326,台化,69.7,67.77611952013618,69.86540413088447,65.15999767254384,技術結構,3.8599463441029456,6.513633181429218,False,73.0,77.6,4.734576757532283,11.334289813486365,0.7268718740611403,1.7400872136615162,69.12,82.74,96.37,🟢 A 高一致,✅ 技術×基本面共振,共振目標,73.0,77.6,🟢 合理,67.77611952013618,67.24928228329213,2.8385816324173696,3.6442288058689654,False,NO,🔴 不追,第一目標風報不足,
1336,台翰,17.35,16.9369260701541,17.317283223229182,16.370358990561513,技術結構,3.3451588396018352,5.646345875726156,False,17.5,18.6,0.8645533141210304,7.204610951008639,0.15311731394950073,1.2759776162458485,21.51,41.74,61.97,🟠 C 低一致,🔵 技術低於基本面,技術目標,17.5,18.6,🔴 過熱,16.9369260701541,16.750716143636595,2.4388955122961242,3.577661105498864,False,NO,🔴 不追,等待回到合理價格區,
1337,再生-KY,4.47,4.495045438823684,4.551295491956967,4.438795385690401,技術結構,1.251378965993349,0.6980898055838599,False,4.52,4.57,1.118568232662187,2.2371364653243964,0.5592841163310935,1.1185682326621982,,,,,⚪ 基本面不足,技術目標,4.52,4.57,🔵 偏便宜,4.456085571139798,4.495045438823684,0.3122567697155354,-0.5571787685919039,False,NO,🔴 不追,第一目標風報不足,
1338,廣華-KY,15.6,14.810318302825772,15.064782660065632,14.420069226700344,技術結構,2.634981018949268,7.563658803202923,False,16.3,17.95,4.487179487179493,15.064102564102555,0.5932551433017236,1.9916422667986395,,,,,⚪ 基本面不足,技術目標,16.3,17.95,🔴 過熱,14.810318302825772,14.674533583940203,5.3319697863857485,6.306615544310223,False,NO,🔴 不追,等待回到合理價格區,
1339,昭輝,42.35,43.03558462530418,43.51237001261585,42.55879923799252,技術結構,1.1078863955558382,,True,43.45,44.9,2.5974025974025983,6.021251475796929,,,85.66,105.48,125.31,🟡 B 中等,🔵 技術低於基本面,技術目標,43.45,44.9,🔵 偏便宜,42.67265947598815,43.03558462530418,-0.7561269439269602,-1.5930645099243468,False,NO,🔴 結構失效,現價已跌破防守位，等待重新形成結構,
1340,勝悅-KY,5.24,5.212782176244741,5.271175007842751,5.14463757704888,技術結構,1.3072596723186334,1.819893567769467,False,5.27,5.31,0.5725190839694472,1.3358778625954137,0.2862595419847236,0.6679389312977069,,,,,⚪ 基本面不足,技術目標,5.27,5.31,🟢 合理,5.212782176244741,5.20303040864689,0.5221362189138379,0.7105395980709917,False,NO,🔴 不追,第一目標風報不足,
1342,八貫,100.0,101.25138278958786,102.3603111157859,100.14245446338983,技術結構,1.095222895377658,,True,101.5,104.5,1.4999999999999902,4.499999999999993,,,47.64,93.43,139.22,🟠 C 低一致,🟡 共振但估值分歧,共振目標,101.5,104.5,🔵 偏便宜,100.70747592635304,101.25138278958786,-0.702505866466574,-1.2359167402072768,False,NO,🔴 結構失效,現價已跌破防守位，等待重新形成結構,
1402,遠東新,28.25,28.157912454405285,28.532912536148796,27.782912372661773,技術結構,1.3317751532565867,1.6534075304008033,False,28.8,29.2,1.9469026548672552,3.362831858407067,0.9734513274336276,1.6814159292035336,33.52,35.12,36.71,🟢 A 高一致,🔵 技術低於基本面,技術目標,28.8,29.2,🟢 合理,28.04608543399008,28.157912454405285,0.7270696172193336,0.3270396757708127,False,C,🟠 C 觀察,條件未齊，不急進,
1409,新纖,24.9,24.49423131879814,25.134409951534344,23.854052686061934,技術結構,2.61358939745498,4.200591622241225,False,25.15,25.65,1.0040160642570184,3.0120481927710774,0.23901777524407997,0.7170533257322452,26.97,31.93,36.9,🟢 A 高一致,🔵 技術低於基本面,技術目標,25.15,25.65,🟢 合理,24.467849730277532,24.49423131879814,1.7661963535263503,1.6565887531667656,False,NO,🔴 不追,第一目標風報不足,
1410,南染,24.1,24.43325229171133,24.816287985561168,24.050216597861493,技術結構,1.567681982229511,0.20657013335480845,False,25.05,26.5,3.941908713692932,9.958506224066376,1.970954356846466,4.979253112033188,4.12,9.86,15.61,🟠 C 低一致,🔴 基本面背離,技術目標,25.05,26.5,🔵 偏便宜,24.22224727040481,24.43325229171133,-0.5046900439918067,-1.3639293194888324,False,B,🟡 B 等確認,等支撐或量價確認,
1413,宏洲,9.22,9.256768282056061,9.404089737194132,9.10944682691799,技術結構,1.5914998695997262,1.199058276377553,False,9.4,9.5,1.9522776572667988,3.0368763557483636,0.9761388286333994,1.5184381778741818,4.62,5.76,6.89,🟡 B 中等,🔴 基本面背離,技術目標,9.4,9.5,🔵 偏便宜,9.22443762794203,9.256768282056061,-0.04810730064007673,-0.3972043043070972,False,C,🟠 C 觀察,條件未齊，不急進,
1414,東和,17.65,17.756064081614966,18.02124273478705,17.49088542844288,技術結構,1.4934540219792174,0.9014989889921742,False,19.0,19.8,7.648725212464602,12.181303116147312,3.824362606232301,6.090651558073656,8.78,9.59,10.39,🟢 A 高一致,🔴 基本面背離,技術目標,19.0,19.8,🔵 偏便宜,17.47354012446179,17.756064081614966,1.0098690607702299,-0.5973400474758805,False,B,🟡 B 等確認,等支撐或量價確認,
1416,廣豐,11.45,11.44634679477282,11.599025407073148,11.293668182472492,技術結構,1.3338632407158157,1.36534338451971,False,11.65,11.9,1.7467248908296984,3.9301310043668325,0.8733624454148492,1.9650655021834162,18.17,26.29,34.41,🟡 B 中等,🔵 技術低於基本面,技術目標,11.65,11.9,🟢 合理,11.41577773931232,11.44634679477282,0.2997803694953616,0.031915905508372866,False,C,🟠 C 觀察,條件未齊，不急進,
1417,嘉裕,8.14,8.12018870264392,8.20536725261482,8.03501015267302,技術結構,1.0489725434972454,1.2898015642135123,False,8.32,8.46,2.211302211302213,3.9312039312039415,1.1056511056511065,1.9656019656019708,8.46,8.46,8.46,🟠 C 低一致,🟡 共振但估值分歧,共振目標,8.46,8.46,🟢 合理,8.079108739815938,8.12018870264392,0.7536878403922698,0.24397582471979984,False,B,🟡 B 等確認,等支撐或量價確認,
1418,東華,18.35,18.005037903973236,18.337180699808457,17.5376098333716,技術結構,2.5960960098755788,4.427194368547141,False,18.75,19.3,2.179836512261568,5.177111716621252,0.49237425122966044,1.1693888466704498,,,,,⚪ 基本面不足,技術目標,18.75,19.3,🔴 過熱,18.005037903973236,17.869752629206822,1.9159198545793732,2.6874875145627364,False,NO,🔴 不追,等待回到合理價格區,
1419,新紡,66.1,66.18481563131058,66.94552967179433,65.42410159082684,技術結構,1.1493784990221698,1.0225391969336728,False,66.7,67.3,0.9077155824508409,1.8154311649016597,0.45385779122542047,0.9077155824508298,81.81,247.66,413.5,🟠 C 低一致,🔵 技術低於基本面,技術目標,66.7,67.3,🔵 偏便宜,66.03295910699946,66.18481563131058,0.10152641030656273,-0.1281496828261397,False,NO,🔴 不追,第一目標風報不足,
1423,利華,36.0,35.179209886231114,35.72563829417266,34.632781478289566,技術結構,1.5532708372606625,3.7978292269734286,False,36.2,37.2,0.5555555555555536,3.3333333333333437,0.1462823951139814,0.8776943706838942,15.14,25.99,36.84,🟠 C 低一致,🟡 共振但估值分歧,共振目標,36.2,36.84,🔴 過熱,35.081742359741575,35.179209886231114,2.617480143495321,2.3331681309026076,False,NO,🔴 不追,等待回到合理價格區,
1432,大魯閣,15.0,15.007456145756084,15.07442066648297,14.940491625029198,技術結構,0.446208338551919,0.39672249980534724,False,15.1,15.15,0.6666666666666599,1.0000000000000009,0.33333333333332993,0.5000000000000004,16.53,16.53,16.53,🟠 C 低一致,🔵 技術低於基本面,技術目標,15.1,15.15,🔵 偏便宜,14.99686298880225,15.007456145756084,0.020917782606222346,-0.04968294215667024,False,NO,🔴 不追,第一目標風報不足,
1434,福懋,18.15,17.95403575657014,18.17367834804658,17.69396796186689,技術結構,1.4485199775102395,2.5125732128545986,False,18.35,18.6,1.1019283746556585,2.4793388429752206,0.43856567801410634,0.9867727755317348,11.5,15.45,19.4,🟡 B 中等,✅ 技術×基本面共振,共振目標,18.35,18.6,🟢 合理,17.95403575657014,17.91361055334333,1.0914774042273256,1.3196080485994077,False,NO,🔴 不追,第一目標風報不足,
1435,中福,22.4,22.49257079806725,23.06310641017357,21.922035185960926,技術結構,2.5365513672423243,2.1337714912458603,False,23.4,24.4,4.464285714285721,8.92857142857142,2.09220421802483,4.18440843604965,,,,,⚪ 基本面不足,技術目標,23.4,24.4,🔵 偏便宜,22.35384433550752,22.49257079806725,0.20647752484865833,-0.4115616613962314,False,B,🟡 B 等確認,等支撐或量價確認,
1436,華友聯,35.7,36.9448552069863,37.54485541134508,36.34485500262751,技術結構,1.6240426467967997,,True,36.6,38.2,2.5210084033613356,7.002801120448177,,,2.22,11.19,20.15,🟠 C 低一致,🔴 基本面背離,技術目標,36.6,38.2,🔵 偏便宜,36.41897267589698,36.9448552069863,-1.9741706672929071,-3.369495427744673,False,NO,🔴 結構失效,現價已跌破防守位，等待重新形成結構,
1437,勤益控,31.85,32.30962007721003,32.668548260356914,31.842941906719673,技術結構,1.4443938658985693,0.02216041846256872,False,32.25,32.7,1.2558869701726705,2.668759811616961,0.6279434850863352,1.3343799058084804,57.49,57.7,57.9,🟢 A 高一致,🔵 技術低於基本面,技術目標,32.25,32.7,🔵 偏便宜,32.30962007721003,32.20187008986656,-1.4225486901785822,-1.0927007931048283,False,NO,🔴 不追,第一目標風報不足,
1438,三地開發,21.15,21.503621713547222,21.88130030541167,21.125943121682774,技術結構,1.756348753226588,0.11374410551879446,False,21.75,22.3,2.8368794326241176,5.437352245862903,1.4184397163120588,2.7186761229314516,5.68,18.97,32.26,🟠 C 低一致,🟡 共振但估值分歧,共振目標,21.75,22.3,🔵 偏便宜,21.448527695261706,21.503621713547222,-1.3918330409581348,-1.644475141247681,False,B,🟡 B 等確認,等支撐或量價確認,
1439,雋揚,28.9,28.681711609593915,29.08349756911017,28.27992565007766,技術結構,1.4008437327075616,2.14558598589044,False,29.45,29.75,1.903114186851207,2.941176470588247,0.8869904069872991,1.3708033562531072,16.86,19.76,22.65,🟢 A 高一致,🔴 基本面背離,技術目標,29.45,29.75,🟢 合理,28.5522863539743,28.681711609593915,1.2178136689824148,0.7610717009408408,False,C,🟠 C 觀察,條件未齊，不急進,
1440,南紡,13.65,13.438674866644416,13.701174989259686,13.176174744029145,技術結構,1.953318502159844,3.4712472964897794,False,13.85,14.35,1.46520146520146,5.128205128205132,0.42209653765754807,1.4773378818014244,3.21,7.36,11.51,🟠 C 低一致,🔴 基本面背離,技術目標,13.85,14.35,🟢 合理,13.41605766298511,13.438674866644416,1.7437487441660071,1.5725146672020962,False,NO,🔴 不追,第一目標風報不足,
1442,名軒,27.2,29.396046016893962,30.111224649630167,28.680867384157757,技術結構,2.432907583302837,,True,29.0,30.25,6.617647058823528,11.213235294117641,,,15.31,17.18,19.05,🟢 A 高一致,🔴 基本面背離,技術目標,29.0,30.25,🔵 偏便宜,28.741683749270376,29.396046016893962,-5.3639298334757886,-7.470548983464953,False,NO,🔴 結構失效,現價已跌破防守位，等待重新形成結構,
1443,立益物流,23.45,23.623788687395084,23.993431708024968,23.2541456667652,技術結構,1.5647067687627665,0.8351997152869878,False,24.0,24.25,2.3454157782516027,3.4115138592750505,1.1727078891258014,1.7057569296375252,23.64,25.14,26.65,🟢 A 高一致,✅ 技術×基本面共振,共振目標,24.0,24.25,🔵 偏便宜,23.316637326116773,23.623788687395084,0.5719635812744261,-0.7356512102896229,False,B,🟡 B 等確認,等支撐或量價確認,
1444,力麗,7.12,6.966428779142831,7.0826787781210365,6.850178780164625,技術結構,1.6687172533257348,3.7896238740923467,False,7.3,7.47,2.528089887640439,4.915730337078639,0.6671083916595659,1.2971552060047136,,,,,⚪ 基本面不足,技術目標,7.3,7.47,🔴 過熱,6.931461394133283,6.966428779142831,2.7200412026574083,2.2044468654722316,False,NO,🔴 不追,等待回到合理價格區,
1445,大宇,10.1,10.182668106969682,10.338025178301251,10.027311035638114,技術結構,1.5257010215744153,0.7196927164543145,False,10.45,10.65,3.4653465346534684,5.44554455445545,1.7326732673267342,2.722772277227725,,,,,⚪ 基本面不足,技術目標,10.45,10.65,🔵 偏便宜,10.102427040020656,10.182668106969682,-0.024024326145011266,-0.8118511386332905,False,B,🟡 B 等確認,等支撐或量價確認,
1446,宏和,13.4,13.53866360693773,13.694020688487239,13.383306525388221,技術結構,1.1475067706822848,0.12457816874462148,False,13.55,13.7,1.1194029850746245,2.238805970149249,0.5597014925373123,1.1194029850746245,12.3,14.58,16.86,🟢 A 高一致,✅ 技術×基本面共振,共振目標,13.55,13.7,🔵 偏便宜,13.512403949985641,13.53866360693773,-0.8318575318032928,-1.0242045371942954,False,NO,🔴 不追,第一目標風報不足,
1447,力鵬,6.77,6.597515073971551,6.742693639269359,6.452336508673743,技術結構,2.2005037301174974,4.692222914715756,False,7.0,7.15,3.3973412112260126,5.612998522895141,0.7240366182457502,1.1962344127538458,,,,,⚪ 基本面不足,技術目標,7.0,7.15,🔴 過熱,6.531358393000393,6.597515073971551,3.6537821482182986,2.6143922991390234,False,NO,🔴 不追,等待回到合理價格區,
1449,佳和,12.5,12.371854270474593,12.586139994978247,12.134933114313545,技術結構,1.9150011872226727,2.920535085491636,False,12.7,12.9,1.6000000000000014,3.200000000000003,0.5478448137631811,1.0956896275263621,,,,,⚪ 基本面不足,技術目標,12.7,12.9,🟢 合理,12.371854270474593,12.3492188388172,1.035784343428836,1.2209773197058515,False,NO,🔴 不追,第一目標風報不足,
1451,年興,17.0,17.12233416732847,17.240191391929127,17.004476942727816,技術結構,0.6883245207627207,,True,17.1,17.2,0.588235294117645,1.17647058823529,,,20.14,26.97,33.8,🟡 B 中等,🔵 技術低於基本面,技術目標,17.1,17.2,🔵 偏便宜,17.050090378656492,17.12233416732847,-0.29378365477285007,-0.7144713222680843,False,NO,🔴 結構失效,現價已跌破防守位，等待重新形成結構,
1452,宏益,10.8,10.994315506287391,11.117529802219616,10.871101210355166,技術結構,1.1207091142851229,,True,11.05,11.2,2.314814814814814,3.703703703703698,,,,,,,⚪ 基本面不足,技術目標,11.05,11.2,🔵 偏便宜,10.841070827048705,10.994315506287391,-0.3788447442500953,-1.7674179549992508,False,NO,🔴 結構失效,現價已跌破防守位，等待重新形成結構,
1453,大將,10.9,10.96074294606551,11.073242894975815,10.848242997155205,技術結構,1.0263898119304757,0.47483488848435684,False,11.0,11.2,0.917431192660545,2.752293577981635,0.4587155963302725,1.3761467889908174,9.36,9.71,10.05,🟢 A 高一致,🔴 基本面背離,技術目標,11.0,11.2,🔵 偏便宜,10.907585471405811,10.96074294606551,-0.06954308472481019,-0.5541863937910674,False,NO,🔴 不追,第一目標風報不足,
1454,台富,12.2,12.407877844126798,12.635556425773308,12.180199262480288,技術結構,1.8349518306571666,0.16230112721074688,False,12.45,12.65,2.049180327868849,3.688524590163933,1.0245901639344246,1.8442622950819665,,,,,⚪ 基本面不足,技術目標,12.45,12.65,🔵 偏便宜,12.349843159880026,12.407877844126798,-1.2133203469887777,-1.6753698475940104,False,B,🟡 B 等確認,等支撐或量價確認,
1455,集盛,9.94,9.797929375847136,9.932929304321563,9.66292944737271,技術結構,1.377841412158113,2.787430106914385,False,10.05,10.35,1.106639839034207,4.124748490945684,0.397010793665865,1.4797675036636802,8.67,15.97,23.28,🟠 C 低一致,🟡 共振但估值分歧,共振目標,10.05,10.35,🔴 過熱,9.783695058357909,9.797929375847136,1.5976064330476492,1.4500066157149716,False,NO,🔴 不追,等待回到合理價格區,
1456,怡華,14.65,14.36863035390233,14.86684482353952,13.713730190750203,技術結構,4.557846830364482,6.390920199657319,False,14.75,15.2,0.682593856655278,3.754266211604085,0.10680681894477086,0.5874375041962484,22.27,22.27,22.27,🟠 C 低一致,🔵 技術低於基本面,技術目標,14.75,15.2,🟢 合理,14.36863035390233,14.211944660387394,1.9582217592594375,3.0823040061054297,False,NO,🔴 不追,第一目標風報不足,
1457,宜進,14.4,14.407156005720385,14.53304877090179,14.28126324053898,技術結構,0.8738210728850223,0.8245608295904199,False,14.5,14.6,0.694444444444442,1.388888888888884,0.347222222222221,0.694444444444442,16.97,18.3,19.63,🟢 A 高一致,🔵 技術低於基本面,技術目標,14.5,14.6,🔵 偏便宜,14.401739570563416,14.407156005720385,-0.012078891962274962,-0.049669801017926396,False,NO,🔴 不追,第一目標風報不足,
1459,聯發,16.7,15.952575731199603,16.172218516816887,15.43617902678553,技術結構,3.237074144735886,7.56779025876928,False,17.1,17.6,2.3952095808383422,5.389221556886237,0.3165005237906614,0.7121261785289837,11.46,25.14,38.82,🟠 C 低一致,🟡 共振但估值分歧,共振目標,17.1,17.6,🔴 過熱,15.952575731199603,15.655821812402813,4.68528895517859,6.669584005931717,False,NO,🔴 不追,等待回到合理價格區,
1460,宏遠,6.26,6.399205838686378,6.474205868318402,6.324205809054355,技術結構,1.1720208963839043,,True,6.4,6.63,2.2364217252396346,5.91054313099042,,,,,,,⚪ 基本面不足,技術目標,6.4,6.63,🔵 偏便宜,6.306303014813053,6.399205838686378,-0.7342339038306722,-2.1753611650497384,False,NO,🔴 結構失效,現價已跌破防守位，等待重新形成結構,
1463,強盛新,17.5,17.54842419383643,17.79485299005966,17.262798303567866,技術結構,1.627644095638419,1.3554382653264798,False,17.75,17.95,1.4285714285714235,2.571428571428558,0.7142857142857117,1.285714285714279,,,,,⚪ 基本面不足,技術目標,17.75,17.95,🔵 偏便宜,17.54842419383643,17.509227099791097,-0.2759461094713922,-0.052698498560266316,False,NO,🔴 不追,第一目標風報不足,
1464,得力,9.98,10.018568641356298,10.076961551632438,9.960175731080158,技術結構,0.5828468353762271,0.1986399691367002,False,10.05,10.15,0.7014028056112176,1.7034068136272618,0.3507014028056088,0.8517034068136309,10.91,11.07,11.22,🟢 A 高一致,🔵 技術低於基本面,技術目標,10.05,10.15,🔵 偏便宜,9.973954754833297,10.018568641356298,0.06061031271245021,-0.3849715736546244,False,NO,🔴 不追,第一目標風報不足,
1465,偉全,11.65,11.782746809912299,11.919353799500355,11.646139820324242,技術結構,1.1593815244602816,0.03313458949148709,False,12.0,12.3,3.0042918454935563,5.579399141630903,1.5021459227467782,2.7896995708154515,5.13,8.78,12.42,🟠 C 低一致,🟡 共振但估值分歧,共振目標,12.0,12.3,🔵 偏便宜,11.65271115614464,11.782746809912299,-0.023266312090897134,-1.1266202359591082,False,B,🟡 B 等確認,等支撐或量價確認,
1466,聚隆,14.85,15.180649465440737,15.429756628733758,14.931542302147717,技術結構,1.6409519491252418,,True,15.3,16.3,3.0303030303030276,9.764309764309775,,,,,,,⚪ 基本面不足,技術目標,15.3,16.3,🔵 偏便宜,14.929359222188548,15.180649465440737,-0.5315648247689153,-2.1780982835647,False,NO,🔴 結構失效,現價已跌破防守位，等待重新形成結構,
1467,南緯,8.03,8.156237875752055,8.271416350110204,8.041059401393905,技術結構,1.4121519763488908,,True,8.28,8.63,3.1133250311332406,7.471980074719808,,,8.32,8.32,8.32,🟠 C 低一致,🟡 共振但估值分歧,共振目標,8.32,8.32,🔵 偏便宜,8.064517626613073,8.156237875752055,-0.4280184905190665,-1.5477463712449069,False,NO,🔴 結構失效,現價已跌破防守位，等待重新形成結構,
1468,昶和,13.5,13.19927488940227,13.526060675213559,12.862097979777662,技術結構,2.554510853435806,4.725200149795096,False,13.6,14.1,0.7407407407407307,4.444444444444451,0.1567638866626321,0.9405833199758067,7.06,7.55,8.04,🟢 A 高一致,🔴 基本面背離,技術目標,13.6,14.1,🟢 合理,13.19927488940227,13.188883765588951,2.2783456903316956,2.358927714737935,False,NO,🔴 不追,第一目標風報不足,
1470,大統新創,24.15,24.000703840641087,24.30338249381317,23.69385992203946,技術結構,1.2784788339500193,1.8887787907268618,False,24.5,24.8,1.449275362318847,2.69151138716357,0.7246376811594235,1.345755693581785,9.62,12.96,16.3,🟡 B 中等,🔴 基本面背離,技術目標,24.5,24.8,🟢 合理,24.000703840641087,23.996538575211545,0.6220490880192608,0.6395148379732429,False,NO,🔴 不追,第一目標風報不足,
1471,首利,9.46,9.51987483374289,9.680589111282824,9.359160556202955,技術結構,1.6881973801828574,1.0659560655078848,False,9.64,9.95,1.9027484143763207,5.1797040169133,0.9513742071881603,2.58985200845665,6.78,11.91,17.04,🟠 C 低一致,🟡 共振但估值分歧,共振目標,9.64,9.95,🔵 偏便宜,9.439664340443288,9.51987483374289,0.21542778242216176,-0.6289455984301862,False,C,🟠 C 觀察,條件未齊，不急進,
1472,三洋實業,88.8,88.3853839383081,89.19431250973666,87.57645536687953,技術結構,0.9152288934935088,1.3778655778383653,False,89.9,90.8,1.2387387387387427,2.2522522522522515,0.6193693693693714,1.1261261261261257,45.94,66.46,86.98,🟡 B 中等,🔴 基本面背離,技術目標,89.9,90.8,🟢 合理,88.17194797719581,88.3853839383081,0.7123036716469189,0.469100255288013,False,NO,🔴 不追,第一目標風報不足,
1473,台南,19.25,19.685482407759437,19.83012508097939,19.540839734539485,技術結構,0.7347682430324292,,True,20.05,20.15,4.155844155844157,4.675324675324677,,,16.63,17.57,18.51,🟢 A 高一致,🔴 基本面背離,技術目標,20.05,20.15,🔵 偏便宜,19.50596583146564,19.685482407759437,-1.3122438215939836,-2.212200842930745,False,NO,🔴 結構失效,現價已跌破防守位，等待重新形成結構,
1474,弘裕,10.05,10.007153009814184,10.143224499693247,9.863347390563426,技術結構,1.437028284765159,1.8572398948912894,False,10.15,10.55,0.995024875621886,4.975124378109452,0.497512437810943,2.487562189054726,1.68,6.66,11.65,🟠 C 低一致,🟡 共振但估值分歧,共振目標,10.15,10.55,🟢 合理,10.007153009814184,9.999418880442489,0.42816363598914275,0.5058405909611485,False,NO,🔴 不追,第一目標風報不足,
1475,業旺,26.0,26.158908864513542,26.587480211341457,25.730337517685626,技術結構,1.6383380096151627,1.0371633935168216,False,26.5,26.8,1.9230769230769162,3.076923076923088,0.9615384615384581,1.538461538461544,24.71,31.92,39.14,🟡 B 中等,✅ 技術×基本面共振,共振目標,26.5,26.8,🔵 偏便宜,26.09367604275096,26.158908864513542,-0.35899902565466046,-0.6074751257271083,False,C,🟠 C 觀察,條件未齊，不急進,
1476,儒鴻,274.0,289.00103667950754,293.367108108079,284.6349652509361,技術結構,1.5107459401307517,,True,317.0,321.5,15.693430656934314,17.335766423357658,,,105.48,264.63,423.79,🟠 C 低一致,🟡 共振但估值分歧,共振目標,317.0,321.5,🔵 偏便宜,279.26789011292436,289.00103667950754,-1.8863214495566383,-5.190651511794808,False,NO,🔴 結構失效,現價已跌破防守位，等待重新形成結構,
1477,聚陽,192.0,194.61760892988107,197.16225178702393,192.0729660727382,技術結構,1.3075090538491163,,True,195.5,199.5,1.822916666666674,3.90625,,,53.62,153.14,252.67,🟠 C 低一致,🟡 共振但估值分歧,共振目標,195.5,199.5,🔵 偏便宜,192.08956421185604,194.61760892988107,-0.04662627677017861,-1.345001073784735,False,NO,🔴 結構失效,現價已跌破防守位，等待重新形成結構,
1503,士電,197.5,199.02569363984455,201.83819363984455,196.21319363984455,技術結構,1.4131341278425487,0.651547524129343,False,200.5,206.0,1.51898734177216,4.303797468354431,0.75949367088608,2.1518987341772156,124.3,175.17,226.03,🟡 B 中等,✅ 技術×基本面共振,共振目標,200.5,206.0,🔵 偏便宜,197.22843204713206,199.02569363984455,0.13769209137304284,-0.7665812448343634,False,NO,🔴 不追,第一目標風報不足,
1504,東元,69.1,69.71006808862626,70.63685421162954,68.78328196562298,技術結構,1.3294867562387225,0.4583473724703595,False,69.9,71.0,1.157742402315498,2.749638205499294,0.578871201157749,1.374819102749647,65.18,67.33,69.47,🟢 A 高一致,🔴 基本面背離,技術目標,69.9,71.0,🔵 偏便宜,69.15147800706117,69.71006808862626,-0.07444238148592852,-0.8751506136110088,False,NO,🔴 不追,第一目標風報不足,
1506,正道,9.53,9.830995941071642,9.90653163287789,9.755460249265393,技術結構,0.7683422133323994,,True,9.85,10.1,3.3578174186778664,5.98111227701994,,,15.87,15.87,15.87,🟠 C 低一致,🔵 技術低於基本面,技術目標,9.85,10.1,🔵 偏便宜,9.688862129764713,9.830995941071642,-1.6396366016673936,-3.061703441603003,False,NO,🔴 結構失效,現價已跌破防守位，等待重新形成結構,
1512,瑞利,6.11,6.243558184254511,6.342665386375701,6.144450982133321,技術結構,1.587351301876649,,True,6.33,6.62,3.6006546644844484,8.346972176759415,,,0.49,3.95,7.41,🟠 C 低一致,🟡 共振但估值分歧,共振目標,6.33,6.62,🔵 偏便宜,6.17229883135496,6.243558184254511,-1.0093294744331627,-2.13913573499368,False,NO,🔴 結構失效,現價已跌破防守位，等待重新形成結構,
1513,中興電,168.0,166.23879464885388,168.22093750599674,163.66736635087008,技術結構,1.54682804541228,2.5789486006725695,False,169.5,171.5,0.8928571428571397,2.083333333333326,0.3462097471133351,0.8078227432644486,85.48,165.04,244.61,🟠 C 低一致,🟡 共振但估值分歧,共振目標,169.5,171.5,🟢 合理,166.23879464885388,165.64950920801294,1.0594430468930716,1.4189542747364614,False,NO,🔴 不追,第一目標風報不足,
1514,亞力,102.5,102.19176695553797,103.91140973093732,100.31327264901384,技術結構,1.8382051338259326,2.1333925375474734,False,103.5,105.0,0.9756097560975618,2.4390243902439046,0.45730438207078056,1.1432609551769515,39.46,57.31,75.16,🟡 B 中等,🔴 基本面背離,技術目標,103.5,105.0,🟢 合理,102.19176695553797,102.03291542441319,0.30162218899310034,0.45777832932043516,False,NO,🔴 不追,第一目標風報不足,
1515,力山,29.8,30.413274369797527,31.077560268006145,29.74898847158891,技術結構,2.1841972361525785,0.1711796255405761,False,30.1,30.65,1.0067114093959662,2.8523489932885893,0.5033557046979831,1.4261744966442946,4.49,17.27,30.05,🟠 C 低一致,🔴 基本面背離,技術目標,30.1,30.65,🔵 偏便宜,29.798349795815778,30.413274369797527,0.005537904600516619,-2.0164693953721446,False,NO,🔴 不追,第一目標風報不足,
1516,川飛,13.7,13.883792237779717,14.21861361526145,13.548970860297985,技術結構,2.411598875490499,1.1024024795767497,False,14.5,14.75,5.839416058394176,7.664233576642343,2.919708029197088,3.8321167883211715,5.79,5.79,5.79,🟠 C 低一致,🔴 基本面背離,技術目標,14.5,14.75,🔵 偏便宜,13.53483264858848,13.883792237779717,1.2203132147979856,-1.3237898884686183,False,B,🟡 B 等確認,等支撐或量價確認,
1517,利奇,10.5,10.6237482315603,10.773748211124422,10.473748251996179,技術結構,1.4119308580611123,0.25001664765543724,False,10.75,10.9,2.3809523809523725,3.809523809523818,1.1904761904761862,1.904761904761909,,,,,⚪ 基本面不足,技術目標,10.75,10.9,🔵 偏便宜,10.441651853928114,10.6237482315603,0.5588018724253407,-1.1648264704982147,False,B,🟡 B 等確認,等支撐或量價確認,
1519,華城,693.0,709.0886567317731,721.570799588916,696.6065138746302,技術結構,1.7603077892507466,,True,726.0,735.0,4.761904761904767,6.060606060606055,,,59.18,207.16,355.13,🟠 C 低一致,🔴 基本面背離,技術目標,726.0,735.0,🔵 偏便宜,702.7995600060497,709.0886567317731,-1.3943605778531376,-2.2689203358472243,False,NO,🔴 結構失效,現價已跌破防守位，等待重新形成結構,
1521,大億,25.6,25.534794842901317,26.01693776135181,24.97714334429349,技術結構,2.183888697906858,2.433033811353555,False,25.8,26.35,0.78125,2.9296875,0.32110116857166565,1.2041293821437462,25.86,27.92,29.97,🟢 A 高一致,✅ 技術×基本面共振,共振目標,25.86,26.35,🟢 合理,25.534794842901317,25.459286262743984,0.25535806142109596,0.55270102941547,False,NO,🔴 不追,第一目標風報不足,
1522,堤維西,26.8,30.31499319956801,33.344457505718175,25.64211152383796,技術結構,15.414424291530562,4.320479388664325,False,27.0,29.75,0.746268656716409,11.007462686567159,0.17272820666021454,2.5477410482381937,35.88,35.88,35.88,🟠 C 低一致,🔵 技術低於基本面,技術目標,27.0,29.75,🔵 偏便宜,30.31499319956801,28.671575829988125,-11.594900175066181,-6.527635038568791,False,NO,🔴 不追,第一目標風報不足,
1524,耿鼎,26.1,26.299424752309882,26.54317477274576,26.055674731874003,技術結構,0.9268264333974473,0.16982861350957265,False,26.45,27.15,1.3409961685823646,4.022988505747116,0.6704980842911823,2.011494252873558,26.54,28.27,30.01,🟢 A 高一致,✅ 技術×基本面共振,共振目標,26.54,27.15,🔵 偏便宜,26.0838227798933,26.299424752309882,0.062020127353301646,-0.758285605818676,False,NO,🔴 不追,第一目標風報不足,
1525,江申,63.7,65.13159925477981,65.6565991730363,64.60659933652333,技術結構,0.8060602292334398,,True,65.0,65.7,2.0408163265306145,3.1397174254317095,,,74.59,74.59,74.59,🟠 C 低一致,🔵 技術低於基本面,技術目標,65.0,65.7,🔵 偏便宜,64.41387749605852,65.13159925477981,-1.1082666093221838,-2.198010291716812,False,NO,🔴 結構失效,現價已跌破防守位，等待重新形成結構,
1526,日馳,15.05,15.235390636550664,15.495212095775909,14.975569177325418,技術結構,1.7053810133487286,0.49455696129290516,False,15.2,15.65,0.9966777408637828,3.9867109634551534,0.4983388704318914,1.9933554817275767,,,,,⚪ 基本面不足,技術目標,15.2,15.65,🔵 偏便宜,14.881834548321969,15.235390636550664,1.1300048467276724,-1.2168420290182724,False,NO,🔴 不追,第一目標風報不足,
1527,鑽全,32.7,32.59002718976857,32.80699167984164,32.3730626996955,技術結構,0.6657389047566736,0.9998082578119278,False,32.95,33.15,0.7645259938837912,1.3761467889908063,0.3822629969418956,0.6880733944954032,30.3,38.76,47.21,🟡 B 中等,✅ 技術×基本面共振,共振目標,32.95,33.15,🟢 合理,32.57777743443506,32.59002718976857,0.3751715899309671,0.3374431374084885,False,NO,🔴 不追,第一目標風報不足,
1528,恩德,25.85,25.05791823682234,26.252560848734657,22.2488763340921,技術結構,11.210196618019062,13.930845902931924,False,26.3,27.9,1.740812379110257,7.930367504835578,0.12496099599693948,0.5692667595416105,,,,,⚪ 基本面不足,技術目標,26.3,27.9,🟢 合理,25.05791823682234,23.443518946004417,3.161003861899858,10.26501635500301,False,NO,🔴 不追,第一目標風報不足,
1529,樂事綠能,15.95,15.951708750923032,16.36956584269048,15.533851659155586,技術結構,2.6195130458564053,2.6090805068615284,False,16.9,17.2,5.956112852664575,7.836990595611293,2.2828398115737727,3.003736594176021,15.94,17.1,18.26,🟢 A 高一致,✅ 技術×基本面共振,共振目標,16.9,17.2,🔵 偏便宜,15.716623369220127,15.951708750923032,1.4849031200742768,-0.01071202433365892,False,A,🟢 A 可執行候選,等回踩或突破確認分批,
1530,亞崴,26.8,27.41077152856555,27.683986059510374,27.137556997620727,技術結構,0.9967414841282333,,True,27.45,28.35,2.425373134328357,5.7835820895522305,,,6.76,23.99,41.22,🟠 C 低一致,🟡 共振但估值分歧,共振目標,27.45,28.35,🔵 偏便宜,26.921853847793162,27.41077152856555,-0.45262056796713246,-2.2282172098988418,False,NO,🔴 結構失效,現價已跌破防守位，等待重新形成結構,
1531,高林股,11.65,11.891955605825736,12.041955748876884,11.741955462774587,技術結構,1.2613580812365697,,True,11.85,12.1,1.716738197424883,3.862660944205998,,,26.89,26.89,26.89,🟠 C 低一致,🔵 技術低於基本面,技術目標,11.85,12.1,🔵 偏便宜,11.708657247591637,11.891955605825736,-0.5009733084782364,-2.0346157843643797,False,NO,🔴 結構失效,現價已跌破防守位，等待重新形成結構,
1532,勤美,22.3,22.524267318370505,22.75194597154259,22.29658866519842,技術結構,1.01081491332858,0.015297465477937526,False,22.9,23.1,2.690582959641241,3.587443946188351,1.3452914798206206,1.7937219730941756,3.22,23.35,43.48,🟠 C 低一致,🟡 共振但估值分歧,共振目標,22.9,23.1,🔵 偏便宜,22.406982783082952,22.524267318370505,-0.4774528731450789,-0.995669760088469,False,B,🟡 B 等確認,等支撐或量價確認,
1533,車王電,30.3,30.733291952880208,31.21007778978119,30.256506115979224,技術結構,1.5513659832860862,0.14354417168573058,False,31.25,31.6,3.1353135313531233,4.290429042904287,1.5676567656765616,2.1452145214521434,44.58,52.31,60.03,🟢 A 高一致,🔵 技術低於基本面,技術目標,31.25,31.6,🔵 偏便宜,30.452907850698153,30.733291952880208,-0.5021124795300813,-1.4098455627354345,False,B,🟡 B 等確認,等支撐或量價確認,
1535,中宇,45.8,45.57273966623288,45.91291844202023,45.2159777424195,技術結構,0.7828406332957921,1.2751577676430135,False,46.05,46.5,0.5458515283842891,1.5283842794759916,0.27292576419214454,0.7641921397379958,43.09,52.95,62.82,🟡 B 中等,✅ 技術×基本面共振,共振目標,46.05,46.5,🟢 合理,45.57273966623288,45.55615651820685,0.49867604061448745,0.5352591184809352,False,NO,🔴 不追,第一目標風報不足,
1536,和大,46.9,47.44439923572411,47.96404221548224,46.92475625596599,技術結構,1.0952672773372374,,True,51.4,52.1,9.594882729211097,11.087420042643936,,,,,,,⚪ 基本面不足,技術目標,51.4,52.1,🔵 偏便宜,46.78998248428959,47.44439923572411,0.23513049133401243,-1.1474467892812923,False,NO,🔴 結構失效,現價已跌破防守位，等待重新形成結構,
1537,廣隆,115.0,116.32067044585766,117.23138473157195,115.40995616014337,技術結構,0.7829341786146176,,True,117.0,120.0,1.7391304347825987,4.347826086956519,,,105.15,162.23,219.31,🟠 C 低一致,🟡 共振但估值分歧,共振目標,117.0,120.0,🔵 偏便宜,115.33258176694632,116.32067044585766,-0.28836757302318494,-1.13537038670386,False,NO,🔴 結構失效,現價已跌破防守位，等待重新形成結構,
1539,巨庭,15.45,15.606235533413487,15.748199757820139,15.464271309006836,技術結構,0.9096634745945039,,True,15.65,15.75,1.2944983818770295,1.9417475728155331,,,7.37,19.73,32.09,🟠 C 低一致,🟡 共振但估值分歧,共振目標,15.65,15.75,🔵 偏便宜,15.538851513076136,15.606235533413487,-0.5718023175738995,-1.001109672342071,False,NO,🔴 結構失效,現價已跌破防守位，等待重新形成結構,
1540,喬福,19.3,19.45546635173982,19.653680494402956,19.257252209076682,技術結構,1.0188095164596818,0.2214911446804055,False,19.5,19.8,1.0362694300518172,2.590673575129543,0.5181347150259086,1.2953367875647714,7.72,13.78,19.85,🟠 C 低一致,🟡 共振但估值分歧,共振目標,19.5,19.8,🔵 偏便宜,19.41517124963932,19.45546635173982,-0.5932023372776651,-0.7990882815611111,False,NO,🔴 不追,第一目標風報不足,
1558,伸興,112.5,111.39206752495438,112.9188532392401,107.21710067095742,技術結構,3.7479929646351837,4.695910514704514,False,115.5,119.0,2.6666666666666616,5.777777777777771,0.5678699920529595,1.230384982781413,147.51,182.38,217.25,🟡 B 中等,🔵 技術低於基本面,技術目標,115.5,119.0,🟢 合理,111.39206752495438,108.74388638524313,0.9946242130728145,3.454091755972577,False,NO,🔴 不追,第一目標風報不足,
1560,中砂,963.0,910.1473363607488,939.8259077893202,810.4950801988286,技術結構,10.949024644777037,15.836440270111252,False,992.0,1065.0,3.011422637590866,10.59190031152648,0.19015779974710886,0.6688308818691406,126.01,242.63,359.24,🟠 C 低一致,🔴 基本面背離,技術目標,992.0,1065.0,🔴 過熱,910.1473363607488,840.1736516274001,5.807044807776296,14.619162138051767,False,NO,🔴 不追,等待回到合理價格區,
1563,巧新,75.6,76.3608660525284,78.34836629775893,74.37336580729786,技術結構,2.6027733156710666,1.6225320009287514,False,77.4,80.5,2.3809523809523947,6.481481481481488,1.1904761904761973,3.240740740740744,26.13,36.76,47.39,🟡 B 中等,🔴 基本面背離,技術目標,77.4,80.5,🔵 偏便宜,75.26632494340429,76.3608660525284,0.443325825788099,-0.9964083592307604,False,B,🟡 B 等確認,等支撐或量價確認,
1565,精華,96.5,96.66766388719238,97.6051640506794,95.73016372370535,技術結構,0.969817750619337,0.7977577992690719,False,97.1,98.0,0.6217616580310725,1.5544041450777257,0.31088082901553626,0.7772020725388629,74.03,128.17,182.31,🟠 C 低一致,🟡 共振但估值分歧,共振目標,97.1,98.0,🔵 偏便宜,96.40946035512958,96.66766388719238,0.09391157728391164,-0.17344361128663888,False,NO,🔴 不追,第一目標風報不足,
1568,倉佑,32.8,31.174624925087752,32.03444657845384,29.48828908368374,技術結構,5.409321990100146,10.096679622915422,False,34.9,41.25,6.4024390243902385,25.762195121951237,0.6341133187844511,2.551551211299343,27.77,32.09,36.41,🟢 A 高一致,✅ 技術×基本面共振,共振目標,34.9,36.41,🔴 過熱,31.174624925087752,30.34811073704983,5.213775879639293,8.07921548789141,False,NO,🔴 不追,等待回到合理價格區,
1569,濱川,62.6,60.279909398247696,62.87812343873144,52.83294056169947,技術結構,12.353981468931508,15.602331371087105,False,68.0,74.1,8.626198083067083,18.370607028753973,0.5528787895796399,1.1774270518825665,,,,,⚪ 基本面不足,技術目標,68.0,74.1,🟢 合理,60.279909398247696,55.43115460218322,3.848862124898522,12.932881245692872,False,NO,🔴 不追,現價風險過高,
1570,力肯,33.2,32.80043005504031,33.21560876952003,32.385251340560586,技術結構,1.2657721675692595,2.4540622272271584,False,34.2,34.5,3.0120481927710774,3.9156626506023917,1.2273723784805517,1.5955840920247135,16.86,20.69,24.52,🟡 B 中等,🔴 基本面背離,技術目標,34.2,34.5,🟢 合理,32.726298329842905,32.80043005504031,1.447464865664716,1.2181850795529137,False,B,🟡 B 等確認,等支撐或量價確認,
1580,新麥,97.1,99.29608239439065,100.34072492455945,98.25143986422185,技術結構,1.0520480818363223,,True,99.0,107.0,1.9567456230690006,10.1956745623069,,,115.82,166.59,217.36,🟡 B 中等,🔵 技術低於基本面,技術目標,99.0,107.0,🔵 偏便宜,97.34731782065616,99.29608239439065,-0.25405714938320223,-2.211650592284309,False,NO,🔴 結構失效,現價已跌破防守位，等待重新形成結構,
1582,信錦,71.9,71.39736576475057,72.28129523535779,70.51343629414336,技術結構,1.2380421338228371,1.9284613433333029,False,72.5,74.0,0.8344923504867818,2.9207232267037364,0.4172461752433909,1.4603616133518682,79.51,90.93,102.34,🟢 A 高一致,🔵 技術低於基本面,技術目標,72.5,74.0,🟢 合理,70.80037636699117,71.39736576475057,1.5531324682639625,0.7039954904016765,False,NO,🔴 不追,第一目標風報不足,
1583,程泰,46.8,47.34667515039813,47.93060396705724,46.76274633373902,技術結構,1.2333047987091872,0.07960185098500079,False,48.2,49.35,2.991452991453003,5.448717948717952,1.4957264957265015,2.724358974358976,21.31,49.34,77.36,🟠 C 低一致,🟡 共振但估值分歧,共振目標,48.2,49.35,🔵 偏便宜,46.968762901517835,47.34667515039813,-0.3593088067311734,-1.1546220482464675,False,B,🟡 B 等確認,等支撐或量價確認,
1584,精剛,18.85,18.224275297280244,18.47338229708624,17.882043538723998,技術結構,1.8778895345556996,5.135047539925746,False,20.7,20.95,9.814323607427045,11.140583554376636,1.9112429887200153,2.1695190682767724,4.97,16.45,27.94,🟠 C 低一致,🟡 共振但估值分歧,共振目標,20.7,20.95,🔴 過熱,18.224275297280244,18.131150538529994,3.4334682313163833,3.964720605801597,False,NO,🔴 不追,等待回到合理價格區,
1586,和勤,17.9,18.026631151403983,18.203416743074428,17.849845559733538,技術結構,0.9806912350157898,0.2801924037232439,False,18.05,18.2,0.8379888268156499,1.6759776536312998,0.41899441340782495,0.8379888268156499,12.28,20.95,29.63,🟠 C 低一致,🟡 共振但估值分歧,共振目標,18.05,18.2,🔵 偏便宜,17.970171728446683,18.026631151403983,-0.3904900270685907,-0.7024670907193942,False,NO,🔴 不追,第一目標風報不足,
1587,吉茂,24.45,23.860825330782404,24.18493243276779,23.536718228797017,技術結構,1.3583230986032258,3.7353037677013576,False,24.65,25.7,0.8179959100204526,5.112474437627812,0.21899046527180663,1.368690407948787,24.78,24.78,24.78,🟠 C 低一致,🟡 共振但估值分歧,共振目標,24.78,24.78,🔴 過熱,23.837555951552133,23.860825330782404,2.5692401087284544,2.4692132860027804,False,NO,🔴 不追,等待回到合理價格區,
1590,亞德客-KY,1200.0,1283.3112271675004,1320.5433700246433,1246.0790843103575,技術結構,2.9012559127469766,,True,1285.0,1380.0,7.08333333333333,14.999999999999991,,,570.7,1119.59,1668.47,🟠 C 低一致,🟡 共振但估值分歧,共振目標,1285.0,1380.0,🔵 偏便宜,1234.2932847807742,1283.3112271675004,-2.7783740869063545,-6.491895761824152,False,NO,🔴 結構失效,現價已跌破防守位，等待重新形成結構,
1591,駿吉-KY,42.75,40.80329783181087,42.34883338260956,37.88515428670754,技術結構,7.1517345414867535,11.379756054485288,False,47.9,51.6,12.046783625730995,20.70175438596491,1.0586152785746932,1.8191738282302978,,,,,⚪ 基本面不足,技術目標,47.9,51.6,🔴 過熱,40.80329783181087,39.43068983750623,4.770943212025003,8.418087982159683,False,NO,🔴 不追,等待回到合理價格區,
1593,祺驊,31.7,31.726727430838906,31.989227451274786,31.39610204897205,技術結構,1.0421036414410725,0.9586686152301228,False,32.1,32.35,1.2618296529968598,2.0504731861198833,0.6309148264984299,1.0252365930599416,42.54,52.57,62.61,🟡 B 中等,🔵 技術低於基本面,技術目標,32.1,32.35,🔵 偏便宜,31.726727430838906,31.65860206940793,-0.08424263390282016,0.13076360889627825,False,NO,🔴 不追,第一目標風報不足,
1595,川寶,85.3,74.87756334381382,77.92042122236258,67.39220155707501,技術結構,9.996802049191183,20.993902043288376,False,85.8,93.0,0.5861664712778492,9.026963657678788,0.027920796718456778,0.4299802694642302,,,,,⚪ 基本面不足,技術目標,85.8,93.0,🔴 過熱,74.87756334381382,70.43505943562377,13.919305317575148,21.104462299719472,True,NO,🟠 高位延伸,不追，等待回踩 EMA9/EMA20 或重新整理,
1597,直得,146.5,140.6625388730389,145.75182458732462,135.57325315875318,技術結構,3.6180817970869126,7.458530267062679,False,148.0,153.5,1.0238907849829282,4.778156996587035,0.13727782127592775,0.6406298326210011,55.01,61.35,67.68,🟢 A 高一致,🔴 基本面背離,技術目標,148.0,153.5,🔴 過熱,140.48925155168044,140.6625388730389,4.27844008131002,4.149975660705207,False,NO,🔴 不追,等待回到合理價格區,
1598,岱宇,20.5,20.418243893151512,20.795922546323595,20.021028472913525,技術結構,1.9453946300015437,2.336446473592563,False,20.7,21.05,0.9756097560975618,2.682926829268295,0.4175613552992919,1.1482937270730527,,,,,⚪ 基本面不足,技術目標,20.7,21.05,🟢 合理,20.418243893151512,20.398707126085608,0.4004071421436439,0.4965651660582937,False,NO,🔴 不追,第一目標風報不足,
1599,宏佳騰,23.05,23.135054803542953,23.402911987271853,22.867197619814053,技術結構,1.1577979218267496,0.7930688945160403,False,23.2,23.4,0.6507592190889255,1.5184381778741818,0.32537960954446277,0.7592190889370909,,,,,⚪ 基本面不足,技術目標,23.2,23.4,🔵 偏便宜,23.091953556475506,23.135054803542953,-0.18168041249909672,-0.3676447030932728,False,NO,🔴 不追,第一目標風報不足,
1603,華電,30.6,30.247338058994767,30.58751660998746,29.905249352275906,技術結構,1.1309712810153665,2.270426953346718,False,31.15,31.45,1.7973856209150263,2.777777777777768,0.7916509351977141,1.2234605362146491,31.1,45.59,60.08,🟡 B 中等,✅ 技術×基本面共振,共振目標,31.15,31.45,🔴 過熱,30.247338058994767,30.2454279032686,1.165927197683958,1.1723163509717915,False,NO,🔴 不追,等待回到合理價格區,
1604,聲寶,23.45,23.45417870856718,23.558643157768493,23.334581755729378,技術結構,0.5099174621455296,0.49218867492802365,False,23.6,23.7,0.6396588486140775,1.0660980810234477,0.31982942430703876,0.5330490405117239,21.0,24.2,27.4,🟢 A 高一致,✅ 技術×基本面共振,共振目標,23.6,23.7,🔵 偏便宜,23.45417870856718,23.43904620493069,-0.01781647790402019,0.046733109246588356,False,NO,🔴 不追,第一目標風報不足,
1605,華新,38.4,37.26285249997294,37.97535217299888,36.55035282694699,技術結構,1.9120910644896627,4.8167895131588745,False,38.6,39.9,0.5208333333333481,3.90625,0.10812873012418246,0.8109654759313454,54.36,59.82,65.28,🟢 A 高一致,🔵 技術低於基本面,技術目標,38.6,39.9,🔴 過熱,37.1734729832727,37.26285249997294,3.2994684604239266,3.0516920303615747,False,NO,🔴 不追,等待回到合理價格區,
1608,華榮,36.25,35.93358105233973,36.42643819519687,35.44072390948259,技術結構,1.3715781406235572,2.2324857669445723,False,36.55,37.5,0.8275862068965356,3.4482758620689724,0.3707016721675174,1.5445903006980226,43.51,133.09,222.67,🟠 C 低一致,🔵 技術低於基本面,技術目標,36.55,37.5,🟢 合理,35.81757377437586,35.93358105233973,1.2073018355405862,0.8805661400665299,False,NO,🔴 不追,第一目標風報不足,
1609,大亞,38.75,38.09428110142715,38.512138121669025,37.39049772921925,技術結構,1.8474777626963412,3.5083929568535526,False,40.75,44.25,5.161290322580636,14.193548387096765,1.4711266343464156,4.0455982444526475,37.65,53.23,68.8,🟡 B 中等,✅ 技術×基本面共振,共振目標,40.75,44.25,🔴 過熱,38.09428110142715,37.808354749461124,1.7213053498160935,2.490574521897959,False,NO,🔴 不追,等待回到合理價格區,
1611,中電,11.55,11.539552774129357,11.700266988318068,11.378838559940645,技術結構,1.3927248077500762,1.4819172299511318,False,11.7,12.1,1.298701298701288,4.761904761904745,0.649350649350644,2.3809523809523725,8.32,10.69,13.06,🟡 B 中等,✅ 技術×基本面共振,共振目標,11.7,12.1,🟢 合理,11.435327977703794,11.539552774129357,1.0027873491673445,0.09053406206578352,False,NO,🔴 不追,第一目標風報不足,
1612,宏泰,35.7,35.1630923111709,35.43898508657024,34.63352054475336,技術結構,1.5060443539241888,2.9873374096544625,False,35.9,36.55,0.5602240896358524,2.3809523809523725,0.18753291403419073,0.7970148846453107,44.27,59.98,75.7,🟡 B 中等,🔵 技術低於基本面,技術目標,35.9,36.55,🔴 過熱,35.1630923111709,34.9094133201527,1.5269069172808125,2.2646805106601553,False,NO,🔴 不追,等待回到合理價格區,
1614,三洋電,31.15,31.083497867274165,31.343319316281473,30.741747813863682,技術結構,1.0994581590197716,1.310600918575654,False,31.35,31.55,0.6420545746388617,1.2841091492777013,0.32102728731943087,0.6420545746388506,13.45,18.05,22.64,🟡 B 中等,🔴 基本面背離,技術目標,31.35,31.55,🟢 合理,31.083497867274165,31.00156926287099,0.21394674759511734,0.4787845927102019,False,NO,🔴 不追,第一目標風報不足,
1615,大山,42.95,43.267706431953805,43.63467075853985,42.90074210536776,技術結構,0.8481252112661897,0.11468659984223761,False,43.5,43.75,1.2805587892898762,1.8626309662397977,0.6402793946449381,0.9313154831198989,39.05,59.53,80.02,🟡 B 中等,✅ 技術×基本面共振,共振目標,43.5,43.75,🔵 偏便宜,42.97522362370246,43.267706431953805,-0.05869340884254726,-0.7342807330299572,False,NO,🔴 不追,第一目標風報不足,
1616,億泰,18.65,18.682910412486994,19.052553351373362,18.313267473600625,技術結構,1.9785083304757072,1.8055363345810909,False,18.8,19.4,0.8042895442359255,4.021447721179627,0.40214477211796273,2.0107238605898137,11.02,11.21,11.4,🟢 A 高一致,🔴 基本面背離,技術目標,18.8,19.4,🔵 偏便宜,18.483695797107025,18.682910412486994,0.8997345807812085,-0.1761524931629399,False,NO,🔴 不追,第一目標風報不足,
1617,榮星,24.05,20.549469634315788,21.320897919642064,18.673185409086752,技術結構,9.130572509257405,22.356817425834713,False,24.5,26.95,1.8711018711018657,12.058212058212048,0.08369267572671991,0.5393527991277517,6.44,14.04,21.65,🟠 C 低一致,🔴 基本面背離,技術目標,24.5,26.95,🔴 過熱,20.549469634315788,19.44461369441303,17.034650664845575,23.68463769948912,True,NO,🟠 高位延伸,不追，等待回踩 EMA9/EMA20 或重新整理,
1618,合機,38.95,39.03462214466159,39.388193409745995,38.681050879577185,技術結構,0.9057888757679686,0.6904983836272596,False,39.45,41.2,1.2836970474968012,5.776636713735561,0.6418485237484006,2.8883183568677806,48.08,62.46,76.83,🟡 B 中等,🔵 技術低於基本面,技術目標,39.45,41.2,🔵 偏便宜,38.854758130510824,39.03462214466159,0.24512279595014785,-0.21678740567279142,False,NO,🔴 不追,第一目標風報不足,
1623,大東電,200.5,203.60119862799496,207.53869862799496,199.66369862799496,技術結構,1.933927710904251,0.4171079162119895,False,208.5,214.5,3.990024937655856,6.982543640897765,1.995012468827928,3.4912718204488824,90.58,130.45,170.32,🟡 B 中等,🔴 基本面背離,技術目標,208.5,214.5,🔵 偏便宜,201.37239947099872,203.60119862799496,-0.43322693342806584,-1.523173070145445,False,B,🟡 B 等確認,等支撐或量價確認,
1626,艾美特-KY,9.6,9.672591856948872,9.82902039363645,9.516163320261294,技術結構,1.617234956266643,0.8732987472781877,False,9.77,9.89,1.7708333333333437,3.0208333333333393,0.8854166666666718,1.5104166666666696,,,,,⚪ 基本面不足,技術目標,9.77,9.89,🔵 偏便宜,9.660343889427114,9.672591856948872,-0.6246557070619274,-0.7504902307722383,False,C,🟠 C 觀察,條件未齊，不急進,
1702,南僑,33.05,32.930041069672725,33.14432662047141,32.614052219374585,技術結構,0.9595762411275995,1.319055312028478,False,33.45,33.65,1.210287443267788,1.8154311649016597,0.605143721633894,0.9077155824508298,7.08,33.41,59.74,🟠 C 低一致,🟡 共振但估值分歧,共振目標,33.45,33.65,🟢 合理,32.930041069672725,32.82833777017327,0.3642841807377728,0.6752161238822163,False,NO,🔴 不追,第一目標風報不足,
1707,葡萄王,85.7,87.9136299240597,88.68505808677071,87.1422017613487,技術結構,0.877484143673021,,True,88.1,90.4,2.800466744457397,5.484247374562434,,,71.93,87.36,102.78,🟡 B 中等,✅ 技術×基本面共振,共振目標,88.1,90.4,🔵 偏便宜,86.86584454579686,87.9136299240597,-1.3421207747335129,-2.5179598726293606,False,NO,🔴 結構失效,現價已跌破防守位，等待重新形成結構,
1708,東鹼,53.8,51.38403881622836,52.46082461225759,49.651178304616444,技術結構,3.3723711711517645,7.711564489560509,False,55.9,60.5,3.90334572490707,12.453531598513013,0.506167812016771,1.6149163526249335,74.96,86.23,97.5,🟢 A 高一致,🔵 技術低於基本面,技術目標,55.9,60.5,🔴 過熱,51.38403881622836,50.72796410064567,4.701773623541272,6.055902210582165,False,NO,🔴 不追,等待回到合理價格區,
1709,和益,48.4,43.71407614384997,46.306933286707114,37.57918845134326,技術結構,14.034124093847083,22.357048654249454,False,50.5,56.6,4.338842975206614,16.94214876033058,0.19407047156834453,0.7577989842192496,46.28,55.15,64.02,🟢 A 高一致,✅ 技術×基本面共振,共振目標,50.5,56.6,🔴 過熱,43.71407614384997,40.172045594200405,10.719485048088506,20.481790967068548,False,NO,🔴 不追,等待回到合理價格區,
1710,東聯,16.75,16.513027100286518,16.968384212489845,15.79278091497815,技術結構,4.361684753099389,5.714740806100593,False,17.15,17.55,2.3880597014925398,4.7761194029850795,0.4178771675774413,0.8357543351548826,,,,,⚪ 基本面不足,技術目標,17.15,17.55,🟢 合理,16.513027100286518,16.248138027181476,1.4350663768326832,3.088735287569322,False,NO,🔴 不追,第一目標風報不足,
1711,永光,40.9,39.7491189601731,40.71608361373319,38.78215430661301,技術結構,2.432669399613479,5.1781068297970405,False,44.65,48.4,9.168704156479212,18.337408312958424,1.7706672453566559,3.5413344907133117,10.82,21.06,31.3,🟠 C 低一致,🔴 基本面背離,技術目標,44.65,48.4,🔴 過熱,39.68925085780797,39.7491189601731,3.0505719206686432,2.895362387729983,False,NO,🔴 不追,等待回到合理價格區,
1712,興農,39.8,39.94315249081318,40.26458106224175,39.621723919384614,技術結構,0.8047150797686715,0.44792985079242,False,40.0,40.3,0.5025125628140836,1.2562814070351758,0.2512562814070418,0.6281407035175879,41.66,54.31,66.95,🟡 B 中等,🔵 技術低於基本面,技術目標,40.0,40.3,🔵 偏便宜,39.872491194167665,39.94315249081318,-0.18180753696741547,-0.35839056730965213,False,NO,🔴 不追,第一目標風報不足,
1713,國化,42.45,42.532177243885066,42.92056981492563,42.143784672844504,技術結構,0.913173498768869,0.721355305431093,False,43.1,45.35,1.5312131919905658,6.831566548881041,0.7656065959952829,3.4157832744405203,53.06,75.88,98.71,🟡 B 中等,🔵 技術低於基本面,技術目標,43.1,45.35,🔵 偏便宜,41.96338464640659,42.532177243885066,1.1596189337293783,-0.19321193790255986,False,NO,🔴 不追,第一目標風報不足,
1714,和桐,16.5,16.065274417055218,16.493845845626648,15.636702988483789,技術結構,2.667688191596956,5.23210310009825,False,16.85,17.15,2.1212121212121238,3.9393939393939315,0.40542246217821876,0.7529274297595466,32.83,38.04,43.24,🟢 A 高一致,🔵 技術低於基本面,技術目標,16.85,17.15,🔴 過熱,15.976097519624181,16.065274417055218,3.279289449330691,2.7059953764827727,False,NO,🔴 不追,等待回到合理價格區,
1717,長興,74.0,72.1927850000132,73.55885700078922,70.82671299923719,技術結構,1.8922555775840548,4.288225676706503,False,78.6,79.8,6.216216216216219,7.837837837837824,1.4496009969770238,1.8277577787971129,42.63,47.16,51.69,🟢 A 高一致,🔴 基本面背離,技術目標,78.6,79.8,🔴 過熱,72.0823959121135,72.1927850000132,2.660294602616342,2.503318025459844,False,NO,🔴 不追,等待回到合理價格區,
1718,中纖,10.85,10.650487404876403,10.89691602739467,10.400667768267626,技術結構,2.345616938567479,4.141310891542616,False,10.95,11.45,0.9216589861751112,5.5299539170506895,0.22255247440063558,1.3353148464038187,15.26,22.39,29.52,🟡 B 中等,🔵 技術低於基本面,技術目標,10.95,11.45,🟢 合理,10.650487404876403,10.647096390785894,1.8732719690579547,1.9057177822650484,False,NO,🔴 不追,第一目標風報不足,
1720,生達,56.3,56.18715841836349,56.43358666281801,55.94073017390897,技術結構,0.43858463640329076,0.6381346822220776,False,56.8,57.2,0.8880994671403242,1.598579040852588,0.4440497335701621,0.799289520426294,69.58,78.89,88.2,🟢 A 高一致,🔵 技術低於基本面,技術目標,56.8,57.2,🟢 合理,56.13085823840215,56.18715841836349,0.30133471481847973,0.2008316220519779,False,NO,🔴 不追,第一目標風報不足,
1721,國慶科技,26.45,24.407968727473307,25.51154036040352,22.06485489568482,技術結構,9.599790371540037,16.57899850402714,False,26.85,29.05,1.5122873345935872,9.829867674858228,0.09121704994582414,0.5929108246478515,,,,,⚪ 基本面不足,技術目標,26.85,29.05,🔴 過熱,24.407968727473307,23.168426528615033,8.366248315568381,14.163989372916364,False,NO,🔴 不追,等待回到合理價格區,
1722,台肥,41.55,42.758480069990036,43.20044423308905,42.31651590689102,技術結構,1.033629264594013,,True,42.85,44.9,3.128760529482566,8.062575210589662,,,13.21,48.01,82.8,🟠 C 低一致,🟡 共振但估值分歧,共振目標,42.85,44.9,🔵 偏便宜,41.88078513833206,42.758480069990036,-0.7898255422850387,-2.826293329444629,False,NO,🔴 結構失效,現價已跌破防守位，等待重新形成結構,
1723,中碳,80.7,82.08550513441597,83.07657778914009,81.09443247969185,技術結構,1.2073662129522478,,True,81.9,85.7,1.486988847583648,6.1957868649318515,,,79.72,87.94,96.17,🟢 A 高一致,✅ 技術×基本面共振,共振目標,81.9,85.7,🔵 偏便宜,80.87688771262326,82.08550513441597,-0.21871231401953128,-1.6878803780852492,False,NO,🔴 結構失效,現價已跌破防守位，等待重新形成結構,
1725,元禎,34.15,33.75886165594823,34.42046875793362,32.463748950290785,技術結構,3.836363674985614,4.937777597977198,False,34.6,36.6,1.3177159590044063,7.1742313323572615,0.26686417783259814,1.4529271904219108,38.26,64.09,89.92,🟠 C 低一致,🔵 技術低於基本面,技術目標,34.6,36.6,🟢 合理,33.75886165594823,33.125356052276175,1.1586242096609523,3.0932314994797316,False,NO,🔴 不追,第一目標風報不足,
1726,永記,76.5,76.86351172910919,77.28672691400212,76.44029654421627,技術結構,0.5506061008303473,0.07804373305063171,False,78.1,78.6,2.091503267973849,2.7450980392156765,1.0457516339869244,1.3725490196078383,125.89,134.03,142.17,🟢 A 高一致,🔵 技術低於基本面,技術目標,78.1,78.6,🔵 偏便宜,76.61946051169154,76.86351172910919,-0.15591406007526842,-0.4729314611467639,False,B,🟡 B 等確認,等支撐或量價確認,
1727,中華化,109.0,108.23623577837333,114.4987362688344,95.37088142080847,技術結構,11.886365287045098,12.50377851301975,False,125.0,140.0,14.678899082568808,28.440366972477072,1.1739570616421413,2.274541806931649,27.18,30.89,34.6,🟢 A 高一致,🔴 基本面背離,技術目標,125.0,140.0,🟢 合理,108.23623577837333,101.63338191126955,0.705645587297199,7.248226862274287,False,C,🟠 C 觀察,條件未齊，不急進,
1730,花仙子,51.2,51.324095489606165,51.46873834674902,51.17945263246331,技術結構,0.2818225158437477,0.04013157722010385,False,51.5,51.7,0.5859375,0.9765625,0.29296875,0.48828125,71.41,91.76,112.11,🟡 B 中等,🔵 技術低於基本面,技術目標,51.5,51.7,🔵 偏便宜,51.2504408019984,51.324095489606165,-0.09842023055620652,-0.24178797195031354,False,NO,🔴 不追,第一目標風報不足,
1731,美吾華,20.9,20.900058093570777,21.03666556340197,20.761973139768646,技術結構,0.6606917224053503,0.6604155991930757,False,21.05,21.3,0.717703349282317,1.9138755980861344,0.3588516746411585,0.9569377990430672,28.72,28.9,29.07,🟢 A 高一致,🔵 技術低於基本面,技術目標,21.05,21.3,🔵 偏便宜,20.900058093570777,20.89858060959984,-0.0002779588961887569,0.006791802882100129,False,NO,🔴 不追,第一目標風報不足,
1732,毛寶,26.15,26.10563482603544,26.269027744485932,25.94224190758495,技術結構,0.6258913814558426,0.7944860130594577,False,26.3,27.0,0.5736137667304186,3.250478011472291,0.2868068833652093,1.6252390057361454,23.26,23.61,23.96,🟢 A 高一致,🔴 基本面背離,技術目標,26.3,27.0,🟢 合理,26.072821214449494,26.10563482603544,0.2960124066195613,0.16994481942385065,False,NO,🔴 不追,第一目標風報不足,
1733,五鼎,29.6,30.555433822640783,30.93579092462617,30.175076720655397,技術結構,1.2448100203491492,,True,29.8,30.6,0.6756756756756799,3.378378378378377,,,29.85,31.59,33.32,🟢 A 高一致,✅ 技術×基本面共振,共振目標,29.85,30.6,🔵 偏便宜,30.070974378034506,30.555433822640783,-1.5662092359020163,-3.1268867861166783,False,NO,🔴 結構失效,現價已跌破防守位，等待重新形成結構,
1734,杏輝,32.1,31.932414384084364,32.31277160868502,31.229275764334034,技術結構,2.2019588349723596,2.7125365597070643,False,32.6,33.5,1.5576323987538832,4.361370716510904,0.5742346193195998,1.6078569340948912,27.91,30.46,33.0,🟢 A 高一致,✅ 技術×基本面共振,共振目標,32.6,33.0,🟢 合理,31.932414384084364,31.60963298893469,0.5248134823127026,1.5513214317830704,False,NO,🔴 不追,第一目標風報不足,
1735,日勝化,20.2,20.216536386644368,20.503143672552657,19.92992910073608,技術結構,1.4176873843613995,1.3369846498213898,False,20.45,20.65,1.2376237623762387,2.2277227722772297,0.6188118811881194,1.1138613861386149,15.39,22.96,30.52,🟡 B 中等,✅ 技術×基本面共振,共振目標,20.45,20.65,🔵 偏便宜,20.190282587411986,20.216536386644368,0.04812915592411482,-0.08179633903705463,False,NO,🔴 不追,第一目標風報不足,
1736,喬山,128.5,126.77039560799756,129.77039560799756,123.77039560799756,技術結構,2.3664831095713166,3.680625985994119,False,129.5,133.5,0.7782101167315147,3.891050583657596,0.21143417442925108,1.0571708721462614,84.08,95.84,107.59,🟢 A 高一致,🔴 基本面背離,技術目標,129.5,133.5,🟢 合理,126.73904178098509,126.77039560799756,1.3894362733608112,1.3643598599713869,False,NO,🔴 不追,第一目標風報不足,
1737,臺鹽,30.05,30.42130080790314,30.68647964499813,30.15612197080815,技術結構,0.8716880279692009,,True,30.35,30.65,0.9983361064891838,1.9966722129783676,,,26.3,34.42,42.53,🟡 B 中等,✅ 技術×基本面共振,共振目標,30.35,30.65,🔵 偏便宜,30.144104912310254,30.42130080790314,-0.3121834686550029,-1.2205290307858219,False,NO,🔴 結構失效,現價已跌破防守位，等待重新形成結構,
1742,台蠟,17.6,17.58281447761515,17.83727872245768,17.328350232772618,技術結構,1.447232723557947,1.5434645865192265,False,17.8,18.05,1.1363636363636243,2.556818181818188,0.5681818181818121,1.278409090909094,,,,,⚪ 基本面不足,技術目標,17.8,18.05,🟢 合理,17.574627031992225,17.58281447761515,0.1443727253021443,0.09774045222812333,False,NO,🔴 不追,第一目標風報不足,
1752,南光,31.5,31.453432348688494,31.63825369551641,31.268611001860577,技術結構,0.5876031104618806,0.734568248061659,False,32.0,32.2,1.5873015873015817,2.2222222222222365,0.7936507936507908,1.1111111111111183,23.74,30.9,38.07,🟡 B 中等,✅ 技術×基本面共振,共振目標,32.0,32.2,🟢 合理,31.38674678468403,31.453432348688494,0.3608313282446929,0.14805268561872698,False,NO,🔴 不追,第一目標風報不足,
1760,寶齡富錦,54.6,54.975940864116005,55.586655435932585,54.365226292299425,技術結構,1.1108760709090588,0.42998847564208065,False,55.1,58.9,0.9157509157509125,7.87545787545787,0.45787545787545625,3.937728937728935,27.17,29.45,31.73,🟢 A 高一致,🔴 基本面背離,技術目標,55.1,58.9,🔵 偏便宜,54.16527555923544,54.975940864116005,0.8025888104070455,-0.6838279767602651,False,NO,🔴 不追,第一目標風報不足,
1762,中化生,34.35,34.25318718223084,34.7674728556448,33.73890150881688,技術結構,1.5014242928049304,1.7790349088300466,False,35.3,36.4,2.7656477438136706,5.967976710334777,1.3828238719068353,2.9839883551673885,,,,,⚪ 基本面不足,技術目標,35.3,36.4,🟢 合理,33.946382537256596,34.25318718223084,1.1889851954046238,0.2826388600106311,False,B,🟡 B 等確認,等支撐或量價確認,
1773,勝一,167.5,164.33845929227024,166.99024500655597,160.16103783982354,技術結構,2.5419621617708543,4.3814699463740086,False,169.0,173.5,0.8955223880596996,3.5820895522387985,0.20438857256131834,0.8175542902452734,93.5,154.59,215.69,🟠 C 低一致,🟡 共振但估值分歧,共振目標,169.0,173.5,🔴 過熱,164.33845929227024,162.81282355410926,1.9237984348551507,2.878874245635199,False,NO,🔴 不追,等待回到合理價格區,
1776,展宇,18.15,18.09986154263585,18.426647256921566,17.530976090511746,技術結構,3.1430375905585937,3.4106000522768714,False,18.9,21.4,4.132231404958686,17.906336088154262,1.2115848653083974,5.250201083003042,21.66,22.91,24.16,🟢 A 高一致,🔵 技術低於基本面,技術目標,18.9,21.4,🟢 合理,18.09986154263585,17.857761804797462,0.2770101707465722,1.6364771710866144,False,B,🟡 B 等確認,等支撐或量價確認,
1777,生泰,73.9,74.19078705152134,74.80685848009277,73.57471562294991,技術結構,0.8303880482405499,0.4401683045332827,False,74.5,75.3,0.8119079837618282,1.8944519621109546,0.4059539918809141,0.9472259810554773,124.89,130.5,136.1,🟢 A 高一致,🔵 技術低於基本面,技術目標,74.5,75.3,🔵 偏便宜,74.12279232637863,74.19078705152134,-0.30057195551622673,-0.39194496119767663,False,NO,🔴 不追,第一目標風報不足,
1780,立弘,25.1,24.9766903813664,25.432047605967057,24.363372780449698,技術結構,2.455559930287084,2.9347697990051937,False,25.35,27.25,0.9960159362549792,8.565737051792821,0.3393846892497671,2.9187083275479972,18.35,22.03,25.72,🟢 A 高一致,✅ 技術×基本面共振,共振目標,25.35,25.72,🟢 合理,24.9766903813664,24.818730005050355,0.4936987917566471,1.1332972915713668,False,NO,🔴 不追,第一目標風報不足,
1781,合世,9.99,10.21721940371256,10.318469405756149,10.115969401668972,技術結構,0.990974139273139,,True,10.2,10.85,2.102102102102088,8.608608608608591,,,,,,,⚪ 基本面不足,技術目標,10.2,10.85,🔵 偏便宜,10.0739105541803,10.21721940371256,-0.8329491683393919,-2.223886898523453,False,NO,🔴 結構失效,現價已跌破防守位，等待重新形成結構,
1783,和康生,37.25,37.381925475579195,37.68192531209217,37.08192563906622,技術結構,0.8025264421142714,0.4512063380772606,False,39.15,40.95,5.100671140939594,9.932885906040267,2.550335570469797,4.966442953020134,32.48,41.39,50.29,🟡 B 中等,✅ 技術×基本面共振,共振目標,39.15,40.95,🔵 偏便宜,36.81285407349541,37.381925475579195,1.1874817574096364,-0.35291246745804417,False,A+,🟢 A+ 優先候選,合理位置可優先分批,
1784,訊聯,61.2,60.49741841485466,61.31706074066468,59.38122798866257,技術結構,1.8450215818101954,2.971849691727826,False,61.8,62.5,0.9803921568627416,2.12418300653594,0.32989291470281057,0.7147679818560896,19.29,31.09,42.88,🟠 C 低一致,🔴 基本面背離,技術目標,61.8,62.5,🟢 合理,60.49741841485466,60.200870314472596,1.1613414316747672,1.6596598692149023,False,NO,🔴 不追,第一目標風報不足,
1785,光洋科,100.5,98.6562469162469,100.7723181813313,96.5401756511625,技術結構,2.1448933354223527,3.940123730186568,False,104.0,108.0,3.482587064676612,7.462686567164178,0.883877589425779,1.894023405912386,120.32,205.71,291.09,🟠 C 低一致,🔵 技術低於基本面,技術目標,104.0,108.0,🟢 合理,97.60192449096822,98.6562469162469,2.9692811121772023,1.8688660286442227,False,C,🟠 C 觀察,條件未齊，不急進,
1786,科妍,43.3,44.39099127929454,45.19456270786597,43.58741985072311,技術結構,1.8102128504308566,,True,44.65,47.65,3.117782909930722,10.046189376443415,,,18.92,26.77,34.61,🟡 B 中等,🔴 基本面背離,技術目標,44.65,47.65,🔵 偏便宜,43.26053736668787,44.39099127929454,0.09122085788633161,-2.457686228339351,False,NO,🔴 結構失效,現價已跌破防守位，等待重新形成結構,
1788,杏昌,128.25,128.28178018832946,128.60320875975805,127.9603516169009,技術結構,0.25056447685453276,0.22584669247493636,False,129.0,129.5,0.5847953216374213,0.974658869395717,0.29239766081871066,0.4873294346978585,141.99,156.78,171.57,🟢 A 高一致,🔵 技術低於基本面,技術目標,129.0,129.5,🔵 偏便宜,128.0019465854403,128.28178018832946,0.19378878304334712,-0.02477373504078395,False,NO,🔴 不追,第一目標風報不足,
1789,神隆,18.95,18.83966520133413,19.203950936055723,18.47537946661254,技術結構,1.9336104481081435,2.50459384373329,False,19.05,19.35,0.5277044854881341,2.110817941952514,0.21069463490397702,0.8427785396158993,16.1,16.1,16.1,🟠 C 低一致,🔴 基本面背離,技術目標,19.05,19.35,🟢 合理,18.794194209006537,18.83966520133413,0.8290102212458628,0.5856515892758818,False,NO,🔴 不追,第一目標風報不足,
1795,美時,179.0,179.6672272920874,182.21187014923026,177.12258443494454,技術結構,1.4163088591588278,1.0488355112041663,False,181.5,194.0,1.3966480446927276,8.379888268156432,0.6983240223463638,4.189944134078216,172.65,182.67,192.69,🟢 A 高一致,✅ 技術×基本面共振,共振目標,181.5,192.69,🔵 偏便宜,177.91512576327705,179.6672272920874,0.6097706600654229,-0.3713683915223309,False,NO,🔴 不追,第一目標風報不足,
1796,金穎生技,29.1,29.58664423772677,29.977715380195903,29.195573095257636,技術結構,1.3217826912944308,,True,29.8,30.3,2.405498281786933,4.123711340206193,,,26.18,26.18,26.18,🟠 C 低一致,🔴 基本面背離,技術目標,29.8,30.3,🔵 偏便宜,29.39352266500864,29.58664423772677,-0.9985964198774289,-1.6448105226689935,False,NO,🔴 結構失效,現價已跌破防守位，等待重新形成結構,
1799,易威,29.0,29.256309477745877,29.623273763460162,28.88934519203159,技術結構,1.2543081894639536,0.38156830333934094,False,29.4,30.2,1.379310344827589,4.137931034482767,0.6896551724137945,2.0689655172413834,,,,,⚪ 基本面不足,技術目標,29.4,30.2,🔵 偏便宜,28.880946124847355,29.256309477745877,0.4122229051569004,-0.8760827401721349,False,NO,🔴 不追,第一目標風報不足,
1802,台玻,59.9,58.675721694781394,60.27215067492753,57.005392686625775,技術結構,2.846712336738378,4.83239952149286,False,60.2,61.3,0.5008347245408995,2.3372287145241977,0.10364100118654469,0.48365800553720856,25.73,26.32,26.91,🟠 C 低一致,🔴 基本面背離,技術目標,60.2,61.3,🟢 合理,58.675721694781394,58.60182166677191,2.0865159726318083,2.215252523394118,False,NO,🔴 不追,第一目標風報不足,
1805,寶徠,10.05,10.123900079997464,10.220328747474662,10.027471412520265,技術結構,0.952485373376211,0.22416504954960603,False,10.15,10.25,0.995024875621886,1.990049751243772,0.497512437810943,0.995024875621886,1.03,5.1,9.18,🟠 C 低一致,🔴 基本面背離,技術目標,10.15,10.25,🔵 偏便宜,10.116931191472542,10.123900079997464,-0.6615760274119142,-0.7299566314712291,False,NO,🔴 不追,第一目標風報不足,
1806,冠軍,8.0,8.000470859208162,8.051363816486823,7.949577901929502,技術結構,0.6361245253469635,0.6302762258812211,False,8.07,8.11,0.8750000000000036,1.374999999999993,0.4375000000000018,0.6874999999999964,12.83,12.83,12.83,🟠 C 低一致,🔵 技術低於基本面,技術目標,8.07,8.11,🔵 偏便宜,7.9872794693533375,8.000470859208162,0.15925986683538174,-0.00588539370305341,False,NO,🔴 不追,第一目標風報不足,
1808,潤隆,31.65,33.62981030624947,34.52713171438502,32.732488898113914,技術結構,2.6682321427451026,,True,32.45,33.3,2.527646129541883,5.213270142180093,,,17.72,41.39,65.06,🟠 C 低一致,🟡 共振但估值分歧,共振目標,32.45,33.3,🔵 偏便宜,32.982878996846644,33.62981030624947,-4.0411238720976295,-5.887069502385978,False,NO,🔴 結構失效,現價已跌破防守位，等待重新形成結構,
1809,中釉,47.85,42.55794824853516,44.095448534637455,39.03597433423936,技術結構,8.275713607544567,18.42011633387803,False,50.8,57.9,6.165099268547536,21.003134796238232,0.3346938291159849,1.1402281297002206,2.75,10.44,18.14,🟠 C 低一致,🔴 基本面背離,技術目標,50.8,57.9,🔴 過熱,42.55794824853516,40.573474620341656,12.434931591531772,17.934193331350112,True,NO,🟠 高位延伸,不追，等待回踩 EMA9/EMA20 或重新整理,
1810,和成,24.45,24.129673018377694,24.48324448782088,23.77610154893451,技術結構,1.4652973920280536,2.756230883703436,False,25.85,26.5,5.725971370143168,8.384458077709622,2.0774643387093215,3.042001353110072,42.61,93.91,145.21,🟠 C 低一致,🔵 技術低於基本面,技術目標,25.85,26.5,🟢 合理,23.965993191881882,24.129673018377694,2.0195566452971603,1.327523093157268,False,B,🟡 B 等確認,等支撐或量價確認,
1813,寶利徠,11.3,11.377764129640271,11.503656997001068,11.251871262279474,技術結構,1.1064816068108911,0.42591803292501423,False,11.5,11.7,1.7699115044247815,3.539823008849541,0.8849557522123908,1.7699115044247704,5.66,14.41,23.16,🟠 C 低一致,🟡 共振但估值分歧,共振目標,11.5,11.7,🔵 偏便宜,11.33277800635717,11.377764129640271,-0.289231875351148,-0.6834746155238602,False,C,🟠 C 觀察,條件未齊，不急進,
1815,富喬,116.0,117.95501577856953,122.91037292142667,111.8240613351297,技術結構,5.197705585448895,3.5999471248881907,False,118.5,129.5,2.155172413793105,11.637931034482762,0.5986677967832769,3.2328061026296933,73.72,109.5,145.28,🟡 B 中等,✅ 技術×基本面共振,共振目標,118.5,129.5,🔵 偏便宜,117.95501577856953,116.77941847798684,-1.6574248798707947,-0.6674279493297575,False,NO,🔴 不追,第一目標風報不足,
1817,凱撒衛,39.85,40.122974680699514,40.29172451721249,39.942200016715034,技術結構,0.45055149929209515,,True,40.2,40.45,0.8782936010037767,1.505646173149322,,,50.58,87.45,124.31,🟠 C 低一致,🔵 技術低於基本面,技術目標,40.2,40.45,🔵 偏便宜,40.122974680699514,40.11094985322801,-0.6803450713010584,-0.6505701165962385,False,NO,🔴 結構失效,現價已跌破防守位，等待重新形成結構,
1903,士紙,47.8,47.38620685276117,47.871028076973815,46.901385628548525,技術結構,1.0231273115383255,1.8799463837896915,False,48.05,48.9,0.5230125523012497,2.3012552301255207,0.26150627615062483,1.1506276150627603,17.76,17.76,17.76,🟠 C 低一致,🔴 基本面背離,技術目標,48.05,48.9,🟢 合理,47.27821284857749,47.38620685276117,1.103652443660863,0.8732354301423051,False,NO,🔴 不追,第一目標風報不足,
1904,正隆,24.6,24.678229532570192,25.14430096114162,24.20895222816592,技術結構,1.9015841626115149,1.5896250887564287,False,25.1,25.45,2.0325203252032464,3.4552845528455167,1.0162601626016232,1.7276422764227584,26.87,45.58,64.3,🟠 C 低一致,🔵 技術低於基本面,技術目標,25.1,25.45,🔵 偏便宜,24.678229532570192,24.67502365673735,-0.3169981560749435,-0.3040469495836251,False,B,🟡 B 等確認,等支撐或量價確認,
1905,華紙,13.05,13.23291061309566,13.428446245637861,13.037374980553459,技術結構,1.4776464396932731,0.0967434440348049,False,13.3,13.5,1.9157088122605304,3.44827586206895,0.9578544061302652,1.724137931034475,,,,,⚪ 基本面不足,技術目標,13.3,13.5,🔵 偏便宜,13.109395344532569,13.23291061309566,-0.453074630610939,-1.3822402224545005,False,C,🟠 C 觀察,條件未齊，不急進,
1906,寶隆,10.9,10.955296646729032,11.078510860917744,10.83208243254032,技術結構,1.124699934305299,0.6230969491713815,False,11.0,11.15,0.917431192660545,2.2935779816513735,0.4587155963302725,1.1467889908256867,7.05,9.86,12.68,🟡 B 中等,✅ 技術×基本面共振,共振目標,11.0,11.15,🔵 偏便宜,10.843291437467693,10.955296646729032,0.5229829232142436,-0.5047480548647787,False,NO,🔴 不追,第一目標風報不足,
1907,永豐餘,28.4,28.97820612755096,29.302313127356953,28.654099127744963,技術結構,1.118450874355024,,True,29.15,29.55,2.640845070422526,4.049295774647899,,,14.25,25.36,36.47,🟠 C 低一致,🟡 共振但估值分歧,共振目標,29.15,29.55,🔵 偏便宜,28.606089507725866,28.97820612755096,-0.7204392885305277,-1.995313736833526,False,NO,🔴 結構失效,現價已跌破防守位，等待重新形成結構,
1909,榮成,10.3,10.368207945375284,10.507493537045729,10.228922353704839,技術結構,1.3433911858661478,0.6900742358753603,False,10.4,10.5,0.9708737864077666,1.9417475728155331,0.4854368932038833,0.9708737864077666,6.38,9.17,11.97,🟡 B 中等,✅ 技術×基本面共振,共振目標,10.4,10.5,🔵 偏便宜,10.213092918764465,10.368207945375284,0.8509379276855578,-0.6578566492361548,False,NO,🔴 不追,第一目標風報不足,
2002,中鋼,19.2,21.814217364490432,23.932967262311042,18.360930776333404,技術結構,15.830439985338865,4.370152206596849,False,19.3,24.25,0.5208333333333481,26.30208333333335,0.11917967812359895,6.0185737452415795,,,,,⚪ 基本面不足,技術目標,19.3,24.25,🔵 偏便宜,21.814217364490432,20.479680674154014,-11.98400713080774,-6.248538219489975,False,NO,🔴 不追,第一目標風報不足,
2006,東和鋼鐵,85.4,85.15949912689669,86.84164239275711,82.14396711067232,技術結構,3.5410401037362926,3.8126848821167263,False,88.2,92.2,3.2786885245901676,7.9625292740046705,0.8599421735503894,2.0884309929080827,81.58,109.57,137.56,🟡 B 中等,✅ 技術×基本面共振,共振目標,88.2,92.2,🟢 合理,85.15949912689669,83.82611037653274,0.2824122682367314,1.877564897616768,False,C,🟠 C 觀察,條件未齊，不急進,
2007,燁興,7.0,6.910329908405338,7.005151311431918,6.815508505378757,技術結構,1.3721689743241516,2.635592780303472,False,7.06,7.13,0.8571428571428452,1.857142857142846,0.3252182444680056,0.7046395296806844,,,,,⚪ 基本面不足,技術目標,7.06,7.13,🟢 合理,6.9055518843403965,6.910329908405338,1.3677127801151157,1.297623887473054,False,NO,🔴 不追,第一目標風報不足,
2008,高興昌,31.1,30.690510409657957,30.928903164621424,30.45211765469449,技術結構,0.7767637350483669,2.083222975258879,False,31.35,31.85,0.8038585209003246,2.411575562700974,0.38587253042388814,1.1576175912716644,7.64,16.39,25.14,🟠 C 低一致,🔴 基本面背離,技術目標,31.35,31.85,🔴 過熱,30.688421574085133,30.690510409657957,1.341152150563607,1.334254741534635,False,NO,🔴 不追,等待回到合理價格區,
2009,第一銅,40.0,39.53630287794842,40.28898128588997,38.78362447000688,技術結構,1.9037652819109578,3.040938824982806,False,40.5,41.1,1.2499999999999956,2.750000000000008,0.41105726617406163,0.9043259855829414,13.79,24.6,35.4,🟠 C 低一致,🔴 基本面背離,技術目標,40.5,41.1,🟢 合理,39.48420641553963,39.53630287794842,1.306328862310302,1.1728388551732971,False,NO,🔴 不追,第一目標風報不足,
2010,春源,23.0,22.298476653717344,22.56097661284559,21.984301982849033,技術結構,1.4089512738796708,4.416078335438988,False,23.4,24.05,1.7391304347825987,4.565217391304355,0.3938178407810597,1.0337718320502893,28.37,33.32,38.26,🟢 A 高一致,🔵 技術低於基本面,技術目標,23.4,24.05,🔴 過熱,22.298476653717344,22.246801941977278,3.146059514185273,3.3856464402711284,False,NO,🔴 不追,等待回到合理價格區,
2012,春雨,14.4,14.32976159748729,14.522618719908554,14.136904475066025,技術結構,1.345850181171762,1.8270522564859393,False,14.6,14.9,1.388888888888884,3.472222222222232,0.694444444444442,1.736111111111116,,,,,⚪ 基本面不足,技術目標,14.6,14.9,🟢 合理,14.218002951275578,14.32976159748729,1.2800464970229575,0.4901575091453614,False,NO,🔴 不追,第一目標風報不足,
2013,中鋼構,41.6,41.418737883244276,41.78570265941964,41.05177310706891,技術結構,0.8859873451716614,1.3178531080074292,False,41.95,42.2,0.8413461538461675,1.4423076923076872,0.42067307692308376,0.7211538461538436,43.25,43.4,43.55,🟢 A 高一致,🔵 技術低於基本面,技術目標,41.95,42.2,🟢 合理,41.358396534221065,41.418737883244276,0.5841702919479275,0.4376331245695697,False,NO,🔴 不追,第一目標風報不足,
2014,中鴻,17.4,16.836466728539232,17.056109544810333,16.608068530956366,技術結構,1.3565684609806625,4.551330281859956,False,17.7,17.9,1.7241379310344973,2.8735632183908066,0.378820657755013,0.6313677629250168,,,,,⚪ 基本面不足,技術目標,17.7,17.9,🔴 過熱,16.836466728539232,16.827711347227467,3.3470993679780126,3.4008703914856664,False,NO,🔴 不追,等待回到合理價格區,
2015,豐興,64.2,64.29494136060883,64.94315552370784,63.64672719750982,技術結構,1.008188435017611,0.8617956425080752,False,64.6,65.2,0.6230529595015355,1.5576323987538832,0.31152647975076775,0.7788161993769416,55.73,61.31,66.89,🟢 A 高一致,✅ 技術×基本面共振,共振目標,64.6,65.2,🔵 偏便宜,64.17079879641588,64.29494136060883,0.045505438816118016,-0.14766536620094417,False,NO,🔴 不追,第一目標風報不足,
2017,官田鋼,9.13,8.952170586358163,9.093063578377816,8.795648538454357,技術結構,1.74842566273618,3.6621189654506483,False,9.19,9.72,0.6571741511500306,6.4622124863088715,0.1794518849196263,1.7646102017097232,,,,,⚪ 基本面不足,技術目標,9.19,9.72,🔴 過熱,8.952170586358163,8.93654153047401,1.986439064430079,2.164802444729763,False,NO,🔴 不追,等待回到合理價格區,
2020,美亞,26.7,23.08064930260661,23.490470669870405,21.930261301029088,技術結構,4.984209874232623,17.864189883786185,False,27.4,28.35,2.621722846441954,6.17977528089888,0.1467585635563284,0.34593089981134495,19.23,21.47,23.72,🟢 A 高一致,🔴 基本面背離,技術目標,27.4,28.35,🔴 過熱,23.08064930260661,22.340082668292883,15.681320962598043,19.516119955523337,True,NO,🟠 高位延伸,不追，等待回踩 EMA9/EMA20 或重新整理,
2022,聚亨,7.33,7.32277648706123,7.421883630940166,7.223669343182293,技術結構,1.3534093803634577,1.4506228760942252,False,7.65,7.83,4.365620736698506,6.821282401091411,2.182810368349253,3.4106412005457054,,,,,⚪ 基本面不足,技術目標,7.65,7.83,🟢 合理,7.243073907166916,7.32277648706123,1.200127100002013,0.0986444547574683,False,B,🟡 B 等確認,等支撐或量價確認,
2023,燁輝,13.75,13.732389674659986,13.871675296984249,13.593104052335724,技術結構,1.0142853911383138,1.1410614375583736,False,13.85,13.95,0.727272727272732,1.4545454545454417,0.363636363636366,0.7272727272727209,,,,,⚪ 基本面不足,技術目標,13.85,13.95,🟢 合理,13.672765660426478,13.732389674659986,0.5648772274146729,0.12823933603129944,False,NO,🔴 不追,第一目標風報不足,
2024,志聯,12.9,13.035257480670836,13.104900184544606,12.965614776797066,技術結構,0.5342641215721187,,True,13.0,13.35,0.7751937984496138,3.48837209302324,,,6.71,10.87,15.04,🟠 C 低一致,🟡 共振但估值分歧,共振目標,13.0,13.35,🔵 偏便宜,12.9076822747161,13.035257480670836,-0.05951707326378175,-1.0376279937040045,False,NO,🔴 結構失效,現價已跌破防守位，等待重新形成結構,
2025,千興,14.65,13.11075533855142,13.440219552740132,12.47968361565113,技術結構,4.813389515741028,14.814446309548604,False,15.2,16.0,3.754266211604085,9.215017064846421,0.2534192728609968,0.6220291242951761,22.05,24.49,26.93,🟢 A 高一致,🔵 技術低於基本面,技術目標,15.2,16.0,🔴 過熱,13.11075533855142,12.80914782983984,11.740320230997824,14.371386719979618,False,NO,🔴 不追,等待回到合理價格區,
2027,大成鋼,47.45,47.41800628553084,48.33943489783117,46.49657767323052,技術結構,1.943204036778514,2.009319972116932,False,47.8,50.8,0.7376185458377149,7.0600632244467665,0.36709859856745075,3.513658014859919,62.18,86.02,109.86,🟡 B 中等,🔵 技術低於基本面,技術目標,47.8,50.8,🟢 合理,47.1488783310241,47.41800628553084,0.6386613629740578,0.06747165681431078,False,NO,🔴 不追,第一目標風報不足,
2028,威致,17.15,16.261198348778883,16.5531625118779,15.711612888078529,技術結構,3.3797352994075327,8.387096862515861,False,17.65,18.35,2.9154518950437414,6.99708454810497,0.3476115684407631,0.8342677642578303,9.54,14.66,19.77,🟡 B 中等,✅ 技術×基本面共振,共振目標,17.65,18.35,🔴 過熱,16.261198348778883,16.003577051177544,5.465781993169405,7.1635419078892815,False,NO,🔴 不追,等待回到合理價格區,
2029,盛餘,22.45,21.610180151973964,21.9128586620949,21.170256137428293,技術結構,2.035725808169565,5.700418096087779,False,22.6,23.35,0.6681514476614803,4.008908685968837,0.1172109547754112,0.7032657286524594,20.4,27.23,34.06,🟡 B 中等,✅ 技術×基本面共振,共振目標,22.6,23.35,🔴 過熱,21.610180151973964,21.47293464754923,3.8862232619996107,4.550218069807621,False,NO,🔴 不追,等待回到合理價格區,
2030,彰源,36.7,29.416998134817256,30.68664099196011,25.152423922629758,技術結構,14.496972779625835,31.464784951962514,False,38.85,41.8,5.858310626702989,13.89645776566757,0.18618625983450734,0.4416511279795295,33.45,44.53,55.61,🟡 B 中等,✅ 技術×基本面共振,共振目標,38.85,41.8,🔴 過熱,29.416998134817256,26.422066779772617,24.757801023085225,38.89905095575508,True,NO,🟠 高位延伸,不追，等待回踩 EMA9/EMA20 或重新整理,
2031,新光鋼,46.5,45.43565262885499,46.09458099592478,44.32882961175516,技術結構,2.4360231515567876,4.669183630634062,False,46.95,47.5,0.967741935483879,2.1505376344086002,0.20726148552706683,0.4605810789490332,68.02,126.57,185.12,🟠 C 低一致,🔵 技術低於基本面,技術目標,46.95,47.5,🔴 過熱,45.43565262885499,44.98775797882495,2.342537874033024,3.3614522908361755,False,NO,🔴 不追,等待回到合理價格區,
2032,新鋼,20.3,18.39361251551374,18.870398311542967,17.24346128050108,技術結構,6.2529926301458625,15.056840982753302,False,21.1,22.25,3.9408866995073843,9.605911330049267,0.2617339655789306,0.6379765410986445,19.05,23.11,27.18,🟡 B 中等,✅ 技術×基本面共振,共振目標,21.1,22.25,🔴 過熱,18.39361251551374,17.720247076530306,10.36439950487351,14.558222085325578,False,NO,🔴 不追,等待回到合理價格區,
2033,佳大,42.35,35.97377515335287,38.12198919383661,29.526229018146307,技術結構,17.922906638853636,30.280450960693493,False,45.95,51.0,8.50059031877215,20.425029515938608,0.2807286565780217,0.6745285776110789,3.6,10.01,16.41,🟠 C 低一致,🔴 基本面背離,技術目標,45.95,51.0,🔴 過熱,35.97377515335287,31.674443058630054,17.724647522996626,33.7040083754883,True,NO,🟠 高位延伸,不追，等待回踩 EMA9/EMA20 或重新整理,
2034,允強,24.8,22.533963784874683,23.12860674419693,21.0505548599328,技術結構,6.58299151939519,15.118730403496784,False,25.8,27.2,4.0322580645161255,9.677419354838701,0.26670612921198145,0.6400947101087554,3.68,13.44,23.21,🟠 C 低一致,🔴 基本面背離,技術目標,25.8,27.2,🔴 過熱,22.533963784874683,21.645197819255046,10.056092380188941,14.575067444930067,False,NO,🔴 不追,等待回到合理價格區,
2038,海光,13.2,12.477782483739285,12.721532483739285,12.179947425211362,技術結構,2.3869229882477416,7.727671021126044,False,13.3,13.95,0.7575757575757791,5.681818181818188,0.0980341626221801,0.7352562196663306,,,,,⚪ 基本面不足,技術目標,13.3,13.95,🔴 過熱,12.477782483739285,12.423697425211362,5.788027778188076,6.2485631146593335,False,NO,🔴 不追,等待回到合理價格區,
2049,上銀,335.0,339.6931897062696,351.07711827769816,328.30926113484105,技術結構,3.351238386990378,1.9972354821369993,False,337.0,351.0,0.5970149253731405,4.7761194029850795,0.29850746268657025,2.3880597014925398,188.83,191.14,193.45,🟢 A 高一致,🔴 基本面背離,技術目標,337.0,351.0,🔵 偏便宜,333.87186525725394,339.6931897062696,0.3378945218629914,-1.3815966432320193,False,NO,🔴 不追,第一目標風報不足,
2059,川湖,12055.0,12499.947417836216,12906.018846407645,12093.875989264787,技術結構,3.2485850939821126,,True,12540.0,13305.0,4.023226876814601,10.36914143508918,,,1079.9,4614.96,8150.01,🟠 C 低一致,🔴 基本面背離,技術目標,12540.0,13305.0,🔵 偏便宜,12338.021341103351,12499.947417836216,-2.2938957007675342,-3.559594316383441,False,NO,🔴 結構失效,現價已跌破防守位，等待重新形成結構,
2061,風青,59.8,55.371096241647415,57.3827033436328,51.52472298192513,技術結構,6.946536227016635,13.83825588306834,False,60.5,65.3,1.17056856187292,9.197324414715723,0.08458931326057914,0.6646303184759733,28.88,37.03,45.18,🟠 C 低一致,🔴 基本面背離,技術目標,60.5,65.3,🔴 過熱,55.371096241647415,53.536330083910514,7.998584205420478,11.699849254276629,False,NO,🔴 不追,等待回到合理價格區,
2062,橋椿,18.05,18.38010941447859,18.589038067650673,18.171180761306506,技術結構,1.1367106063444001,,True,18.35,18.9,1.6620498614958512,4.709141274238204,,,4.93,21.39,37.86,🟠 C 低一致,🟡 共振但估值分歧,共振目標,18.35,18.9,🔵 偏便宜,18.136153937278365,18.38010941447859,-0.4750397332108913,-1.7960144144656187,False,NO,🔴 結構失效,現價已跌破防守位，等待重新形成結構,
2063,世鎧,23.5,23.804951954010672,24.008523484761493,23.60138042325985,技術結構,0.855164636098009,,True,24.0,24.15,2.127659574468077,2.765957446808498,,,21.85,21.99,22.14,🟢 A 高一致,🔴 基本面背離,技術目標,24.0,24.15,🔵 偏便宜,23.664032297658125,23.804951954010672,-0.6931713733096867,-1.2810441903004732,False,NO,🔴 結構失效,現價已跌破防守位，等待重新形成結構,
2065,世豐,35.55,35.42338739905284,35.75285209348469,35.093922704620994,技術結構,0.9300767617742225,1.2829178491673798,False,36.6,37.2,2.9535864978903037,4.641350210970474,1.4767932489451518,2.320675105485237,41.98,60.83,79.68,🟡 B 中等,🔵 技術低於基本面,技術目標,36.6,37.2,🟢 合理,35.30934164918629,35.42338739905284,0.6815713337415152,0.3574265767438689,False,B,🟡 B 等確認,等支撐或量價確認,
2066,世德,52.2,53.099274322284074,53.78498852625485,52.4135601183133,技術結構,1.2913814976243525,,True,53.3,53.8,2.1072796934865856,3.0651340996168397,,,87.35,111.07,134.79,🟡 B 中等,🔵 技術低於基本面,技術目標,53.3,53.8,🔵 偏便宜,52.46085539438961,53.099274322284074,-0.4972381643961965,-1.6935717743070455,False,NO,🔴 結構失效,現價已跌破防守位，等待重新形成結構,
2067,嘉鋼,5.050000000000001,5.156077809209798,5.376256378594781,4.935899239824814,技術結構,4.270272434440379,2.2594209935680483,False,5.35,5.65,5.940594059405924,11.88118811881187,2.62925505088125,5.258510101762511,,,,,⚪ 基本面不足,技術目標,5.35,5.65,🔵 偏便宜,5.148050615847724,5.156077809209798,-1.904616391025471,-2.0573353067000033,False,B,🟡 B 等確認,等支撐或量價確認,
2069,運錩,26.7,25.247374278176867,26.36433833909649,22.79599026854138,技術結構,9.709461200305471,14.621759293852504,False,27.55,30.2,3.183520599250933,13.108614232209748,0.21772486711564154,0.8965141587114668,38.85,42.94,47.04,🟢 A 高一致,🔵 技術低於基本面,技術目標,27.55,30.2,🔴 過熱,25.247374278176867,23.912954329461005,5.75357146378086,11.654961708789479,False,NO,🔴 不追,等待回到合理價格區,
2070,精湛,63.3,62.0978177629344,63.308532498238,60.88710302763079,技術結構,1.9496896653045805,3.811843558245188,False,63.8,66.3,0.789889415481837,4.739336492891,0.20721978838120753,1.2433187302872395,58.78,63.71,68.65,🟢 A 高一致,✅ 技術×基本面共振,共振目標,63.8,66.3,🟢 合理,61.956913855782275,62.0978177629344,2.1677744429686063,1.9359492497064368,False,NO,🔴 不追,第一目標風報不足,
2072,世紀風電,131.5,132.60296711822244,134.90653854679385,130.29939568965102,技術結構,1.7371944826224461,0.9130070801132918,False,133.0,146.5,1.1406844106463865,11.406844106463886,0.5703422053231932,5.703422053231943,291.39,317.19,342.98,🟢 A 高一致,🔵 技術低於基本面,技術目標,133.0,146.5,🔵 偏便宜,129.75212946547288,132.60296711822244,1.347084276556898,-0.831781627660777,False,NO,🔴 不追,第一目標風報不足,
2101,南港,29.9,30.599645329869897,30.90232390129847,30.296966758441325,技術結構,0.9891571231157769,,True,30.9,31.85,3.3444816053511683,6.521739130434789,,,26.55,88.99,151.43,🟠 C 低一致,🟡 共振但估值分歧,共振目標,30.9,31.85,🔵 偏便宜,30.091847550313833,30.599645329869897,-0.6375399516200031,-2.2864491477845306,False,NO,🔴 結構失效,現價已跌破防守位，等待重新形成結構,
2102,泰豐,16.55,17.39965426999552,17.659475637259312,17.139832902731726,技術結構,1.4932559189514294,,True,18.1,18.95,9.365558912386707,14.501510574018116,,,26.57,26.57,26.57,🟠 C 低一致,🔵 技術低於基本面,技術目標,18.1,18.95,🔵 偏便宜,16.87286812610613,17.39965426999552,-1.913534342193901,-4.883167543510836,False,NO,🔴 結構失效,現價已跌破防守位，等待重新形成結構,
2103,台橡,28.15,27.560521454041762,28.189985760191927,26.653654960992515,技術結構,3.2904547708267486,5.3156129272024275,False,28.3,28.8,0.5328596802842034,2.3090586145648295,0.10024425923816165,0.43439179003202405,32.0,55.32,78.63,🟠 C 低一致,🔵 技術低於基本面,技術目標,28.3,28.8,🟢 合理,27.560521454041762,27.28311926714268,2.1388512076638833,3.1773519895920144,False,NO,🔴 不追,第一目標風報不足,
2104,國際中橡,11.15,10.873829086780274,11.195257709298541,10.358766912942967,技術結構,4.73671390019812,7.096260870466669,False,11.3,11.65,1.3452914798206317,4.484304932735417,0.18957751192878028,0.6319250397625977,,,,,⚪ 基本面不足,技術目標,11.3,11.65,🟢 合理,10.873829086780274,10.680195535461234,2.5397761084499537,4.398837670891731,False,NO,🔴 不追,第一目標風報不足,
2105,正新,30.65,30.39207821260214,30.654578192166262,30.129578233038018,技術結構,0.863711845329735,1.6979503000390892,False,31.15,31.35,1.631321370309946,2.2838499184339334,0.815660685154973,1.1419249592169667,25.76,27.58,29.4,🟢 A 高一致,🔴 基本面背離,技術目標,31.15,31.35,🟢 合理,30.238136023858296,30.39207821260214,1.3620680051731338,0.8486480772838645,False,C,🟠 C 觀察,條件未齊，不急進,
2106,建大,16.65,16.78526415635916,16.940621340088057,16.62990697263026,技術結構,0.9255569783216164,0.12067884306149852,False,16.75,17.3,0.6006006006006093,3.903903903903916,0.30030030030030463,1.951951951951958,8.47,13.39,18.31,🟠 C 低一致,🟡 共振但估值分歧,共振目標,16.75,17.3,🔵 偏便宜,16.607706296778698,16.78526415635916,0.2546631212372974,-0.8058506264729481,False,NO,🔴 不追,第一目標風報不足,
2107,厚生,27.0,26.91695690256496,27.16606396367859,26.56028458461024,技術結構,1.3250841068171804,1.628575612554665,False,27.15,27.75,0.5555555555555536,2.777777777777768,0.2777777777777768,1.388888888888884,31.35,39.04,46.73,🟡 B 中等,🔵 技術低於基本面,技術目標,27.15,27.75,🟢 合理,26.91695690256496,26.80939164572387,0.30851592078422474,0.7109760519557806,False,NO,🔴 不追,第一目標風報不足,
2108,南帝,28.75,28.87547686549242,29.36297686549242,28.38797686549242,技術結構,1.6882838066047199,1.2592109026350637,False,29.05,29.6,1.043478260869568,2.9565217391304355,0.521739130434784,1.4782608695652177,33.87,38.03,42.2,🟢 A 高一致,🔵 技術低於基本面,技術目標,29.05,29.6,🔵 偏便宜,28.64882914504616,28.87547686549242,0.3531413253980542,-0.43454473869614096,False,NO,🔴 不追,第一目標風報不足,
2109,華豐,14.4,14.714404801704724,14.883154903884115,14.545654699525333,技術結構,1.146836072906197,,True,14.55,14.75,1.041666666666674,2.430555555555558,,,14.59,19.37,24.16,🟡 B 中等,✅ 技術×基本面共振,共振目標,14.59,14.75,🔵 偏便宜,14.663325746710735,14.714404801704724,-1.795811886466503,-2.136714368958359,False,NO,🔴 結構失效,現價已跌破防守位，等待重新形成結構,
2114,鑫永銓,89.9,89.6428937860233,90.07682292965646,88.9501787710394,技術結構,0.7727495016363409,1.056530844227588,False,90.4,91.4,0.5561735261401468,1.6685205784204626,0.2780867630700734,0.8342602892102313,49.24,81.66,114.07,🟠 C 低一致,🟡 共振但估值分歧,共振目標,90.4,91.4,🟢 合理,89.6428937860233,89.38410791467257,0.2868115955631856,0.5771630968448127,False,NO,🔴 不追,第一目標風報不足,
2115,六暉-KY,23.9,23.791259886130256,24.040367110730912,23.48900229973271,技術結構,1.2704564106491636,1.719655649653924,False,24.1,24.35,0.8368200836820217,1.882845188284521,0.4184100418410108,0.9414225941422605,42.49,45.24,48.0,🟢 A 高一致,🔵 技術低於基本面,技術目標,24.1,24.35,🟢 合理,23.791259886130256,23.738109524333368,0.45705908131892237,0.6819855452292023,False,NO,🔴 不追,第一目標風報不足,
2201,裕隆,29.25,29.610588459613208,29.99362407171953,29.227552847506885,技術結構,1.293576494194827,0.07674240168586217,False,29.65,30.75,1.3675213675213627,5.128205128205132,0.6837606837606813,2.564102564102566,13.4,42.86,72.31,🟠 C 低一致,🟡 共振但估值分歧,共振目標,29.65,30.75,🔵 偏便宜,29.465747211679933,29.610588459613208,-0.7321966421893866,-1.2177686374082897,False,NO,🔴 不追,第一目標風報不足,
2204,中華,52.3,52.7891511526446,53.20700821375823,52.37129409153097,技術結構,0.7915585910926244,,True,53.1,54.2,1.5296367112810794,3.632887189292555,,,95.79,97.6,99.4,🟢 A 高一致,🔵 技術低於基本面,技術目標,53.1,54.2,🔵 偏便宜,52.48296815708596,52.7891511526446,-0.3486238745840864,-0.926613029313883,False,NO,🔴 結構失效,現價已跌破防守位，等待重新形成結構,
2206,三陽工業,62.1,63.25343996797734,63.90165421281987,62.605225723134815,技術結構,1.0247889208408152,,True,62.5,63.5,0.6441223832528209,2.254428341384851,,,57.32,88.41,119.51,🟠 C 低一致,🟡 共振但估值分歧,共振目標,62.5,63.5,🔵 偏便宜,63.09398247149632,63.25343996797734,-1.5753997965580413,-1.8235213271583062,False,NO,🔴 結構失效,現價已跌破防守位，等待重新形成結構,
2207,和泰車,509.0,520.8600299615513,529.2171728186942,512.5028871044084,技術結構,1.6044891864249586,,True,524.0,533.0,2.946954813359537,4.715127701375255,,,284.91,593.08,901.24,🟠 C 低一致,🟡 共振但估值分歧,共振目標,524.0,533.0,🔵 偏便宜,517.3373722132965,520.8600299615513,-1.6115928717129302,-2.27700903876743,False,NO,🔴 結構失效,現價已跌破防守位，等待重新形成結構,
2208,台船,19.15,19.18565876483403,19.40262292793305,18.918781444921365,技術結構,1.3910250525347276,1.207407598321848,False,19.25,19.4,0.5221932114882533,1.305483028720622,0.26109660574412663,0.652741514360311,6.75,6.96,7.18,🟢 A 高一致,🔴 基本面背離,技術目標,19.25,19.4,🔵 偏便宜,19.18565876483403,19.135745608020382,-0.18586156082058825,0.07449091491706916,False,NO,🔴 不追,第一目標風報不足,
2211,長榮鋼,79.7,81.24801159370676,82.00336890005093,80.4926542873626,技術結構,0.9296932829832772,,True,80.8,84.0,1.3801756587201952,5.395232120451698,,,96.47,98.91,101.35,🟢 A 高一致,🔵 技術低於基本面,技術目標,80.8,84.0,🔵 偏便宜,80.1247526101293,81.24801159370676,-0.5301140986931463,-1.9052916660260322,False,NO,🔴 結構失效,現價已跌破防守位，等待重新形成結構,
2221,大甲,197.5,154.44452759822022,163.64809959899623,116.39875032649657,技術結構,24.633943243814926,41.0639238853182,False,213.0,234.5,7.848101265822782,18.734177215189884,0.19111912655353316,0.45621985048262803,53.26,64.18,75.1,🟢 A 高一致,🔴 基本面背離,技術目標,213.0,234.5,🔴 過熱,154.44452759822022,125.60232232727259,27.87762899167685,57.24231554046351,True,NO,🟠 高位延伸,不追，等待回踩 EMA9/EMA20 或重新整理,
2227,裕日車,45.0,46.197498357360374,46.58321227522885,45.811784439491895,技術結構,0.834923819650995,,True,46.0,48.1,2.2222222222222143,6.8888888888889,,,,,,,⚪ 基本面不足,技術目標,46.0,48.1,🔵 偏便宜,45.36140151085009,46.197498357360374,-0.7967159276673685,-2.5921281453318845,False,NO,🔴 結構失效,現價已跌破防守位，等待重新形成結構,
2228,劍麟,74.8,75.06181518125202,76.18681477253445,73.93681558996958,技術結構,1.4987641699922811,1.1539898529818364,False,76.1,77.9,1.7379679144384985,4.144385026737973,0.8689839572192493,2.0721925133689867,48.28,62.04,75.81,🟡 B 中等,🔴 基本面背離,技術目標,76.1,77.9,🔵 偏便宜,74.91257045017257,75.06181518125202,-0.1502691063677286,-0.34879942700534183,False,C,🟠 C 觀察,條件未齊，不急進,
2230,泰茂,21.8,22.033062217348693,22.619669380641714,21.446455054055672,技術結構,2.6623950747578338,1.6217658070840757,False,22.15,22.55,1.6055045871559592,3.4403669724770714,0.8027522935779796,1.7201834862385357,,,,,⚪ 基本面不足,技術目標,22.15,22.55,🔵 偏便宜,21.724968057039757,22.033062217348693,0.3453719368573749,-1.0577840476716838,False,C,🟠 C 觀察,條件未齊，不急進,
2231,為升,94.7,91.94511238289292,93.2361834844903,90.61189897915861,技術結構,1.4500100866507393,4.316896537319316,False,97.5,102.5,2.9567053854276715,8.236536430834217,0.6849145815442015,1.9079763343017015,,,,,⚪ 基本面不足,技術目標,97.5,102.5,🔴 過熱,91.94511238289292,91.90297008075599,2.996230626849128,3.0434597671720853,False,NO,🔴 不追,等待回到合理價格區,
2233,宇隆,167.0,166.75150313883321,170.52828885311894,162.9747174245475,技術結構,2.2649185423781537,2.4103488475763517,False,177.0,210.5,5.988023952095811,26.047904191616777,2.484297639371527,10.806694731266141,108.58,115.01,121.43,🟢 A 高一致,🔴 基本面背離,技術目標,177.0,210.5,🟢 合理,164.30187311006318,166.75150313883321,1.6421765856128534,0.14902226156239262,False,B,🟡 B 等確認,等支撐或量價確認,
2236,百達-KY,109.5,115.96854509427789,120.1203308085636,111.81675937999218,技術結構,3.58009640537481,,True,124.5,129.0,13.698630136986312,17.808219178082197,,,,,,,⚪ 基本面不足,技術目標,124.5,129.0,🔵 偏便宜,111.63701562848206,115.96854509427789,-1.91425363393255,-5.5778444827597085,False,NO,🔴 結構失效,現價已跌破防守位，等待重新形成結構,
2237,華德動能-創,26.75,27.481014780215382,27.76226480065126,27.199764759779505,技術結構,1.0234338967655572,,True,27.35,27.8,2.242990654205612,3.9252336448598157,,,22.65,54.99,87.32,🟠 C 低一致,🟡 共振但估值分歧,共振目標,27.35,27.8,🔵 偏便宜,27.03024851819616,27.481014780215382,-1.036795936254542,-2.6600720026600633,False,NO,🔴 結構失效,現價已跌破防守位，等待重新形成結構,
2239,英利-KY,18.95,19.27582546580676,19.661539792392805,18.890111139220718,技術結構,2.001026245388346,0.3160362046400083,False,19.6,20.05,3.4300791556728383,5.804749340369408,1.7150395778364191,2.902374670184704,,,,,⚪ 基本面不足,技術目標,19.6,20.05,🔵 偏便宜,19.022400824969374,19.27582546580676,-0.38060823991438175,-1.6903321021698448,False,B,🟡 B 等確認,等支撐或量價確認,
2241,艾姆勒,46.15,41.04649539356176,42.64560245467539,36.570037023284,技術結構,10.905823572406389,20.758316309243767,False,50.4,54.2,9.209100758396538,17.443120260021683,0.44363428233799895,0.8402955230166806,,,,,⚪ 基本面不足,技術目標,50.4,54.2,🔴 過熱,41.04649539356176,38.16914408439763,12.433472230710185,20.909182291212815,True,NO,🟠 高位延伸,不追，等待回踩 EMA9/EMA20 或重新整理,
2243,宏旭-KY,52.6,50.673025689446625,52.596239852545644,46.81639341674817,技術結構,7.610819011152225,10.995449778045305,False,54.9,57.4,4.372623574144474,9.125475285171092,0.39767573518232274,0.8299319690761532,12.6,18.01,23.42,🟡 B 中等,🔴 基本面背離,技術目標,54.9,57.4,🔴 過熱,50.673025689446625,48.73960757984719,3.8027614975331803,7.920442145186679,False,NO,🔴 不追,等待回到合理價格區,
2247,汎德永業,224.5,228.93722786463763,231.05329929320905,226.82115643606622,技術結構,0.9243020230080594,,True,226.5,232.0,0.8908685968819663,3.340757238307357,,,192.18,198.96,205.74,🟢 A 高一致,🔴 基本面背離,技術目標,226.5,232.0,🔵 偏便宜,228.06367841127195,228.93722786463763,-1.5625804319640446,-1.9381853733553611,False,NO,🔴 結構失效,現價已跌破防守位，等待重新形成結構,
2248,華勝-KY,61.3,61.12287331664059,61.99073066385652,60.145597967952135,技術結構,1.5988701048554876,1.8832007048089108,False,62.0,64.5,1.1419249592169667,5.220228384991854,0.5709624796084833,2.610114192495927,68.63,118.92,169.22,🟠 C 低一致,🔵 技術低於基本面,技術目標,62.0,64.5,🟢 合理,61.12287331664059,61.01345531516806,0.28978788749314255,0.46964179188309085,False,NO,🔴 不追,第一目標風報不足,
2250,IKKA-KY,57.0,57.17985200265331,58.39056620662409,55.96913779868254,技術結構,2.117379044483349,1.808530177749932,False,58.0,61.0,1.7543859649122862,7.017543859649122,0.8771929824561431,3.508771929824561,22.78,44.54,66.3,🟠 C 低一致,🟡 共振但估值分歧,共振目標,58.0,61.0,🔵 偏便宜,56.842436787574506,57.17985200265331,0.2771929236853765,-0.3145373699899867,False,C,🟠 C 觀察,條件未齊，不急進,
2254,巨鎧精密-創,92.6,83.9547998046835,86.17801359993672,74.09456322268298,技術結構,11.744696675996911,19.984272977664162,False,96.4,101.5,4.103671706263512,9.611231101511898,0.20534505862935648,0.48093974257928174,,,,,⚪ 基本面不足,技術目標,96.4,101.5,🔴 過熱,83.9547998046835,76.3177770179362,10.297446025038592,21.33477103013255,False,NO,🔴 不追,等待回到合理價格區,
2258,鴻華先進-創,32.0,31.07470147174664,31.64523724733999,30.468022224156066,技術結構,1.9523252641450832,4.787430549512295,False,32.35,32.95,1.0937500000000044,2.968750000000009,0.2284628442518977,0.6201134343980074,,,,,⚪ 基本面不足,技術目標,32.35,32.95,🔴 過熱,31.07470147174664,31.038557999749415,2.9776586239924185,3.0975730259709566,False,NO,🔴 不追,等待回到合理價格區,
2301,光寶科,279.5,283.3610236884588,291.12888083131594,275.5931665456016,技術結構,2.741328726775612,1.397793722503898,False,286.0,299.5,2.3255813953488413,7.155635062611809,1.1627906976744207,3.5778175313059046,122.86,164.58,206.29,🟡 B 中等,🔴 基本面背離,技術目標,286.0,299.5,🔵 偏便宜,283.00124006477563,283.3610236884588,-1.2371818808900703,-1.362581077030467,False,B,🟡 B 等確認,等支撐或量價確認,
2302,麗正,45.0,44.574700197906935,46.05059272807574,42.38448587504232,技術結構,4.9135817249253355,5.81225361101706,False,45.55,47.65,1.2222222222222134,5.888888888888877,0.21028370474156619,1.0131851228457334,39.6,41.62,43.64,🟢 A 高一致,🔴 基本面背離,技術目標,45.55,47.65,🟢 合理,44.574700197906935,43.86037840521113,0.9541282391239303,2.5982940326239268,False,NO,🔴 不追,第一目標風報不足,
2303,聯電,154.5,152.55863389851862,157.62113389851862,140.70288055527442,技術結構,7.771276551368834,8.930174397880634,False,168.0,171.5,8.737864077669899,11.003236245954696,0.9784651103503225,1.2321412500707773,152.19,244.32,336.45,🟠 C 低一致,🟡 共振但估值分歧,共振目標,168.0,171.5,🟢 合理,152.55863389851862,145.76538055527442,1.2725376806748123,5.992245491660753,False,C,🟠 C 觀察,條件未齊，不急進,
2305,全友,68.7,60.2993245605024,63.79753868272966,47.40831326226991,技術結構,21.378367655342583,30.992265993784706,False,74.6,82.7,8.588064046579325,20.378457059679754,0.2771034569818678,0.6575336267366355,18.92,24.56,30.2,🟡 B 中等,🔴 基本面背離,技術目標,74.6,82.7,🔴 過熱,60.2993245605024,50.90652738449717,13.931624443104074,34.95322413392821,True,NO,🟠 高位延伸,不追，等待回踩 EMA9/EMA20 或重新整理,
2308,台達電,1890.0,1837.6972955693811,1904.1258669979525,1735.8862688519807,技術結構,5.54014129328388,8.15416566920737,False,1935.0,1980.0,2.3809523809523725,4.761904761904767,0.291992151930832,0.5839843038616667,344.67,818.33,1291.99,🟠 C 低一致,🔴 基本面背離,技術目標,1935.0,1980.0,🟢 合理,1837.6972955693811,1802.314840280552,2.8461000925842805,4.865141081887714,False,NO,🔴 不追,第一目標風報不足,
2312,金寶,31.25,31.253668486783237,31.80813289511279,30.699204078453683,技術結構,1.7740778448585328,1.7625469489482157,False,31.65,32.75,1.2799999999999923,4.800000000000004,0.6399999999999961,2.400000000000002,25.42,30.41,35.4,🟢 A 高一致,✅ 技術×基本面共振,共振目標,31.65,32.75,🔵 偏便宜,30.989408268467358,31.253668486783237,0.8409058000562242,-0.011737779789877667,False,NO,🔴 不追,第一目標風報不足,
2313,華通,226.5,225.31106356259411,231.23070641973698,219.39142070545125,技術結構,2.6273200985083065,3.1384456046572833,False,229.0,235.0,1.103752759381904,3.7527593818984517,0.3516877137344661,1.1957382266971777,117.51,145.51,173.51,🟡 B 中等,🔴 基本面背離,技術目標,229.0,235.0,🟢 合理,224.78616591475597,225.31106356259411,0.762428630013634,0.5276866650960388,False,NO,🔴 不追,第一目標風報不足,
2314,台揚,11.2,11.118066877745393,11.444852622684925,10.791281132805862,技術結構,2.93923168958127,3.6492755999476545,False,11.5,12.7,2.6785714285714413,13.392857142857139,0.7340008599541955,3.670004299770959,,,,,⚪ 基本面不足,技術目標,11.5,12.7,🟢 合理,11.051957468105961,11.118066877745393,1.3395141297029456,0.7369367638776048,False,NO,🔴 不追,第一目標風報不足,
2316,楠梓電,166.0,160.52471153317273,164.59614010460132,155.48881572672076,技術結構,3.1371467722035415,6.332038718842917,False,171.0,174.5,3.0120481927710774,5.12048192771084,0.4756837926160823,0.8086624474473413,242.09,361.22,480.36,🟡 B 中等,🔵 技術低於基本面,技術目標,171.0,174.5,🔴 過熱,160.52471153317273,159.56024429814934,3.4108695256529264,4.035939986289772,False,NO,🔴 不追,等待回到合理價格區,
2317,鴻海,251.5,251.25559813957273,254.5502409967156,247.75199869264043,技術結構,1.3944363719156003,1.4902589691290549,False,253.5,256.5,0.7952286282306265,1.988071570576544,0.3976143141153132,0.994035785288272,375.85,385.89,395.92,🟢 A 高一致,🔵 技術低於基本面,技術目標,253.5,256.5,🟢 合理,251.25559813957273,251.0466415497833,0.09727220497253164,0.18058733923624892,False,NO,🔴 不追,第一目標風報不足,
2323,中環,11.0,10.790461532646809,10.961890206254772,10.582518505512319,技術結構,1.9271003979334307,3.795286313524377,False,11.1,11.95,0.9090909090909038,8.636363636363619,0.23953157522039603,2.275549964593771,44.85,51.83,58.82,🟢 A 高一致,🔵 技術低於基本面,技術目標,11.1,11.95,🔴 過熱,10.790461532646809,10.753947179120281,1.941886051113073,2.2880233348872236,False,NO,🔴 不追,等待回到合理價格區,
2324,仁寶,37.1,37.75597915391674,38.43901515430475,37.07294315352873,技術結構,1.8090803514948715,0.07292950531339126,False,37.7,38.2,1.6172506738544534,2.96495956873315,0.8086253369272267,1.482479784366575,37.19,53.27,69.36,🟡 B 中等,✅ 技術×基本面共振,共振目標,37.7,38.2,🔵 偏便宜,37.09400835211354,37.75597915391674,0.01615260294758336,-1.737417936487784,False,C,🟠 C 觀察,條件未齊，不急進,
2327,國巨*,548.0,559.429802646399,579.3583740749705,539.5012312178276,技術結構,3.562300637952922,1.5508702157248941,False,601.0,618.0,9.671532846715337,12.773722627737216,4.8357664233576685,6.386861313868608,262.26,442.56,622.86,🟠 C 低一致,🟡 共振但估值分歧,共振目標,601.0,618.0,🔵 偏便宜,556.6992451659817,559.429802646399,-1.5626471998157587,-2.0431165076172264,False,B,🟡 B 等確認,等支撐或量價確認,
2328,廣宇,47.55,46.908986536749595,47.63220069984861,45.81423389814536,技術結構,2.3337801974182057,3.6504018966448726,False,47.8,48.3,0.525762355415349,1.577287066246047,0.14402862213571152,0.43208586640713453,60.41,60.41,60.41,🟠 C 低一致,🔵 技術低於基本面,技術目標,47.8,48.3,🟢 合理,46.908986536749595,46.537448061244376,1.3665046094061717,2.175778821011143,False,NO,🔴 不追,第一目標風報不足,
2329,華泰,44.8,43.84656874244033,44.72246155871143,42.64789880901739,技術結構,2.733782751539951,4.80379730130046,False,45.2,46.2,0.8928571428571619,3.125000000000022,0.185864866241432,0.6505270318450027,49.17,62.73,76.29,🟡 B 中等,🔵 技術低於基本面,技術目標,45.2,46.2,🔴 過熱,43.84656874244033,43.523791625288496,2.1744717657617096,2.932208631313249,False,NO,🔴 不追,等待回到合理價格區,
2330,台積電,2480.0,2463.393356992441,2490.1790712781553,2416.4115485971793,技術結構,1.907198793968576,2.5640504597911584,False,2500.0,2565.0,0.8064516129032251,3.427419354838701,0.314522520344202,1.3367207114628563,1067.13,2306.73,3546.33,🟠 C 低一致,🟡 共振但估值分歧,共振目標,2500.0,2565.0,🟢 合理,2463.393356992441,2443.1972628828935,0.6741368754779042,1.5063350666036923,False,NO,🔴 不追,第一目標風報不足,
2331,精英,19.2,19.094148598246854,19.378077271854817,18.81021992463889,技術結構,1.4869931075849738,2.030104559172445,False,19.65,20.0,2.34375,4.166666666666674,1.154497185581126,2.0524394410331164,13.71,23.92,34.14,🟠 C 低一致,🟡 共振但估值分歧,共振目標,19.65,20.0,🟢 合理,18.99502673421618,19.094148598246854,1.0790891144922599,0.5543656540038855,False,B,🟡 B 等確認,等支撐或量價確認,
2332,友訊,20.6,20.047159608930595,20.510552527381087,19.483231521611586,技術結構,2.813007420102503,5.421206205769007,False,20.9,23.8,1.4563106796116276,15.533980582524265,0.26863222396187153,2.8654103889266733,,,,,⚪ 基本面不足,技術目標,20.9,23.8,🔴 過熱,20.047159608930595,19.946624440062077,2.7576993541924333,3.2756197014751187,False,NO,🔴 不追,等待回到合理價格區,
2337,旺宏,122.5,120.4412190544819,124.08407619733904,116.79836191162477,技術結構,3.0245933837727788,4.654398439489986,False,124.5,127.5,1.6326530612244872,4.081632653061229,0.3507763854878286,0.8769409637195739,134.54,240.52,346.51,🟠 C 低一致,🔵 技術低於基本面,技術目標,124.5,127.5,🟢 合理,119.49754054244629,120.4412190544819,2.5125700863167344,1.7093657484376745,False,NO,🔴 不追,第一目標風報不足,
2338,光罩,47.3,47.11373125495619,49.72266019423057,42.82163864866265,技術結構,9.110067260576036,9.467994400290378,False,49.75,52.4,5.179704016913322,10.782241014799165,0.5470751035461601,1.1388093992185377,,,,,⚪ 基本面不足,技術目標,49.75,52.4,🟢 合理,47.11373125495619,45.43056758793703,0.39535978170739394,4.114921981646891,False,NO,🔴 不追,第一目標風報不足,
2340,台亞,40.8,35.82818310776236,37.21300467938493,32.96874112645699,技術結構,7.98098517221727,19.194261944958352,False,41.5,44.75,1.71568627450982,9.681372549019617,0.08938537357829847,0.5043888937632514,,,,,⚪ 基本面不足,技術目標,41.5,44.75,🔴 過熱,35.82818310776236,34.353562698079564,13.876832317406773,18.764974563412018,True,NO,🟠 高位延伸,不追，等待回踩 EMA9/EMA20 或重新整理,
2342,茂矽,50.3,45.549455029005586,47.57713388653645,40.887645514331346,技術結構,10.23461095573071,18.712434365146425,False,58.5,60.7,16.302186878727642,20.675944333996043,0.8711954073218777,1.1049307605057965,,,,,⚪ 基本面不足,技術目標,58.5,60.7,🔴 過熱,45.549455029005586,42.91532437186221,10.429422191701953,17.207549368960628,False,NO,🔴 不追,等待回到合理價格區,
2344,華邦電,179.5,174.01238545904815,180.06595688761956,167.80247116340814,技術結構,3.5686622416318965,6.516729156875686,False,180.5,185.5,0.557103064066844,3.342618384401108,0.08548814146726572,0.5129288488036011,157.63,353.79,549.96,🟠 C 低一致,🟡 共振但估值分歧,共振目標,180.5,185.5,🟢 合理,174.01238545904815,173.85604259197956,3.1535769861871676,3.2463395139311624,False,NO,🔴 不追,第一目標風報不足,
2345,智邦,1775.0,1922.1538458139842,1980.2788458139842,1864.0288458139842,技術結構,3.023951497253099,,True,1955.0,2235.0,10.140845070422543,25.915492957746487,,,324.44,1138.4,1952.36,🟠 C 低一致,🔴 基本面背離,技術目標,1955.0,2235.0,🔵 偏便宜,1855.2795450908245,1922.1538458139842,-4.32708619589155,-7.655674707539772,False,NO,🔴 結構失效,現價已跌破防守位，等待重新形成結構,
2347,聯強,94.9,92.50171474851533,94.14635752391467,89.17929848146854,技術結構,3.5917347868409286,6.028136478958346,False,96.3,98.3,1.4752370916754298,3.5827186512118026,0.24472523089429934,0.5943327036004487,120.28,120.92,121.56,🟢 A 高一致,🔵 技術低於基本面,技術目標,96.3,98.3,🔴 過熱,92.50171474851533,90.82394125686788,2.5926927495397267,4.487868161990716,False,NO,🔴 不追,等待回到合理價格區,
2348,海悅,70.6,68.87429767436953,73.57251261403192,64.17608273470714,技術結構,6.821434262567817,9.099032953672603,False,72.2,78.4,2.2662889518413776,11.048158640226635,0.24906921025345283,1.2142123999855736,35.99,53.06,70.12,🟡 B 中等,🔴 基本面背離,技術目標,72.2,78.4,🟢 合理,66.56436010983963,68.87429767436953,6.062763742490795,2.505582465304257,False,NO,🔴 不追,第一目標風報不足,
2349,錸德,10.7,10.549963092360938,10.713355826888526,10.386570357833351,技術結構,1.5487517169220932,2.9292489922116642,False,11.15,11.3,4.20560747663552,5.6074766355140415,1.435728914755099,1.9143052196734704,,,,,⚪ 基本面不足,技術目標,11.15,11.3,🟢 合理,10.448361023156917,10.549963092360938,2.4084062207016865,1.4221557585134992,False,B,🟡 B 等確認,等支撐或量價確認,
2351,順德,209.0,225.5134373209998,235.34379446385694,215.68308017814266,技術結構,4.359100397580494,,True,215.0,226.0,2.8708133971291794,8.133971291866038,,,162.0,171.49,180.98,🟢 A 高一致,🔴 基本面背離,技術目標,215.0,226.0,🔵 偏便宜,225.19473424991565,225.5134373209998,-7.191435583011074,-7.322595725191439,False,NO,🔴 結構失效,現價已跌破防守位，等待重新形成結構,
2352,佳世達,29.65,29.172395451185835,29.641145451185835,28.549841332868176,技術結構,2.1340521019584373,3.710484543446281,False,29.85,31.7,0.6745362563237878,6.91399662731873,0.1817919596283459,1.8633675861905201,17.38,34.29,51.2,🟠 C 低一致,🟡 共振但估值分歧,共振目標,29.85,31.7,🔴 過熱,29.172395451185835,29.018591332868176,1.637179742792605,2.1758763541931625,False,NO,🔴 不追,等待回到合理價格區,
2353,宏碁,31.65,31.647945434750905,32.19705239368515,31.03348713475316,技術結構,1.941542465259192,1.9479079470674239,False,32.8,33.2,3.633491311216419,4.897314375987372,1.8167456556082096,2.448657187993686,34.17,48.13,62.08,🟡 B 中等,🔵 技術低於基本面,技術目標,32.8,33.2,🟢 合理,31.647945434750905,31.582594093687398,0.006491938800046171,0.2134273901397865,False,B,🟡 B 等確認,等支撐或量價確認,
2354,鴻準,65.7,65.47006725253796,66.68613827239183,63.61538662463176,技術結構,2.8328680658783063,3.1729275119760154,False,66.4,69.0,1.0654490106544845,5.022831050228316,0.33579368158680406,1.5830273560520862,42.55,115.56,188.57,🟠 C 低一致,🟡 共振但估值分歧,共振目標,66.4,69.0,🟢 合理,65.47006725253796,64.83145764448562,0.3512028582086657,1.3396927773507317,False,NO,🔴 不追,第一目標風報不足,
2355,敬鵬,41.8,41.72937636140566,42.30259085147873,41.15616187133259,技術結構,1.3736473919682641,1.540282604467475,False,42.25,42.75,1.0765550239234534,2.2727272727272707,0.5382775119617267,1.1363636363636354,55.81,75.8,95.8,🟡 B 中等,🔵 技術低於基本面,技術目標,42.25,42.75,🟢 合理,41.55463750591254,41.72937636140566,0.5904575489379393,0.1692420178597498,False,NO,🔴 不追,第一目標風報不足,
2356,英業達,59.5,62.08961818339283,63.19318924411845,60.98604712266721,技術結構,1.777384195641251,,True,62.6,65.0,5.210084033613449,9.243697478991585,,,63.15,69.39,75.64,🟢 A 高一致,✅ 技術×基本面共振,共振目標,63.15,65.0,🔵 偏便宜,60.70789556948833,62.08961818339283,-1.989684468811359,-4.170774856021708,False,NO,🔴 結構失效,現價已跌破防守位，等待重新形成結構,
2357,華碩,961.0,956.4318321057655,975.3425463914798,932.7645951682081,技術結構,2.4745346341567798,2.9381274538805333,False,973.0,1025.0,1.248699271592102,6.659729448491158,0.42499833352800326,2.2666577788159996,1183.23,1426.03,1668.84,🟢 A 高一致,🔵 技術低於基本面,技術目標,973.0,1025.0,🟢 合理,956.4318321057655,951.6753094539224,0.47762608278907326,0.9798184794169051,False,NO,🔴 不追,第一目標風報不足,
2359,所羅門,128.5,132.97864180119345,135.63042751547917,130.32685608690772,技術結構,1.9941440808593995,,True,135.0,149.5,5.058365758754868,16.342412451361877,,,89.57,134.72,179.86,🟡 B 中等,✅ 技術×基本面共振,共振目標,135.0,149.5,🔵 偏便宜,129.4405932581571,132.97864180119345,-0.7266601878756607,-3.367940701251204,False,NO,🔴 結構失效,現價已跌破防守位，等待重新形成結構,
2360,致茂,2135.0,2228.6920786816745,2336.9063643959603,2086.518487353416,技術結構,6.379238867863604,2.2707968452732636,False,2170.0,2300.0,1.6393442622950838,7.728337236533966,0.7219246696186985,3.4033591567738646,233.84,643.4,1052.95,🟠 C 低一致,🔴 基本面背離,技術目標,2170.0,2300.0,🔵 偏便宜,2228.6920786816745,2194.7327730677016,-4.203904145300131,-2.7216421880924324,False,NO,🔴 不追,第一目標風報不足,
2362,藍天,46.9,47.473195892734005,48.024981566147964,46.921410219320045,技術結構,1.1623099372975083,,True,48.75,49.55,3.9445628997867743,5.6503198294242996,,,124.66,146.29,167.92,🟢 A 高一致,🔵 技術低於基本面,技術目標,48.75,49.55,🔵 偏便宜,47.36835211671413,47.473195892734005,-0.9887447964415652,-1.207409532800674,False,NO,🔴 結構失效,現價已跌破防守位，等待重新形成結構,
2363,矽統,59.1,57.34193301202627,59.23836170607011,53.379780805296605,技術結構,6.909694177729732,9.67888188613096,False,60.0,63.0,1.522842639593902,6.5989847715735905,0.15733662808469748,0.6817920550336907,12.41,183.51,354.61,🟠 C 低一致,🟡 共振但估值分歧,共振目標,60.0,63.0,🟢 合理,57.34193301202627,55.276209499340446,3.065936036033201,6.9176062094221225,False,NO,🔴 不追,第一目標風報不足,
2364,倫飛,65.0,66.24018207032307,67.5901823155536,64.89018182509254,技術結構,2.0380382466300007,0.16895103831916894,False,68.4,71.0,5.230769230769239,9.23076923076922,2.6153846153846194,4.61538461538461,49.87,90.69,131.51,🟠 C 低一致,🟡 共振但估值分歧,共振目標,68.4,71.0,🔵 偏便宜,65.51986402282984,66.24018207032307,-0.7934449049660675,-1.8722503947927738,False,B,🟡 B 等確認,等支撐或量價確認,
2365,昆盈,28.35,28.605089424364145,29.057768220587377,28.152410628140913,技術結構,1.582511382878833,0.6969642746352317,False,29.9,30.7,5.467372134038784,8.289241622574938,2.733686067019392,4.144620811287469,8.86,20.48,32.11,🟠 C 低一致,🟡 共振但估值分歧,共振目標,29.9,30.7,🔵 偏便宜,28.322146124440845,28.605089424364145,0.09834662753582801,-0.8917623734008395,False,B,🟡 B 等確認,等支撐或量價確認,
2367,燿華,43.55,41.98167815722723,42.78257150483116,41.1807848096233,技術結構,1.9077211363597106,5.440218577214006,False,45.9,46.6,5.396096440872555,7.003444316877161,0.9918896390438697,1.287346127269706,,,,,⚪ 基本面不足,技術目標,45.9,46.6,🔴 過熱,41.968873254279295,41.98167815722723,3.7673795437419555,3.735729279089761,False,NO,🔴 不追,等待回到合理價格區,
2368,金像電,1120.0,1081.9254258395893,1133.621854411018,1011.4609112048701,技術結構,6.51288092060853,9.690990070993745,False,1145.0,1245.0,2.2321428571428603,11.16071428571428,0.2303317659796105,1.1516588298980501,248.49,718.09,1187.69,🟠 C 低一致,🟡 共振但估值分歧,共振目標,1145.0,1187.69,🟢 合理,1081.9254258395893,1063.1573397762986,3.5191495874925316,5.346589643604571,False,NO,🔴 不追,第一目標風報不足,
2369,菱生,32.15,31.311963379295726,32.123570195178814,30.31762405354703,技術結構,3.175589194787383,5.699458620382488,False,33.1,34.1,2.954898911353032,6.065318818040444,0.5184525598248365,1.0641920964825609,,,,,⚪ 基本面不足,技術目標,33.1,34.1,🔴 過熱,31.311963379295726,31.12923086943012,2.6764103245547455,3.279133798234324,False,NO,🔴 不追,等待回到合理價格區,
2371,大同,30.45,29.293162675662973,29.927984185977916,28.090066831252898,技術結構,4.107087574431212,7.750191030368149,False,31.55,33.0,3.6124794745484357,8.374384236453203,0.46611489450948873,1.0805390736356344,,,,,⚪ 基本面不足,技術目標,31.55,33.0,🔴 過熱,29.293162675662973,28.72488834156784,3.9491718157771194,6.005633992093706,False,NO,🔴 不追,等待回到合理價格區,
2373,震旦行,52.9,53.00447408171288,53.309831183698265,52.69911697972749,技術結構,0.5760968432865515,0.3797410591162694,False,53.4,53.8,0.945179584120992,1.7013232514177634,0.472589792060496,0.8506616257088817,60.36,67.27,74.18,🟢 A 高一致,🔵 技術低於基本面,技術目標,53.4,53.8,🔵 偏便宜,52.88547558559562,53.00447408171288,0.027463900520041662,-0.1971042700127934,False,NO,🔴 不追,第一目標風報不足,
2374,佳能,67.2,67.18011495450504,67.99440124099534,66.36582866801474,技術結構,1.2120942142503666,1.2413263868828275,False,67.9,69.0,1.041666666666674,2.678571428571419,0.520833333333337,1.3392857142857095,64.12,78.1,92.09,🟡 B 中等,✅ 技術×基本面共振,共振目標,67.9,69.0,🟢 合理,66.74458751682192,67.18011495450504,0.6823212190251393,0.02959960028117159,False,NO,🔴 不追,第一目標風報不足,
2375,凱美,118.0,120.56275408210387,123.96453979638957,117.16096836781816,技術結構,2.8215892546458208,0.7110437560863078,False,123.5,130.0,4.661016949152552,10.169491525423723,2.330508474576276,5.0847457627118615,109.74,175.41,241.08,🟠 C 低一致,🟡 共振但估值分歧,共振目標,123.5,130.0,🔵 偏便宜,118.5101604027023,120.56275408210387,-0.43047819779228336,-2.1256598703432217,False,B,🟡 B 等確認,等支撐或量價確認,
2376,技嘉,358.5,359.66887817113405,367.0349495997055,349.5697459490551,技術結構,2.8078971618093873,2.491005314071097,False,371.0,376.0,3.4867503486750273,4.881450488145056,1.39973621452319,1.959630700332473,288.81,525.4,762.0,🟠 C 低一致,🟡 共振但估值分歧,共振目標,371.0,376.0,🔵 偏便宜,359.66887817113405,356.93581737762656,-0.3249872986168967,0.43822517837108776,False,B,🟡 B 等確認,等支撐或量價確認,
2377,微星,151.0,151.7942823403521,155.06213948320925,148.44988637277612,技術結構,2.203242385689607,1.6888169716714436,False,153.0,156.5,1.324503311258285,3.6423841059602724,0.6622516556291425,1.8211920529801362,159.79,210.29,260.79,🟡 B 中等,🔵 技術低於基本面,技術目標,153.0,156.5,🔵 偏便宜,151.7942823403521,151.71774351563326,-0.523262357518306,-0.4730781640970738,False,NO,🔴 不追,第一目標風報不足,
2379,瑞昱,760.0,745.2031145533437,766.3102574104865,713.4974448192874,技術結構,4.254634624421812,6.118757260620085,False,770.0,794.0,1.3157894736842035,4.473684210526319,0.21504194685946068,0.7311426193221706,420.89,780.53,1140.18,🟠 C 低一致,🟡 共振但估值分歧,共振目標,770.0,794.0,🟢 合理,745.2031145533437,734.6045876764302,1.9856177675163345,3.4570179317687133,False,NO,🔴 不追,第一目標風報不足,
2380,虹光,17.0,17.3036435043838,17.759000585933308,16.848286422834292,技術結構,2.631567631603975,0.8924328068571065,False,18.1,19.25,6.470588235294117,13.235294117647056,3.2352941176470584,6.617647058823528,,,,,⚪ 基本面不足,技術目標,18.1,19.25,🔵 偏便宜,16.849126940783734,17.3036435043838,0.8954354712057855,-1.754795192740033,False,B,🟡 B 等確認,等支撐或量價確認,
2382,廣達,333.5,338.3004536655883,343.952239379874,331.6223045178377,技術結構,1.9740290252025499,0.5630271310831555,False,337.5,349.0,1.1994002998500841,4.647676161919034,0.5997001499250421,2.323838080959517,184.19,369.95,555.71,🟠 C 低一致,🟡 共振但估值分歧,共振目標,337.5,349.0,🔵 偏便宜,338.3004536655883,337.2740902321234,-1.4189911995606042,-1.1189979726951238,False,NO,🔴 不追,第一目標風報不足,
2383,台光電,4935.0,5131.901878161022,5306.812592446737,4956.991163875307,技術結構,3.4083019987200656,,True,5170.0,5425.0,4.761904761904767,9.92907801418439,,,496.31,1807.5,3118.69,🟠 C 低一致,🔴 基本面背離,技術目標,5170.0,5425.0,🔵 偏便宜,4995.35291199976,5131.901878161022,-1.2081811448152457,-3.836820789558437,False,NO,🔴 結構失效,現價已跌破防守位，等待重新形成結構,
2385,群光,104.5,105.43489368218623,107.04203653932909,103.82775082504337,技術結構,1.5242988360070744,0.6433006458915149,False,106.5,108.0,1.9138755980861344,3.349282296650724,0.9569377990430672,1.674641148325362,140.64,210.61,280.57,🟡 B 中等,🔵 技術低於基本面,技術目標,106.5,108.0,🔵 偏便宜,104.84142217987437,105.43489368218623,-0.3256558073855609,-0.8867023520735873,False,C,🟠 C 觀察,條件未齊，不急進,
2387,精元,36.45,36.65001379318713,37.03304942572933,36.266978160644925,技術結構,1.0451172943716753,0.5021175290948641,False,36.75,37.25,0.8230452674897082,2.1947873799725626,0.4115226337448541,1.0973936899862813,16.4,53.75,91.1,🟠 C 低一致,🟡 共振但估值分歧,共振目標,36.75,37.25,🔵 偏便宜,36.62015452728777,36.65001379318713,-0.46464721267347464,-0.5457400215884922,False,NO,🔴 不追,第一目標風報不足,
2388,威盛,73.0,72.48323660068456,74.32073692765861,70.64573627371051,技術結構,2.5350693665860633,3.2250188031362854,False,74.8,76.8,2.465753424657535,5.205479452054784,0.7645702475469677,1.6140927448213724,21.08,84.76,148.43,🟠 C 低一致,🟡 共振但估值分歧,共振目標,74.8,76.8,🟢 合理,71.5479237274622,72.48323660068456,2.0295155986203017,0.7129419484429578,False,NO,🔴 不追,第一目標風報不足,
2390,云辰,10.3,10.189785698230047,10.339785790191499,10.039785606268595,技術結構,1.4720632641715612,2.5263533371981173,False,10.4,10.55,0.9708737864077666,2.4271844660194164,0.3842984954291967,0.9607462385729918,,,,,⚪ 基本面不足,技術目標,10.4,10.55,🟢 合理,10.176839190985362,10.189785698230047,1.2102068894213724,1.0816155023662288,False,NO,🔴 不追,第一目標風報不足,
2392,正崴,41.6,42.39735845463583,43.53039478199789,41.264322127273765,技術結構,2.672421982549657,0.8069179632842226,False,44.75,47.95,7.572115384615374,15.264423076923084,3.786057692307687,7.632211538461542,134.32,395.52,656.72,🟠 C 低一致,🔵 技術低於基本面,技術目標,44.75,47.95,🔵 偏便宜,42.121177646423384,42.39735845463583,-1.2373292380338685,-1.8806795604706883,False,B,🟡 B 等確認,等支撐或量價確認,
2393,億光,64.5,63.64035370620698,64.54571113516641,62.73499627724755,技術結構,1.4226153316792962,2.7364398802363623,False,65.6,66.5,1.7054263565891459,3.100775193798455,0.6232281472384616,1.133142085888115,95.57,105.54,115.52,🟢 A 高一致,🔵 技術低於基本面,技術目標,65.6,66.5,🟢 合理,63.56274128222972,63.64035370620698,1.4745410579582785,1.350788051495666,False,NO,🔴 不追,第一目標風報不足,
2395,研華,726.0,708.8068394972984,727.4496966401555,674.5856678546833,技術結構,4.827996816013446,7.081863931861809,False,758.0,801.0,4.40771349862259,10.330578512396693,0.6223945476828456,1.4587372211316694,185.33,287.14,388.95,🟠 C 低一致,🔴 基本面背離,技術目標,758.0,801.0,🟢 合理,708.8068394972984,693.2285249975404,2.4256482224262133,4.727369665374903,False,NO,🔴 不追,第一目標風報不足,
2397,友通,63.0,61.98019976627362,62.976628705548,60.66002554589941,技術結構,2.12999349042528,3.7142451652390345,False,63.9,68.1,1.4285714285714235,8.095238095238088,0.38461958352700343,2.179510973319692,75.51,76.56,77.61,🟢 A 高一致,🔵 技術低於基本面,技術目標,63.9,68.1,🔴 過熱,61.98019976627362,61.65645448517379,1.6453645479879597,2.179083319085895,False,NO,🔴 不追,等待回到合理價格區,
2399,映泰,48.95,47.99033508114433,49.35372769305665,45.76573747711371,技術結構,4.635511713492239,6.505132835314183,False,49.5,51.0,1.1235955056179803,4.187946884576088,0.1727244522230749,0.6437911401041851,46.37,99.25,152.14,🟠 C 低一致,🟡 共振但估值分歧,共振目標,49.5,51.0,🟢 合理,47.99033508114433,47.12913008902603,1.9997045597473395,3.8635763221905206,False,NO,🔴 不追,第一目標風報不足,
2401,凌陽,26.75,25.748463641289007,26.286856396252475,25.01474210600861,技術結構,2.8495740386771438,6.486945398098648,False,28.2,28.7,5.42056074766355,7.289719626168223,0.8356106634183078,1.1237522714935864,20.94,36.24,51.54,🟠 C 低一致,🟡 共振但估值分歧,共振目標,28.2,28.7,🔴 過熱,25.748463641289007,25.55313486097208,3.889693663527849,4.6838289921755205,False,NO,🔴 不追,等待回到合理價格區,
2402,毅嘉,58.5,55.59158095238,56.62551009601316,54.36403204252557,技術結構,2.20815614311446,7.070030696537483,False,59.8,63.2,2.2222222222222143,8.03418803418805,0.31431578130354343,1.1363724400974327,25.78,40.46,55.15,🟠 C 低一致,🔴 基本面背離,技術目標,59.8,63.2,🔴 過熱,55.59158095238,55.39796118615873,5.2317617124639115,5.599554112501015,False,NO,🔴 不追,等待回到合理價格區,
2404,漢唐,1290.0,1190.0280378425448,1235.188752128259,1092.6976784244343,技術結構,8.178829096713134,15.294753610508966,False,1300.0,1395.0,0.7751937984496138,8.139534883720923,0.05068364082158088,0.5321782286265978,284.89,1039.21,1793.53,🟠 C 低一致,🟡 共振但估值分歧,共振目標,1300.0,1395.0,🔴 過熱,1190.0280378425448,1137.8583927101486,8.400807290112166,13.37087358713247,False,NO,🔴 不追,等待回到合理價格區,
2405,輔信,15.25,15.117974806777777,15.308153439513983,14.927796174041571,技術結構,1.2579636834091301,2.1128119734978936,False,15.4,15.55,0.9836065573770592,1.967213114754096,0.4655438201387303,0.9310876402774501,,,,,⚪ 基本面不足,技術目標,15.4,15.55,🟢 合理,15.078627936749271,15.117974806777777,1.1365229248283537,0.8732994657659532,False,NO,🔴 不追,第一目標風報不足,
2406,國碩,31.45,29.618840638180583,30.537590576872947,27.98676754569131,技術結構,5.510253127144432,11.011867899232712,False,32.6,33.3,3.6565977742448297,5.882352941176472,0.33205972026776814,0.5341830282568449,16.92,19.54,22.15,🟢 A 高一致,🔴 基本面背離,技術目標,32.6,33.3,🔴 過熱,29.618840638180583,28.905517484383676,6.182414039052353,8.802757179458865,False,NO,🔴 不追,等待回到合理價格區,
2408,南亞科,519.0,507.52561508441784,523.8916865129893,487.9189972131531,技術結構,3.863177993095685,5.988632521550464,False,533.0,553.0,2.6974951830443183,6.551059730250475,0.45043591727113247,1.0939157990870338,402.46,1041.62,1680.79,🟠 C 低一致,🟡 共振但估值分歧,共振目標,533.0,553.0,🟢 合理,507.52561508441784,504.28506864172454,2.2608484329748713,2.917978792810505,False,NO,🔴 不追,第一目標風報不足,
2409,友達,38.55,34.12318010762332,35.81335884253892,29.921987473072832,技術結構,12.311843800314252,22.38135545246995,False,41.4,45.35,7.392996108949412,17.63942931258107,0.33031940914613106,0.7881305200679625,1.13,16.3,31.48,🟠 C 低一致,🔴 基本面背離,技術目標,41.4,45.35,🔴 過熱,34.12318010762332,31.61216620798843,12.973057840490366,21.946720596003843,True,NO,🟠 高位延伸,不追，等待回踩 EMA9/EMA20 或重新整理,
2412,中華電,143.5,143.89502708927915,145.20752708927915,140.8945260010305,技術結構,2.0852013783540997,1.8156613233236938,False,145.5,149.0,1.3937282229965264,3.832752613240409,0.6968641114982632,1.9163763066202044,120.84,133.9,146.96,🟢 A 高一致,✅ 技術×基本面共振,共振目標,145.5,146.96,🔵 偏便宜,143.89502708927915,142.2070260010305,-0.2745244900187238,0.9092194917008856,False,NO,🔴 不追,第一目標風報不足,
2413,環科,51.4,51.48794576696292,53.86116037965126,47.48510548134493,技術結構,7.774325089089886,7.616526300885345,False,53.2,58.4,3.5019455252918386,13.618677042801552,0.4597825028037745,1.7880430664591176,52.31,110.91,169.51,🟠 C 低一致,🟡 共振但估值分歧,共振目標,53.2,58.4,🔵 偏便宜,51.48794576696292,49.85832009403327,-0.17080845944208445,3.0921216420029873,False,NO,🔴 不追,第一目標風報不足,
2414,精技,53.3,52.98028750524951,53.532073301278736,52.36695751522685,技術結構,1.157656968097587,1.7505487519195995,False,53.7,57.4,0.7504690431519911,7.692307692307687,0.37523452157599557,3.8461538461538436,48.22,63.91,79.59,🟡 B 中等,✅ 技術×基本面共振,共振目標,53.7,57.4,🟢 合理,52.98028750524951,52.91874331125608,0.6034555677313147,0.7204568077164186,False,NO,🔴 不追,第一目標風報不足,
2415,錩新,27.2,27.54251720328286,27.94965989693869,27.135374509627027,技術結構,1.478233418720724,0.23759371460651452,False,28.8,29.75,5.882352941176472,9.375,2.941176470588236,4.6875,25.04,33.73,42.43,🟡 B 中等,✅ 技術×基本面共振,共振目標,28.8,29.75,🔵 偏便宜,27.172810762182234,27.54251720328286,0.10006045401680375,-1.2435944062586746,False,A+,🟢 A+ 優先候選,合理位置可優先分批,
2417,圓剛,39.3,39.73764488453767,40.26264537499875,39.2126443940766,技術結構,1.321166596527108,0.222278895479387,False,39.9,42.3,1.526717557251911,7.6335877862595325,0.7633587786259555,3.8167938931297662,16.03,27.58,39.14,🟠 C 低一致,🔴 基本面背離,技術目標,39.9,42.3,🔵 偏便宜,39.063825855059726,39.73764488453767,0.6045852902799576,-1.101335737961584,False,NO,🔴 不追,第一目標風報不足,
2419,仲琦,29.7,28.754556654628736,29.461699675258618,27.133477143253256,技術結構,5.637643907524927,8.641491100157387,False,30.4,32.1,2.3569023569023573,8.080808080808088,0.27274255444866813,0.9351173295382915,6.52,19.6,32.68,🟠 C 低一致,🟡 共振但估值分歧,共振目標,30.4,32.1,🔴 過熱,28.754556654628736,27.840620163883138,3.287977473368797,6.67865810880528,False,NO,🔴 不追,等待回到合理價格區,
2420,新巨,55.0,54.25910999624366,54.81089538355532,53.707324608932,技術結構,1.0169451495792332,2.350318892850913,False,55.4,58.2,0.727272727272732,5.818181818181833,0.3094357661357849,2.4754861290862697,77.87,123.4,168.94,🟠 C 低一致,🔵 技術低於基本面,技術目標,55.4,58.2,🔴 過熱,54.04235616420639,54.25910999624366,1.772024581762932,1.3654665618504147,False,NO,🔴 不追,等待回到合理價格區,
2421,建準,160.5,163.88794223134153,168.09329937419866,158.62634264639695,技術結構,3.2104860878156547,1.167387759254237,False,170.5,179.0,6.230529595015577,11.526479750778806,3.1152647975077885,5.763239875389403,112.26,231.67,351.09,🟠 C 低一致,🟡 共振但估值分歧,共振目標,170.5,179.0,🔵 偏便宜,163.88794223134153,162.8316997892541,-2.0672309293865987,-1.4319692002674578,False,B,🟡 B 等確認,等支撐或量價確認,
2423,固緯,72.1,73.22959540691093,74.13495197756349,72.32423883625837,技術結構,1.2363260586403784,,True,74.5,76.5,3.328710124826628,6.102635228848818,,,61.95,92.61,123.26,🟡 B 中等,✅ 技術×基本面共振,共振目標,74.5,76.5,🔵 偏便宜,72.83353433898841,73.22959540691093,-1.0071381893597797,-1.5425394618585275,False,NO,🔴 結構失效,現價已跌破防守位，等待重新形成結構,
2424,隴華,8.3,8.166566976946605,8.519067039276033,7.808527810227509,技術結構,4.384206579457494,5.921351684005925,False,8.38,8.76,0.9638554216867545,5.542168674698789,0.16277624993803527,0.9359634371436943,,,,,⚪ 基本面不足,技術目標,8.38,8.76,🟢 合理,8.166566976946605,8.161027872556938,1.6338936964585438,1.7028752947944703,False,NO,🔴 不追,第一目標風報不足,
2425,承啟,37.5,37.546385964283964,38.22138588254045,36.871386046027474,技術結構,1.7977760067202833,1.6763038772600678,False,38.4,46.5,2.400000000000002,24.0,1.200000000000001,12.0,25.22,45.29,65.36,🟠 C 低一致,🟡 共振但估值分歧,共振目標,38.4,46.5,🔵 偏便宜,37.204502673369625,37.546385964283964,0.7942515163410269,-0.12354308701798544,False,B,🟡 B 等確認,等支撐或量價確認,
2426,鼎元,104.0,99.35139790659632,103.91032672325542,91.78954565316579,技術結構,7.6112187777565925,11.740821487340588,False,109.5,120.5,5.288461538461542,15.865384615384626,0.45043368934309813,1.3513010680292945,13.18,18.88,24.58,🟡 B 中等,🔴 基本面背離,技術目標,109.5,120.5,🔴 過熱,99.35139790659632,96.3484744698249,4.678949860145898,7.941511863347106,False,NO,🔴 不追,等待回到合理價格區,
2427,三商電,23.35,23.359480765979722,23.84430219455115,22.623866557468304,技術結構,3.1491034234919795,3.1097791971378905,False,24.05,24.5,2.997858672376874,4.925053533190571,0.9640101378052746,1.5837309406800915,25.67,38.44,51.22,🟡 B 中等,🔵 技術低於基本面,技術目標,24.05,24.5,🔵 偏便宜,23.359480765979722,23.108687986039733,-0.04058637293654632,1.0442480079615457,False,C,🟠 C 觀察,條件未齊，不急進,
2428,興勤,251.5,253.86467639080723,259.51646210509296,248.06821220806103,技術結構,2.283288981025051,1.3645279490811024,False,263.0,281.5,4.572564612326047,11.928429423459242,2.2862823061630233,5.964214711729621,280.84,417.69,554.55,🟡 B 中等,✅ 技術×基本面共振,共振目標,280.84,281.5,🔵 偏便宜,253.86467639080723,253.71999792234675,-0.9314712170380823,-0.8749794815252177,False,A,🟢 A 可執行候選,等回踩或突破確認分批,
2429,銘旺科,30.95,31.313701597328215,31.97798731161393,30.6494158830425,技術結構,2.121389936034881,0.9711926234491068,False,31.4,32.2,1.453957996768973,4.038772213247177,0.7269789983844865,2.0193861066235885,,,,,⚪ 基本面不足,技術目標,31.4,32.2,🔵 偏便宜,30.92060179303276,31.313701597328215,0.09507643856356829,-1.1614774963533803,False,NO,🔴 不追,第一目標風報不足,
2430,燦坤,18.25,18.116101543627607,18.298244400770464,17.80129026592136,技術結構,1.737742951749924,2.45868347440351,False,18.85,19.3,3.287671232876721,5.753424657534256,1.3371673365455583,2.3400428389547248,1.84,30.61,59.37,🟠 C 低一致,🟡 共振但估值分歧,共振目標,18.85,19.3,🟢 合理,18.116101543627607,17.983433123064216,0.7391129711319833,1.4822913684590322,False,B,🟡 B 等確認,等支撐或量價確認,
2431,聯昌,10.15,10.103109408983666,10.220430721070588,9.985788096896744,技術結構,1.1612396474950593,1.617851262101045,False,10.35,10.45,1.9704433497536922,2.9556650246305383,0.9852216748768461,1.4778325123152691,,,,,⚪ 基本面不足,技術目標,10.35,10.45,🟢 合理,10.083497411251892,10.103109408983666,0.6595190739465018,0.4641203922293391,False,C,🟠 C 觀察,條件未齊，不急進,
2432,倚天酷碁-創,27.65,27.472215090584506,27.673108070342632,27.27132211082638,技術結構,0.7312587612455697,1.3695402863422053,False,28.0,28.5,1.2658227848101333,3.074141048824597,0.6329113924050667,1.5370705244122984,34.34,43.86,53.37,🟡 B 中等,🔵 技術低於基本面,技術目標,28.0,28.5,🟢 合理,27.44357410650485,27.472215090584506,0.7521829798627477,0.6471444287593053,False,NO,🔴 不追,第一目標風報不足,
2433,互盛電,40.45,40.72891502966175,41.023557641574065,40.43427241774943,技術結構,0.7234236701314922,0.038881538320320354,False,41.25,41.75,1.9777503090234738,3.213844252163156,0.9888751545117369,1.606922126081578,41.59,47.68,53.78,🟢 A 高一致,✅ 技術×基本面共振,共振目標,41.59,41.75,🔵 偏便宜,40.37929409262604,40.72891502966175,0.17510436713372712,-0.6848083958500228,False,C,🟠 C 觀察,條件未齊，不急進,
2434,統懋,65.4,64.1517428311425,67.28567172954511,59.244431287962215,技術結構,7.649537372814801,9.412184574981332,False,71.5,75.0,9.327217125382248,14.678899082568808,0.9909726112017674,1.5595634536945875,,,,,⚪ 基本面不足,技術目標,71.5,75.0,🟢 合理,64.1517428311425,62.37836018636484,1.9457883975858792,4.844051373918079,False,C,🟠 C 觀察,條件未齊，不急進,
2436,偉詮電,74.5,71.54841315298053,73.48234123394802,67.49648710405943,技術結構,5.663194849978738,9.400688450926944,False,79.3,83.9,6.442953020134223,12.617449664429547,0.6853703379031696,1.3421835783937097,102.38,159.74,217.11,🟠 C 低一致,🔵 技術低於基本面,技術目標,79.3,83.9,🔴 過熱,71.54841315298053,69.43041518502692,4.125300222534034,7.301677228147074,False,NO,🔴 不追,等待回到合理價格區,
2438,翔耀,19.9,19.83431996627212,20.428962598620316,19.083245299557145,技術結構,3.786742716625334,4.104294977099767,False,21.3,22.0,7.035175879396993,10.552763819095489,1.7141009402711804,2.5711514104067703,,,,,⚪ 基本面不足,技術目標,21.3,22.0,🟢 合理,19.83431996627212,19.677887931905342,0.33114336079869133,1.1287393690992964,False,B,🟡 B 等確認,等支撐或量價確認,
2439,美律,77.3,78.1804292586217,79.23578779111855,77.12507072612485,技術結構,1.3499011741234068,0.2262991900066632,False,79.3,82.3,2.5873221216041298,6.468305304010347,1.2936610608020649,3.2341526520051733,65.21,99.14,133.07,🟡 B 中等,✅ 技術×基本面共振,共振目標,79.3,82.3,🔵 偏便宜,77.89116585341694,78.1804292586217,-0.7589639299140138,-1.1261504534712086,False,B,🟡 B 等確認,等支撐或量價確認,
2440,太空梭,14.4,14.279326326395127,14.509683459034331,14.047386921685959,技術結構,1.6243021512886882,2.4487019327363977,False,14.55,15.3,1.041666666666674,6.25,0.42539545248066307,2.55237271488396,10.5,21.88,33.27,🟠 C 低一致,🟡 共振但估值分歧,共振目標,14.55,15.3,🟢 合理,14.279326326395127,14.277744054325163,0.8450936048839397,0.8562693462613291,False,NO,🔴 不追,第一目標風報不足,
2441,超豐,125.5,122.79916604717695,126.22773747574838,117.02574540508677,技術結構,4.701514536240544,6.752394099532457,False,130.5,142.0,3.984063745019917,13.147410358565747,0.5900223959522413,1.9470739066423994,195.88,198.66,201.44,🟢 A 高一致,🔵 技術低於基本面,技術目標,130.5,142.0,🟢 合理,122.79916604717695,120.4543168336582,2.199391119468541,4.188876994180002,False,NO,🔴 不追,第一目標風報不足,
2442,新美齊,14.4,15.511006918669095,15.789578367676402,15.232435469661787,技術結構,1.7959598011139932,,True,15.0,18.15,4.166666666666674,26.04166666666665,,,24.5,27.23,29.95,🟢 A 高一致,🔵 技術低於基本面,技術目標,15.0,18.15,🔵 偏便宜,14.62700396472622,15.511006918669095,-1.5519512080098719,-7.162700168303604,False,NO,🔴 結構失效,現價已跌破防守位，等待重新形成結構,
2444,兆勁,15.9,14.220234962653922,14.887199248368209,12.417708016262988,技術結構,12.675788769488294,21.901207444886868,False,17.05,18.6,7.232704402515733,16.981132075471695,0.3302422672684334,0.7753514101084947,,,,,⚪ 基本面不足,技術目標,17.05,18.6,🔴 過熱,14.220234962653922,13.084672301977275,11.812498469663701,21.51622626114442,False,NO,🔴 不追,等待回到合理價格區,
2449,京元電子,294.5,293.1785327886464,303.7588899315036,270.7844980219698,技術結構,7.6383610197069105,8.05280202989141,False,306.0,330.0,3.9049235993208864,12.05432937181663,0.4849148886097158,1.4969111778821638,220.39,250.74,281.09,🟢 A 高一致,🔴 基本面背離,技術目標,306.0,330.0,🟢 合理,293.1785327886464,281.36485516482696,0.4507380532892791,4.6683672797294795,False,NO,🔴 不追,第一目標風報不足,
2450,神腦,28.2,28.263084991146826,28.38629897032294,28.139871011970712,技術結構,0.43595375103146017,0.2132233618059839,False,28.35,28.45,0.5319148936170359,0.8865248226950451,0.26595744680851796,0.44326241134752253,32.0,42.86,53.72,🟡 B 中等,🔵 技術低於基本面,技術目標,28.35,28.45,🔵 偏便宜,28.249054335452172,28.263084991146826,-0.17364947820788235,-0.22320631723885542,False,NO,🔴 不追,第一目標風報不足,
2451,創見,289.0,285.0574112409029,289.85205409804576,280.2627683837601,技術結構,1.681992001636072,3.0232635350311106,False,294.0,300.0,1.730103806228378,3.806228373702414,0.5722636436358747,1.2589800159989184,383.38,1867.81,3352.23,🟠 C 低一致,🔵 技術低於基本面,技術目標,294.0,300.0,🟢 合理,284.9202053025259,285.0574112409029,1.4319078189425571,1.3830858639788834,False,NO,🔴 不追,第一目標風報不足,
2453,凌群,53.6,53.791496130886095,54.79328164081303,52.4704798729609,技術結構,2.4558087298982767,2.1073136698490678,False,54.2,55.1,1.1194029850746245,2.7985074626865725,0.5311990336753235,1.327997584188314,55.31,59.39,63.46,🟢 A 高一致,🔵 技術低於基本面,技術目標,54.2,55.1,🔵 偏便宜,53.791496130886095,53.472265382887834,-0.3559970342154939,0.2388801300964527,False,NO,🔴 不追,第一目標風報不足,
2454,聯發科,4920.0,4920.766087573501,5097.551801859216,4520.622200196571,技術結構,8.131739657111945,8.117434955354254,False,5480.0,5895.0,11.382113821138207,19.817073170731714,1.402181093379821,2.4412974393666547,1143.89,1666.11,2188.33,🟡 B 中等,🔴 基本面背離,技術目標,5480.0,5895.0,🔵 偏便宜,4920.766087573501,4697.407914482285,-0.015568461492931895,4.7386152016190675,False,B,🟡 B 等確認,等支撐或量價確認,
2455,全新,552.0,545.0818901661195,567.4479615946909,499.673412195849,技術結構,8.330579090865003,9.4794543123462,False,555.0,590.0,0.5434782608695565,6.884057971014501,0.0573322306286894,0.7262082546300782,51.87,87.83,123.78,🟠 C 低一致,🔴 基本面背離,技術目標,555.0,590.0,🟢 合理,545.0818901661195,522.0394836244204,1.2691872466671361,5.739128421392459,False,NO,🔴 不追,第一目標風報不足,
2457,飛宏,22.55,22.28975638764835,22.678149285662965,21.901363489633734,技術結構,1.7424726015841039,2.8764368530654827,False,23.0,23.35,1.9955654101995624,3.5476718403547602,0.6937629825152755,1.2333564133604837,,,,,⚪ 基本面不足,技術目標,23.0,23.35,🟢 合理,22.12051554625783,22.28975638764835,1.9415662028493097,1.1675480333910748,False,NO,🔴 不追,第一目標風報不足,
2458,義隆,137.5,133.58923073747496,135.94637359461782,131.2320878803321,技術結構,1.7644707167863243,4.558481541576652,False,139.5,141.5,1.454545454545464,2.9090909090909056,0.31908552031613074,0.6381710406322566,131.19,220.23,309.26,🟠 C 低一致,🟡 共振但估值分歧,共振目標,139.5,141.5,🔴 過熱,133.2273520940855,133.58923073747496,3.207035071069453,2.927458479202083,False,NO,🔴 不追,等待回到合理價格區,
2459,敦吉,65.0,65.60330701548263,65.97830734245667,65.22830668850858,技術結構,0.5716180235937566,,True,65.4,65.9,0.6153846153846176,1.3846153846153841,,,123.31,127.82,132.33,🟢 A 高一致,🔵 技術低於基本面,技術目標,65.4,65.9,🔵 偏便宜,65.30404024581763,65.60330701548263,-0.4655764707254928,-0.9196289683083281,False,NO,🔴 結構失效,現價已跌破防守位，等待重新形成結構,
2460,建通,30.55,30.052574401223072,30.9820386460656,28.86031106637696,技術結構,3.9672585746850078,5.530896673070515,False,31.3,32.1,2.454991816693952,5.07364975450082,0.4438686820253047,0.9173286095189603,,,,,⚪ 基本面不足,技術目標,31.3,32.1,🟢 合理,30.052574401223072,29.789775311219486,1.6551846511914325,2.5519651653572506,False,NO,🔴 不追,第一目標風報不足,
2461,光群雷,17.85,17.73516810520418,18.04588222743144,17.42445398297692,技術結構,1.751966039363815,2.38401129984919,False,18.35,18.9,2.8011204481792618,5.88235294117645,1.1749610617854276,2.467418229749398,20.33,28.0,35.67,🟡 B 中等,🔵 技術低於基本面,技術目標,18.35,18.9,🟢 合理,17.657768167686584,17.73516810520418,1.0886530533637861,0.6474812875448599,False,B,🟡 B 等確認,等支撐或量價確認,
2462,良得電,19.95,19.819105765549747,20.140534173491293,19.429588865703085,技術結構,1.9653606194671676,2.608577114270247,False,20.1,20.35,0.7518796992481258,2.0050125313283207,0.28823364857989453,0.7686230628797132,43.24,43.24,43.24,🟠 C 低一致,🔵 技術低於基本面,技術目標,20.1,20.35,🟢 合理,19.819105765549747,19.75101727364463,0.6604447042094952,1.0074555836720789,False,NO,🔴 不追,第一目標風報不足,
2464,盟立,192.5,191.7537195661526,199.28050528043832,182.94778521110726,技術結構,4.592314754033964,4.962189500723502,False,201.0,206.5,4.415584415584406,7.272727272727275,0.8898459873289,1.4656286850123095,27.65,47.29,66.93,🟠 C 低一致,🔴 基本面背離,技術目標,201.0,206.5,🟢 合理,191.7537195661526,190.47457092539298,0.38918694017298083,1.0633593055318524,False,C,🟠 C 觀察,條件未齊，不急進,
2465,麗臺,91.2,91.47827907736576,93.82470854797297,89.13184960675854,技術結構,2.5650126940219087,2.2677087645191523,False,93.0,97.7,1.9736842105263053,7.127192982456143,0.8703428947344601,3.1429048976522354,42.28,81.09,119.91,🟠 C 低一致,🟡 共振但估值分歧,共振目標,93.0,97.7,🔵 偏便宜,90.97779429627697,91.47827907736576,0.2442416915488188,-0.30420235292183406,False,C,🟠 C 觀察,條件未齊，不急進,
2466,冠西電,124.5,113.67587831139436,118.64194998519632,103.42301525468568,技術結構,9.019383187542063,16.92930501631672,False,126.5,138.5,1.6064257028112428,11.244979919678721,0.09489023331217349,0.6642316331852157,2.97,15.06,27.16,🟠 C 低一致,🔴 基本面背離,技術目標,126.5,138.5,🔴 過熱,113.67587831139436,108.38908692848764,9.521916038295242,14.8639623490342,False,NO,🔴 不追,等待回到合理價格區,
2467,志聖,539.0,545.8596135891727,561.9310421606012,529.7881850177441,技術結構,2.944242103890893,1.709056582978826,False,545.0,563.0,1.1131725417439675,4.452690166975892,0.5565862708719838,2.226345083487946,305.97,415.94,525.9,🟡 B 中等,🔴 基本面背離,技術目標,545.0,563.0,🔵 偏便宜,536.1913292599968,545.8596135891727,0.5238187540032468,-1.256662595730229,False,NO,🔴 不追,第一目標風報不足,
2468,華經,45.5,44.445088295377396,46.312052335861146,39.468870679086486,技術結構,11.196327439422529,13.255229276732999,False,47.7,49.45,4.83516483516484,8.681318681318695,0.3647741381321891,0.6549353843737035,15.49,26.49,37.48,🟠 C 低一致,🔴 基本面背離,技術目標,47.7,49.45,🟢 合理,44.445088295377396,41.33583471957024,2.37351695110104,10.073983768999017,False,NO,🔴 不追,第一目標風報不足,
2471,資通,51.8,51.685027729447256,52.69484968935152,50.18576006054096,技術結構,2.9007775264326687,3.116293319418996,False,53.3,54.0,2.895752895752901,4.247104247104261,0.929229889146888,1.3628705040821043,65.03,66.85,68.67,🟢 A 高一致,🔵 技術低於基本面,技術目標,53.3,54.0,🟢 合理,51.685027729447256,51.19558202044522,0.2224479227419307,1.1806057392089064,False,C,🟠 C 觀察,條件未齊，不急進,
2472,立隆電,213.5,217.57111289442366,223.8389700372808,211.30325575156652,技術結構,2.8808314943439277,1.0289200226854687,False,221.0,225.5,3.512880562060894,5.62060889929743,1.756440281030447,2.810304449648715,176.45,234.39,292.33,🟡 B 中等,✅ 技術×基本面共振,共振目標,221.0,225.5,🔵 偏便宜,214.67392298355918,217.57111289442366,-0.5468400480337254,-1.8711642553389751,False,A,🟢 A 可執行候選,等回踩或突破確認分批,
2474,可成,206.5,207.29359967624748,209.4096711048189,204.5236066427991,技術結構,1.3362655855147316,0.9570912141408672,False,209.0,212.0,1.2106537530266248,2.6634382566586012,0.6053268765133124,1.3317191283293006,146.8,295.92,445.04,🟠 C 低一致,🟡 共振但估值分歧,共振目標,209.0,212.0,🔵 偏便宜,207.29359967624748,206.63967807137053,-0.38283848487696837,-0.06759499079469489,False,NO,🔴 不追,第一目標風報不足,
2476,鉅祥,123.5,122.59554700854618,125.05983272283189,119.48722542266722,技術結構,2.535427804455469,3.2492101840751233,False,126.0,128.0,2.0242914979757165,3.6437246963562764,0.6230103266009318,1.1214185878816731,126.94,172.91,218.88,🟡 B 中等,✅ 技術×基本面共振,共振目標,126.94,128.0,🟢 合理,122.59554700854618,121.95151113695293,0.7377535428678916,1.26975783129748,False,NO,🔴 不追,第一目標風報不足,
2477,美隆電,23.15,22.78128991653234,23.065218549268547,22.044997263946197,技術結構,3.232005980714102,4.773229961355515,False,23.45,24.15,1.2958963282937441,4.3196544276457916,0.27149254043602206,0.9049751347867355,6.33,32.15,57.97,🟠 C 低一致,🟡 共振但估值分歧,共振目標,23.45,24.15,🔴 過熱,22.78128991653234,22.328925896682403,1.618477640285354,3.677176892058154,False,NO,🔴 不追,等待回到合理價格區,
2478,大毅,120.0,120.82385499796555,124.41314071225126,117.23456928367985,技術結構,2.970676373755948,2.3045255969334613,False,124.0,128.0,3.3333333333333437,6.666666666666665,1.4464292945015995,2.8928585890031893,147.94,175.93,203.92,🟢 A 高一致,🔵 技術低於基本面,技術目標,124.0,128.0,🔵 偏便宜,119.57818892363724,120.82385499796555,0.3527491762165047,-0.6818645192039452,False,B,🟡 B 等確認,等支撐或量價確認,
2480,敦陽科,160.0,160.6541988405798,163.01134169772266,157.39007167062903,技術結構,2.031772087818149,1.631205205856858,False,162.5,165.0,1.5625,3.125,0.78125,1.5625,112.08,164.1,216.13,🟡 B 中等,✅ 技術×基本面共振,共振目標,162.5,165.0,🔵 偏便宜,160.6541988405798,159.7472145277719,-0.4072093012825406,0.15824092643830223,False,NO,🔴 不追,第一目標風報不足,
2481,強茂,172.0,169.47289566894935,177.0800385260922,155.16954938518282,技術結構,8.439901983917759,9.78514570628906,False,174.0,181.0,1.1627906976744207,5.232558139534893,0.11883223127960964,0.5347450407582434,121.91,131.84,141.77,🟢 A 高一致,🔴 基本面背離,技術目標,174.0,181.0,🟢 合理,169.47289566894935,162.77669224232568,1.4911554564967844,5.666233679170474,False,NO,🔴 不追,第一目標風報不足,
2482,連宇,16.45,16.206116236566636,16.455223379423778,15.854913443506847,技術結構,2.1671002967839605,3.617547455885424,False,16.7,18.95,1.5197568389057725,15.197568389057746,0.42010695296706196,4.201069529670625,,,,,⚪ 基本面不足,技術目標,16.7,18.95,🟢 合理,16.206116236566636,16.10402058636399,1.504887166507407,2.1484039453412374,False,NO,🔴 不追,第一目標風報不足,
2483,百容,35.75,33.29267556386058,34.16053274758948,32.424818380131676,技術結構,2.606751091735523,9.301207328303006,False,38.5,41.7,7.692307692307687,16.643356643356654,0.8270224951228068,1.7893759439929842,23.77,43.19,62.62,🟠 C 低一致,🟡 共振但估值分歧,共振目標,38.5,41.7,🔴 過熱,33.077351140203696,33.29267556386058,8.079996637178866,7.380976129196615,False,NO,🔴 不追,等待回到合理價格區,
2484,希華,78.0,73.3140505332643,75.96047861423179,69.60435358107138,技術結構,5.060008177436245,10.763649255036693,False,78.4,80.7,0.512820512820511,3.4615384615384714,0.047643740581805386,0.32159524892718844,46.68,52.31,57.94,🟢 A 高一致,🔴 基本面背離,技術目標,78.4,80.7,🔴 過熱,73.3140505332643,72.25078166203888,6.391611747886694,7.957309534523427,False,NO,🔴 不追,等待回到合理價格區,
2485,兆赫,41.7,40.22316954288326,41.27316958375502,39.173169502011504,技術結構,2.6104358577518814,6.059545558725416,False,42.95,44.3,2.9976019184652314,6.235011990407657,0.49469087894699426,1.028957028209744,26.58,32.28,37.99,🟡 B 中等,🔴 基本面背離,技術目標,42.95,44.3,🔴 過熱,40.01245438642128,40.22316954288326,4.217550858743135,3.671591458107848,False,NO,🔴 不追,等待回到合理價格區,
2486,一詮,240.0,239.33134489749577,245.11705918321005,233.5456306117815,技術結構,2.4174494520106697,2.689320578424379,False,241.5,247.5,0.6250000000000089,3.125,0.23240070559612655,1.1620035279806162,45.6,49.15,52.71,🟢 A 高一致,🔴 基本面背離,技術目標,241.5,247.5,🟢 合理,236.50815656478972,239.33134489749577,1.47641564922254,0.2793846759983065,False,NO,🔴 不追,第一目標風報不足,
2488,漢平,48.85,48.78188271721975,49.23188218588692,48.28671025214711,技術結構,1.0150745266292247,1.153100814437854,False,49.45,49.8,1.22824974411464,1.9447287615148356,0.61412487205732,0.9723643807574178,104.46,106.93,109.4,🟢 A 高一致,🔵 技術低於基本面,技術目標,49.45,49.8,🟢 合理,48.78188271721975,48.736709720814275,0.1396364366974323,0.23245368806121824,False,NO,🔴 不追,第一目標風報不足,
2489,瑞軒,41.8,41.34289280715438,42.97949974565274,38.77788288456416,技術結構,6.2042342671927075,7.229945252238852,False,42.6,45.0,1.9138755980861344,7.655502392344515,0.26471508860920856,1.0588603544368311,21.18,31.89,42.61,🟡 B 中等,✅ 技術×基本面共振,共振目標,42.6,42.61,🟢 合理,41.34289280715438,40.41448982306252,1.1056487870304998,3.4282510629314977,False,NO,🔴 不追,第一目標風報不足,
2491,吉祥全,40.8,40.757788408166846,42.11582444942661,39.39975236690708,技術結構,3.3319669547812096,3.4319794928747966,False,41.3,42.95,1.225490196078427,5.269607843137258,0.3570796966073639,1.5354426954116713,116.49,918.1,1719.7,🟠 C 低一致,🔵 技術低於基本面,技術目標,41.3,42.95,🟢 合理,40.45452199378366,40.757788408166846,0.8539910724181254,0.10356693403092976,False,NO,🔴 不追,第一目標風報不足,
2492,華新科,299.5,305.39676150093476,319.43247578664904,289.9969163125185,技術結構,5.042569905695971,3.172982867272614,False,308.5,322.0,3.005008347245419,7.512520868113515,0.9470610062979697,2.367652515744914,301.65,324.34,347.03,🟢 A 高一致,✅ 技術×基本面共振,共振目標,308.5,322.0,🔵 偏便宜,305.39676150093476,304.0326305982328,-1.9308526625999356,-1.4908368846179854,False,C,🟠 C 觀察,條件未齊，不急進,
2493,揚博,197.5,192.10147655787858,200.29790512930717,181.38960005242757,技術結構,5.576155216185242,8.157164530416422,False,201.0,206.5,1.7721518987341867,4.556962025316458,0.2172509690255958,0.5586453489229579,74.13,135.12,196.11,🟠 C 低一致,🔴 基本面背離,技術目標,201.0,206.5,🟢 合理,192.10147655787858,189.58602862385615,2.8102456778851925,4.174343137829739,False,NO,🔴 不追,第一目標風報不足,
2495,普安,39.05,38.52328510490524,39.460785023161726,37.22937402528899,技術結構,3.358776584324827,4.662294429477611,False,39.35,40.15,0.768245838668391,2.8169014084507005,0.16477849056702956,0.6041877987457608,25.96,36.88,47.8,🟡 B 中等,✅ 技術×基本面共振,共振目標,39.35,40.15,🟢 合理,38.52328510490524,38.166873943545475,1.3672637046929559,2.3138548306596896,False,NO,🔴 不追,第一目標風報不足,
2496,卓越,55.0,55.10539299460132,55.51789295372956,54.69289303547308,技術結構,0.7485654973346311,0.5583762991398605,False,55.3,55.7,0.5454545454545379,1.2727272727272698,0.27272727272726893,0.6363636363636349,61.92,67.07,72.22,🟢 A 高一致,🔵 技術低於基本面,技術目標,55.3,55.7,🔵 偏便宜,54.988931163147896,55.10539299460132,0.020129208948005406,-0.1912571326941448,False,NO,🔴 不追,第一目標風報不足,
2497,怡利電,44.35,44.17813434495319,44.78081303899703,43.575455650909355,技術結構,1.3642013248861584,1.746435961872935,False,46.0,46.5,3.7204058624577208,4.847801578354005,1.8602029312288604,2.4239007891770026,41.32,53.8,66.27,🟡 B 中等,✅ 技術×基本面共振,共振目標,46.0,46.5,🟢 合理,43.79882377764793,44.17813434495319,1.2584269960083994,0.389028775422795,False,A,🟢 A 可執行候選,等回踩或突破確認分批,
2498,宏達電,42.9,41.47374149432925,42.27999161694452,40.15692429783058,技術結構,3.175062458926512,6.3941158558727755,False,43.3,44.0,0.932400932400923,2.564102564102577,0.1458217138096653,0.40100971297658566,59.85,59.85,59.85,🟠 C 低一致,🔵 技術低於基本面,技術目標,43.3,44.0,🔴 過熱,41.47374149432925,40.963174420445846,3.438943423673879,4.7282116363214,False,NO,🔴 不追,等待回到合理價格區,
2501,國建,21.1,21.729829739838664,22.053937005311077,21.40572247436625,技術結構,1.4915315460489196,,True,22.65,23.0,7.345971563981024,9.004739336492884,,,31.84,34.38,36.92,🟢 A 高一致,🔵 技術低於基本面,技術目標,22.65,23.0,🔵 偏便宜,21.369133419644328,21.729829739838664,-1.2594493859864109,-2.898456855756937,False,NO,🔴 結構失效,現價已跌破防守位，等待重新形成結構,
2504,國產,30.65,31.06134336814655,31.398843388582428,30.72384334771067,技術結構,1.0865596392137562,,True,31.0,31.4,1.1419249592169667,2.446982055464919,,,21.18,26.57,31.97,🟡 B 中等,✅ 技術×基本面共振,共振目標,31.0,31.4,🔵 偏便宜,30.906733235350977,31.06134336814655,-0.8306708877835356,-1.32429355443906,False,NO,🔴 結構失效,現價已跌破防守位，等待重新形成結構,
2505,國揚,17.0,17.17994939833714,17.415663479692643,16.944235316981636,技術結構,1.3720301258763798,0.3280275471668445,False,17.2,17.5,1.17647058823529,2.941176470588225,0.588235294117645,1.4705882352941124,5.77,14.54,23.31,🟠 C 低一致,🟡 共振但估值分歧,共振目標,17.2,17.5,🔵 偏便宜,17.07635825822139,17.17994939833714,-0.4471577432771823,-1.0474384654157176,False,NO,🔴 不追,第一目標風報不足,
2506,太設,8.43,8.494362973808267,8.604720030834722,8.384005916781812,技術結構,1.2991799075072832,0.5456000381754236,False,8.61,8.69,2.1352313167259718,3.084223013048626,1.0676156583629859,1.542111506524313,6.9,13.7,20.5,🟠 C 低一致,🟡 共振但估值分歧,共振目標,8.61,8.69,🔵 偏便宜,8.44105371884215,8.494362973808267,-0.13095188361941235,-0.7577139569703517,False,B,🟡 B 等確認,等支撐或量價確認,
2509,全坤建,14.3,14.48724509914419,14.73903075212227,14.235459446166109,技術結構,1.7379815917724362,0.4513325442929488,False,14.4,15.0,0.6993006993006867,4.895104895104896,0.34965034965034336,2.447552447552448,,,,,⚪ 基本面不足,技術目標,14.4,15.0,🔵 偏便宜,14.408232870665545,14.48724509914419,-0.7511876830218478,-1.2924824413666491,False,NO,🔴 不追,第一目標風報不足,
2511,太子,8.34,8.38158448920883,8.447477256433823,8.315691721983837,技術結構,0.7861612241674436,0.29146616326333974,False,8.41,8.56,0.8393285371702586,2.6378896882494063,0.4196642685851293,1.3189448441247031,3.43,9.18,14.92,🟠 C 低一致,🟡 共振但估值分歧,共振目標,8.41,8.56,🔵 偏便宜,8.375456741885762,8.38158448920883,-0.4233409947476896,-0.49614114446223656,False,NO,🔴 不追,第一目標風報不足,
2514,龍邦,11.7,11.683214002596834,11.817142798820067,11.549285206373602,技術結構,1.1463352138672103,1.2881606292854468,False,11.85,12.05,1.2820512820512775,2.991452991453003,0.6410256410256387,1.4957264957265015,32.9,32.9,32.9,🟠 C 低一致,🔵 技術低於基本面,技術目標,11.85,12.05,🟢 合理,11.60449802563401,11.683214002596834,0.8229737654746216,0.14367619560364808,False,NO,🔴 不追,第一目標風報不足,
2515,中工,11.9,11.943402057208337,12.112152108298032,11.774652006118641,技術結構,1.4129144299203065,1.0533444863979755,False,12.15,12.4,2.1008403361344463,4.201680672268915,1.0504201680672232,2.1008403361344574,5.14,9.12,13.11,🟠 C 低一致,🟡 共振但估值分歧,共振目標,12.15,12.4,🔵 偏便宜,11.914320085381584,11.943402057208337,-0.1201922164165703,-0.36339777393780137,False,B,🟡 B 等確認,等支撐或量價確認,
2516,新建,15.35,14.92840463263937,15.209654510024102,14.384274467835867,技術結構,3.6449317806795007,6.291371545043208,False,15.65,16.35,1.9543973941368087,6.514657980456029,0.3106472698590854,1.0354908995302847,8.88,11.23,13.58,🟡 B 中等,🔴 基本面背離,技術目標,15.65,16.35,🔴 過熱,14.92840463263937,14.665524345220598,2.8241153541541664,4.6672429752057765,False,NO,🔴 不追,等待回到合理價格區,
2520,冠德,36.5,37.02908096070036,37.71211687934486,36.13729454053435,技術結構,2.408340679890173,0.9937135875771269,False,36.85,37.55,0.9589041095890538,2.876712328767117,0.4794520547945269,1.4383561643835585,30.95,31.54,32.13,🟢 A 高一致,🔴 基本面背離,技術目標,36.85,37.55,🔵 偏便宜,37.02908096070036,36.82033045917885,-1.4288255257047466,-0.869982575343764,False,NO,🔴 不追,第一目標風報不足,
2524,京城,34.7,34.84318469088588,35.611934445655336,34.07443493611642,技術結構,2.206313118589717,1.8027811639296385,False,36.0,36.55,3.746397694524495,5.331412103746391,1.8731988472622474,2.6657060518731956,10.53,26.76,42.99,🟠 C 低一致,🟡 共振但估值分歧,共振目標,36.0,36.55,🔵 偏便宜,34.81117965901795,34.84318469088588,-0.319379176767276,-0.41094030914839985,False,B,🟡 B 等確認,等支撐或量價確認,
2527,宏璟,50.0,47.35353315212831,48.43031911164456,44.804762275143155,技術結構,5.382430216552062,10.39047544971369,False,52.0,54.6,4.0000000000000036,9.200000000000008,0.3849679467853633,0.8854262776063355,75.64,97.55,119.45,🟡 B 中等,🔵 技術低於基本面,技術目標,52.0,54.6,🔴 過熱,47.35353315212831,45.881548234659405,5.5887421100546675,8.976270251990925,False,NO,🔴 不追,等待回到合理價格區,
2528,皇普,19.4,19.84631849690839,20.18917566020141,19.503461333615366,技術結構,1.727560521345214,,True,19.7,19.9,1.546391752577314,2.577319587628857,,,10.31,12.06,13.81,🟢 A 高一致,🔴 基本面背離,技術目標,19.7,19.9,🔵 偏便宜,19.70389652556311,19.84631849690839,-1.5423168974159407,-2.2488729936381735,False,NO,🔴 結構失效,現價已跌破防守位，等待重新形成結構,
2530,華建,20.05,20.14245844327241,20.613886892085713,19.546812822058648,技術結構,2.957164453839091,2.509661735368343,False,20.4,21.05,1.74563591022443,4.987531172069826,0.6955662134156989,1.9873320383305784,7.85,7.85,7.85,🟠 C 低一致,🔴 基本面背離,技術目標,20.4,21.05,🔵 偏便宜,20.14245844327241,20.01824127087195,-0.4590226338696546,0.158648947718798,False,NO,🔴 不追,第一目標風報不足,
2534,宏盛,16.95,16.949802120771217,17.139980733071546,16.759623508470888,技術結構,1.1220108113667815,1.1231651417646684,False,17.1,17.3,0.884955752212413,2.06489675516226,0.4424778761062065,1.03244837758113,20.94,20.94,20.94,🟠 C 低一致,🔵 技術低於基本面,技術目標,17.1,17.3,🟢 合理,16.905290988906838,16.949802120771217,0.26446756298073026,0.0011674427074170879,False,NO,🔴 不追,第一目標風報不足,
2535,達欣工,89.2,89.56930115206895,90.46930131555597,88.66930098858192,技術結構,1.0048087368226972,0.5949540486749766,False,89.8,90.7,0.6726457399103047,1.681614349775784,0.33632286995515237,0.840807174887892,47.63,105.4,163.17,🟠 C 低一致,🟡 共振但估值分歧,共振目標,89.8,90.7,🔵 偏便宜,89.5130302795352,89.56930115206895,-0.34970358902793874,-0.41230772967844054,False,NO,🔴 不追,第一目標風報不足,
2536,宏普,19.15,19.443613805724247,19.665935234295677,19.221292377152817,技術結構,1.1434161920351344,,True,19.75,19.95,3.1331592689295196,4.177545691906004,,,31.89,36.62,41.34,🟢 A 高一致,🔵 技術低於基本面,技術目標,19.75,19.95,🔵 偏便宜,19.282519108738292,19.443613805724247,-0.687249980103688,-1.5100783663878792,False,NO,🔴 結構失效,現價已跌破防守位，等待重新形成結構,
2537,聯上發,11.25,11.338478499710511,11.499192591283954,11.177764408137069,技術結構,1.4174220251645395,0.6420941498927214,False,11.5,11.75,2.2222222222222143,4.444444444444451,1.1111111111111072,2.2222222222222254,7.04,9.31,11.57,🟡 B 中等,✅ 技術×基本面共振,共振目標,11.5,11.57,🔵 偏便宜,11.317968886079596,11.338478499710511,-0.600539608862094,-0.7803383823744126,False,B,🟡 B 等確認,等支撐或量價確認,
2538,基泰,8.92,8.772921160567165,8.896135378843052,8.649706942291278,技術結構,1.4044833644432448,3.030191229918407,False,9.0,9.15,0.8968609865470878,2.578475336322872,0.29597504530142715,0.8509282552416013,10.7,10.7,10.7,🟠 C 低一致,🔵 技術低於基本面,技術目標,9.0,9.15,🔴 過熱,8.721963535786971,8.772921160567165,2.270549095974417,1.6765093033541678,False,NO,🔴 不追,等待回到合理價格區,
2539,櫻花建,34.3,34.95301624096675,35.453908812007306,34.45212366992619,技術結構,1.433045341745034,,True,35.8,36.15,4.37317784256559,5.393586005830908,,,17.67,36.93,56.19,🟠 C 低一致,🟡 共振但估值分歧,共振目標,35.8,36.15,🔵 偏便宜,34.641883598769546,34.95301624096675,-0.9869082256880879,-1.868268639435422,False,NO,🔴 結構失效,現價已跌破防守位，等待重新形成結構,
2540,愛山林,48.45,48.764545315002486,49.74490213088558,47.75850748024927,技術結構,2.0630518099872575,1.4272291429323665,False,48.8,49.7,0.722394220846212,2.579979360165119,0.361197110423106,1.2899896800825594,,,,,⚪ 基本面不足,技術目標,48.8,49.7,🔵 偏便宜,48.764545315002486,48.73886429613236,-0.6450287047087722,-0.5926775280959529,False,NO,🔴 不追,第一目標風報不足,
2542,興富發,38.65,44.18360886077958,45.34075175879419,43.026465962764966,技術結構,2.61894156645446,,True,43.75,44.6,13.19534282018111,15.394566623544637,,,24.34,40.93,57.52,🟠 C 低一致,🟡 共振但估值分歧,共振目標,43.75,44.6,🔵 偏便宜,42.060366809205135,44.18360886077958,-8.108266921863272,-12.524121508986996,False,NO,🔴 結構失效,現價已跌破防守位，等待重新形成結構,
2543,皇昌,38.5,38.47438064285504,39.12527333651087,37.823487949199205,技術結構,1.6917561316915162,1.7571741579241438,False,39.5,40.35,2.5974025974025983,4.805194805194812,1.2987012987012991,2.402597402597406,20.78,27.69,34.6,🟡 B 中等,🔴 基本面背離,技術目標,39.5,40.35,🟢 合理,38.38707842827346,38.47438064285504,0.2941655795387854,0.0665880950307729,False,B,🟡 B 等確認,等支撐或量價確認,
2545,皇翔,34.45,34.17818095609734,34.689788221569756,33.66458138346597,技術結構,1.502711842069949,2.279879873828827,False,35.0,35.4,1.5965166908562978,2.757619738751793,0.7002635135223638,1.2095460688113584,25.42,27.91,30.39,🟢 A 高一致,🔴 基本面背離,技術目標,35.0,35.4,🟢 合理,34.17818095609734,34.176188648938385,0.7952999144448913,0.8011757948618525,False,NO,🔴 不追,第一目標風報不足,
2546,根基,105.0,105.45258335910519,107.30079764481948,103.04193806586903,技術結構,2.285999277065613,1.8648208896485399,False,107.0,108.5,1.904761904761898,3.3333333333333437,0.952380952380949,1.6666666666666718,47.88,119.54,191.21,🟠 C 低一致,🟡 共振但估值分歧,共振目標,107.0,108.5,🔵 偏便宜,105.45258335910519,104.89015235158332,-0.4291818604044817,0.10472636940070945,False,C,🟠 C 觀察,條件未齊，不急進,
2547,日勝生,9.79,9.930902398525953,10.034295165750946,9.827509631300961,技術結構,1.0411215726008844,,True,10.1,10.2,3.166496424923393,4.18794688457611,,,0.22,6.51,12.8,🟠 C 低一致,🟡 共振但估值分歧,共振目標,10.1,10.2,🔵 偏便宜,9.87379486375116,9.930902398525953,-0.8486591519010545,-1.4188277446656627,False,NO,🔴 結構失效,現價已跌破防守位，等待重新形成結構,
2548,華固,91.6,93.66205885274482,94.95848758766041,92.36563011782923,技術結構,1.3841557091477508,,True,95.7,97.2,4.475982532751099,6.113537117903944,,,72.55,73.41,74.28,🟢 A 高一致,🔴 基本面背離,技術目標,95.7,97.2,🔵 偏便宜,93.08035905354663,93.66205885274482,-1.5904096939452383,-2.2015946243364004,False,NO,🔴 結構失效,現價已跌破防守位，等待重新形成結構,
2596,綠意,35.1,35.17822910240585,35.80501481669157,34.366583115622795,技術結構,2.3072394702425396,2.089506793097453,False,35.7,36.45,1.7094017094017033,3.8461538461538547,0.8180886106944463,1.8406993740625148,31.07,42.21,53.36,🟡 B 中等,✅ 技術×基本面共振,共振目標,35.7,36.45,🔵 偏便宜,35.17822910240585,34.99336882990851,-0.22237930788988614,0.3047182184996,False,C,🟠 C 觀察,條件未齊，不急進,
2597,潤弘,168.0,169.16491410127833,171.5220569584212,166.80777124413547,技術結構,1.3933993757899759,0.7096599737288891,False,169.0,171.5,0.5952380952380931,2.083333333333326,0.29761904761904656,1.041666666666663,27.37,79.26,131.16,🟠 C 低一致,🔴 基本面背離,技術目標,169.0,171.5,🔵 偏便宜,168.74269159179119,169.16491410127833,-0.44013259761663814,-0.6886263073327958,False,NO,🔴 不追,第一目標風報不足,
2603,長榮,239.5,239.90748553719692,244.32712839433978,232.98554776952886,技術結構,2.8852529349672293,2.7200218081299106,False,245.5,256.5,2.5052192066805867,7.098121085594999,0.9210290885141813,2.6095824174568483,310.03,333.09,356.14,🟢 A 高一致,🔵 技術低於基本面,技術目標,245.5,256.5,🔵 偏便宜,239.90748553719692,237.40519062667173,-0.16985111418449383,0.8823772419628506,False,C,🟠 C 觀察,條件未齊，不急進,
2605,新興,35.55,36.20388070419847,37.30209523514329,34.89461087834359,技術結構,3.616379792410055,1.8435699624652757,False,36.75,38.2,3.3755274261603407,7.454289732770758,1.6877637130801704,3.727144866385379,48.6,78.31,108.02,🟠 C 低一致,🔵 技術低於基本面,技術目標,36.75,38.2,🔵 偏便宜,36.20388070419847,35.992825409288415,-1.8061066700030382,-1.2303157761383798,False,B,🟡 B 等確認,等支撐或量價確認,
2606,裕民,73.6,75.58581551154911,77.35902987900691,73.60732534575368,技術結構,2.6175416014306707,,True,77.5,79.5,5.2989130434782705,8.016304347826097,,,70.02,86.66,103.31,🟡 B 中等,✅ 技術×基本面共振,共振目標,77.5,79.5,🔵 偏便宜,75.58581551154911,75.38053971321148,-2.6272330305752933,-2.3620681411749223,False,NO,🔴 結構失效,現價已跌破防守位，等待重新形成結構,
2607,榮運,53.8,53.47656951926402,53.94264135655301,52.58313993516631,技術結構,1.6706935245273489,2.261821681847006,False,54.6,55.7,1.486988847583648,3.5315985130111693,0.6574297432542832,1.5613956402289249,70.95,74.46,77.96,🟢 A 高一致,🔵 技術低於基本面,技術目標,54.6,55.7,🟢 合理,53.47656951926402,53.0492117724553,0.6048078319972783,1.4152674515977015,False,NO,🔴 不追,第一目標風報不足,
2608,嘉里大榮,28.6,28.71171115315409,28.952782499982007,28.470639806326176,技術結構,0.8396272362242434,0.4523083694889006,False,28.75,28.95,0.5244755244755206,1.2237762237762073,0.2622377622377603,0.6118881118881037,21.79,25.74,29.68,🟢 A 高一致,✅ 技術×基本面共振,共振目標,28.75,28.95,🔵 偏便宜,28.70857214744191,28.71171115315409,-0.3781872079332338,-0.3890787022696074,False,NO,🔴 不追,第一目標風報不足,
2609,陽明,59.4,59.65236015129324,61.055931784223446,57.74499158873609,技術結構,3.1974737591598794,2.786209446572234,False,60.5,63.1,1.85185185185186,6.228956228956228,0.6646491900062007,2.2356381845663016,48.75,80.28,111.8,🟠 C 低一致,🟡 共振但估值分歧,共振目標,60.5,63.1,🔵 偏便宜,59.65236015129324,59.1485632216663,-0.42305141096377064,0.4250936364952995,False,NO,🔴 不追,第一目標風報不足,
2610,華航,20.45,20.350159171298465,20.583195151250596,20.117123191346334,技術結構,1.1451309937703154,1.6277594555191468,False,20.6,21.0,0.7334963325183574,2.689486552567244,0.3667481662591787,1.344743276283622,24.01,27.9,31.79,🟢 A 高一致,🔵 技術低於基本面,技術目標,20.6,21.0,🟢 合理,20.30613921046514,20.350159171298465,0.7084595847777875,0.490614485425489,False,NO,🔴 不追,第一目標風報不足,
2611,志信,14.5,14.327983702283433,14.523519314389755,14.13244809017711,技術結構,1.364711296224885,2.5348407573992393,False,14.8,18.45,2.0689655172413834,27.241379310344826,0.8162112397798722,10.746781323768296,20.1,22.43,24.76,🟢 A 高一致,🔵 技術低於基本面,技術目標,14.8,18.45,🟢 合理,14.242280629381082,14.327983702283433,1.809537231609215,1.2005617907644206,False,C,🟠 C 觀察,條件未齊，不急進,
2612,中航,61.8,62.25158466215448,63.54801286573724,60.7187419116083,技術結構,2.4623353106030472,1.749608557268122,False,63.0,65.8,1.9417475728155331,6.472491909385103,0.9708737864077666,3.2362459546925515,64.9,73.75,82.61,🟢 A 高一致,✅ 技術×基本面共振,共振目標,64.9,65.8,🔵 偏便宜,62.25158466215448,62.01517011519106,-0.7254187417160107,-0.34696367806682504,False,C,🟠 C 觀察,條件未齊，不急進,
2613,中櫃,22.4,22.274246510411643,22.59835381675581,21.950139204067476,技術結構,1.455076409398047,2.0083071246987623,False,22.6,23.1,0.8928571428571619,3.125000000000022,0.44458197248644765,1.5560369037025445,13.39,18.29,23.19,🟡 B 中等,✅ 技術×基本面共振,共振目標,22.6,23.1,🟢 合理,22.23752492508463,22.274246510411643,0.7306347062576712,0.564568994643988,False,NO,🔴 不追,第一目標風報不足,
2614,東森,19.2,18.461469470202243,18.662362225165708,18.088913019344204,技術結構,2.0180216502232584,5.786911357582266,False,19.55,20.05,1.822916666666674,4.427083333333348,0.31500684113265504,0.7650166141793046,19.05,21.52,23.98,🟢 A 高一致,✅ 技術×基本面共振,共振目標,19.55,20.05,🔴 過熱,18.461469470202243,18.28980577430767,4.000388652646447,4.976511161047492,False,NO,🔴 不追,等待回到合理價格區,
2615,萬海,114.0,114.55192298782285,118.78406584496571,109.17057658871302,技術結構,4.697735541010412,4.236336325690335,False,117.5,125.0,3.0701754385964897,9.649122807017552,0.7247241962301441,2.277704616723313,150.98,176.15,201.31,🟢 A 高一致,🔵 技術低於基本面,技術目標,117.5,125.0,🔵 偏便宜,114.55192298782285,113.40271944585588,-0.481810320968179,0.5266897981483609,False,NO,🔴 不追,第一目標風報不足,
2616,山隆,13.3,13.314950311299027,13.38727168878076,13.242628933817294,技術結構,0.5431591991774976,0.4313613998699786,False,13.4,13.45,0.7518796992481258,1.1278195488721776,0.3759398496240629,0.5639097744360888,,,,,⚪ 基本面不足,技術目標,13.4,13.45,🔵 偏便宜,13.273764424404744,13.314950311299027,0.19764985091208498,-0.11228214112327661,False,NO,🔴 不追,第一目標風報不足,
2617,台航,31.45,32.337517638757035,33.044660291541106,31.535905027862132,技術結構,2.4788934631585864,,True,33.0,34.75,4.9284578696343395,10.492845786963434,,,38.9,46.26,53.62,🟢 A 高一致,🔵 技術低於基本面,技術目標,33.0,34.75,🔵 偏便宜,32.337517638757035,32.24304768064621,-2.74454473800837,-2.4595928043186555,False,NO,🔴 結構失效,現價已跌破防守位，等待重新形成結構,
2618,長榮航,42.85,42.184628672172025,42.86230687575479,41.47088869765399,技術結構,1.6919432432716142,3.21846278260446,False,43.2,44.6,0.8168028004667427,4.0840140023337135,0.2537866228814259,1.2689331144071294,37.87,51.9,65.93,🟡 B 中等,✅ 技術×基本面共振,共振目標,43.2,44.6,🟢 合理,42.184628672172025,42.148566901236755,1.5772838324564997,1.6641920481112793,False,NO,🔴 不追,第一目標風報不足,
2630,亞航,47.05,47.85097344714974,48.614366467779625,47.08758042651986,技術結構,1.5953552574495347,,True,47.7,49.8,1.3815090329436952,5.844845908607854,,,2.04,7.85,13.67,🟠 C 低一致,🔴 基本面背離,技術目標,47.7,49.8,🔵 偏便宜,46.95929708154019,47.85097344714974,0.1931522064785307,-1.6738916461843778,False,NO,🔴 結構失效,現價已跌破防守位，等待重新形成結構,
2633,台灣高鐵,25.65,25.824403904022923,25.99315382227941,25.655653985766435,技術結構,0.6534513589690252,,True,26.0,26.15,1.3645224171540127,1.949317738791434,,,13.99,14.52,15.06,🟢 A 高一致,🔴 基本面背離,技術目標,26.0,26.15,🔵 偏便宜,25.681765131364767,25.824403904022923,-0.12368749267149814,-0.6753453232496653,False,NO,🔴 結構失效,現價已跌破防守位，等待重新形成結構,
2634,漢翔,64.0,64.2667022725417,65.45063063961149,63.08277390547192,技術結構,1.8422111687775669,1.433165772700129,False,64.5,65.3,0.78125,2.0312499999999956,0.390625,1.0156249999999978,24.58,28.67,32.77,🟢 A 高一致,🔴 基本面背離,技術目標,64.5,65.3,🔵 偏便宜,63.610896264657406,64.2667022725417,0.6116935276681223,-0.4149929327487145,False,NO,🔴 不追,第一目標風報不足,
2636,台驊控股,71.7,70.9004836774738,71.85405486081468,69.47768211297685,技術結構,2.0067586153139274,3.099467066977897,False,72.2,78.9,0.6973500697350143,10.041841004184104,0.22499031435586705,3.2398605267244522,99.74,104.37,109.0,🟢 A 高一致,🔵 技術低於基本面,技術目標,72.2,78.9,🟢 合理,70.9004836774738,70.43125329631773,1.1276598988565478,1.8013973119921811,False,NO,🔴 不追,第一目標風報不足,
2637,慧洋-KY,96.4,98.9116701074788,101.76166978050475,95.44104066069374,技術結構,3.5088169505315396,0.9947710988654164,False,103.5,108.0,7.365145228215764,12.03319502074689,3.682572614107882,6.016597510373445,97.59,109.13,120.67,🟢 A 高一致,✅ 技術×基本面共振,共振目標,103.5,108.0,🔵 偏便宜,98.9116701074788,98.29104033371969,-2.539306135210917,-1.9239193392390441,False,A+,🟢 A+ 優先候選,合理位置可優先分批,
2640,大車隊,157.0,159.22542820690398,162.30578534976112,155.3083636652939,技術結構,2.4600747416550086,1.077475372424261,False,159.0,162.0,1.273885350318471,3.1847133757961776,0.6369426751592355,1.5923566878980888,121.7,170.56,219.42,🟡 B 中等,✅ 技術×基本面共振,共振目標,159.0,162.0,🔵 偏便宜,159.22542820690398,158.38872080815105,-1.3976587985759292,-0.876780114812048,False,NO,🔴 不追,第一目標風報不足,
2641,正德,17.5,17.652300045200562,17.874621187669696,17.429978902731428,技術結構,1.2594457487118262,0.40012055582041384,False,17.8,18.15,1.7142857142857126,3.7142857142857144,0.8571428571428563,1.8571428571428572,24.85,25.64,26.43,🟡 B 中等,🔵 技術低於基本面,技術目標,17.8,18.15,🔵 偏便宜,17.53454090129849,17.652300045200562,-0.19698777112512333,-0.862777342389276,False,C,🟠 C 觀察,條件未齊，不急進,
2642,宅配通,20.4,20.360759681344714,20.50540221151352,20.215302512653757,技術結構,0.7143995163610225,0.9053798399325562,False,20.6,20.75,0.9803921568627638,1.71568627450982,0.4901960784313819,0.85784313725491,,,,,⚪ 基本面不足,技術目標,20.6,20.75,🟢 合理,20.360759681344714,20.359945042822563,0.19272521884945437,0.19673411246046157,False,NO,🔴 不追,第一目標風報不足,
2643,捷迅,62.6,62.73300546619506,63.022291548326585,62.38176214257018,技術結構,0.5599019543454724,0.34862277544699655,False,63.0,63.5,0.6389776357827559,1.437699680511173,0.31948881789137795,0.7188498402555865,73.66,76.56,79.46,🟡 B 中等,🔵 技術低於基本面,技術目標,63.0,63.5,🔵 偏便宜,62.73300546619506,62.67104822470171,-0.21201832306079194,-0.11336690021039875,False,NO,🔴 不追,第一目標風報不足,
2645,長榮航太,173.0,173.9633692856347,176.45444071420613,171.4722978570633,技術結構,1.4319517027066,0.8830648225067652,False,176.0,178.5,1.7341040462427681,3.1791907514450823,0.8670520231213841,1.5895953757225412,52.64,93.87,135.09,🟠 C 低一致,🔴 基本面背離,技術目標,176.0,178.5,🔵 偏便宜,172.63846856249737,173.9633692856347,0.20941534092198122,-0.553777090884533,False,C,🟠 C 觀察,條件未齊，不急進,
2646,星宇航空,20.15,20.387238286614142,20.569381143757,20.205095429471285,技術結構,0.8934160408692939,,True,20.55,21.45,1.985111662531036,6.451612903225801,,,,,,,⚪ 基本面不足,技術目標,20.55,21.45,🔵 偏便宜,20.237248876659912,20.387238286614142,-0.43113012639054427,-1.1636607336360516,False,NO,🔴 結構失效,現價已跌破防守位，等待重新形成結構,
2701,萬企,10.3,10.374538796615255,10.444181500489025,10.304896092741485,技術結構,0.6712848179476778,,True,10.4,10.45,0.9708737864077666,1.4563106796116276,,,7.02,14.46,21.91,🟠 C 低一致,🟡 共振但估值分歧,共振目標,10.4,10.45,🔵 偏便宜,10.3114200065434,10.374538796615255,-0.1107510559763103,-0.7184781711893851,False,NO,🔴 結構失效,現價已跌破防守位，等待重新形成結構,
2702,華園,12.25,12.682857034482693,12.822142728332528,12.543571340632857,技術結構,1.0982201681461803,,True,12.5,12.65,2.0408163265306145,3.2653061224489743,,,8.02,17.02,26.01,🟠 C 低一致,🟡 共振但估值分歧,共振目標,12.5,12.65,🔵 偏便宜,12.664816794020922,12.682857034482693,-3.275347766710357,-3.4129300149471242,False,NO,🔴 結構失效,現價已跌破防守位，等待重新形成結構,
2704,國賓,45.45,45.45826579478759,45.93237289677298,44.984158692802204,技術結構,1.04295026151163,1.024953371172275,False,45.8,46.15,0.7700770077007535,1.5401540154015292,0.38503850385037675,0.7700770077007646,41.54,73.13,104.71,🟠 C 低一致,🟡 共振但估值分歧,共振目標,45.8,46.15,🔵 偏便宜,45.327337007238,45.45826579478759,0.2706159259751262,-0.018183260278570312,False,NO,🔴 不追,第一目標風報不足,
2705,六福,15.1,15.374825274228144,15.567682335341773,15.181968213114514,技術結構,1.254369124030983,,True,15.4,15.85,1.9867549668874274,4.966887417218535,,,29.66,29.66,29.66,🟠 C 低一致,🔵 技術低於基本面,技術目標,15.4,15.85,🔵 偏便宜,15.204695024079959,15.374825274228144,-0.6885703653651154,-1.7875017720612174,False,NO,🔴 結構失效,現價已跌破防守位，等待重新形成結構,
2706,第一店,12.2,12.22649989652339,12.282749661510788,12.17025013153599,技術結構,0.4600643312759821,0.2438513808525324,False,12.55,12.6,2.868852459016402,3.2786885245901676,1.434426229508201,1.6393442622950838,8.61,16.34,24.06,🟠 C 低一致,🟡 共振但估值分歧,共振目標,12.55,12.6,🔵 偏便宜,12.150640283892475,12.22649989652339,0.406231399780288,-0.21674147750924133,False,B,🟡 B 等確認,等支撐或量價確認,
2707,晶華,175.5,177.3771424533307,178.23428531047355,176.51999959618783,技術結構,0.4832318557439734,,True,178.0,180.0,1.4245014245014342,2.564102564102555,,,52.06,180.06,308.05,🟠 C 低一致,🟡 共振但估值分歧,共振目標,178.0,180.0,🔵 偏便宜,176.61508446437475,177.3771424533307,-0.6313642278950815,-1.0582775364219144,False,NO,🔴 結構失效,現價已跌破防守位，等待重新形成結構,
2712,遠雄來,13.55,13.831571405619965,13.992285742423945,13.670857068815984,技術結構,1.161938380614369,,True,14.4,14.6,6.27306273062731,7.749077490774892,,,,,,,⚪ 基本面不足,技術目標,14.4,14.6,🔵 偏便宜,13.57170478876346,13.831571405619965,-0.15992676750108403,-2.0357152297645453,False,NO,🔴 結構失效,現價已跌破防守位，等待重新形成結構,
2718,全心投控,40.45,41.44247546613066,41.84961795542771,41.03533297683361,技術結構,0.9824280155025804,,True,41.25,42.75,1.9777503090234738,5.6860321384425205,,,46.75,56.54,66.33,🟢 A 高一致,🔵 技術低於基本面,技術目標,41.25,42.75,🔵 偏便宜,40.68976429735663,41.44247546613066,-0.5892496589669505,-2.394826696445218,False,NO,🔴 結構失效,現價已跌破防守位，等待重新形成結構,
2719,燦星旅,19.75,19.75843063904467,19.95664474083605,19.560216537253286,技術結構,1.003187476841867,0.9609289252998181,False,20.3,20.9,2.784810126582271,5.822784810126569,1.3924050632911356,2.9113924050632844,11.95,14.83,17.72,🟡 B 中等,🔴 基本面背離,技術目標,20.3,20.9,🔵 偏便宜,19.5500786093135,19.75843063904467,1.0226116972811505,-0.042668566136061514,False,B,🟡 B 等確認,等支撐或量價確認,
2722,夏都,21.4,21.34278669641209,21.60260822716291,21.08296516566127,技術結構,1.2173739748544556,1.4814711884987266,False,21.85,22.05,2.102803738317771,3.0373831775700966,1.0514018691588856,1.5186915887850483,,,,,⚪ 基本面不足,技術目標,21.85,22.05,🟢 合理,21.2363629797567,21.34278669641209,0.7705510609292476,0.26806857230843306,False,B,🟡 B 等確認,等支撐或量價確認,
2723,美食-KY,77.4,78.12698076271639,79.32698125317746,76.45981189124389,技術結構,2.1339220525313083,1.2147133188063537,False,80.0,83.8,3.3591731266149782,8.268733850129184,1.6795865633074891,4.134366925064592,,,,,⚪ 基本面不足,技術目標,80.0,83.8,🔵 偏便宜,78.12698076271639,77.65981238170497,-0.930511784301935,-0.3345519049517631,False,B,🟡 B 等確認,等支撐或量價確認,
2726,雅茗-KY,8.0,8.127811099456984,8.249953980101102,8.005668218812866,技術結構,1.5027770595244043,,True,8.13,8.26,1.6250000000000098,3.2499999999999973,,,,,,,⚪ 基本面不足,技術目標,8.13,8.26,🔵 偏便宜,8.052098193275468,8.127811099456984,-0.6470138841448314,-1.5725156243545535,False,NO,🔴 結構失效,現價已跌破防守位，等待重新形成結構,
2727,王品,236.0,231.489626796592,233.1235553680206,229.28512445242723,技術結構,0.9523115029693567,2.8452862489715143,False,238.0,242.0,0.8474576271186418,2.5423728813559254,0.29784617538041114,0.8935385261412334,90.05,226.4,362.75,🟠 C 低一致,🟡 共振但估值分歧,共振目標,238.0,242.0,🔴 過熱,231.489626796592,230.9190530238558,1.9484126635925803,2.200315179544443,False,NO,🔴 不追,等待回到合理價格區,
2729,瓦城,156.0,156.63855056208203,158.51355056208203,154.4369341377088,技術結構,1.4055393237954246,1.00196529634052,False,158.0,159.5,1.2820512820512775,2.2435897435897356,0.6410256410256387,1.1217948717948678,93.5,100.95,108.4,🟢 A 高一致,🔴 基本面背離,技術目標,158.0,159.5,🔵 偏便宜,156.63855056208203,156.3119341377088,-0.4076586254090464,-0.19955874734041146,False,NO,🔴 不追,第一目標風報不足,
2731,雄獅,144.5,143.4984161918512,144.8109161918512,142.0689153972243,技術結構,0.9961787959497217,1.6824114898101816,False,145.5,146.5,0.6920415224913601,1.384083044982698,0.34602076124568004,0.692041522491349,82.18,172.02,261.86,🟠 C 低一致,🟡 共振但估值分歧,共振目標,145.5,146.5,🟢 合理,143.4984161918512,143.3814153972243,0.6979755141058419,0.7801461574896473,False,NO,🔴 不追,第一目標風報不足,
2732,六角,63.1,63.41461937287339,64.36819145539292,62.45115188959739,技術結構,1.519314462191879,1.0282854364542167,False,63.6,64.7,0.7923930269413626,2.535657686212356,0.3961965134706813,1.267828843106178,60.6,73.07,85.53,🟢 A 高一致,✅ 技術×基本面共振,共振目標,63.6,64.7,🔵 偏便宜,63.41461937287339,63.40472397211692,-0.4961306651128039,-0.48060137009811044,False,NO,🔴 不追,第一目標風報不足,
2734,易飛網,14.45,14.60783115407959,14.725688327590552,14.48997398056863,技術結構,0.8068081583626914,,True,14.7,15.0,1.730103806228378,3.806228373702436,,,,,,,⚪ 基本面不足,技術目標,14.7,15.0,🔵 偏便宜,14.499662853348365,14.60783115407959,-0.34251040076354045,-1.0804557666010073,False,NO,🔴 結構失效,現價已跌破防守位，等待重新形成結構,
2736,富野,11.325,11.440038344293786,11.53914546671505,11.340931221872522,技術結構,0.8663180964834639,,True,11.55,11.65,1.9867549668874274,2.8697571743929506,,,,,,,⚪ 基本面不足,技術目標,11.55,11.65,🔵 偏便宜,11.344722889403533,11.440038344293786,-0.17385078151143096,-1.005576562172683,False,NO,🔴 結構失效,現價已跌破防守位，等待重新形成結構,
2739,寒舍,36.55,36.867873041419664,37.37948034776383,36.356265735075496,技術結構,1.3876778456120753,0.5300527084117677,False,37.7,38.2,3.146374829001375,4.514363885088946,1.5731874145006874,2.257181942544473,30.62,64.38,98.13,🟠 C 低一致,🟡 共振但估值分歧,共振目標,37.7,38.2,🔵 偏便宜,36.70827708497681,36.867873041419664,-0.43117546653146377,-0.8621952263493715,False,B,🟡 B 等確認,等支撐或量價確認,
2740,華軒,29.025,30.95056184523128,31.314847702568144,30.586275987894417,技術結構,1.1769927123083581,,True,30.75,31.25,5.943152454780365,7.665805340223941,,,,,,,⚪ 基本面不足,技術目標,30.75,31.25,🔵 偏便宜,30.659607707040642,30.95056184523128,-5.331469739142403,-6.22141160105617,False,NO,🔴 結構失效,現價已跌破防守位，等待重新形成結構,
2743,山富,53.3,54.56428071638643,55.357138308832894,53.77142312393996,技術結構,1.4530707305894353,,True,55.4,58.1,3.9399624765478425,9.005628517823649,,,53.33,60.43,67.53,🟢 A 高一致,✅ 技術×基本面共振,共振目標,55.4,58.1,🔵 偏便宜,53.72163989168409,54.56428071638643,-0.7848604259553915,-2.317048259021126,False,NO,🔴 結構失效,現價已跌破防守位，等待重新形成結構,
2745,五福,84.9,85.65221139926054,86.38078274608846,84.92364005243262,技術結構,0.850615920973419,,True,88.5,90.0,4.240282685512353,6.0070671378091856,,,77.39,135.08,192.76,🟠 C 低一致,🟡 共振但估值分歧,共振目標,88.5,90.0,🔵 偏便宜,84.69534935336095,85.65221139926054,0.24163150421072643,-0.8782159701098191,False,NO,🔴 結構失效,現價已跌破防守位，等待重新形成結構,
2748,雲品,38.8,38.80754757571573,39.09147671934889,38.52361843208257,技術結構,0.7316338222073873,0.7123236286531591,False,39.1,39.9,0.7731958762886793,2.8350515463917647,0.3865979381443396,1.4175257731958824,31.99,34.63,37.27,🟢 A 高一致,🔴 基本面背離,技術目標,39.1,39.9,🔵 偏便宜,38.785257149467306,38.80754757571573,0.03801148069193516,-0.019448731463922453,False,NO,🔴 不追,第一目標風報不足,
2751,王座,52.7,53.43918334172815,54.18382603538399,52.6400877550793,技術結構,1.4953364491722634,0.11368547423283304,False,53.6,54.4,1.7077798861480087,3.2258064516129004,0.8538899430740043,1.6129032258064502,60.1,73.93,87.76,🟡 B 中等,🔵 技術低於基本面,技術目標,53.6,54.4,🔵 偏便宜,53.43918334172815,53.384730448735134,-1.383223499134123,-1.2826335226936658,False,C,🟠 C 觀察,條件未齊，不急進,
2752,豆府,177.0,178.20845271759643,179.36023843188215,177.0566670033107,技術結構,0.6463137391754,,True,179.0,180.0,1.1299435028248483,1.6949152542372836,,,130.44,215.96,301.48,🟠 C 低一致,🟡 共振但估值分歧,共振目標,179.0,180.0,🔵 偏便宜,178.03752489629034,178.20845271759643,-0.5827563020181947,-0.6781118960229371,False,NO,🔴 結構失效,現價已跌破防守位，等待重新形成結構,
2753,八方雲集,180.0,179.5093522638833,180.58078083531188,178.2245460654989,技術結構,0.7157321789539355,0.9863632969450482,False,181.0,182.5,0.5555555555555536,1.388888888888884,0.2777777777777768,0.694444444444442,97.93,175.99,254.05,🟠 C 低一致,🟡 共振但估值分歧,共振目標,181.0,182.5,🟢 合理,179.5093522638833,179.2959746369275,0.27332711634735496,0.3926609978267104,False,NO,🔴 不追,第一目標風報不足,
2754,亞洲藏壽司,68.0,68.79110391559315,69.55717648857376,68.02503134261255,技術結構,1.1136215722320395,,True,69.3,69.9,1.9117647058823461,2.794117647058836,,,71.36,76.01,80.65,🟢 A 高一致,🔵 技術低於基本面,技術目標,69.3,69.9,🔵 偏便宜,68.48989595212538,68.79110391559315,-0.7152820796629933,-1.1500090426864507,False,NO,🔴 結構失效,現價已跌破防守位，等待重新形成結構,
2755,揚秦,98.9,99.60109617168042,100.06716751850834,99.13502482485251,技術結構,0.467937969301622,,True,99.6,100.0,0.707785642062686,1.1122345803842304,,,83.88,96.53,109.18,🟢 A 高一致,✅ 技術×基本面共振,共振目標,99.6,100.0,🔵 偏便宜,98.97041820694743,99.60109617168042,-0.07115076224107897,-0.7039040719712064,False,NO,🔴 結構失效,現價已跌破防守位，等待重新形成結構,
2756,聯發國際,62.8,62.707305501805,63.65016244030336,61.4874878639974,技術結構,1.9452560240728083,2.08998747771114,False,63.9,64.9,1.7515923566878921,3.343949044585992,0.8380874887375676,1.5999852057717276,44.65,47.31,49.97,🟢 A 高一致,🔴 基本面背離,技術目標,63.9,64.9,🟢 合理,62.707305501805,62.43034480249576,0.14782089176568203,0.5921082106364661,False,C,🟠 C 觀察,條件未齊，不急進,
2762,世界健身-KY,79.2,80.44684238818077,81.14327112309637,79.75041365326517,技術結構,0.8657005225327759,,True,80.6,82.8,1.7676767676767513,4.545454545454541,,,44.25,85.92,127.6,🟠 C 低一致,🟡 共振但估值分歧,共振目標,80.6,82.8,🔵 偏便宜,79.6052173991986,80.44684238818077,-0.5090337196951955,-1.5498959948786695,False,NO,🔴 結構失效,現價已跌破防守位，等待重新形成結構,
2801,彰銀,27.6,27.89007440692512,28.449896039855332,26.784489135144554,技術結構,3.9640814708835923,2.954749510345824,False,29.75,31.1,7.789855072463769,12.681159420289845,2.636384250234479,4.291788314335195,27.39,28.41,29.42,🟢 A 高一致,🔴 基本面背離,技術目標,29.75,31.1,🔵 偏便宜,27.89007440692512,27.344310768074763,-1.0400632235426865,0.9350728716255086,False,B,🟡 B 等確認,等支撐或量價確認,
2812,台中銀,18.85,19.138216099621157,19.34446597700589,18.931966222236426,技術結構,1.0776860095587195,,True,19.05,19.4,1.0610079575596787,2.9177718832890998,,,23.58,24.22,24.87,🟢 A 高一致,🔵 技術低於基本面,技術目標,19.05,19.4,🔵 偏便宜,19.077116805472887,19.138216099621157,-1.1905195517161626,-1.5059716021644354,False,NO,🔴 結構失效,現價已跌破防守位，等待重新形成結構,
2816,旺旺保,40.3,40.09990138125072,40.72400827887732,38.83020832705564,技術結構,3.166324630386108,3.6471257393160315,False,40.95,41.4,1.6129032258064724,2.7295285359801635,0.4422395445321143,0.7484053830543417,79.4,178.51,277.63,🟠 C 低一致,🔵 技術低於基本面,技術目標,40.95,41.4,🟢 合理,40.09990138125072,39.45431522468224,0.49900027645164435,2.143453182501842,False,NO,🔴 不追,第一目標風報不足,
2820,華票,16.85,17.098159390810427,17.288337900931364,16.863588591494626,技術結構,1.371906729573905,,True,17.3,17.45,2.6706231454005858,3.5608308605341144,,,35.07,35.18,35.29,🟢 A 高一致,🔵 技術低於基本面,技術目標,17.3,17.45,🔵 偏便宜,17.098159390810427,17.053767101615563,-1.4513807313306537,-1.1948509698848753,False,NO,🔴 結構失效,現價已跌破防守位，等待重新形成結構,
2832,台產,56.9,57.94681941802098,58.659319663251516,57.23431917279044,技術結構,1.229576105101905,,True,57.5,58.0,1.0544815465729274,1.9332161687170446,,,76.93,90.31,103.69,🟢 A 高一致,🔵 技術低於基本面,技術目標,57.5,58.0,🔵 偏便宜,57.598032089747704,57.94681941802098,-1.2119026717094306,-1.8065174733221445,False,NO,🔴 結構失效,現價已跌破防守位，等待重新形成結構,
2834,臺企銀,17.75,17.921946296815694,18.20051762320773,17.470296511445607,技術結構,2.5200933977261966,1.57579430171489,False,18.8,19.45,5.915492957746493,9.577464788732382,2.9577464788732466,4.788732394366191,19.06,20.55,22.04,🟢 A 高一致,✅ 技術×基本面共振,共振目標,19.06,19.45,🔵 偏便宜,17.921946296815694,17.748867837837643,-0.9594175429832874,0.0063787852425223335,False,A+,🟢 A+ 優先候選,合理位置可優先分批,
2836,高雄銀,12.1,14.097330759064107,15.490188116497972,11.832252183024476,技術結構,16.067428754789358,2.212791875830774,False,12.35,15.6,2.066115702479343,28.925619834710737,0.9337144288382917,13.072002003736054,9.21,13.67,18.12,🟡 B 中等,✅ 技術×基本面共振,共振目標,12.35,15.6,🔵 偏便宜,14.097330759064107,13.225109540458341,-14.168148518327783,-8.50737407517419,False,C,🟠 C 觀察,條件未齊，不急進,
2838,聯邦銀,20.6,26.065606563404163,29.66024919575236,20.12377292070496,技術結構,22.79568529604631,2.311781938325452,False,20.75,23.5,0.7281553398058138,14.077669902912614,0.3149757889073465,6.0895319188754575,17.63,21.89,26.15,🟡 B 中等,✅ 技術×基本面共振,共振目標,20.75,23.5,🔵 偏便宜,26.065606563404163,23.718415553053156,-20.968652887893334,-13.147655441308492,False,NO,🔴 不追,第一目標風報不足,
2845,遠東銀,13.1,13.42905487883584,13.60316206256474,13.25494769510694,技術結構,1.2964961815986946,,True,13.25,13.4,1.1450381679389388,2.2900763358778775,,,13.41,16.17,18.92,🟢 A 高一致,🔵 技術低於基本面,技術目標,13.25,13.4,🔵 偏便宜,13.347714447570345,13.42905487883584,-1.8558566602796644,-2.4503204566870163,False,NO,🔴 結構失效,現價已跌破防守位，等待重新形成結構,
2849,安泰銀,16.05,15.853323660157871,16.172073649939932,15.308415562366509,技術結構,3.437185220414126,4.620463785878453,False,16.2,16.95,0.9345794392523255,5.607476635514019,0.20226961676632665,1.2136177005979742,14.35,19.87,25.38,🟡 B 中等,✅ 技術×基本面共振,共振目標,16.2,16.95,🟢 合理,15.853323660157871,15.62716555214857,1.2406000410905005,2.705765459772036,False,NO,🔴 不追,第一目標風報不足,
2850,新產,163.0,159.7151610844224,161.8044467987081,157.16657346536581,技術結構,1.5957080102805277,3.578789285051647,False,165.0,166.5,1.2269938650306678,2.147239263803691,0.3428516649906535,0.5999904137336499,123.58,207.54,291.5,🟠 C 低一致,🟡 共振但估值分歧,共振目標,165.0,166.5,🔴 過熱,159.7151610844224,159.25585917965154,2.056685723054996,2.3510223357778193,False,NO,🔴 不追,等待回到合理價格區,
2851,中再保,47.2,47.193909401598376,48.166231279759124,45.30298174274034,技術結構,4.006719686574621,4.019106477245042,False,47.85,48.5,1.3771186440677985,2.754237288135597,0.3426429859135669,0.6852859718271338,52.05,146.9,241.76,🟠 C 低一致,🔵 技術低於基本面,技術目標,47.85,48.5,🟢 合理,47.193909401598376,46.27530362090109,0.0129054754709923,1.9982502690295778,False,NO,🔴 不追,第一目標風報不足,
2852,第一保,27.85,28.019856281117832,28.23146336266734,27.808249199568323,技術結構,0.7552040218425679,0.14991310747460923,False,28.2,28.35,1.2567324955116588,1.795332136445249,0.6283662477558294,0.8976660682226245,43.9,48.27,52.63,🟢 A 高一致,🔵 技術低於基本面,技術目標,28.2,28.35,🔵 偏便宜,27.98232098416251,28.019856281117832,-0.47287351266322997,-0.6061996871564723,False,NO,🔴 不追,第一目標風報不足,
2855,統一證,56.6,55.55526600777022,57.07133743634165,51.9715317219432,技術結構,6.450755334923214,8.17750579161979,False,59.7,63.3,5.477031802120136,11.837455830388688,0.6697680126051311,1.4475631240175422,54.99,150.73,246.47,🟠 C 低一致,🟡 共振但估值分歧,共振目標,59.7,63.3,🟢 合理,55.55526600777022,53.48760315051463,1.8805309870780995,5.818912544514387,False,NO,🔴 不追,第一目標風報不足,
2880,華南金,45.35,45.80196728320937,46.71268205938473,44.15503799068165,技術結構,3.595761034333287,2.6349768672951543,False,48.3,50.5,6.504961411245858,11.356119073869909,2.468697730133511,4.309760444131392,30.09,35.76,41.42,🟢 A 高一致,🔴 基本面背離,技術目標,48.3,50.5,🔵 偏便宜,45.80196728320937,45.06575276685701,-0.9867857430985505,0.6307388996995567,False,B,🟡 B 等確認,等支撐或量價確認,
2881,富邦金,151.0,140.20032235702942,153.66817949988658,126.73246521417228,技術結構,9.60615276515581,16.071215089952133,False,154.5,186.0,2.3178807947019875,23.178807947019877,0.14422560968343626,1.4422560968343627,115.39,149.47,183.54,🟡 B 中等,✅ 技術×基本面共振,共振目標,154.5,183.54,🟢 合理,135.48567177223663,140.20032235702942,11.450899585783759,7.703033389230374,False,NO,🔴 不追,現價風險過高,
2882,國泰金,111.0,105.63422954952999,113.48780097810142,97.78065812095856,技術結構,7.434684251556006,11.909317008145438,False,114.0,132.5,2.7027027027026973,19.369369369369373,0.22694019319950676,1.626404717929802,96.06,114.36,132.65,🟢 A 高一致,✅ 技術×基本面共振,共振目標,114.0,132.5,🟢 合理,102.88108530872732,105.63422954952999,7.891552336281538,5.07957550630318,False,NO,🔴 不追,第一目標風報不足,
2883,凱基金,38.85,35.045321096184864,39.106570932697835,30.98407125967189,技術結構,11.58856506227045,20.246920824525382,False,40.8,50.3,5.019305019305009,29.47232947232945,0.24790461042476414,1.4556450201864373,34.12,38.43,42.74,🟢 A 高一致,✅ 技術×基本面共振,共振目標,40.8,42.74,🟢 合理,34.03794175030569,35.045321096184864,14.13733616737003,10.856453257691289,True,NO,🟠 高位延伸,不追，等待回踩 EMA9/EMA20 或重新整理,
2884,玉山金,44.85,45.409129956201184,46.413594160171954,43.37062820323247,技術結構,4.489189189343476,3.2984878411762106,False,47.35,49.7,5.5741360089186065,10.813823857302118,1.689906489675257,3.278418589970005,31.13,38.37,45.61,🟡 B 中等,🔴 基本面背離,技術目標,47.35,49.7,🔵 偏便宜,45.409129956201184,44.37509240720324,-1.2313161620592261,1.0702120649999314,False,B,🟡 B 等確認,等支撐或量價確認,
2885,元大金,68.5,69.23339056437996,70.37446281038652,67.573570402297,技術結構,2.39742723641348,1.3524519674496436,False,70.8,71.7,3.3576642335766405,4.671532846715332,1.6788321167883202,2.335766423357666,52.69,73.09,93.49,🟡 B 中等,✅ 技術×基本面共振,共振目標,70.8,71.7,🔵 偏便宜,69.23339056437996,68.71464264830355,-1.0593018172322277,-0.3123681358602748,False,A,🟢 A 可執行候選,等回踩或突破確認分批,
2886,兆豐金,49.15,50.017338868961204,50.9923394411658,49.008538118272924,技術結構,2.016902085357249,0.2878166464436927,False,50.9,51.9,3.560528992878953,5.595116988809767,1.7802644964394765,2.7975584944048837,41.29,41.82,42.34,🟢 A 高一致,🔴 基本面背離,技術目標,50.9,51.9,🔵 偏便宜,50.017338868961204,49.983538690477516,-1.7340763994532327,-1.6676264072441827,False,B,🟡 B 等確認,等支撐或量價確認,
2887,台新新光金,41.95,40.28437166325194,43.24687162238018,37.321871704123694,技術結構,7.35396839224052,11.03248699851325,False,42.65,44.8,1.6686531585220488,6.793802145411187,0.1512490482650846,0.6157996965078434,35.01,38.56,42.11,🟢 A 高一致,🔴 基本面背離,技術目標,42.65,44.8,🟢 合理,39.57744271261695,40.28437166325194,5.994721045042928,4.134676223006539,False,NO,🔴 不追,第一目標風報不足,
2889,國票金,16.5,16.686448008270457,16.96234111064385,16.303952320962832,技術結構,2.292253492882636,1.1881677517404117,False,16.75,17.5,1.5151515151515138,6.060606060606055,0.7575757575757569,3.0303030303030276,23.34,24.9,26.46,🟢 A 高一致,🔵 技術低於基本面,技術目標,16.75,17.5,🔵 偏便宜,16.686448008270457,16.579845423336227,-1.1173618746065372,-0.4815812288807231,False,NO,🔴 不追,第一目標風報不足,
2890,永豐金,44.25,44.618574235432405,45.556074235432405,42.87363024796746,技術結構,3.910801762193584,3.110440117587656,False,46.3,48.5,4.632768361581907,9.604519774011289,1.4894253502539418,3.0878330432093977,33.53,46.16,58.78,🟡 B 中等,✅ 技術×基本面共振,共振目標,46.3,48.5,🔵 偏便宜,44.618574235432405,43.81113024796746,-0.8260556096830962,1.001731180064458,False,B,🟡 B 等確認,等支撐或量價確認,
2891,中信金,68.4,67.81124629334393,69.62731764017184,65.89430523166355,技術結構,2.8268777916098187,3.663296444936336,False,69.5,72.0,1.6081871345029253,5.263157894736836,0.4389999986831188,1.436727268417477,47.79,49.7,51.62,🟢 A 高一致,🔴 基本面背離,技術目標,69.5,72.0,🟢 合理,67.81124629334393,67.71037657849146,0.8682242826052677,1.0184900104773575,False,NO,🔴 不追,第一目標風報不足,
2892,第一金,38.65,39.175990009593015,39.93402564213522,37.634031057367,技術結構,3.935979542184994,2.628638920137133,False,40.95,42.75,5.950840879689534,10.608020698576981,2.263848729508686,4.035556430863305,32.63,34.94,37.26,🟢 A 高一致,🔴 基本面背離,技術目標,40.95,42.75,🔵 偏便宜,39.175990009593015,38.3920666899092,-1.3426336117203896,0.6718401282590936,False,B,🟡 B 等確認,等支撐或量價確認,
2897,王道銀行,10.9,11.170328281616076,11.41139964887987,10.762512089577747,技術結構,3.650888154375062,1.2613569763509473,False,11.0,11.35,0.917431192660545,4.128440366972463,0.4587155963302725,2.0642201834862317,13.81,16.84,19.86,🟡 B 中等,🔵 技術低於基本面,技術目標,11.0,11.35,🔵 偏便宜,11.170328281616076,11.003583456841541,-2.420056732450526,-0.9413611233814678,False,NO,🔴 不追,第一目標風報不足,
2901,欣欣,24.15,23.576841549723596,24.42326987592163,22.675094861202094,技術結構,3.8247136989054153,6.107267655477865,False,24.35,26.0,0.8281573498964967,7.660455486542439,0.13560194126315842,1.25431795668419,6.19,10.6,15.02,🟠 C 低一致,🔴 基本面背離,技術目標,24.35,26.0,🟢 合理,23.576841549723596,23.521523187400128,2.4310230404170463,2.6719222543229337,False,NO,🔴 不追,第一目標風報不足,
2903,遠百,22.15,22.18225655601586,22.36172094390954,22.002792168122184,技術結構,0.8090447761276409,0.6645951777779436,False,22.5,22.65,1.5801354401805856,2.257336343115135,0.7900677200902928,1.1286681715575675,17.54,23.91,30.27,🟡 B 中等,✅ 技術×基本面共振,共振目標,22.5,22.65,🔵 偏便宜,22.137250907684162,22.18225655601586,0.057591127141320975,-0.14541602624785765,False,NO,🔴 不追,第一目標風報不足,
2904,匯僑,12.6,12.658921945984746,12.768743364338235,12.549100527631257,技術結構,0.8675416344463907,0.40396406641859206,False,12.7,12.8,0.7936507936507908,1.5873015873016039,0.3968253968253954,0.7936507936508019,2.74,9.06,15.39,🟠 C 低一致,🟡 共振但估值分歧,共振目標,12.7,12.8,🔵 偏便宜,12.589432554146963,12.658921945984746,0.08393901637413492,-0.4654578504880935,False,NO,🔴 不追,第一目標風報不足,
2905,三商,18.3,18.369897834216047,18.720790793538296,17.85727345172949,技術結構,2.790567411494989,2.4192707555765587,False,18.5,19.0,1.0928961748633892,3.825136612021862,0.45174611909154877,1.5811114168204206,76.87,78.14,79.4,🟢 A 高一致,🔵 技術低於基本面,技術目標,18.5,19.0,🔵 偏便宜,18.369897834216047,18.20816641105174,-0.3805020302609097,0.5043538535133507,False,NO,🔴 不追,第一目標風報不足,
2906,高林,13.4,13.632327608923267,13.801077680448842,13.463577537397693,技術結構,1.2378669026052156,,True,13.65,13.85,1.8656716417910557,3.3582089552238736,,,14.71,18.22,21.73,🟡 B 中等,🔵 技術低於基本面,技術目標,13.65,13.85,🔵 偏便宜,13.534265584217842,13.632327608923267,-0.9920418908759054,-1.704240211856356,False,NO,🔴 結構失效,現價已跌破防守位，等待重新形成結構,
2908,特力,22.05,22.025865887340547,22.242830030003685,21.80890174467741,技術結構,0.9850425121667441,1.0934161239119757,False,22.2,22.6,0.6802721088435382,2.4943310657596474,0.3401360544217691,1.2471655328798237,21.34,27.86,34.39,🟡 B 中等,✅ 技術×基本面共振,共振目標,22.2,22.6,🟢 合理,22.024374413400757,22.025865887340547,0.11635103053666551,0.1095716862297147,False,NO,🔴 不追,第一目標風報不足,
2910,統領,23.6,23.666050188178335,24.08122869829927,23.2508716780574,技術結構,1.7543210921116226,1.479357296366953,False,24.25,24.8,2.754237288135597,5.084745762711851,1.3771186440677985,2.5423728813559254,28.2,34.47,40.73,🟡 B 中等,🔵 技術低於基本面,技術目標,24.25,24.8,🔵 偏便宜,23.53862752859896,23.666050188178335,0.26073088299849445,-0.27909257207325844,False,B,🟡 B 等確認,等支撐或量價確認,
2911,麗嬰房,6.08,6.300659734150013,6.379409679994936,6.221909788305091,技術結構,1.249868254559001,,True,6.42,6.6,5.592105263157898,8.552631578947366,,,18.2,18.2,18.2,🟠 C 低一致,🔵 技術低於基本面,技術目標,6.42,6.6,🔵 偏便宜,6.172207374724041,6.300659734150013,-1.4939124550746974,-3.502168716619025,False,NO,🔴 結構失效,現價已跌破防守位，等待重新形成結構,
2912,統一超,212.5,215.62414722894798,217.1509329432337,214.09736151466225,技術結構,0.7080773345225541,,True,217.5,219.0,2.35294117647058,3.0588235294117583,,,70.19,155.43,240.67,🟠 C 低一致,🟡 共振但估值分歧,共振目標,217.5,219.0,🔵 偏便宜,213.83964449483517,215.62414722894798,-0.6264715310390079,-1.4488856044637677,False,NO,🔴 結構失效,現價已跌破防守位，等待重新形成結構,
2913,農林,11.15,11.057695144050063,11.172873797222147,10.939162390072958,技術結構,1.0719481088324727,1.8909202684039634,False,11.3,11.4,1.3452914798206317,2.2421524663677195,0.6726457399103158,1.1210762331838597,,,,,⚪ 基本面不足,技術目標,11.3,11.4,🟢 合理,11.057695144050063,11.054341043245042,0.8347567440363468,0.8653519588434744,False,NO,🔴 不追,第一目標風報不足,
2915,潤泰全,58.8,58.80313438806183,59.55849189876478,57.443415742518816,技術結構,2.312323415567897,2.3071160841516685,False,60.4,62.5,2.7210884353741527,6.292517006802734,1.1794328226768453,2.727438402440207,209.71,241.59,273.47,🟢 A 高一致,🔵 技術低於基本面,技術目標,60.4,62.5,🔵 偏便宜,58.80313438806183,58.198773253221766,-0.0053303078049293795,1.0330574222970457,False,B,🟡 B 等確認,等支撐或量價確認,
2916,滿心,40.55,40.48374737975243,40.679283461883955,40.20101569181256,技術結構,0.6983831938475089,0.8606271471946727,False,41.1,41.4,1.356350184956856,2.0961775585696785,0.678175092478428,1.0480887792848392,43.22,53.43,63.64,🟡 B 中等,🔵 技術低於基本面,技術目標,41.1,41.4,🟢 合理,40.48374737975243,40.39655177394408,0.16365239024465073,0.37985476313571187,False,NO,🔴 不追,第一目標風報不足,
2923,鼎固-KY,25.45,25.48603475198528,26.672641772227152,24.299427731743407,技術結構,4.655910704780938,4.520912645409008,False,27.1,28.1,6.483300589390972,10.412573673870341,1.4340689807344036,2.30320169633101,,,,,⚪ 基本面不足,技術目標,27.1,28.1,🔵 偏便宜,25.1782642169504,25.48603475198528,1.0792474838939192,-0.14139018617822519,False,B,🟡 B 等確認,等支撐或量價確認,
2924,宏太-KY,17.525,18.12968960780605,18.74040393439209,17.20680033501412,技術結構,5.090485787437668,1.8156899571234213,False,18.0,18.45,2.710413694721825,5.278174037089878,1.3552068473609125,2.639087018544939,,,,,⚪ 基本面不足,技術目標,18.0,18.45,🔵 偏便宜,18.12968960780605,17.81751466160016,-3.335355545997276,-1.6417253873829085,False,B,🟡 B 等確認,等支撐或量價確認,
2929,淘帝-KY,5.83,5.799171741924022,5.937386061357507,5.630531450483672,技術結構,2.9080065041219023,3.4214159436762945,False,5.88,6.03,0.8576329331046351,3.430531732418518,0.25066608305540095,1.0026643322215973,,,,,⚪ 基本面不足,技術目標,5.88,6.03,🟢 合理,5.799171741924022,5.768745769917157,0.5315976047598481,1.0618292524221085,False,NO,🔴 不追,第一目標風報不足,
2938,床的世界,18.575,21.21767958256307,21.903393970456744,20.531965194669393,技術結構,3.231806688499544,,True,19.0,23.05,2.288021534320328,24.091520861372828,,,16.73,29.27,41.82,🟠 C 低一致,🟡 共振但估值分歧,共振目標,19.0,23.05,🔵 偏便宜,19.645850837679887,21.21767958256307,-5.45077353242468,-12.455082905177118,False,NO,🔴 結構失效,現價已跌破防守位，等待重新形成結構,
2939,永邑-KY,21.9,20.32179407344208,20.785186971456696,19.575847253541646,技術結構,3.670674041891263,10.61256961853129,False,22.7,23.8,3.65296803652968,8.675799086757996,0.34421145564510575,0.8175022071571266,,,,,⚪ 基本面不足,技術目標,22.7,23.8,🔴 過熱,20.32179407344208,20.03924015155626,7.766075774876713,9.285580862202657,False,NO,🔴 不追,等待回到合理價格區,
2941,米斯特,31.0,31.490939703972828,32.16861805060674,30.64408693689268,技術結構,2.6891949717629737,1.1481066551849015,False,31.65,32.45,2.0967741935483897,4.677419354838719,1.0483870967741948,2.3387096774193594,30.26,30.77,31.28,🟢 A 高一致,🔴 基本面背離,技術目標,31.65,32.45,🔵 偏便宜,31.490939703972828,31.32176528352659,-1.5589871518216114,-1.0272897476050646,False,B,🟡 B 等確認,等支撐或量價確認,
2945,三商家購,39.85,39.983768094772316,40.44716099278693,39.520375196757705,技術結構,1.1589525452334677,0.8271638726280969,False,40.1,40.45,0.6273525721455453,1.505646173149322,0.31367628607277265,0.752823086574661,22.41,36.14,49.88,🟠 C 低一致,🟡 共振但估值分歧,共振目標,40.1,40.45,🔵 偏便宜,39.9479842629304,39.983768094772316,-0.2452796173280758,-0.33455599896249355,False,NO,🔴 不追,第一目標風報不足,
2948,寶陞,37.4,37.314201599960555,37.86330857933067,36.76509462059044,技術結構,1.4715763860017743,1.6976079663357209,False,37.6,38.35,0.5347593582887722,2.540106951871657,0.2673796791443861,1.2700534759358284,21.98,32.71,43.43,🟡 B 中等,✅ 技術×基本面共振,共振目標,37.6,38.35,🟢 合理,37.09794509237758,37.314201599960555,0.8142092691934,0.22993497478325242,False,NO,🔴 不追,第一目標風報不足,
3002,歐格,19.3,18.835819350008947,19.489390901195645,17.621194888618966,技術結構,6.44848221794718,8.698472079694481,False,21.35,23.45,10.621761658031081,21.502590673575117,1.221106599034362,2.47199628585005,0.99,14.59,28.19,🟠 C 低一致,🟡 共振但估值分歧,共振目標,21.35,23.45,🟢 合理,18.835819350008947,18.274766439805664,2.464350721174413,5.610104860006304,False,B,🟡 B 等確認,等支撐或量價確認,
3003,健和興,60.4,60.322067743856906,61.334567948215685,59.309567539498126,技術結構,1.6784905462095854,1.805351755797803,False,62.0,67.2,2.6490066225165476,11.258278145695378,1.3245033112582738,5.629139072847689,92.55,101.98,111.4,🟢 A 高一致,🔵 技術低於基本面,技術目標,62.0,67.2,🟢 合理,59.43836691006914,60.322067743856906,1.6178659339443513,0.12919360867074126,False,B,🟡 B 等確認,等支撐或量價確認,
3004,豐達科,119.0,118.96170640145277,120.7027778300242,117.22063497288134,技術結構,1.4635561990813613,1.4952647286711411,False,125.0,127.0,5.042016806722693,6.72268907563025,2.5210084033613467,3.361344537815125,107.69,124.9,142.11,🟢 A 高一致,✅ 技術×基本面共振,共振目標,125.0,127.0,🟢 合理,117.95812687081789,118.96170640145277,0.8832567596831264,0.03218985310953215,False,A+,🟢 A+ 優先候選,合理位置可優先分批,
3005,神基,116.5,116.95092709562437,118.79914138133866,114.61636893562853,技術結構,1.9961861081160956,1.6168506990313056,False,117.5,119.0,0.8583690987124415,2.145922746781115,0.42918454935622075,1.0729613733905574,118.71,151.11,183.52,🟡 B 中等,✅ 技術×基本面共振,共振目標,118.71,119.0,🔵 偏便宜,116.95092709562437,116.46458322134282,-0.3855694921132802,0.03040991319211983,False,NO,🔴 不追,第一目標風報不足,
3006,晶豪科,286.0,281.9465971028327,293.65195424568986,268.1670893899405,技術結構,4.887275765866574,6.235283430090739,False,296.5,309.5,3.6713286713286664,8.216783216783208,0.5887990036846231,1.3177882463417758,287.2,1134.96,1982.73,🟠 C 低一致,🟡 共振但估值分歧,共振目標,296.5,309.5,🟢 合理,281.9465971028327,279.87244653279765,1.4376491643518285,2.189409333828185,False,NO,🔴 不追,第一目標風報不足,
3008,大立光,5945.0,6247.313470268757,6510.0813274116135,5984.5456131259,技術結構,4.206093681602193,,True,6750.0,7995.0,13.540790580319605,34.48275862068966,,,2927.46,3474.88,4022.3,🟢 A 高一致,🔴 基本面背離,技術目標,6750.0,7995.0,🔵 偏便宜,6202.8009642439065,6247.313470268757,-4.15620242741952,-4.839095584165576,False,NO,🔴 結構失效,現價已跌破防守位，等待重新形成結構,
3010,華立,125.5,125.34857257798313,127.06285829226884,123.63428686369743,技術結構,1.3676148671092359,1.486624012990099,False,126.5,130.0,0.7968127490039834,3.585657370517925,0.3984063745019917,1.7928286852589626,143.26,171.25,199.24,🟢 A 高一致,🔵 技術低於基本面,技術目標,126.5,130.0,🟢 合理,125.13033817697652,125.34857257798313,0.2954214209032635,0.12080506295566451,False,NO,🔴 不追,第一目標風報不足,
3011,今皓,10.15,10.085067972721717,10.29774647671189,9.872389468731544,技術結構,2.1088455185966963,2.735079125797596,False,10.8,12.1,6.403940886699511,19.21182266009851,2.341409733377279,7.0242292001318285,,,,,⚪ 基本面不足,技術目標,10.8,12.1,🟢 合理,9.977266890402364,10.085067972721717,1.7312668037756662,0.643843228959029,False,B,🟡 B 等確認,等支撐或量價確認,
3013,晟銘電,86.8,84.52782410114655,86.70282401940304,82.35282418289006,技術結構,2.573117126088411,5.123474443675042,False,88.3,90.0,1.7281105990783363,3.686635944700467,0.3372927137777955,0.7195577893926337,77.9,98.69,119.48,🟡 B 中等,✅ 技術×基本面共振,共振目標,88.3,90.0,🔴 過熱,84.43764607177881,84.52782410114655,2.797749627237356,2.688080431521045,False,NO,🔴 不追,等待回到合理價格區,
3014,聯陽,141.5,139.1201173180846,141.7451173180846,133.478606727598,技術結構,4.055136452758905,5.668829167775271,False,164.0,171.0,15.901060070671381,20.848056537102465,2.8049989865741085,3.677665337952718,180.68,290.71,400.75,🟠 C 低一致,🔵 技術低於基本面,技術目標,164.0,171.0,🟢 合理,139.1201173180846,136.103606727598,1.7106675352163814,3.964915700729743,False,B,🟡 B 等確認,等支撐或量價確認,
3015,全漢,55.2,53.29391130041567,54.18319685121436,52.18247462050511,技術結構,2.08548528863914,5.466531484592195,False,57.9,59.3,4.891304347826075,7.427536231884058,0.8947729216620379,1.3587292514127274,51.52,105.1,158.69,🟠 C 低一致,🟡 共振但估值分歧,共振目標,57.9,59.3,🔴 過熱,53.29391130041567,53.0717601713038,3.5765599729390862,4.010117286155035,False,NO,🔴 不追,等待回到合理價格區,
3016,嘉晶,169.0,144.65409995050663,152.19695684813323,120.3381154651209,技術結構,16.809744413539228,28.794014517679944,False,182.0,199.5,7.692307692307687,18.0473372781065,0.2671495385815166,0.6267739174412505,61.3,63.55,65.8,🟢 A 高一致,🔴 基本面背離,技術目標,182.0,199.5,🔴 過熱,144.65409995050663,127.8809723627475,16.830425171373165,32.15414058677484,True,NO,🟠 高位延伸,不追，等待回踩 EMA9/EMA20 或重新整理,
3017,奇鋐,3435.0,3406.4705869750555,3532.6313012607698,3205.418001571194,技術結構,5.9020790073046285,6.683609852366986,False,3470.0,3595.0,1.0189228529839944,4.657933042212514,0.15245097716515352,0.6969187527549828,409.29,1161.77,1914.24,🟠 C 低一致,🔴 基本面背離,技術目標,3470.0,3595.0,🟢 合理,3406.4705869750555,3331.5787158569083,0.8375065128708004,3.1042725675623384,False,NO,🔴 不追,第一目標風報不足,
3018,隆銘綠能,12.0,11.972790710432314,12.262076445153907,11.68350497571072,技術結構,2.4161930306651773,2.6374585357439972,False,12.35,12.6,2.9166666666666563,5.000000000000004,1.1058625669896636,1.8957644005537175,,,,,⚪ 基本面不足,技術目標,12.35,12.6,🟢 合理,11.893553307581923,11.972790710432314,0.8949948738214308,0.2272593769135023,False,B,🟡 B 等確認,等支撐或量價確認,
3019,亞光,136.5,137.0064203226561,139.9796346083704,134.03320603694183,技術結構,2.1701277054843326,1.8071750645114768,False,138.5,141.0,1.46520146520146,3.296703296703307,0.73260073260073,1.6483516483516536,121.92,144.5,167.09,🟢 A 高一致,✅ 技術×基本面共振,共振目標,138.5,141.0,🔵 偏便宜,136.081659601656,137.0064203226561,0.3074186481621277,-0.36963254821450464,False,NO,🔴 不追,第一目標風報不足,
3021,鴻名,28.45,26.73567960507795,28.10978691142212,23.82415533339287,技術結構,10.890032775273426,16.259559460833493,False,33.05,36.3,16.168717047451665,27.592267135325123,0.9944129843369587,1.6969873754445925,20.32,25.57,30.83,🟡 B 中等,🔴 基本面背離,技術目標,33.05,36.3,🔴 過熱,26.73567960507795,25.198262639737038,6.412107042891257,12.904609364357732,False,NO,🔴 不追,等待回到合理價格區,
3022,威強電,92.3,91.16947528391051,93.22126058947866,88.48121544531737,技術結構,2.948640244140531,4.137361381021259,False,93.1,94.6,0.8667388949079147,2.4918743228602436,0.2094907394079195,0.6022858757977659,135.27,157.59,179.91,🟢 A 高一致,🔵 技術低於基本面,技術目標,93.1,94.6,🟢 合理,91.16947528391051,90.53300075088552,1.2400254718686554,1.951773645476118,False,NO,🔴 不追,第一目標風報不足,
3023,信邦,307.0,317.5518849613306,323.52509924704486,311.5786706756163,技術結構,1.881019943069038,,True,318.0,324.0,3.583061889250816,5.537459283387625,,,206.48,373.9,541.33,🟠 C 低一致,🟡 共振但估值分歧,共振目標,318.0,324.0,🔵 偏便宜,314.28950217602505,317.5518849613306,-2.3193591022147464,-3.322885317659352,False,NO,🔴 結構失效,現價已跌破防守位，等待重新形成結構,
3024,憶聲,14.2,14.438700881665422,14.781558034740504,14.047442039433509,技術結構,2.7097925598607158,1.074351834975283,False,14.85,15.15,4.577464788732399,6.690140845070425,2.2887323943661997,3.3450704225352124,1.71,8.46,15.2,🟠 C 低一致,🟡 共振但估值分歧,共振目標,14.85,15.15,🔵 偏便宜,14.438700881665422,14.390299192508591,-1.6532019301579326,-1.3224130364687614,False,B,🟡 B 等確認,等支撐或量價確認,
3025,星通,52.9,52.22392647760143,52.91499811053164,51.53285484467122,技術結構,1.3232854738078865,2.5843953786933422,False,53.2,56.6,0.5671077504725952,6.994328922495274,0.21943536780325082,2.7063695362400675,33.47,49.76,66.04,🟡 B 中等,✅ 技術×基本面共振,共振目標,53.2,56.6,🟢 合理,52.059002140630504,52.22392647760143,1.6154705714443995,1.2945666249138288,False,NO,🔴 不追,第一目標風報不足,
3026,禾伸堂,791.0,781.7868116148243,821.5903830433957,716.434827296324,技術結構,8.359310153046982,9.426696928404047,False,795.0,826.0,0.5056890012642201,4.424778761061954,0.053644347018360544,0.4693880364106577,189.88,342.1,494.32,🟠 C 低一致,🔴 基本面背離,技術目標,795.0,826.0,🟢 合理,781.7868116148243,756.2383987248954,1.1784783585879754,4.596645890200324,False,NO,🔴 不追,第一目標風報不足,
3027,盛達,18.9,18.45312325186447,18.884373374479736,17.858885896457096,技術結構,3.22025354351509,5.508540230385728,False,19.0,19.5,0.5291005291005346,3.1746031746031855,0.09605095124511509,0.5763057074706865,,,,,⚪ 基本面不足,技術目標,19.0,19.5,🔴 過熱,18.45312325186447,18.290136019072364,2.421686248100996,3.3343873456801454,False,NO,🔴 不追,等待回到合理價格區,
3028,增你強,62.9,62.89527401176291,63.70420295103729,62.08634507248853,技術結構,1.2861521823135582,1.2935690421486037,False,63.7,66.5,1.2718600953895098,5.723370429252794,0.6359300476947549,2.861685214626397,75.55,120.2,164.85,🟠 C 低一致,🔵 技術低於基本面,技術目標,63.7,66.5,🟢 合理,62.37255687722897,62.89527401176291,0.8456333188476162,0.007514059380997473,False,NO,🔴 不追,第一目標風報不足,
3029,零壹,120.0,118.90590735079114,122.70947877936257,112.94053895038289,技術結構,5.016881442912232,5.882884208014261,False,125.5,134.5,4.583333333333339,12.083333333333336,0.7790963023017619,2.0539811606137337,115.28,137.53,159.79,🟢 A 高一致,✅ 技術×基本面共振,共振目標,125.5,134.5,🟢 合理,118.90590735079114,116.74411037895432,0.9201331318057449,2.7889112439822394,False,NO,🔴 不追,第一目標風報不足,
3030,德律,279.0,273.3788743115338,278.2538743115338,268.5038743115338,技術結構,1.7832394738902195,3.762052218088236,False,290.5,300.5,4.121863799283143,7.706093189964158,1.0956423676058789,2.048374861176214,123.71,244.03,364.35,🟠 C 低一致,🟡 共振但估值分歧,共振目標,290.5,300.5,🔴 過熱,271.222597511009,273.3788743115338,2.8675348442068316,2.056166813409477,False,NO,🔴 不追,等待回到合理價格區,
3031,佰鴻,30.8,28.7640562847735,29.923877815524317,25.795816324981953,技術結構,10.319267666580147,16.24734959421444,False,36.2,38.95,17.532467532467532,26.461038961038973,1.0790970816994492,1.6286372621945397,26.86,29.54,32.22,🟢 A 高一致,🔴 基本面背離,技術目標,36.2,38.95,🔴 過熱,28.7640562847735,26.95563785573277,7.078082781753725,14.261811072111708,False,NO,🔴 不追,等待回到合理價格區,
3032,偉訓,78.3,77.75745109296689,79.85209378662272,75.48577703126475,技術結構,2.921487304137744,3.5941544939147523,False,80.9,83.2,3.3205619412516096,6.257982120051087,0.9238784662355608,1.7411555709823965,,,,,⚪ 基本面不足,技術目標,80.9,83.2,🟢 合理,77.75745109296689,77.58041972492057,0.6977452313662313,0.9275282057391143,False,C,🟠 C 觀察,條件未齊，不急進,
3033,威健,42.6,42.640040073390956,43.3525397464169,41.92754040036501,技術結構,1.6709638916839877,1.578543661115001,False,45.0,47.4,5.633802816901401,11.267605633802802,2.8169014084507005,5.633802816901401,59.97,83.15,106.33,🟡 B 中等,🔵 技術低於基本面,技術目標,45.0,47.4,🔵 偏便宜,42.00001942905645,42.640040073390956,1.4285245080826625,-0.09390252289172007,False,B,🟡 B 等確認,等支撐或量價確認,
3034,聯詠,546.0,545.8842065919811,559.1699208776954,530.6536932859943,技術結構,2.790063006415336,2.8106788853490228,False,551.0,561.0,0.9157509157509125,2.7472527472527375,0.3258112908323915,0.9774338724971746,488.16,840.41,1192.66,🟠 C 低一致,🟡 共振但估值分歧,共振目標,551.0,561.0,🟢 合理,545.8842065919811,543.9394075717087,0.021212082456423254,0.3788275678517916,False,NO,🔴 不追,第一目標風報不足,
3035,智原,210.5,198.9031117616162,205.35846890447334,183.48017556845824,技術結構,7.753994422994364,12.836021107620791,False,220.5,225.0,4.750593824228022,6.888361045130642,0.3700986298166476,0.5366430132341398,57.97,127.14,196.31,🟠 C 低一致,🔴 基本面背離,技術目標,220.5,225.0,🔴 過熱,198.9031117616162,189.93553271131537,5.8304207187480195,10.827077479989345,False,NO,🔴 不追,等待回到合理價格區,
3036,文曄,205.5,203.77813801458635,207.47456658601493,197.38723105722048,技術結構,3.13620833894773,3.947819436875681,False,209.0,221.5,1.7031630170316392,7.785888077858871,0.4314186715640492,1.9721996414356409,241.76,325.37,408.98,🟡 B 中等,🔵 技術低於基本面,技術目標,209.0,221.5,🟢 合理,203.77813801458635,201.08365962864906,0.8449689462224796,2.196270139257872,False,NO,🔴 不追,第一目標風報不足,
3037,欣興,1175.0,1104.4407453721249,1143.8693168006962,1016.5938746459987,技術結構,7.953968657370343,13.481372370553308,False,1200.0,1230.0,2.127659574468077,4.680851063829783,0.15782217981868213,0.3472087956011017,237.4,548.38,859.36,🟠 C 低一致,🔴 基本面背離,技術目標,1200.0,1230.0,🔴 過熱,1104.4407453721249,1056.02244607457,6.388686303320079,11.26657433918108,False,NO,🔴 不追,等待回到合理價格區,
3038,全台,20.8,20.357594045868964,20.547772944271586,20.110931156307664,技術結構,1.2116504976252516,3.3128309792900783,False,21.0,21.3,0.9615384615384581,2.4038461538461453,0.2902467610178261,0.7256169025445652,27.14,28.88,30.63,🟢 A 高一致,🔵 技術低於基本面,技術目標,21.0,21.3,🔴 過熱,20.357594045868964,20.301110054710286,2.1731740653351483,2.457451557797752,False,NO,🔴 不追,等待回到合理價格區,
3040,遠見,33.85,35.06677257683626,35.91320094390605,34.220344209766466,技術結構,2.413761817444553,,True,35.5,36.5,4.874446085672068,7.8286558345642465,,,,,,,⚪ 基本面不足,技術目標,35.5,36.5,🔵 偏便宜,34.52638600985648,35.06677257683626,-1.95904086128037,-3.469873294356174,False,NO,🔴 結構失效,現價已跌破防守位，等待重新形成結構,
3041,揚智,24.35,23.45712210629369,23.963372004114298,22.669694052581224,技術結構,3.356882613921306,6.9006404411448745,False,24.7,27.85,1.4373716632443356,14.373716632443534,0.2082954003332861,2.082954003332887,,,,,⚪ 基本面不足,技術目標,24.7,27.85,🔴 過熱,23.45712210629369,23.175943950401834,3.8064255694297167,5.0658391826919,False,NO,🔴 不追,等待回到合理價格區,
3042,晶技,210.0,196.10708412608366,205.24101269751225,179.91464726013334,技術結構,8.256936223446003,14.326358447555554,False,250.0,271.5,19.047619047619047,29.285714285714292,1.329550640335197,2.044184109515366,134.24,170.43,206.62,🟡 B 中等,🔴 基本面背離,技術目標,250.0,271.5,🔴 過熱,196.10708412608366,189.04857583156192,7.084351866138672,11.082561228657628,False,NO,🔴 不追,等待回到合理價格區,
3043,科風,20.35,20.613984622340766,20.94077033662648,20.287198908055053,技術結構,1.5852622395553393,0.3086048744223488,False,20.8,21.25,2.211302211302213,4.422604422604426,1.1056511056511065,2.211302211302213,,,,,⚪ 基本面不足,技術目標,20.8,21.25,🔵 偏便宜,20.503804148127145,20.613984622340766,-0.7501249378700892,-1.280609388127063,False,B,🟡 B 等確認,等支撐或量價確認,
3044,健鼎,525.0,523.2467003568435,539.0234860711291,494.0161882342604,技術結構,5.586372948486522,5.901678431569443,False,530.0,547.0,0.952380952380949,4.190476190476189,0.16137459257123246,0.710048207313425,322.82,639.57,956.32,🟠 C 低一致,🟡 共振但估值分歧,共振目標,530.0,547.0,🟢 合理,523.2467003568435,509.79297394854615,0.3350808790501425,2.9829807056126034,False,NO,🔴 不追,第一目標風報不足,
3045,台灣大,119.5,121.76073392366294,123.39466249509151,118.89989561908244,技術結構,2.3495573756758725,0.5021793982573699,False,120.5,124.5,0.8368200836819994,4.184100418410042,0.4184100418409997,2.092050209205021,70.64,113.66,156.68,🟠 C 低一致,🟡 共振但估值分歧,共振目標,120.5,124.5,🔵 偏便宜,121.76073392366294,120.53382419051101,-1.856701952109041,-0.8577046297618462,False,NO,🔴 不追,第一目標風報不足,
3046,建碁,53.6,54.1387803750861,54.765565925884786,53.51199482428741,技術結構,1.1577385867508836,0.1641887606578141,False,54.5,56.5,1.679104477611948,5.410447761194037,0.839552238805974,2.7052238805970186,61.94,90.06,118.19,🟡 B 中等,🔵 技術低於基本面,技術目標,54.5,56.5,🔵 偏便宜,53.65641874080575,54.1387803750861,-0.10514816704090268,-0.9951838060504925,False,C,🟠 C 觀察,條件未齊，不急進,
3047,訊舟,14.75,14.436395541543304,14.73639558241506,13.885987008366387,技術結構,3.812645141185125,5.857715197516022,False,15.3,15.55,3.7288135593220417,5.423728813559325,0.6365645023000186,0.9259120033454802,,,,,⚪ 基本面不足,技術目標,15.3,15.55,🔴 過熱,14.436395541543304,14.185987049238143,2.1723182740057467,3.975845662372479,False,NO,🔴 不追,等待回到合理價格區,
3048,益登,51.7,51.84975519330763,52.712255029820604,50.987255356794655,技術結構,1.6634598047712654,1.3786163311515423,False,52.0,57.9,0.5802707930367523,11.992263056092845,0.29013539651837617,5.996131528046423,67.37,83.15,98.92,🟡 B 中等,🔵 技術低於基本面,技術目標,52.0,57.9,🔵 偏便宜,51.19269924695878,51.84975519330763,0.9909630875175157,-0.2888252659039692,False,NO,🔴 不追,第一目標風報不足,
3049,精金,12.65,12.378748814696268,12.676070192178,12.029046096928047,技術結構,2.825024750102752,4.908726506497654,False,13.3,13.75,5.138339920948609,8.695652173913038,1.0467765751762736,1.7714680502983107,14.32,15.9,17.48,🟢 A 高一致,🔵 技術低於基本面,技術目標,13.3,13.75,🟢 合理,12.378748814696268,12.32636747440978,2.1912649603302192,2.6255304027086535,False,B,🟡 B 等確認,等支撐或量價確認,
3050,鈺德,11.95,11.57815746565743,11.749585965560428,11.326901889862256,技術結構,2.170082558821953,5.214210126675675,False,12.25,12.55,2.5104602510460206,5.020920502092063,0.4814651097781069,0.962930219556218,11.37,17.5,23.63,🟠 C 低一致,🟡 共振但估值分歧,共振目標,12.25,12.55,🔴 過熱,11.57815746565743,11.498330389765254,3.2115864328630117,3.9281321280938197,False,NO,🔴 不追,等待回到合理價格區,
3051,力特,23.3,22.52647422017857,23.070224158870936,21.79626138525682,技術結構,3.2415762350756485,6.453813797181035,False,23.5,23.95,0.8583690987124415,2.7896995708154515,0.1330018382444453,0.4322559742944499,35.01,46.27,57.52,🟡 B 中等,🔵 技術低於基本面,技術目標,23.5,23.95,🔴 過熱,22.52647422017857,22.340011323949184,3.433851974618052,4.297171841724534,False,NO,🔴 不追,等待回到合理價格區,
3052,夆典,10.4,10.476324046779341,10.572752587554096,10.379895506004587,技術結構,0.9204425172816086,0.19331244226359004,False,10.5,10.75,0.9615384615384581,3.3653846153846034,0.48076923076922906,1.6826923076923017,11.49,12.11,12.73,🟢 A 高一致,🔵 技術低於基本面,技術目標,10.5,10.75,🔵 偏便宜,10.382794218402509,10.476324046779341,0.16571436585919308,-0.7285384304507536,False,NO,🔴 不追,第一目標風報不足,
3054,立萬利,59.4,58.1531582173922,59.44423029991174,55.72141920049879,技術結構,4.1816112683045,6.1928969688572595,False,60.1,62.1,1.1784511784511897,4.545454545454541,0.19029077738211472,0.7339787127595776,47.15,69.19,91.23,🟡 B 中等,✅ 技術×基本面共振,共振目標,60.1,62.1,🟢 合理,58.1531582173922,57.01249128301832,2.1440654657942426,4.187694070637504,False,NO,🔴 不追,第一目標風報不足,
3055,蔚華科,209.5,191.20832145401775,202.27082145401775,160.10759075150975,技術結構,16.265364637902113,23.576328996892723,False,226.0,252.0,7.875894988066823,20.28639618138426,0.3340594283828003,0.8604561034102439,,,,,⚪ 基本面不足,技術目標,226.0,252.0,🔴 過熱,191.20832145401775,171.17009075150975,9.56636113265661,22.39287779787087,False,NO,🔴 不追,等待回到合理價格區,
3056,富華新,13.85,14.037383237840999,14.259704666412427,13.81506180926957,技術結構,1.5837811421441392,0.25226130491284576,False,14.2,14.45,2.5270758122743597,4.332129963898912,1.2635379061371799,2.166064981949456,,,,,⚪ 基本面不足,技術目標,14.2,14.45,🔵 偏便宜,14.013722673349415,14.037383237840999,-1.1683025072329656,-1.3348872412050738,False,B,🟡 B 等確認,等支撐或量價確認,
3057,喬鼎,16.2,16.414832565938596,16.816618361967823,16.01304676990937,技術結構,2.4476996302901544,1.1540322845100621,False,16.3,16.7,0.6172839506172867,3.0864197530864113,0.30864197530864335,1.5432098765432056,,,,,⚪ 基本面不足,技術目標,16.3,16.7,🔵 偏便宜,16.24900827280494,16.414832565938596,-0.3016077780387483,-1.3087709854828655,False,NO,🔴 不追,第一目標風報不足,
3058,立德,8.2,8.173464978822453,8.272036361413155,8.054552275360113,技術結構,1.4548628246459119,1.773752739510813,False,8.27,8.38,0.8536585365853666,2.1951219512195363,0.4268292682926833,1.0975609756097682,,,,,⚪ 基本面不足,技術目標,8.27,8.38,🟢 合理,8.173464978822453,8.153123657950815,0.3246483742977757,0.5749494796815968,False,NO,🔴 不追,第一目標風報不足,
3059,華晶科,38.75,38.352783923082605,38.80278355523679,37.902784290928416,技術結構,1.1733167351206453,2.186363120184733,False,40.45,41.2,4.387096774193555,6.322580645161291,2.0065728028850374,2.8918255100401966,26.35,41.15,55.94,🟠 C 低一致,🟡 共振但估值分歧,共振目標,40.45,41.2,🟢 合理,38.113287744619946,38.352783923082605,1.670578144940893,1.0356903366233405,False,B,🟡 B 等確認,等支撐或量價確認,
3060,銘異,28.1,26.987920802114065,27.654885353494766,26.2361480787179,技術結構,2.785589630666457,6.632924986769044,False,29.55,30.65,5.160142348754437,9.074733096085396,0.7779587978226161,1.3681344375501188,24.25,36.34,48.42,🟡 B 中等,✅ 技術×基本面共振,共振目標,29.55,30.65,🔴 過熱,26.987920802114065,26.9031126300986,4.1206553333253515,4.448880642020403,False,NO,🔴 不追,等待回到合理價格區,
3062,建漢,22.9,21.968606571222146,22.47217795892182,20.975817474758042,技術結構,4.519126387217531,8.402543778349155,False,23.2,25.3,1.310043668122285,10.480349344978169,0.15591036508466352,1.247282920677295,,,,,⚪ 基本面不足,技術目標,23.2,25.3,🔴 過熱,21.968606571222146,21.479388862457714,4.239656374009337,6.613834065015078,False,NO,🔴 不追,等待回到合理價格區,
3066,李洲,29.2,27.87793572385763,29.190435744293506,25.28070354954556,技術結構,9.316443656512869,13.422248117994656,False,30.75,33.85,5.308219178082196,15.924657534246588,0.3954791426456858,1.1864374279370573,40.96,202.63,364.31,🟠 C 低一致,🔵 技術低於基本面,技術目標,30.75,33.85,🔴 過熱,27.87793572385763,26.593203569981437,4.742332033612384,9.802491163423156,False,NO,🔴 不追,等待回到合理價格區,
3071,協禧,23.05,23.611094804975277,23.948594825411156,23.273594784539398,技術結構,1.4294128384286606,,True,23.7,24.8,2.819956616052055,7.592190889370931,,,17.46,21.97,26.48,🟡 B 中等,✅ 技術×基本面共振,共振目標,23.7,24.8,🔵 偏便宜,23.198422080235485,23.611094804975277,-0.6397938606433784,-2.3764031681285824,False,NO,🔴 結構失效,現價已跌破防守位，等待重新形成結構,
3073,天方能源,20.6,21.182315186175003,21.65642228816039,20.708208084189618,技術結構,2.2382213550236454,,True,21.85,22.7,6.067961165048552,10.194174757281548,,,,,,,⚪ 基本面不足,技術目標,21.85,22.7,🔵 偏便宜,20.714745551715247,21.182315186175003,-0.5539317460056536,-2.7490629851219417,False,NO,🔴 結構失效,現價已跌破防守位，等待重新形成結構,
3078,僑威,46.15,46.32039474249623,46.965930783755994,45.67485870123646,技術結構,1.393632426598312,1.0295586105385461,False,53.8,54.7,16.576381365113747,18.526543878656554,8.288190682556873,9.263271939328277,42.59,51.71,60.83,🟡 B 中等,✅ 技術×基本面共振,共振目標,53.8,54.7,🔵 偏便宜,45.51310407081621,46.32039474249623,1.3993682526966422,-0.3678611623313732,False,A+,🟢 A+ 優先候選,合理位置可優先分批,
3081,聯亞,2695.0,2799.8862658893504,2921.225551603636,2678.5469801750646,技術結構,4.3337219512287515,0.6105016632629084,False,2845.0,2930.0,5.56586270871986,8.719851576994442,2.78293135435993,4.359925788497221,162.14,290.38,418.62,🟠 C 低一致,🔴 基本面背離,技術目標,2845.0,2930.0,🔵 偏便宜,2748.1952727746234,2799.8862658893504,-1.9356438496787254,-3.746090231134247,False,B,🟡 B 等確認,等支撐或量價確認,
3083,網龍,22.725,22.813147630740986,23.07564748768984,22.550647773792132,技術結構,1.1506516382471115,0.7672265179664209,False,23.05,23.35,1.4301430143014215,2.7502750275027577,0.7150715071507108,1.3751375137513788,7.94,17.37,26.79,🟠 C 低一致,🟡 共振但估值分歧,共振目標,23.05,23.35,🔵 偏便宜,22.683592004143183,22.813147630740986,0.18254602643732465,-0.3863896037835879,False,NO,🔴 不追,第一目標風報不足,
3085,新零售,12.1,11.658770887228,11.859663693281162,11.457878081174838,技術結構,1.7231045021498494,5.306792717563316,False,12.2,12.4,0.8264462809917328,2.4793388429752206,0.155733665318514,0.46720099595554615,,,,,⚪ 基本面不足,技術目標,12.2,12.4,🔴 過熱,11.649232827120832,11.658770887228,3.869500932539749,3.784525118812998,False,NO,🔴 不追,等待回到合理價格區,
3086,華義*,27.4,28.60585908225343,29.355858898330528,27.855859266176335,技術結構,2.6218398612694807,,True,27.6,28.4,0.7299270072992803,3.649635036496357,,,,,,,⚪ 基本面不足,技術目標,27.6,28.4,🔵 偏便宜,28.347707843686912,28.60585908225343,-3.3431551112093505,-4.215426912319254,False,NO,🔴 結構失效,現價已跌破防守位，等待重新形成結構,
3088,艾訊,133.5,129.70255220170668,132.67576648742096,124.92591569046543,技術結構,3.682762158614175,6.422535063321775,False,141.5,144.5,5.992509363295873,8.239700374531832,0.9330442425325599,1.2829358334822711,130.65,171.04,211.43,🟡 B 中等,✅ 技術×基本面共振,共振目標,141.5,144.5,🔴 過熱,129.70255220170668,127.89912997617972,2.9278127020875733,4.379130667162001,False,NO,🔴 不追,等待回到合理價格區,
3090,日電貿,161.0,165.0195642919453,169.57313572051672,160.46599286337388,技術結構,2.759413072086071,0.3316814513205687,False,170.5,174.0,5.900621118012417,8.074534161490687,2.9503105590062084,4.037267080745344,197.11,278.88,360.64,🟡 B 中等,🔵 技術低於基本面,技術目標,170.5,174.0,🔵 偏便宜,163.30083488411495,165.0195642919453,-1.408954758711256,-2.435810753223211,False,B,🟡 B 等確認,等支撐或量價確認,
3092,鴻碩,25.0,23.276718183421142,23.930289468941425,22.62314689790086,技術結構,2.8078326178549906,9.507412408396561,False,25.3,35.6,1.200000000000001,42.40000000000001,0.12621730797542868,4.459678215131811,,,,,⚪ 基本面不足,技術目標,25.3,35.6,🔴 過熱,23.25013252733163,23.276718183421142,7.526268809914605,7.40345697790965,False,NO,🔴 不追,等待回到合理價格區,
3093,港建*,44.7,45.0918408621964,46.005233514980475,44.17844820941232,技術結構,2.0256273315065205,1.1667825292789247,False,46.0,49.0,2.9082774049216997,9.619686800894844,1.4541387024608499,4.809843400447422,25.33,31.27,37.21,🟡 B 中等,🔴 基本面背離,技術目標,46.0,49.0,🔵 偏便宜,44.61080137809339,45.0918408621964,0.19994848590729752,-0.8689839551990985,False,B,🟡 B 等確認,等支撐或量價確認,
3094,聯傑,61.6,54.23938584745107,57.00902894982446,46.36576317402297,技術結構,14.516430358508767,24.730903938274395,False,66.3,72.7,7.629870129870131,18.019480519480524,0.30851561871387495,0.7286219931327685,22.0,32.09,42.18,🟡 B 中等,🔴 基本面背離,技術目標,66.3,72.7,🔴 過熱,54.23938584745107,49.13540627639637,13.570607479315399,25.367845039253023,True,NO,🟠 高位延伸,不追，等待回踩 EMA9/EMA20 或重新整理,
3095,及成,33.5,34.811015505086026,35.76994383128406,33.85208717888799,技術結構,2.7546692111235047,,True,34.45,36.7,2.8358208955223896,9.552238805970159,,,37.55,63.26,88.97,🟠 C 低一致,🔵 技術低於基本面,技術目標,34.45,36.7,🔵 偏便宜,34.121159050533926,34.811015505086026,-1.820451203354434,-3.76609382422205,False,NO,🔴 結構失效,現價已跌破防守位，等待重新形成結構,
3105,穩懋,542.0,497.56303278112847,518.8308899239856,451.75357732176826,技術結構,9.206764257245613,16.65063149044866,False,578.0,628.0,6.6420664206642055,15.867158671586722,0.39890777863135757,0.9529463600637992,197.11,316.99,436.88,🟠 C 低一致,🔴 基本面背離,技術目標,578.0,628.0,🔴 過熱,497.56303278112847,473.02143446462543,8.930922172913668,14.582545421740933,False,NO,🔴 不追,等待回到合理價格區,
3114,好德,34.6,32.793603132128766,33.68824594839987,31.290733233075187,技術結構,4.582814193970583,9.564354817701776,False,39.85,58.5,15.173410404624278,69.07514450867052,1.5864541512555788,7.222143660001587,56.86,62.98,69.09,🟢 A 高一致,✅ 技術×基本面共振,共振目標,56.86,58.5,🔴 過熱,32.793603132128766,32.18537604934629,5.508381804198459,7.502239361602103,False,NO,🔴 不追,等待回到合理價格區,
3115,富榮綱,8.5,8.455587358824593,8.759337354737417,8.151837362911769,技術結構,3.5922991865942735,4.096031024567428,False,9.0,9.25,5.882352941176472,8.823529411764696,1.436110445915798,2.154165668873694,,,,,⚪ 基本面不足,技術目標,9.0,9.25,🟢 合理,8.32484676767342,8.455587358824593,2.1039814571329307,0.5252460803808701,False,B,🟡 B 等確認,等支撐或量價確認,
3118,進階,31.3,31.444380935423354,31.706881017166868,31.18188085367984,技術結構,0.8348075997508271,0.3773774642816658,False,31.65,31.85,1.1182108626198062,1.757188498402562,0.5591054313099031,0.878594249201281,30.59,30.72,30.86,🟢 A 高一致,🔴 基本面背離,技術目標,31.65,31.85,🔵 偏便宜,31.351249299284103,31.444380935423354,-0.16346812465068972,-0.4591629128265051,False,NO,🔴 不追,第一目標風報不足,
3122,笙泉,24.2,24.41098763259609,24.95473759172433,23.867237673467848,技術結構,2.2274803760998605,1.37505093608327,False,24.5,24.9,1.2396694214876103,2.892561983471076,0.6198347107438051,1.446280991735538,,,,,⚪ 基本面不足,技術目標,24.5,24.9,🔵 偏便宜,24.078532093491734,24.41098763259609,0.5044655796982545,-0.8643142005215654,False,NO,🔴 不追,第一目標風報不足,
3128,昇銳,20.35,20.42625619577265,20.921791910058364,19.930720481486933,技術結構,2.425974243817963,2.0603416143148325,False,21.95,22.4,7.862407862407861,10.073710073710052,3.8160700185743264,4.889339711298346,10.56,15.08,19.61,🟡 B 中等,🔴 基本面背離,技術目標,21.95,22.4,🔵 偏便宜,20.349484440067446,20.42625619577265,0.0025335282280769533,-0.37332438720918404,False,B,🟡 B 等確認,等支撐或量價確認,
3130,一零四,209.0,209.0737548154784,209.8237548154784,208.3237548154784,技術結構,0.35872508276417825,0.323562289244787,False,210.5,214.0,0.7177033492822948,2.392344497607657,0.3588516746411474,1.1961722488038284,181.53,374.16,566.8,🟠 C 低一致,🟡 共振但估值分歧,共振目標,210.5,214.0,🔵 偏便宜,208.87133002138387,209.0737548154784,0.06160250839737369,-0.03527693638232243,False,NO,🔴 不追,第一目標風報不足,
3131,弘塑,2525.0,2440.0083393996665,2527.865482256809,2348.8078122371357,技術結構,3.73771374834602,6.97790842625205,False,2570.0,2670.0,1.7821782178217838,5.742574257425748,0.2554029243371744,0.8229649784197841,567.46,1205.45,1843.45,🟠 C 低一致,🔴 基本面背離,技術目標,2570.0,2670.0,🟢 合理,2440.0083393996665,2436.6649550942784,3.483252873686671,3.62524378745801,False,NO,🔴 不追,第一目標風報不足,
3135,凌航,158.0,162.5895232207759,165.32166607791876,159.85738036363304,技術結構,1.6803929324726283,,True,164.0,173.0,3.797468354430378,9.493670886075956,,,206.57,853.46,1500.34,🟠 C 低一致,🔵 技術低於基本面,技術目標,164.0,173.0,🔵 偏便宜,159.6308388575094,162.5895232207759,-1.021631452406957,-2.822766885504613,False,NO,🔴 結構失效,現價已跌破防守位，等待重新形成結構,
3138,耀登,101.0,98.85208182271691,102.43601072111953,93.82031538838724,技術結構,5.090197739440358,7.108598625359165,False,102.0,105.0,0.990099009900991,3.960396039603964,0.13928188410707543,0.5571275364283017,14.73,48.07,81.42,🟠 C 低一致,🔴 基本面背離,技術目標,102.0,105.0,🟢 合理,98.85208182271691,97.40424428678986,2.1728608418537965,3.6915801149517202,False,NO,🔴 不追,第一目標風報不足,
3141,晶宏,85.3,88.05057164118288,91.3291429062673,84.77200037609848,技術結構,3.723509346929623,0.6189913527567665,False,100.0,110.0,17.233294255568588,28.956623681125436,8.616647127784294,14.478311840562718,123.58,141.59,159.59,🟢 A 高一致,🔵 技術低於基本面,技術目標,100.0,110.0,🔵 偏便宜,87.96085960994826,88.05057164118288,-3.0250495751718676,-3.1238543826743292,False,B,🟡 B 等確認,等支撐或量價確認,
3147,大綜,243.5,237.5563966331459,244.41353949028877,225.64754546422725,技術結構,5.013062724347214,7.331603505450822,False,271.5,351.0,11.498973305954818,44.147843942505126,1.5684117802341173,6.021580941970274,148.74,279.3,409.86,🟠 C 低一致,🟡 共振但估值分歧,共振目標,271.5,351.0,🟢 合理,237.5563966331459,232.5046883213701,2.50197572075177,4.729070952510028,False,B,🟡 B 等確認,等支撐或量價確認,
3149,正達,74.0,65.9047054537909,68.29399124982012,62.237404567879466,技術結構,5.564550908254586,15.895399232595317,False,89.7,91.9,21.21621621621621,24.189189189189197,1.3347394365981042,1.521772988223317,,,,,⚪ 基本面不足,技術目標,89.7,91.9,🔴 過熱,65.9047054537909,64.6266903639087,12.283333170929843,14.503774807762571,True,NO,🟠 高位延伸,不追，等待回踩 EMA9/EMA20 或重新整理,
3150,鈺寶-創,15.65,15.759621979765292,16.107836285915457,15.411407673615129,技術結構,2.209534636029064,1.52455160629311,False,15.8,16.4,0.9584664536741228,4.792332268370592,0.4792332268370614,2.396166134185296,,,,,⚪ 基本面不足,技術目標,15.8,16.4,🔵 偏便宜,15.452059913810562,15.759621979765292,1.2809948142417316,-0.6955876220003376,False,NO,🔴 不追,第一目標風報不足,
3152,璟德,231.0,228.04903116692182,232.44188830977896,223.65617402406468,技術結構,1.9262774853192695,3.1791454441278426,False,236.0,240.5,2.164502164502169,4.112554112554112,0.6808440200495364,1.2936036380941163,146.2,198.24,250.29,🟡 B 中等,✅ 技術×基本面共振,共振目標,236.0,240.5,🟢 合理,226.1217474906613,228.04903116692182,2.157356629105367,1.2940063011792402,False,NO,🔴 不追,第一目標風報不足,
3158,嘉實,85.1,85.41736495134731,86.55843687037981,83.90051473765983,技術結構,1.7758101230955274,1.4095008958168758,False,88.5,90.5,3.9952996474735603,6.345475910693299,1.9976498237367801,3.1727379553466495,104.49,115.58,126.67,🟢 A 高一致,🔵 技術低於基本面,技術目標,88.5,90.5,🔵 偏便宜,85.41736495134731,85.04158665669233,-0.3715461739285497,0.06868797444181673,False,B,🟡 B 等確認,等支撐或量價確認,
3162,精確,85.4,77.25269735850877,80.34912642039842,71.09401899636019,技術結構,7.972120809669371,16.751734196299548,False,86.8,94.1,1.6393442622950616,10.18735362997656,0.09786116727289,0.6081372537672513,2.3,25.13,47.95,🟠 C 低一致,🔴 基本面背離,技術目標,86.8,94.1,🔴 過熱,77.25269735850877,74.19044805824984,10.546301838085759,15.109157897185232,False,NO,🔴 不追,等待回到合理價格區,
3163,波若威,643.0,677.9874970294937,698.7196398866366,657.2553541723508,技術結構,3.0578945700293647,,True,689.0,736.0,7.1539657853810334,14.463452566096425,,,129.71,159.38,189.05,🟡 B 中等,🔴 基本面背離,技術目標,689.0,736.0,🔵 偏便宜,659.4268864563554,677.9874970294937,-2.491085333907239,-5.160492956402074,False,NO,🔴 結構失效,現價已跌破防守位，等待重新形成結構,
3164,景岳,16.55,16.2121132925671,16.421042017264757,15.870091970476684,技術結構,2.10966526027933,4.108205616455083,False,16.65,17.15,0.6042296072507503,3.6253776435045237,0.14707871602885642,0.8824722961731439,5.91,14.05,22.19,🟠 C 低一致,🟡 共振但估值分歧,共振目標,16.65,17.15,🔴 過熱,16.2121132925671,16.079020695174343,2.0841620172233455,2.92915416774735,False,NO,🔴 不追,等待回到合理價格區,
3167,大量,887.0,874.0147724197312,913.2826295625883,800.0338872373369,技術結構,8.464489104409122,9.804522295677915,False,928.0,964.0,4.622322435174753,8.680947012401363,0.4714480008079936,0.8854023429808658,99.8,308.18,516.55,🟠 C 低一致,🔴 基本面背離,技術目標,928.0,964.0,🟢 合理,874.0147724197312,839.301744380194,1.485698868031582,5.683087869075032,False,NO,🔴 不追,第一目標風報不足,
3168,眾福科,42.675,42.48875305487473,43.01375325923351,41.963752850515945,技術結構,1.2356215859776791,1.6666599870745216,False,43.3,43.9,1.4645577035735213,2.8705330990041134,0.7322788517867607,1.4352665495020567,54.22,69.59,84.96,🟡 B 中等,🔵 技術低於基本面,技術目標,43.3,43.9,🟢 合理,42.48665477577612,42.48875305487473,0.44330443339886116,0.4383441069327976,False,NO,🔴 不追,第一目標風報不足,
3169,亞信,115.0,109.88185822866798,112.47471545326863,104.02513750897688,技術結構,5.330016086461749,9.543358687846188,False,117.0,121.0,1.7391304347825987,5.217391304347818,0.18223462951229571,0.5467038885368894,110.17,115.09,120.01,🟢 A 高一致,✅ 技術×基本面共振,共振目標,117.0,120.01,🔴 過熱,109.88185822866798,106.61799473357753,4.657858771082113,7.8617172339133345,False,NO,🔴 不追,等待回到合理價格區,
3171,炎洲流通,58.8,60.13584086374504,60.92869772049988,59.34298400699019,技術結構,1.3184431203868745,,True,59.6,63.7,1.3605442176870763,8.333333333333348,,,37.9,83.64,129.39,🟠 C 低一致,🟡 共振但估值分歧,共振目標,59.6,63.7,🔵 偏便宜,59.109543372483614,60.13584086374504,-0.5236774889851636,-2.221372220888651,False,NO,🔴 結構失效,現價已跌破防守位，等待重新形成結構,
3176,基亞,37.7,37.76270913284197,38.93324509235822,36.07527000425864,技術結構,4.468533024596411,4.309628635918731,False,38.65,40.0,2.5198938992042397,6.100795755968158,0.5847125383848871,1.4156198297739369,,,,,⚪ 基本面不足,技術目標,38.65,40.0,🔵 偏便宜,37.76270913284197,37.24580596377489,-0.16606100113571998,1.219450148741208,False,NO,🔴 不追,第一目標風報不足,
3178,公準,69.4,68.26682181246633,71.13289393585762,62.74621183283351,技術結構,8.086812646410168,9.587591018971896,False,70.0,74.2,0.8645533141210304,6.916426512968288,0.09017419625120168,0.7213935700096181,20.03,57.65,95.28,🟠 C 低一致,🟡 共振但估值分歧,共振目標,70.0,74.2,🟢 合理,68.26682181246633,65.6122839562248,1.6599252132267095,5.772876381353065,False,NO,🔴 不追,第一目標風報不足,
3188,鑫龍騰,23.3,23.757419349823763,24.003847900816456,23.51099079883107,技術結構,1.0372698623704733,,True,23.8,24.05,2.145922746781115,3.2188841201716833,,,22.03,49.96,77.9,🟠 C 低一致,🟡 共振但估值分歧,共振目標,23.8,24.05,🔵 偏便宜,23.574641999142827,23.757419349823763,-1.1649890554130682,-1.9253747348916272,False,NO,🔴 結構失效,現價已跌破防守位，等待重新形成結構,
3189,景碩,970.0,905.4572562645059,939.7965419787915,834.6122490146014,技術結構,7.824224363961467,13.957500101587486,False,996.0,1080.0,2.680412371134011,11.340206185567014,0.19204100674368962,0.8124811823771516,227.88,267.78,307.68,🟢 A 高一致,🔴 基本面背離,技術目標,996.0,1080.0,🔴 過熱,905.4572562645059,868.951534728887,7.128193328724031,11.628780344192613,False,NO,🔴 不追,等待回到合理價格區,
3191,雲嘉南,16.700000000000003,16.94190376795496,17.225832359819407,16.65797517609051,技術結構,1.6758954350897088,0.2516456521526535,False,17.0,17.3,1.7964071856287234,3.592814371257469,0.8982035928143617,1.7964071856287345,16.93,16.93,16.93,🟠 C 低一致,🔴 基本面背離,技術目標,17.0,17.3,🔵 偏便宜,16.70550144676951,16.94190376795496,-0.03293194632341123,-1.4278428874829774,False,C,🟠 C 觀察,條件未齊，不急進,
3205,佰研,46.8,46.941605942952904,47.471963371912345,46.41124851399346,技術結構,1.129823784904105,0.8306655683900294,False,47.5,49.0,1.4957264957265126,4.700854700854706,0.7478632478632563,2.350427350427353,,,,,⚪ 基本面不足,技術目標,47.5,49.0,🔵 偏便宜,46.748346228652345,46.941605942952904,0.11049325915188923,-0.3016640357916156,False,NO,🔴 不追,第一目標風報不足,
3206,志豐,34.95,34.83615691214994,35.481693076024975,34.117942943367176,技術結構,2.0616911635630757,2.380706885930836,False,35.55,36.0,1.716738197424883,3.0042918454935563,0.7211043944847721,1.261932690348356,42.53,54.44,66.35,🟡 B 中等,🔵 技術低於基本面,技術目標,35.55,36.0,🟢 合理,34.83615691214994,34.76347910724221,0.3267957718101844,0.5365426520814953,False,NO,🔴 不追,第一目標風報不足,
3207,耀勝,38.8,38.66272193889259,39.51450810276762,37.810935775017555,技術結構,2.203120011108641,2.5491346004702127,False,40.65,41.3,4.768041237113407,6.443298969072164,1.87045487367905,2.5276417211879023,,,,,⚪ 基本面不足,技術目標,40.65,41.3,🟢 合理,38.20424451992696,38.66272193889259,1.5593960502537918,0.35506569176475544,False,B,🟡 B 等確認,等支撐或量價確認,
3209,全科,45.35,46.466547636042634,47.077261962628675,45.85583330945659,技術結構,1.3143096650294925,,True,46.3,48.25,2.094818081587646,6.394707828004398,,,59.15,81.17,103.19,🟡 B 中等,🔵 技術低於基本面,技術目標,46.3,48.25,🔵 偏便宜,45.60835505640786,46.466547636042634,-0.5664643157779481,-2.4029063764069325,False,NO,🔴 結構失效,現價已跌破防守位，等待重新形成結構,
3211,順達,398.5,382.2226565617761,394.1422994189189,365.9251475755546,技術結構,4.263878319726824,8.174366982294954,False,414.5,423.0,4.015056461731503,6.148055207026348,0.4911764385459822,0.7521139215235333,133.69,140.87,148.05,🟢 A 高一致,🔴 基本面背離,技術目標,414.5,423.0,🔴 過熱,382.2226565617761,377.84479043269744,4.258602455606431,5.466585775510846,False,NO,🔴 不追,等待回到合理價格區,
3213,茂訊,124.5,125.08003660569653,126.92825089141083,123.23182231998224,技術結構,1.477625315653384,1.01861661045603,False,127.0,129.0,2.008032128514059,3.6144578313253017,1.0040160642570295,1.8072289156626509,150.57,195.75,240.93,🟡 B 中等,🔵 技術低於基本面,技術目標,127.0,129.0,🔵 偏便宜,124.52477985447122,125.08003660569653,-0.019899536863410283,-0.46373236004483287,False,B,🟡 B 等確認,等支撐或量價確認,
3217,優群,130.0,131.32788863180525,132.96181720323384,129.69396006037667,技術結構,1.2441596285839285,0.23541533817179403,False,131.0,139.0,0.7692307692307665,6.923076923076921,0.38461538461538325,3.4615384615384603,138.37,207.24,276.12,🟡 B 中等,✅ 技術×基本面共振,共振目標,138.37,139.0,🔵 偏便宜,129.81352062153147,131.32788863180525,0.14365173795125585,-1.0111246328859846,False,NO,🔴 不追,第一目標風報不足,
3218,大學光,135.0,135.1881958098031,136.60783866694595,133.76855295266023,技術結構,1.0501233843967883,0.9121829980294597,False,137.5,139.5,1.85185185185186,3.3333333333333437,0.92592592592593,1.6666666666666718,108.71,177.62,246.53,🟠 C 低一致,🟡 共振但估值分歧,共振目標,137.5,139.5,🔵 偏便宜,134.33374211451311,135.1881958098031,0.4959721027639752,-0.13921023849439162,False,C,🟠 C 觀察,條件未齊，不急進,
3219,倚強科,131.5,109.5972190036274,114.31150471791311,93.64620761132218,技術結構,14.554211810590997,28.786153907739788,False,139.5,150.5,6.083650190114076,14.448669201520904,0.21133945888055414,0.5019312148413152,92.29,150.5,208.72,🟠 C 低一致,🟡 共振但估值分歧,共振目標,139.5,150.5,🔴 過熱,109.5972190036274,98.36049332560789,19.984796325577992,33.69188741732787,True,NO,🟠 高位延伸,不追，等待回踩 EMA9/EMA20 或重新整理,
3221,台嘉碩,51.2,49.32646955432459,50.81843437137171,47.27603101579323,技術結構,4.1568726832824625,7.664001922278854,False,52.0,57.5,1.5625,12.3046875,0.20387520982450355,1.6055172773679656,34.35,42.53,50.7,🟡 B 中等,🔴 基本面背離,技術目標,52.0,57.5,🔴 過熱,49.32646955432459,48.76799583284035,3.7982252989179344,4.986885611407366,False,NO,🔴 不追,等待回到合理價格區,
3224,三顧,31.45,32.7028101073923,33.4313814746561,31.97423874012851,技術結構,2.2278555416835677,,True,32.55,33.6,3.49761526232113,6.836248012718604,,,,,,,⚪ 基本面不足,技術目標,32.55,33.6,🔵 偏便宜,31.950550325328354,32.7028101073923,-1.5666407001808325,-3.830894358246939,False,NO,🔴 結構失效,現價已跌破防守位，等待重新形成結構,
3226,龍鋒,60.4,58.30930185482143,59.134302181795476,55.795114266955196,技術結構,4.31181219443522,7.6239830017298065,False,61.8,63.8,2.3178807947019875,5.629139072847678,0.3040249163955485,0.7383462255320455,46.24,46.24,46.24,🟠 C 低一致,🔴 基本面背離,技術目標,61.8,63.8,🔴 過熱,58.30930185482143,56.620114593929245,3.5855310879626012,6.675870285992014,False,NO,🔴 不追,等待回到合理價格區,
3227,原相,185.0,186.76250453834518,189.11964739548804,184.40536168120232,技術結構,1.2621071145781855,0.321426118269015,False,187.0,199.5,1.08108108108107,7.837837837837847,0.540540540540535,3.9189189189189233,328.71,369.16,409.62,🟢 A 高一致,🔵 技術低於基本面,技術目標,187.0,199.5,🔵 偏便宜,184.73109104015066,186.76250453834518,0.14556778630776535,-0.9437143406819781,False,NO,🔴 不追,第一目標風報不足,
3228,金麗科,182.0,173.6283904719579,178.8516047576722,164.12272859927285,技術結構,5.474716344974868,9.822676593806127,False,184.5,188.0,1.3736263736263687,3.296703296703307,0.13984236989870302,0.3356216877568895,,,,,⚪ 基本面不足,技術目標,184.5,188.0,🔴 過熱,173.6283904719579,169.34594288498712,4.821567201818966,7.472311942900811,False,NO,🔴 不追,等待回到合理價格區,
3229,晟鈦,58.6,58.51348079345026,62.22062438628473,54.11730921628116,技術結構,7.513091885077522,7.649642975629427,False,61.8,68.4,5.460750853242313,16.723549488054612,0.7138569565454775,2.1861869294205287,32.35,63.19,94.02,🟠 C 低一致,🟡 共振但估值分歧,共振目標,61.8,68.4,🟢 合理,58.51348079345026,57.82445280911563,0.147862006116406,1.3412097360342212,False,NO,🔴 不追,第一目標風報不足,
3230,錦明,41.4,41.7854123860651,42.642555324951466,40.92826944717873,技術結構,2.0512970674239783,1.1394457797615232,False,42.05,42.95,1.570048309178751,3.7439613526570215,0.7850241545893755,1.8719806763285107,,,,,⚪ 基本面不足,技術目標,42.05,42.95,🔵 偏便宜,41.38905977729424,41.7854123860651,0.026432643709761727,-0.9223610922017067,False,NO,🔴 不追,第一目標風報不足,
3231,緯創,184.5,184.22811511574022,188.1120436871688,180.3241479207814,技術結構,2.11909414179599,2.2633344602810843,False,188.0,192.0,1.8970189701897011,4.065040650406515,0.8381522940953718,1.7960406302043739,177.69,256.03,334.37,🟡 B 中等,✅ 技術×基本面共振,共振目標,188.0,192.0,🟢 合理,184.22811511574022,184.20807649220998,0.14758056015986565,0.1584748689356985,False,C,🟠 C 觀察,條件未齊，不急進,
3232,昱捷,20.9,20.92164411697079,21.33414421915018,20.20052473560206,技術結構,3.4467624883447257,3.346771599990142,False,21.2,21.85,1.4354066985645897,4.545454545454564,0.42889293627590774,1.3581609648737167,19.44,20.9,22.36,🟢 A 高一致,✅ 技術×基本面共振,共振目標,21.2,21.85,🔵 偏便宜,20.92164411697079,20.61302483778145,-0.10345323173350796,1.3922030583912948,False,NO,🔴 不追,第一目標風報不足,
3234,光環,173.0,176.07521215079714,184.72699786508286,167.22884128337125,技術結構,5.024200033250302,3.335929894005056,False,186.0,194.0,7.514450867052025,12.138728323699421,2.2525805714790708,3.638784000081575,,,,,⚪ 基本面不足,技術目標,186.0,194.0,🔵 偏便宜,176.07521215079714,175.88062699765698,-1.7465332645252851,-1.6378307530683034,False,B,🟡 B 等確認,等支撐或量價確認,
3236,千如,44.15,43.84006936836647,45.22221222550933,42.45792651122361,技術結構,3.152693134514445,3.8325560334686,False,44.7,46.5,1.2457531143827971,5.3227633069082625,0.3250449839490921,1.3888285677824705,9.8,25.12,40.45,🟠 C 低一致,🔴 基本面背離,技術目標,44.7,46.5,🟢 合理,43.74657156730553,43.84006936836647,0.9221943988771297,0.7069574389340749,False,NO,🔴 不追,第一目標風報不足,
3252,海灣,15.3,15.438203624578968,15.655167961382949,15.221239287774987,技術結構,1.4053729441588327,0.5147758968955164,False,15.65,16.45,2.287581699346397,7.516339869281041,1.1437908496731986,3.7581699346405206,,,,,⚪ 基本面不足,技術目標,15.65,16.45,🔵 偏便宜,15.335558473739873,15.438203624578968,-0.23186944121247333,-0.8952053486257605,False,B,🟡 B 等確認,等支撐或量價確認,
3257,虹冠電,49.6,48.82789533034101,49.51896643193839,48.13682422874363,技術結構,1.4153202732208647,2.9499511517265606,False,49.85,51.0,0.504032258064524,2.8225806451612767,0.17086122181023972,0.9568228421373228,28.08,40.17,52.25,🟡 B 中等,✅ 技術×基本面共振,共振目標,49.85,51.0,🔴 過熱,48.82055903392761,48.82789533034101,1.5965424843470633,1.58127780121462,False,NO,🔴 不追,等待回到合理價格區,
3259,鑫創,10.65,11.094014874334466,11.451872039671075,10.736157708997856,技術結構,3.2256777135254864,,True,14.9,15.3,39.906103286384976,43.66197183098593,,,,,,,⚪ 基本面不足,技術目標,14.9,15.3,🔵 偏便宜,10.45066063890596,11.094014874334466,1.9074331086011531,-4.0022920409244716,False,NO,🔴 結構失效,現價已跌破防守位，等待重新形成結構,
3260,威剛,377.5,393.07125009755543,399.92839295469827,386.2141072404126,技術結構,1.7445037904555407,,True,405.5,413.5,7.4172185430463555,9.536423841059595,,,627.64,2424.97,4222.3,🟠 C 低一致,🔵 技術低於基本面,技術目標,405.5,413.5,🔵 偏便宜,385.1905016870193,393.07125009755543,-1.9965449961349524,-3.9614319525253627,False,NO,🔴 結構失效,現價已跌破防守位，等待重新形成結構,
3264,欣銓,243.5,248.2795818432872,258.91351041471574,230.72351469197034,技術結構,7.071087771687223,5.247016553605611,False,251.5,271.5,3.285420944558526,11.498973305954818,0.6261502915024866,2.191526020258699,213.79,255.28,296.76,🟢 A 高一致,✅ 技術×基本面共振,共振目標,251.5,271.5,🔵 偏便宜,248.2795818432872,241.35744326339892,-1.925080511173105,0.8877110677141475,False,NO,🔴 不追,第一目標風報不足,
3265,台星科,186.0,179.74041733790523,186.0350601950481,169.6544073644754,技術結構,5.611431264493238,8.787953029851941,False,187.0,198.0,0.5376344086021501,6.451612903225801,0.06117857102511255,0.7341428523013507,206.98,215.97,224.95,🟢 A 高一致,🔵 技術低於基本面,技術目標,187.0,198.0,🟢 合理,179.74041733790523,175.94905022161825,3.4825682252239254,5.712420593189904,False,NO,🔴 不追,第一目標風報不足,
3266,昇陽,14.0,13.92235745811824,14.091107529643814,13.751139905375641,技術結構,1.2298028782672894,1.7775721044597046,False,14.1,14.5,0.7142857142857117,3.571428571428581,0.3571428571428559,1.7857142857142905,1.78,9.59,17.41,🟠 C 低一致,🟡 共振但估值分歧,共振目標,14.1,14.5,🟢 合理,13.92235745811824,13.919889976901215,0.5576824335629116,0.5755075882907024,False,NO,🔴 不追,第一目標風報不足,
3268,海德威,21.75,19.948428628894845,20.48950009833803,18.603887297832078,技術結構,6.740086430242583,14.464885986978954,False,22.0,23.3,1.1494252873563315,7.126436781609202,0.07946314187274098,0.4926714796109904,,,,,⚪ 基本面不足,技術目標,22.0,23.3,🔴 過熱,19.948428628894845,19.144958767275263,9.031144280184655,13.606930494818137,False,NO,🔴 不追,等待回到合理價格區,
3272,東碩,13.95,14.038911949096477,14.247840704447952,13.829983193745,技術結構,1.4882118793039525,0.8603355287096662,False,14.15,14.45,1.433691756272415,3.584229390680993,0.7168458781362075,1.7921146953404965,,,,,⚪ 基本面不足,技術目標,14.15,14.45,🔵 偏便宜,13.960786320509118,14.038911949096477,-0.0772615543386257,-0.6333250711939908,False,NO,🔴 不追,第一目標風報不足,
3276,宇環,14.1,14.052251677376189,14.237073085511739,13.86743026924064,技術結構,1.3152440788767543,1.6494307146053928,False,14.35,14.65,1.773049645390068,3.900709219858167,0.886524822695034,1.9503546099290836,3.33,18.48,33.63,🟠 C 低一致,🟡 共振但估值分歧,共振目標,14.35,14.65,🟢 合理,13.934566617417685,14.052251677376189,1.1872158433368751,0.33979125708860636,False,C,🟠 C 觀察,條件未齊，不急進,
3284,太普高,19.9,20.013962630004112,20.509498323853947,19.518426936154277,技術結構,2.4759499306096835,1.917452582139302,False,21.15,21.6,6.281407035175879,8.542713567839222,3.1407035175879394,4.271356783919611,26.14,26.51,26.87,🟢 A 高一致,🔵 技術低於基本面,技術目標,21.15,21.6,🔵 偏便宜,19.779595700646915,20.013962630004112,0.6087298303531385,-0.569415623037417,False,B,🟡 B 等確認,等支撐或量價確認,
3285,微端,41.5,41.35260073293426,42.507065141263816,39.645384227660024,技術結構,4.128438054718451,4.468953668289098,False,44.1,52.5,6.265060240963849,26.506024096385538,1.4019076289422296,5.9311476609094385,61.1,64.71,68.31,🟢 A 高一致,🔵 技術低於基本面,技術目標,44.1,52.5,🟢 合理,41.35260073293426,40.79984863598958,0.356444974326231,1.7160636311597033,False,B,🟡 B 等確認,等支撐或量價確認,
3287,廣寰科,42.15,40.5349133555237,41.79652041663733,37.59667537068763,技術結構,7.248659838163135,10.802668159697202,False,45.0,47.95,6.761565836298944,13.76037959667853,0.6259162770106298,1.2737945286532093,46.32,163.15,279.98,🟠 C 低一致,🟡 共振但估值分歧,共振目標,46.32,47.95,🔴 過熱,40.5349133555237,38.85828243180126,3.984433444597979,8.471083543066825,False,NO,🔴 不追,等待回到合理價格區,
3288,點晶,21.2,21.04777948842832,22.068315264021667,20.02724371283497,技術結構,4.848662426145333,5.531869279080326,False,21.35,22.1,0.70754716981134,4.245283018867929,0.12790381227680958,0.7674228736608374,,,,,⚪ 基本面不足,技術目標,21.35,22.1,🟢 合理,21.030629753812473,21.04777948842832,0.8053503303048881,0.7232141122315072,False,NO,🔴 不追,第一目標風報不足,
3289,宜特,139.5,137.74428353961383,140.58356925389955,134.69110810011867,技術結構,2.216553283401486,3.4472343368324956,False,143.0,147.0,2.508960573476693,5.376344086021501,0.7278183982647553,1.5596108534244801,153.29,154.29,155.29,🟢 A 高一致,🔵 技術低於基本面,技術目標,143.0,147.0,🟢 合理,137.74428353961383,137.5303938144044,1.2746201985806893,1.4321242970143588,False,NO,🔴 不追,第一目標風報不足,
3290,東浦,52.2,47.8591302138489,48.89305886702098,46.82520156067682,技術結構,2.160358219115518,10.296548734335605,False,57.8,63.1,10.727969348658984,20.881226053639846,1.0418995359954675,2.027983025419753,86.92,173.82,260.73,🟠 C 低一致,🔵 技術低於基本面,技術目標,57.8,63.1,🔴 過熱,47.788571351390395,47.8591302138489,9.231137328153793,9.070097527378373,False,NO,🔴 不追,等待回到合理價格區,
3293,鈊象,788.0,748.0728850031021,760.180027860245,721.6940775183126,技術結構,3.526234944965303,8.414457167726825,False,793.0,805.0,0.6345177664974555,2.15736040609138,0.07540804520713618,0.25638735370426674,153.44,557.44,961.44,🟠 C 低一致,🟡 共振但估值分歧,共振目標,793.0,805.0,🔴 過熱,748.0728850031021,733.8012203754555,5.337329529960488,7.386030183598402,False,NO,🔴 不追,等待回到合理價格區,
3294,英濟,32.45,31.811554204378517,32.695483021037624,30.182804596659537,技術結構,5.1199938149982005,6.986734679015302,False,32.65,36.15,0.6163328197226425,11.40215716486901,0.08821471660771686,1.6319722572427797,,,,,⚪ 基本面不足,技術目標,32.65,36.15,🟢 合理,31.811554204378517,31.066733413318648,2.0069619721176934,4.452565283507837,False,NO,🔴 不追,第一目標風報不足,
3296,勝德,28.4,27.559247851928067,28.502105035656967,25.544288843090474,技術結構,7.3113715572488855,10.055320975033538,False,29.25,30.8,2.992957746478875,8.450704225352123,0.2976491505253906,0.840421130895221,,,,,⚪ 基本面不足,技術目標,29.25,30.8,🟢 合理,27.559247851928067,26.487146026819374,3.0507078879263183,7.22181986403434,False,NO,🔴 不追,第一目標風報不足,
3297,杭特,32.6,32.62161772580139,34.22876080773891,29.433734071482167,技術結構,9.772304001336622,9.712472173367589,False,32.8,33.9,0.6134969325153339,3.9877300613496924,0.06316588830983669,0.41057827401394076,24.75,29.19,33.62,🟢 A 高一致,✅ 技術×基本面共振,共振目標,32.8,33.62,🔵 偏便宜,32.62161772580139,31.040877153419686,-0.06626809860595939,5.0228053765180025,False,NO,🔴 不追,第一目標風報不足,
3303,岱稜,48.65,49.48105406658028,50.099804230067306,48.86230390309325,技術結構,1.2504789462537649,,True,49.2,52.0,1.1305241521069043,6.885919835560128,,,104.2,140.98,177.76,🟡 B 中等,🔵 技術低於基本面,技術目標,49.2,52.0,🔵 偏便宜,48.62102298575885,49.48105406658028,0.059597705810587875,-1.6795399416148937,False,NO,🔴 結構失效,現價已跌破防守位，等待重新形成結構,
3305,昇貿,106.0,104.52600678611702,106.44922115357483,102.60279241865922,技術結構,1.8399386206278006,3.204912812585641,False,115.5,118.0,8.962264150943389,11.32075471698113,2.796414341054372,3.5323128518581557,129.67,159.89,190.1,🟡 B 中等,🔵 技術低於基本面,技術目標,115.5,118.0,🟢 合理,103.55340114240393,104.52600678611702,2.362644616792031,1.4101688749089014,False,B,🟡 B 等確認,等支撐或量價確認,
3306,鼎天,48.05,46.198876285704145,46.93012657180644,44.814648559096945,技術結構,2.99623678733402,6.7333016460001085,False,53.4,55.2,11.134235171696162,14.880332986472444,1.6536070648654826,2.2099608436987297,8.76,106.58,204.4,🟠 C 低一致,🟡 共振但估值分歧,共振目標,53.4,55.2,🔴 過熱,46.198876285704145,45.54589884519924,4.006858744459696,5.497972854398281,False,NO,🔴 不追,等待回到合理價格區,
3308,聯德,22.35,21.91716268075467,22.471626986904834,21.163771770712817,技術結構,3.4374472691367246,5.307508855871071,False,22.6,23.5,1.118568232662187,5.145413870246074,0.2107520237907558,0.9694593094374792,26.8,34.45,42.1,🟡 B 中等,🔵 技術低於基本面,技術目標,22.6,23.5,🟢 合理,21.91716268075467,21.71823607686298,1.9748784345402504,2.9089099174589794,False,NO,🔴 不追,第一目標風報不足,
3310,佳穎,68.8,68.53012447525302,69.84262472048356,67.13179101008666,技術結構,2.0404653805514585,2.4247223690600856,False,69.5,70.4,1.0174418604651292,2.3255813953488413,0.4196116938779792,0.9591124431496563,75.04,88.57,102.1,🟢 A 高一致,🔵 技術低於基本面,技術目標,69.5,70.4,🟢 合理,68.53012447525302,68.4442912553172,0.39380568299483,0.5197054979441562,False,NO,🔴 不追,第一目標風報不足,
3311,閎暉,41.05,37.82245571498204,39.31977740921989,34.620224076579746,技術結構,8.466482616922844,15.66327874158405,False,43.55,47.05,6.090133982947621,14.616321559074308,0.3888160380354514,0.9331584912850844,38.53,58.53,78.53,🟡 B 中等,✅ 技術×基本面共振,共振目標,43.55,47.05,🔴 過熱,37.82245571498204,36.11754577081759,8.533407532656522,13.656670529279836,False,NO,🔴 不追,等待回到合理價格區,
3312,弘憶股,52.0,51.18334528880732,52.7449520229469,49.350497615141734,技術結構,3.580945448804783,5.095196893958205,False,56.3,57.6,8.269230769230763,10.769230769230775,1.622946265145567,2.1136044383291135,51.25,52.88,54.51,🟢 A 高一致,🔴 基本面背離,技術目標,56.3,57.6,🟢 合理,51.18334528880732,50.912104349281314,1.5955477442606059,2.1368114019707507,False,B,🟡 B 等確認,等支撐或量價確認,
3313,斐成,10.475,10.609726095949997,10.762404749122082,10.457047442777911,技術結構,1.4390442485632737,0.17138479448294242,False,10.8,11.25,3.1026252983293645,7.398568019093088,1.5513126491646823,3.699284009546544,,,,,⚪ 基本面不足,技術目標,10.8,11.25,🔵 偏便宜,10.525262882709866,10.609726095949997,-0.4775451527432528,-1.2698357594870036,False,B,🟡 B 等確認,等支撐或量價確認,
3317,尼克森,65.2,62.50136133061857,64.52636173933614,59.637539688567955,技術結構,4.582014825087769,8.531380845754674,False,70.1,71.5,7.515337423312873,9.662576687116564,0.880905161683481,1.1325923507359055,60.84,84.81,108.79,🟡 B 中等,✅ 技術×基本面共振,共振目標,70.1,71.5,🔴 過熱,62.50136133061857,61.66254009728552,4.317727825328821,5.736805355623376,False,NO,🔴 不追,等待回到合理價格區,
3321,同泰,18.25,18.007966641344833,18.47135962110296,17.44035942463983,技術結構,3.1519783882863424,4.4363867143023015,False,18.5,19.1,1.3698630136986356,4.657534246575357,0.30877899108352874,1.0498485696839965,,,,,⚪ 基本面不足,技術目標,18.5,19.1,🟢 合理,18.007966641344833,17.903752404397956,1.3440349123008621,1.9339386949798865,False,NO,🔴 不追,第一目標風報不足,
3322,建舜電,11.3,11.082436062235555,11.331543194874758,10.828811520685758,技術結構,2.28852700007038,4.169809551453478,False,11.4,11.7,0.8849557522123908,3.539823008849541,0.21222929759559883,0.84891719038239,,,,,⚪ 基本面不足,技術目標,11.4,11.7,🟢 合理,11.082436062235555,11.07791865332496,1.9631418267849643,2.004720865217613,False,NO,🔴 不追,第一目標風報不足,
3323,加百裕,29.7,28.33638949770803,28.826568028264845,27.828500703760053,技術結構,1.7923553527842961,6.301344431784331,False,31.3,32.9,5.387205387205385,10.77441077441077,0.8549295226637702,1.7098590453275404,,,,,⚪ 基本面不足,技術目標,31.3,32.9,🔴 過熱,28.33638949770803,28.318679234316868,4.812223880541544,4.877772562250127,False,NO,🔴 不追,等待回到合理價格區,
3324,雙鴻,1530.0,1539.3272740002171,1620.2201311430742,1353.2617867894994,技術結構,12.087454718267498,11.551517203300692,False,1750.0,1940.0,14.379084967320255,26.797385620915026,1.2447789077621443,2.3198152371930876,629.77,1229.92,1830.08,🟠 C 低一致,🟡 共振但估值分歧,共振目標,1750.0,1830.08,🔵 偏便宜,1539.3272740002171,1434.1546439323565,-0.6059318351437026,6.683055866614351,False,C,🟠 C 觀察,條件未齊，不急進,
3325,旭品,11.9,11.732292335981017,12.008185193123873,11.303903741832281,技術結構,3.6513631085967573,5.009212253510246,False,12.1,12.3,1.680672268907557,3.3613445378151363,0.3355162815729783,0.671032563145961,,,,,⚪ 基本面不足,技術目標,12.1,12.3,🟢 合理,11.732292335981017,11.579796598975138,1.4294535050465074,2.7651902025049635,False,NO,🔴 不追,第一目標風報不足,
3338,泰碩,68.0,67.24850959747009,68.47529457606419,65.19159707366953,技術結構,3.0586737700398703,4.130004303427166,False,68.7,71.5,1.0294117647058787,5.147058823529416,0.2492519835516033,1.2462599177580218,27.22,41.31,55.4,🟡 B 中等,🔴 基本面背離,技術目標,68.7,71.5,🟢 合理,67.24850959747009,66.41838205226362,1.1174826134112248,2.381295507156178,False,NO,🔴 不追,第一目標風報不足,
3339,泰谷,45.65,45.826379087202675,47.79780765863125,42.63077911243453,技術結構,6.973276175032855,6.6138464130678365,False,49.2,53.8,7.776560788608999,17.85323110624315,1.1758000266295625,2.699371892121383,,,,,⚪ 基本面不足,技術目標,49.2,53.8,🔵 偏便宜,45.826379087202675,44.60220768386311,-0.38488549764545965,2.349193841622288,False,B,🟡 B 等確認,等支撐或量價確認,
3346,麗清,24.15,22.939749264788233,23.807606530260646,20.880236718512652,技術結構,8.977920911441108,13.5393924699269,False,25.8,30.9,6.8322981366459645,27.95031055900621,0.5046236861677186,2.0643696252315755,,,,,⚪ 基本面不足,技術目標,25.8,30.9,🔴 過熱,22.939749264788233,21.748093983985065,5.27578013709793,11.044213887357923,False,NO,🔴 不追,等待回到合理價格區,
3349,寶德,19.95,20.655175714439636,21.1908900205898,20.11946140828947,技術結構,2.5936080794299787,,True,20.25,23.0,1.5037593984962516,15.28822055137844,,,,,,,⚪ 基本面不足,技術目標,20.25,23.0,🔵 偏便宜,20.000351239420503,20.655175714439636,-0.25175177584512154,-3.4140388064898497,False,NO,🔴 結構失效,現價已跌破防守位，等待重新形成結構,
3354,律勝,32.15,29.659730609982244,31.253480732597513,26.549626860778147,技術結構,10.485947394806626,17.419512097113067,False,34.85,38.55,8.398133748056003,19.90668740279937,0.4821107331386063,1.1427809970692866,,,,,⚪ 基本面不足,技術目標,34.85,38.55,🔴 過熱,29.659730609982244,28.143376983393416,8.396129495456828,14.236468562286507,False,NO,🔴 不追,等待回到合理價格區,
3356,奇偶,66.0,67.52697715508982,68.25768813836619,66.79626617181346,技術結構,1.0821023153430023,,True,67.3,69.8,1.9696969696969546,5.757575757575761,,,85.28,274.34,463.4,🟠 C 低一致,🔵 技術低於基本面,技術目標,67.3,69.8,🔵 偏便宜,67.02946905000395,67.52697715508982,-1.5358454491650075,-2.2612846293753153,False,NO,🔴 結構失效,現價已跌破防守位，等待重新形成結構,
3357,臺慶科,204.5,207.06805446581322,211.9162687515275,202.21984018009894,技術結構,2.341362745799456,1.1149925769687328,False,217.5,221.0,6.35696821515892,8.068459657701709,3.17848410757946,4.0342298288508545,310.02,360.28,410.54,🟢 A 高一致,🔵 技術低於基本面,技術目標,217.5,221.0,🔵 偏便宜,205.2973005413567,207.06805446581322,-0.3883638699847758,-1.2401982876780293,False,B,🟡 B 等確認,等支撐或量價確認,
3360,尚立,15.35,15.038761974875097,15.25840475027444,14.819119199475754,技術結構,1.4605110165736732,3.4585068438061617,False,15.9,16.9,3.583061889250816,10.097719869706822,1.0360141098658573,2.919676127803773,1.07,9.07,17.06,🟠 C 低一致,🟡 共振但估值分歧,共振目標,15.9,16.9,🔴 過熱,15.007658194439772,15.038761974875097,2.281114089385805,2.0695721206631212,False,NO,🔴 不追,等待回到合理價格區,
3362,先進光,171.0,178.3036465670775,184.75900370993463,171.84828942422035,技術結構,3.6204291202920778,,True,182.0,191.5,6.432748538011701,11.988304093567258,,,,,,,⚪ 基本面不足,技術目標,182.0,191.5,🔵 偏便宜,173.76417479839148,178.3036465670775,-1.5907621934144855,-4.096184630935118,False,NO,🔴 結構失效,現價已跌破防守位，等待重新形成結構,
3363,上詮,649.0,667.3054149843053,692.3232721271625,642.2875578414482,技術結構,3.7490864873988046,1.0342746007013508,False,656.0,699.0,1.078582434514641,7.704160246533132,0.5392912172573205,3.852080123266566,,,,,⚪ 基本面不足,技術目標,656.0,699.0,🔵 偏便宜,659.9109705810808,667.3054149843053,-1.6534003930065322,-2.74318394145443,False,NO,🔴 不追,第一目標風報不足,
3372,典範,16.55,15.974494137006705,16.456637065675135,15.132156656184996,技術結構,5.273015055108001,8.567029267764378,False,17.0,17.65,2.7190332326283873,6.646525679758297,0.31738344152265713,0.7758261903887194,,,,,⚪ 基本面不足,技術目標,17.0,17.65,🔴 過熱,15.974494137006705,15.614299584853427,3.6026546947741656,5.9925865394195865,False,NO,🔴 不追,等待回到合理價格區,
3373,熱映,16.0,16.07485051296978,16.195386114858163,15.954314911081394,技術結構,0.7498396441766735,0.28553180574129033,False,16.1,16.45,0.6250000000000089,2.8124999999999956,0.31250000000000444,1.4062499999999978,,,,,⚪ 基本面不足,技術目標,16.1,16.45,🔵 偏便宜,15.992383137229119,16.07485051296978,0.0476280658455952,-0.46563738125829923,False,NO,🔴 不追,第一目標風報不足,
3374,精材,454.5,452.56330782249773,472.09009353678346,415.5792150903962,技術結構,8.17213682435945,8.56342902301514,False,487.0,533.0,7.150715071507152,17.271727172717277,0.8350294084634594,2.016917186596356,187.56,191.12,194.69,🟢 A 高一致,🔴 基本面背離,技術目標,487.0,533.0,🟢 合理,452.56330782249773,435.1060008046819,0.42793839978336745,4.457304463613676,False,C,🟠 C 觀察,條件未齊，不急進,
3376,新日興,174.5,183.25492197338312,188.71920768766884,177.7906362590974,技術結構,2.9817947891622705,,True,181.0,190.0,3.72492836676217,8.882521489971351,,,20.77,87.87,154.97,🟠 C 低一致,🔴 基本面背離,技術目標,181.0,190.0,🔵 偏便宜,177.3142251159998,183.25492197338312,-1.5871400696468196,-4.777455295118749,False,NO,🔴 結構失效,現價已跌破防守位，等待重新形成結構,
3379,彬台,27.7,27.79389998023089,28.399256898293373,27.188543062168407,技術結構,2.178020783312377,1.8464149380201904,False,28.5,29.75,2.8880866425992746,7.400722021660644,1.4440433212996373,3.700361010830322,19.65,19.65,19.65,🟠 C 低一致,🔴 基本面背離,技術目標,28.5,29.75,🔵 偏便宜,27.52285605254936,27.79389998023089,0.6436248734957406,-0.33784384450429306,False,B,🟡 B 等確認,等支撐或量價確認,
3380,明泰,32.15,31.44815455539824,32.34815480062878,29.782057697504918,技術結構,5.297916146266611,7.365294875567903,False,33.7,36.45,4.821150855365497,13.374805598755856,0.6545767599011113,1.8159226242417874,4.98,20.35,35.71,🟠 C 低一致,🟡 共振但估值分歧,共振目標,33.7,35.71,🟢 合理,31.44815455539824,30.682057942735455,2.231753991686247,4.784366355100067,False,NO,🔴 不追,第一目標風報不足,
3388,崇越電,85.3,83.6973927227753,85.16525035609352,82.22953508945709,技術結構,1.753767453880068,3.5996071635907505,False,87.8,92.4,2.9308323563892236,8.32356389214537,0.814208946474482,2.312353407987522,152.37,160.2,168.03,🟢 A 高一致,🔵 技術低於基本面,技術目標,87.8,92.4,🔴 過熱,82.7878434529111,83.6973927227753,3.0344510042924044,1.9147636803130696,False,NO,🔴 不追,等待回到合理價格區,
3390,旭軟,22.6,22.066282967531613,22.409139987773486,21.672765108814165,技術結構,1.7833445682558842,4.102809253034675,False,22.8,23.85,0.8849557522123908,5.530973451327426,0.2156950756503794,1.3480942228148671,,,,,⚪ 基本面不足,技術目標,22.8,23.85,🔴 過熱,22.066282967531613,22.015622129056037,2.4186993036104054,2.6543781843562098,False,NO,🔴 不追,等待回到合理價格區,
3402,漢科,136.0,129.3966108952417,131.75375375238457,124.74760412613293,技術結構,3.592835034043181,8.273820495490494,False,144.5,150.0,6.25,10.294117647058831,0.7553946817442386,1.244179475814041,127.82,208.66,289.5,🟠 C 低一致,🟡 共振但估值分歧,共振目標,144.5,150.0,🔴 過熱,129.3966108952417,127.10474698327579,5.103216428214141,6.998364127104262,False,NO,🔴 不追,等待回到合理價格區,
3406,玉晶光,890.0,922.5497479339914,977.8354622197057,862.4585906937266,技術結構,6.5135953237032735,3.094540371491394,False,1045.0,1090.0,17.41573033707866,22.47191011235956,5.627889200451846,7.261792516712059,557.2,674.95,792.69,🟢 A 高一致,🔴 基本面背離,技術目標,1045.0,1090.0,🔵 偏便宜,922.5497479339914,917.7443049794408,-3.528237691992775,-3.023097482480408,False,B,🟡 B 等確認,等支撐或量價確認,
3413,京鼎,291.0,286.18173189377944,290.2263747509223,281.6538454299894,技術結構,1.5821717318667345,3.2117369656393757,False,309.0,331.0,6.185567010309279,13.745704467353947,1.9259257767635676,4.2798350594745935,588.07,589.47,590.87,🟢 A 高一致,🔵 技術低於基本面,技術目標,309.0,331.0,🔴 過熱,286.18173189377944,285.69848828713225,1.683639299523465,1.8556316992267785,False,NO,🔴 不追,等待回到合理價格區,
3416,融程電,162.5,164.3702533004304,166.72739615757325,162.01311044328753,技術結構,1.4340446703787426,0.299624342592289,False,166.0,174.5,2.1538461538461506,7.3846153846153895,1.0769230769230753,3.6923076923076947,129.25,156.6,183.95,🟢 A 高一致,✅ 技術×基本面共振,共振目標,166.0,174.5,🔵 偏便宜,162.07238908064565,164.3702533004304,0.2638394619712603,-1.137829542071711,False,B,🟡 B 等確認,等支撐或量價確認,
3419,譁裕,12.05,11.374735541313825,11.69884267395303,11.050628408674621,技術結構,2.8493597188437896,8.293540176974105,False,12.3,12.6,2.0746887966804906,4.564315352697079,0.250157200955098,0.5503458421012157,,,,,⚪ 基本面不足,技術目標,12.3,12.6,🔴 過熱,11.33990952633915,11.374735541313825,6.261870714325601,5.936528864636625,False,NO,🔴 不追,等待回到合理價格區,
3430,奇鈦科,111.5,108.48717364517091,111.46574499199883,105.18698362873853,技術結構,3.0420093966373534,5.661898090817461,False,114.0,116.0,2.2421524663677195,4.035874439461873,0.3960072100209771,0.7128129780377548,73.48,112.46,151.44,🟡 B 中等,✅ 技術×基本面共振,共振目標,114.0,116.0,🔴 過熱,108.48717364517091,108.16555497556645,2.7771267824555412,3.082723539103349,False,NO,🔴 不追,等待回到合理價格區,
3432,台端,14.9,14.755376909120546,15.012519745827525,14.485005602364366,技術結構,1.8323578477284397,2.7851972995680185,False,15.2,15.7,2.0134228187919323,5.369127516778516,0.7229013251966789,1.9277368671911546,,,,,⚪ 基本面不足,技術目標,15.2,15.7,🟢 合理,14.755376909120546,14.742148439071345,0.9801382355069554,1.0707500442086015,False,NO,🔴 不追,第一目標風報不足,
3434,哲固,31.4,31.55008479799493,32.40722806385535,30.217377993228318,技術結構,4.22409896296478,3.7663121234766894,False,31.6,32.45,0.6369426751592355,3.343949044585992,0.1691157435383429,0.8878576535763018,8.8,14.05,19.31,🟠 C 低一致,🔴 基本面背離,技術目標,31.6,32.45,🔵 偏便宜,31.55008479799493,31.07452125908874,-0.4757033109605735,1.047413532770225,False,NO,🔴 不追,第一目標風報不足,
3437,榮創,22.45,21.41038063335592,22.414845082557232,19.232999263693365,技術結構,10.169746194377986,14.329624660608614,False,22.9,24.3,2.0044543429843964,8.24053452115814,0.13988184550950145,0.5750698093168438,,,,,⚪ 基本面不足,技術目標,22.9,24.3,🔴 過熱,21.41038063335592,20.237463712894677,4.855679048621964,10.93287340001783,False,NO,🔴 不追,等待回到合理價格區,
3438,類比科,61.9,61.95128638534247,63.11378618098369,60.78878658970125,技術結構,1.8764740225253207,1.7951751378008811,False,63.2,66.0,2.1001615508885463,6.623586429725359,1.0500807754442731,3.3117932148626794,24.87,100.43,175.98,🟠 C 低一致,🟡 共振但估值分歧,共振目標,63.2,66.0,🔵 偏便宜,61.91856970021608,61.95128638534247,-0.029990518686062728,-0.08278502083631789,False,B,🟡 B 等確認,等支撐或量價確認,
3441,聯一光,184.5,178.57941886208653,188.4365617192294,153.41316418077716,技術結構,14.092472045025964,16.849233506353844,False,201.0,224.0,8.943089430894302,21.409214092140914,0.5307712916152455,1.2706343041698307,38.78,55.21,71.65,🟡 B 中等,🔴 基本面背離,技術目標,201.0,224.0,🟢 合理,178.57941886208653,163.27030703792002,3.3153770886027,13.002788655961384,False,NO,🔴 不追,現價風險過高,
3443,創意,8040.0,7678.910500545485,8021.231929116913,6647.61481121822,技術結構,13.430234526812168,17.318223741066916,False,8545.0,9345.0,6.281094527363185,16.23134328358209,0.36268699499872775,0.9372406504422567,432.37,1074.91,1717.45,🟠 C 低一致,🔴 基本面背離,技術目標,8545.0,9345.0,🔴 過熱,7678.910500545485,6989.936239789648,4.702353275622428,15.022508420505298,False,NO,🔴 不追,等待回到合理價格區,
3444,利機,81.3,80.93942347636032,82.95906690570777,78.90254189768865,技術結構,2.516550638968379,2.948902954872506,False,86.7,93.0,6.6420664206642055,14.39114391143912,2.2523855556824763,4.880168703978701,40.68,51.51,62.33,🟡 B 中等,🔴 基本面背離,技術目標,86.7,93.0,🟢 合理,80.93942347636032,80.9221853270361,0.4454893649508129,0.4668863939314205,False,B,🟡 B 等確認,等支撐或量價確認,
3447,展達,27.55,27.810647470471913,28.509754838123715,27.11154010282011,技術結構,2.513811907450492,1.591505978874372,False,27.85,28.95,1.0889292196007316,5.081669691470059,0.5444646098003658,2.5408348457350294,16.77,24.11,31.44,🟡 B 中等,✅ 技術×基本面共振,共振目標,27.85,28.95,🔵 偏便宜,27.64522232728169,27.810647470471913,-0.3444440639846835,-0.937221870683369,False,NO,🔴 不追,第一目標風報不足,
3450,聯鈞,523.0,531.5672889429019,554.522646085759,508.6119318000447,技術結構,4.318429222480413,2.75106466538342,False,527.0,555.0,0.7648183556405286,6.118546845124273,0.2780081345466791,2.2240650763734493,164.02,181.33,198.65,🟢 A 高一致,🔴 基本面背離,技術目標,527.0,555.0,🔵 偏便宜,525.730803049454,531.5672889429019,-0.5194299123456814,-1.6117035643670174,False,NO,🔴 不追,第一目標風報不足,
3455,由田,267.0,254.3124851366317,265.910699422346,235.07228370089285,技術結構,7.565574857798218,11.957946179440878,False,270.0,297.5,1.1235955056179803,11.423220973782765,0.09396224809489122,0.9552828556313911,66.96,66.96,66.96,🟠 C 低一致,🔴 基本面背離,技術目標,270.0,297.5,🔴 過熱,254.3124851366317,246.67049798660713,4.988946907798031,8.241561994372205,False,NO,🔴 不追,等待回到合理價格區,
3465,進泰電子,29.65,29.436056765628372,29.74141409240842,29.07849128339671,技術結構,1.2147193663832803,1.92751675076995,False,29.85,30.2,0.6745362563237878,1.8549747048903997,0.3372681281618939,0.9274873524451999,,,,,⚪ 基本面不足,技術目標,29.85,30.2,🟢 合理,29.436056765628372,29.383848610176756,0.7268067053785687,0.9057744387202638,False,NO,🔴 不追,第一目標風報不足,
3466,德晉,23.9,24.345521650023308,24.841057343873143,23.849985956173473,技術結構,2.0354285316756004,0.20926378170094362,False,24.7,25.05,3.347280334728042,4.8117154811715634,1.673640167364021,2.4058577405857817,,,,,⚪ 基本面不足,技術目標,24.7,25.05,🔵 偏便宜,24.090815865280238,24.345521650023308,-0.7920689209834686,-1.8299942651788803,False,B,🟡 B 等確認,等支撐或量價確認,
3467,台灣精材,73.7,75.31595804415119,79.33381514613657,64.12052103562901,技術結構,14.864628027382015,12.997936179607859,False,78.7,88.8,6.7842605156037905,20.488466757123458,0.521949055746823,1.5762861483554065,45.24,64.56,83.88,🟡 B 中等,✅ 技術×基本面共振,共振目標,78.7,83.88,🔵 偏便宜,75.31595804415119,68.1383781376144,-2.1455719161188824,8.162245733459027,False,NO,🔴 不追,第一目標風報不足,
3479,安勤,136.0,133.33130995593484,136.65273852736343,128.35961217957947,技術結構,3.728829918492877,5.617932220897448,False,145.5,148.0,6.985294117647056,8.823529411764696,1.2433923805031555,1.5706009016881952,120.23,157.68,195.13,🟡 B 中等,✅ 技術×基本面共振,共振目標,145.5,148.0,🟢 合理,133.33130995593484,131.68104075100806,2.001547907199841,3.279864150799461,False,B,🟡 B 等確認,等支撐或量價確認,
3481,群創,54.7,50.428094234770086,52.01648692842592,47.989711994815714,技術結構,4.835364645354992,12.267436938179687,False,72.2,76.0,31.992687385740393,38.939670932358304,2.607935752754532,3.1742303733526587,30.8,38.4,46.01,🟡 B 中等,🔴 基本面背離,技術目標,72.2,76.0,🔴 過熱,50.428094234770086,49.57810468847155,8.471281395925612,10.330962314336833,False,NO,🔴 不追,等待回到合理價格區,
3483,力致,79.1,77.02826135928382,78.91397515453703,74.56376692197422,技術結構,3.199467823652966,5.734807936821459,False,79.5,80.9,0.5056890012642201,2.275600505689024,0.08817889052872106,0.3968050073792506,19.66,47.28,74.89,🟠 C 低一致,🔴 基本面背離,技術目標,79.5,80.9,🔴 過熱,77.02826135928382,76.44948071722743,2.689582504079824,3.467020649330954,False,NO,🔴 不追,等待回到合理價格區,
3484,崧騰,46.55,46.49493623666185,47.10565084935019,45.88422162397351,技術結構,1.3135077970206668,1.430243557521993,False,48.45,49.2,4.081632653061229,5.692803437164362,2.0408163265306145,2.846401718582181,61.44,78.14,94.84,🟡 B 中等,🔵 技術低於基本面,技術目標,48.45,49.2,🟢 合理,46.106902462056155,46.49493623666185,0.9610221339602987,0.11842959211272319,False,B,🟡 B 等確認,等支撐或量價確認,
3485,敘豐,209.0,203.79781091844427,209.79781091844427,197.79781091844427,技術結構,2.9440944301413903,5.359899082084081,False,212.0,222.0,1.4354066985645897,6.2200956937799035,0.26780479941545143,1.1604874641336256,169.55,172.39,175.22,🟢 A 高一致,🔴 基本面背離,技術目標,212.0,222.0,🟢 合理,201.0651777821915,203.79781091844427,3.946393057879005,2.552622649925107,False,NO,🔴 不追,第一目標風報不足,
3489,森寶,23.35,22.70878623813637,23.28467917702274,22.030720778929716,技術結構,2.9859167817077474,5.650018077388803,False,23.7,24.85,1.498929336188426,6.423982869379019,0.26529637881816603,1.136984480649292,,,,,⚪ 基本面不足,技術目標,23.7,24.85,🔴 過熱,22.70878623813637,22.606613717816085,2.82363731438362,3.2883575198972004,False,NO,🔴 不追,等待回到合理價格區,
3490,單井,44.35,44.61513379350517,46.26513387524869,42.667430226419434,技術結構,4.365567020599801,3.79384390886261,False,46.0,47.45,3.7204058624577208,6.989853438556937,0.9806428392498346,1.8424198798027214,53.53,215.82,378.11,🟠 C 低一致,🔵 技術低於基本面,技術目標,46.0,47.45,🔵 偏便宜,44.61513379350517,44.31743030816295,-0.5942687401371605,0.07349183292122419,False,C,🟠 C 觀察,條件未齊，不急進,
3491,昇達科,1500.0,1503.2510590480085,1569.1439161908656,1398.4948048801086,技術結構,6.968646623421694,6.767013007992757,False,1555.0,1710.0,3.6666666666666625,13.99999999999999,0.5418441877288892,2.0688596258739413,209.77,325.0,440.22,🟠 C 低一致,🔴 基本面背離,技術目標,1555.0,1710.0,🔵 偏便宜,1503.2510590480085,1464.3876620229657,-0.21626853534814083,2.4318927904539933,False,NO,🔴 不追,第一目標風報不足,
3492,長盛,19.15,19.3257473863521,19.48378314150957,19.167711631194628,技術結構,0.8177471846138071,,True,19.3,19.45,0.783289817232391,1.5665796344647598,,,24.73,33.71,42.68,🟡 B 中等,🔵 技術低於基本面,技術目標,19.3,19.45,🔵 偏便宜,19.118143135733924,19.3257473863521,0.16663158152911972,-0.9093950305705256,False,NO,🔴 結構失效,現價已跌破防守位，等待重新形成結構,
3494,誠研,7.08,7.1198352900627375,7.287513834924667,6.952156745200808,技術結構,2.355090223729766,1.8056956892541227,False,7.15,7.34,0.9887005649717562,3.672316384180796,0.4943502824858781,1.836158192090398,,,,,⚪ 基本面不足,技術目標,7.15,7.34,🔵 偏便宜,7.116063524726863,7.1198352900627375,-0.5067903708496968,-0.5594973540797521,False,NO,🔴 不追,第一目標風報不足,
3498,陽程,229.0,210.44339005160265,221.18446148017406,187.84203003251818,技術結構,10.73987641690357,17.97291264955538,False,247.0,272.0,7.860262008733621,18.777292576419224,0.4373393540600149,1.0447551235878145,174.76,211.49,248.22,🟢 A 高一致,✅ 技術×基本面共振,共振目標,247.0,248.22,🔴 過熱,210.44339005160265,198.5831014610896,8.817863057541086,15.316962176094462,False,NO,🔴 不追,等待回到合理價格區,
3499,環天科,13.8,13.565664482046019,13.911200063498525,13.056946737723427,技術結構,3.7500392626979178,5.384443929540388,False,14.0,14.8,1.4492753623188248,7.246376811594213,0.26915970920743415,1.3457985460371873,,,,,⚪ 基本面不足,技術目標,14.0,14.8,🟢 合理,13.565664482046019,13.402482319175933,1.7274164362838462,2.966000412142389,False,NO,🔴 不追,第一目標風報不足,
3501,維熹,37.65,38.49557682542277,38.80896960082212,38.18218405002343,技術結構,0.8141007389513288,,True,38.85,40.4,3.1872509960159334,7.304116865869847,,,33.79,74.88,115.96,🟠 C 低一致,🟡 共振但估值分歧,共振目標,38.85,40.4,🔵 偏便宜,38.00917194663795,38.49557682542277,-0.9449612507796856,-2.196555799793465,False,NO,🔴 結構失效,現價已跌破防守位，等待重新形成結構,
3504,揚明光,79.1,80.38303989608532,82.76696830402686,77.99911148814378,技術結構,2.9657106909907216,1.39176803015956,False,80.9,82.5,2.275600505689024,4.298356510745904,1.137800252844512,2.149178255372952,,,,,⚪ 基本面不足,技術目標,80.9,82.5,🔵 偏便宜,79.35565205159648,80.38303989608532,-0.3221598524957736,-1.5961574702125891,False,B,🟡 B 等確認,等支撐或量價確認,
3508,位速,25.9,24.864039148150802,25.948860740209255,22.318300367168064,技術結構,10.238637277773394,13.828956111320212,False,27.7,30.25,6.949806949806958,16.795366795366796,0.5025547043364996,1.2145072021465393,,,,,⚪ 基本面不足,技術目標,27.7,30.25,🟢 合理,24.864039148150802,23.403121959226517,4.1665026574181585,10.668995551634541,False,NO,🔴 不追,第一目標風報不足,
3511,矽瑪,19.75,19.36459673061953,19.795846832798922,18.920131428907684,技術結構,2.295246877044714,4.201866182745904,False,19.9,20.65,0.7594936708860578,4.556962025316458,0.18075151322161612,1.084509079329723,,,,,⚪ 基本面不足,技術目標,19.9,20.65,🟢 合理,19.36459673061953,19.351381531087075,1.9902468135112983,2.059896696639285,False,NO,🔴 不追,第一目標風報不足,
3512,皇龍,19.2,19.287317692884365,19.40517469269036,19.16946069307837,技術結構,0.6110595660975447,0.1590588902168159,False,19.3,19.45,0.5208333333333481,1.302083333333326,0.26041666666667407,0.651041666666663,9.06,16.54,24.03,🟠 C 低一致,🟡 共振但估值分歧,共振目標,19.3,19.45,🔵 偏便宜,19.22198918145883,19.287317692884365,-0.11439597250445521,-0.4527207685109058,False,NO,🔴 不追,第一目標風報不足,
3515,華擎,212.0,213.85386012557277,217.8181458398585,209.88957441128704,技術結構,1.8537358698870035,0.9954837682608287,False,213.5,216.5,0.7075471698113178,2.1226415094339535,0.3537735849056589,1.0613207547169767,241.67,255.26,268.85,🟢 A 高一致,🔵 技術低於基本面,技術目標,213.5,216.5,🔵 偏便宜,212.0028676135096,213.85386012557277,-0.0013526295855714743,-0.8668817689258423,False,NO,🔴 不追,第一目標風報不足,
3516,亞帝歐,25.15,25.457308101043694,25.843022550245006,25.07159365184238,技術結構,1.5151423224732046,0.31175486344977177,False,25.5,26.1,1.3916500994035852,3.7773359840954424,0.6958250497017926,1.8886679920477212,17.35,24.76,32.17,🟡 B 中等,✅ 技術×基本面共振,共振目標,25.5,26.1,🔵 偏便宜,25.239309280903154,25.457308101043694,-0.3538499406191331,-1.2071508103839834,False,NO,🔴 不追,第一目標風報不足,
3518,柏騰,41.1,34.511461736818255,35.727533288004956,31.002333191067468,技術結構,10.168009029901807,24.56853238183098,False,43.15,46.0,4.987834549878345,11.922141119221408,0.20301719583246122,0.48526061442880963,32.55,61.15,89.75,🟠 C 低一致,🟡 共振但估值分歧,共振目標,43.15,46.0,🔴 過熱,34.511461736818255,32.218404742254165,19.090869907004905,27.566837429718237,True,NO,🟠 高位延伸,不追，等待回踩 EMA9/EMA20 或重新整理,
3520,華盈,17.35,17.40210335843531,17.64585360366585,17.158353113204768,技術結構,1.400694158688509,1.1045930074653212,False,17.65,17.95,1.7291066282420609,3.458213256484144,0.8645533141210304,1.729106628242072,,,,,⚪ 基本面不足,技術目標,17.65,17.95,🔵 偏便宜,17.29589702262881,17.40210335843531,0.3128081608048783,-0.2994083954227955,False,C,🟠 C 觀察,條件未齊，不急進,
3521,台鋼建設,11.85,12.00289517108156,12.15557375272807,11.85021658943505,技術結構,1.2720146220584945,,True,12.15,12.3,2.5316455696202667,3.797468354430378,,,11.13,22.21,33.28,🟠 C 低一致,🟡 共振但估值分歧,共振目標,12.15,12.3,🔵 偏便宜,11.899302766165167,12.00289517108156,-0.4143332356023155,-1.2738190986615439,False,NO,🔴 結構失效,現價已跌破防守位，等待重新形成結構,
3522,御嵿,12.5,12.711014185857223,13.053871369586123,12.210934799955458,技術結構,3.934220972376643,2.312521600356334,False,13.4,14.95,7.200000000000006,19.599999999999994,3.1134844314062047,8.475596507716881,,,,,⚪ 基本面不足,技術目標,13.4,14.95,🔵 偏便宜,12.711014185857223,12.553791983684357,-1.660089295565459,-0.42849191506653117,False,B,🟡 B 等確認,等支撐或量價確認,
3523,迎輝,15.0,15.007214891218647,15.561679299548203,14.45275048288909,技術結構,3.694652287907177,3.64833011407273,False,15.5,15.9,3.3333333333333437,6.000000000000005,0.9136600113228934,1.6445880203812047,,,,,⚪ 基本面不足,技術目標,15.5,15.9,🔵 偏便宜,14.983297687375824,15.007214891218647,0.11147287448107779,-0.048076150511233706,False,C,🟠 C 觀察,條件未齊，不急進,
3526,凡甲,272.0,273.3094401715497,276.57729731440685,270.0415830286925,技術結構,1.1956620088958556,0.7200062394512815,False,286.5,294.0,5.330882352941169,8.088235294117641,2.6654411764705843,4.044117647058821,194.74,391.82,588.9,🟠 C 低一致,🟡 共振但估值分歧,共振目標,286.5,294.0,🔵 偏便宜,270.5493439208258,273.3094401715497,0.5361890951762094,-0.47910535791511055,False,B,🟡 B 等確認,等支撐或量價確認,
3527,聚積,53.1,51.26106893505353,52.31910542590261,49.90289830930708,技術結構,2.6495167852765884,6.020907138781389,False,53.6,59.7,0.9416195856873921,12.429378531073443,0.15639164730216595,2.0643697443885682,,,,,⚪ 基本面不足,技術目標,53.6,59.7,🔴 過熱,51.26106893505353,50.96093480015617,3.587383375240094,4.197460678914555,False,NO,🔴 不追,等待回到合理價格區,
3528,安馳,85.6,84.1695095498608,85.712367019692,82.34751920795455,技術結構,2.164667884665452,3.7996270935110354,False,86.6,87.9,1.1682242990654235,2.686915887850483,0.3074576189491082,0.7071525235829512,84.36,128.38,172.4,🟡 B 中等,✅ 技術×基本面共振,共振目標,86.6,87.9,🟢 合理,84.1695095498608,83.89037667778574,1.6995352091148774,2.037925433069332,False,NO,🔴 不追,第一目標風報不足,
3529,力旺,3305.0,3087.8146823601155,3237.011110931544,2731.2129358442526,技術結構,11.548677080688691,17.361181971429573,False,3425.0,3775.0,3.6308623298033194,14.220877458396375,0.20913681659338906,0.8191191983241095,241.02,652.86,1064.7,🟠 C 低一致,🔴 基本面背離,技術目標,3425.0,3775.0,🔴 過熱,3087.8146823601155,2880.409364415681,7.033625394704157,14.740635162129156,False,NO,🔴 不追,等待回到合理價格區,
3530,晶相光,59.2,58.35197724318507,59.41269169238638,56.91913186409258,技術結構,2.4555215552011704,3.852817797140921,False,60.1,61.0,1.520270270270263,3.040540540540526,0.39458659877412766,0.7891731975482553,63.43,87.81,112.19,🟡 B 中等,🔵 技術低於基本面,技術目標,60.1,61.0,🟢 合理,58.35197724318507,57.97984631329389,1.4532888119296317,2.10444449975431,False,NO,🔴 不追,第一目標風報不足,
3532,台勝科,471.0,446.0917258623078,466.3685115765935,405.9584167633616,技術結構,8.996649516726048,13.809253341112191,False,474.0,499.0,0.6369426751592355,5.944798301486198,0.046124338472592355,0.4304938257441953,211.64,211.64,211.64,🟠 C 低一致,🔴 基本面背離,技術目標,474.0,499.0,🔴 過熱,446.0917258623078,426.2352024776473,5.583666473424009,10.502369879855312,False,NO,🔴 不追,等待回到合理價格區,
3533,嘉澤,1770.0,1678.386633103042,1733.5652045316133,1609.4822552963324,技術結構,4.105393623119931,9.068799135800433,False,2040.0,2160.0,15.254237288135597,22.033898305084755,1.6820570242775836,2.42963792395651,1111.5,1989.49,2867.49,🟠 C 低一致,🟡 共振但估值分歧,共振目標,2040.0,2160.0,🔴 過熱,1678.386633103042,1664.6608267249037,5.4584185246745465,6.327966128832574,False,NO,🔴 不追,等待回到合理價格區,
3535,晶彩科,92.0,88.38454283288124,91.21847214000142,84.91284521214035,技術結構,3.9279465724060136,7.703429117238746,False,92.8,118.5,0.8695652173912993,28.80434782608696,0.11288027762147962,3.7391591962115345,34.54,50.54,66.54,🟡 B 中等,🔴 基本面背離,技術目標,92.8,118.5,🔴 過熱,88.38454283288124,87.74677451926054,4.0905989341992965,4.847158774828664,False,NO,🔴 不追,等待回到合理價格區,
3537,堡達,53.3,53.4307611249394,54.33611826779654,52.52540398208226,技術結構,1.6944492719093163,1.4532758309901264,False,53.8,57.0,0.9380863039399667,6.941838649155718,0.46904315196998336,3.470919324577859,70.1,102.05,134.01,🟡 B 中等,🔵 技術低於基本面,技術目標,53.8,57.0,🔵 偏便宜,53.068882818516656,53.4307611249394,0.43550413954200895,-0.244730043492436,False,NO,🔴 不追,第一目標風報不足,
3540,曜越,23.05,22.94030167396888,23.414408898569533,22.440872311809184,技術結構,2.177082800643438,2.6426363912833715,False,24.25,25.4,5.206073752711493,10.195227765726678,1.9700302962161254,3.8579759967565805,4.81,22.0,39.2,🟠 C 低一致,🟡 共振但估值分歧,共振目標,24.25,25.4,🟢 合理,22.94030167396888,22.914979536409838,0.47819042482601937,0.5892235835324611,False,B,🟡 B 等確認,等支撐或量價確認,
3541,西柏,24.4,23.68752147020015,24.12412865392905,22.496228606029398,技術結構,5.02920014518803,7.802341778568037,False,25.8,26.85,5.737704918032804,10.040983606557386,0.7353824122128939,1.2869192213725618,7.42,24.32,41.23,🟠 C 低一致,🟡 共振但估值分歧,共振目標,25.8,26.85,🔴 過熱,23.68752147020015,22.932835789758297,3.007822201643906,6.397657157153369,False,NO,🔴 不追,等待回到合理價格區,
3543,州巧,51.2,47.05984135188475,48.49823420902761,43.97572938242974,技術結構,6.55359618914544,14.109903549941919,False,55.3,58.7,8.007812499999979,14.6484375,0.5675313421992131,1.0381670893888073,,,,,⚪ 基本面不足,技術目標,55.3,58.7,🔴 過熱,47.05984135188475,45.4141222395726,8.797646845338214,12.740261123853113,False,NO,🔴 不追,等待回到合理價格區,
3545,敦泰,51.8,51.24217787015526,52.30021395228678,49.723186162094045,技術結構,2.964338697528143,4.009293123370564,False,52.8,60.8,1.9305019305019266,17.374517374517385,0.4815068070849799,4.33356126376483,,,,,⚪ 基本面不足,技術目標,52.8,60.8,🟢 合理,51.24217787015526,50.78122224422557,1.0885995736914733,2.0062096002233964,False,NO,🔴 不追,第一目標風報不足,
3546,宇峻,72.6,72.71353198171512,73.53853173648459,71.84690509757232,技術結構,1.1918371457471348,1.0373208022419789,False,73.5,75.0,1.2396694214876103,3.3057851239669533,0.6198347107438051,1.6528925619834767,77.01,108.17,139.34,🟡 B 中等,🔵 技術低於基本面,技術目標,73.5,75.0,🔵 偏便宜,72.71353198171512,72.67190485234178,-0.15613597444789074,-0.0989444992365196,False,NO,🔴 不追,第一目標風報不足,
3548,兆利,77.3,79.1761067071343,81.083248583355,77.26896483091359,技術結構,2.408734093575808,0.04014898976249435,False,78.5,81.2,1.5523932729624823,5.045278137128073,0.7761966364812412,2.5226390685640365,172.34,172.34,172.34,🟠 C 低一致,🔵 技術低於基本面,技術目標,78.5,81.2,🔵 偏便宜,78.29754773146185,79.1761067071343,-1.274047221610508,-2.369536448759546,False,NO,🔴 不追,第一目標風報不足,
3550,聯穎,25.9,24.377939427498454,25.17883230507719,22.925263746814586,技術結構,5.958976495959463,11.485468159017035,False,37.65,39.55,45.36679536679537,52.702702702702695,3.949930010574163,4.58864209739041,40.37,40.53,40.69,🟢 A 高一致,🔵 技術低於基本面,技術目標,37.65,39.55,🔴 過熱,24.377939427498454,23.726156624393322,6.243598139326956,9.162222984618197,False,NO,🔴 不追,等待回到合理價格區,
3551,世禾,187.5,183.01430814617436,187.00537957474577,176.56099942029473,技術結構,3.526122515363846,5.8341336425094745,False,189.0,196.0,0.8000000000000007,4.533333333333323,0.13712404429184302,0.7770362509871079,216.11,236.64,257.16,🟢 A 高一致,🔵 技術低於基本面,技術目標,189.0,196.0,🔴 過熱,183.01430814617436,180.55207084886615,2.4510060985192927,3.848158106671473,False,NO,🔴 不追,等待回到合理價格區,
3552,同致,44.1,42.606480440772,43.771658889585304,41.40947732897407,技術結構,2.809439079254405,6.100958437700524,False,45.7,46.55,3.628117913832196,5.555555555555536,0.5946799918210307,0.9106037374759509,,,,,⚪ 基本面不足,技術目標,45.7,46.55,🔴 過熱,42.606480440772,42.57465577778737,3.5053812090960257,3.5827517436052947,False,NO,🔴 不追,等待回到合理價格區,
3555,博士旺,168.5,175.26842991689173,180.8130727740346,169.72378705974887,技術結構,3.163514878162601,,True,170.5,175.0,1.1869436201780381,3.857566765578646,,,106.78,285.6,464.41,🟠 C 低一致,🟡 共振但估值分歧,共振目標,170.5,175.0,🔵 偏便宜,171.93812413925335,175.26842991689173,-1.999628736480108,-3.8617507557414443,False,NO,🔴 結構失效,現價已跌破防守位，等待重新形成結構,
3556,禾瑞亞,58.1,58.17152918258162,58.873314896867335,57.46974346829591,技術結構,1.206407540161157,1.0847788841722745,False,63.5,64.5,9.294320137693624,11.015490533562811,4.647160068846812,5.507745266781406,97.65,129.27,160.89,🟡 B 中等,🔵 技術低於基本面,技術目標,63.5,64.5,🔵 偏便宜,57.50249890602125,58.17152918258162,1.0390871794202727,-0.12296252752289627,False,B,🟡 B 等確認,等支撐或量價確認,
3557,嘉威,23.0,23.417599533831503,23.76045673799628,23.074742329666726,技術結構,1.4641005525329314,,True,23.25,24.7,1.0869565217391353,7.391304347826089,,,,,,,⚪ 基本面不足,技術目標,23.25,24.7,🔵 偏便宜,23.037457980954105,23.417599533831503,-0.16259598166200595,-1.7832721634350013,False,NO,🔴 結構失效,現價已跌破防守位，等待重新形成結構,
3558,神準,125.0,123.10179457285204,124.95000885856633,121.07689684562993,技術結構,1.6448970010943018,3.1384825234960543,False,129.5,131.0,3.600000000000003,4.800000000000004,1.1470511538773362,1.529401538503115,33.17,138.53,243.89,🟠 C 低一致,🟡 共振但估值分歧,共振目標,129.5,131.0,🔴 過熱,123.10179457285204,122.92511113134422,1.5419803047831193,1.6879292193104245,False,NO,🔴 不追,等待回到合理價格區,
3563,牧德,807.0,739.4694768845582,762.3980483131296,687.0402262070534,技術結構,7.090116944162897,14.864903815730685,False,838.0,892.0,3.8413878562577386,10.532837670384133,0.2584199604569668,0.7085708593174904,210.95,396.59,582.22,🟠 C 低一致,🔴 基本面背離,技術目標,838.0,892.0,🔴 過熱,739.4694768845582,709.9687976356248,9.132293519396239,13.666967152290855,False,NO,🔴 不追,等待回到合理價格區,
3564,其陽,50.6,49.39181934412055,50.84360554886734,47.13739601958645,技術結構,4.5643658291410185,6.843090870382519,False,51.0,52.1,0.7905138339920903,2.964426877470361,0.11551999658714188,0.43319998720178526,1.81,32.05,62.29,🟠 C 低一致,🟡 共振但估值分歧,共振目標,51.0,52.1,🟢 合理,49.39181934412055,48.589182224333236,2.4461149071304034,4.138406294600605,False,NO,🔴 不追,第一目標風報不足,
3567,逸昌,26.1,25.618625733279252,25.915947243594193,25.236514358224692,技術結構,1.4915373643879244,3.308374106418809,False,26.55,26.95,1.724137931034475,3.256704980842895,0.5211435815826735,0.9843823207672714,19.46,38.79,58.12,🟠 C 低一致,🟡 共振但估值分歧,共振目標,26.55,26.95,🔴 過熱,25.618625733279252,25.533835868539633,1.8790011288366326,2.2173093552228185,False,NO,🔴 不追,等待回到合理價格區,
3570,大塚,167.25,167.53573494013835,169.00894922585263,165.1316168666643,技術結構,1.4349882276357697,1.2665967912321063,False,169.0,172.0,1.0463378176382765,2.84005979073243,0.5231689088191382,1.420029895366215,210.19,251.6,293.02,🟢 A 高一致,🔵 技術低於基本面,技術目標,169.0,172.0,🔵 偏便宜,167.53573494013835,166.60483115237858,-0.17055163797767836,0.3872449815283785,False,NO,🔴 不追,第一目標風報不足,
3576,聯合再生,19.7,17.935033512556124,18.46806943120062,16.95881550877535,技術結構,5.443078782636989,13.914642087434775,False,20.8,22.05,5.583756345177671,11.928934010152293,0.4012863794908476,0.857293628912265,12.34,23.83,35.32,🟠 C 低一致,🟡 共振但估值分歧,共振目標,20.8,22.05,🔴 過熱,17.935033512556124,17.491851427419846,9.84088759136268,12.623869930193376,False,NO,🔴 不追,等待回到合理價格區,
3577,泓格,117.5,116.34086239761893,119.93014811190464,112.27729732496248,技術結構,3.4928098252945605,4.444853340457468,False,120.0,136.0,2.127659574468077,15.74468085106382,0.478679364986449,3.542227300899733,60.15,111.09,162.03,🟠 C 低一致,🟡 共振但估值分歧,共振目標,120.0,136.0,🟢 合理,116.34086239761893,115.86658303924818,0.9963288723264574,1.4097394761339643,False,NO,🔴 不追,第一目標風報不足,
3580,友威科,110.5,101.52704165235416,105.57704157061065,90.74082334664786,技術結構,10.623985620146545,17.881607831087912,False,117.5,127.0,6.334841628959276,14.93212669683257,0.3542657734583516,0.8350550374375425,37.77,61.25,84.73,🟠 C 低一致,🔴 基本面背離,技術目標,117.5,127.0,🔴 過熱,101.52704165235416,94.79082326490435,8.837998430379535,16.572465766221356,False,NO,🔴 不追,等待回到合理價格區,
3581,博磊,117.0,105.75256820550722,109.94185334758834,100.88445954670505,技術結構,4.603300649249535,13.773966199397398,False,124.0,130.5,5.982905982905984,11.538461538461542,0.43436334141488836,0.8377007298715705,44.94,54.86,64.78,🟡 B 中等,🔴 基本面背離,技術目標,124.0,130.5,🔴 過熱,105.75256820550722,105.07374468878616,10.635611016685509,11.350366684406033,False,NO,🔴 不追,等待回到合理價格區,
3583,辛耘,707.0,706.1640000680684,724.378285782354,687.9497143537827,技術結構,2.5793279907401057,2.6945241366643953,False,725.0,740.0,2.545968882602545,4.667609618104662,0.944867721895507,1.7322574901417616,455.37,514.55,573.72,🟢 A 高一致,🔴 基本面背離,技術目標,725.0,740.0,🟢 合理,702.1034748142933,706.1640000680684,0.6974079122741506,0.1183860876299292,False,C,🟠 C 觀察,條件未齊，不急進,
3587,閎康,238.5,241.4979336234073,246.3193621948359,236.67650505197872,技術結構,1.9964678368416748,0.7645681123778941,False,245.0,255.0,2.7253668763102645,6.91823899371069,1.3626834381551323,3.459119496855345,177.06,224.89,272.72,🟡 B 中等,✅ 技術×基本面共振,共振目標,245.0,255.0,🔵 偏便宜,238.8346731703981,241.4979336234073,-0.14012754762761093,-1.241391004232062,False,B,🟡 B 等確認,等支撐或量價確認,
3588,通嘉,53.9,52.83726635476702,53.82298113094238,51.73666750955872,技術結構,2.08299732582399,4.013603878369717,False,54.8,55.5,1.6697588126159513,2.9684601113172615,0.4160248154070923,0.7395996718348344,60.06,82.48,104.91,🟡 B 中等,🔵 技術低於基本面,技術目標,54.8,55.5,🔴 過熱,52.83726635476702,52.722382285734085,2.0113335124066323,2.2336200740772583,False,NO,🔴 不追,等待回到合理價格區,
3591,艾笛森,27.45,25.94023540695957,26.61604129581673,24.753698142807817,技術結構,4.574119107004763,9.822593286674616,False,27.7,28.9,0.9107468123861651,5.2823315118397,0.0927195889930299,0.5377736161595675,,,,,⚪ 基本面不足,技術目標,27.7,28.9,🔴 過熱,25.94023540695957,25.429504031664976,5.8201653506790185,7.94547925834137,False,NO,🔴 不追,等待回到合理價格區,
3592,瑞鼎,237.5,226.89570680540575,230.45820680540575,222.18543150084918,技術結構,2.075964931586953,6.448239368063505,False,243.5,248.5,2.5263157894736876,4.631578947368431,0.39178381031974235,0.7182703189195282,504.17,523.14,542.11,🟢 A 高一致,🔵 技術低於基本面,技術目標,243.5,248.5,🔴 過熱,226.89570680540575,225.74793150084918,4.673642063967698,5.205836625398552,False,NO,🔴 不追,等待回到合理價格區,
3593,力銘,11.0,10.223309575893245,10.662595351486594,9.784023800299895,技術結構,4.296903779860033,11.05432908818277,False,11.4,12.45,3.6363636363636376,13.181818181818183,0.32895380690728304,1.192457550038901,,,,,⚪ 基本面不足,技術目標,11.4,12.45,🔴 過熱,9.999921368917235,10.223309575893245,10.000864948711596,7.59725036536314,False,NO,🔴 不追,等待回到合理價格區,
3594,磐儀,47.9,47.58536411372879,48.482685664915486,46.68804256254209,技術結構,1.8857091206491678,2.5301825416657864,False,49.5,53.0,3.3402922755741082,10.647181628392488,1.3201783747092701,4.208068569385806,15.78,34.9,54.03,🟠 C 低一致,🟡 共振但估值分歧,共振目標,49.5,53.0,🟢 合理,47.01737152853196,47.58536411372879,1.877239077332149,0.6612030655460233,False,B,🟡 B 等確認,等支撐或量價確認,
3596,智易,153.0,155.94629434320768,158.14272291463627,153.7498657717791,技術結構,1.4084519165262552,,True,156.0,162.5,1.9607843137254832,6.209150326797386,,,183.58,263.35,343.11,🟡 B 中等,🔵 技術低於基本面,技術目標,156.0,162.5,🔵 偏便宜,153.8358500761021,155.94629434320768,-0.543338939323057,-1.8893006439277493,False,NO,🔴 結構失效,現價已跌破防守位，等待重新形成結構,
3597,映興,28.1,27.374069023469126,27.939247410974794,26.403878730468005,技術結構,3.5441946616315216,6.036018752782906,False,28.65,29.1,1.9572953736654686,3.558718861209975,0.32426926651993215,0.5895804845817002,18.09,28.13,38.16,🟠 C 低一致,🟡 共振但估值分歧,共振目標,28.65,29.1,🔴 過熱,27.374069023469126,26.969057117973673,2.6518928402953224,4.193483209587656,False,NO,🔴 不追,等待回到合理價格區,
3605,宏致,170.5,165.7693523583549,174.60863807264062,140.83197469098403,技術結構,15.043418649221746,17.400601354261568,False,185.5,206.0,8.797653958944274,20.82111436950147,0.5055948228358008,1.1965744140447299,108.45,114.93,121.41,🟢 A 高一致,🔴 基本面背離,技術目標,185.5,206.0,🟢 合理,165.7693523583549,149.67126040526975,2.853752864654102,13.916325377585249,False,NO,🔴 不追,現價風險過高,
3607,谷崧,14.0,13.802206353995775,13.978992139807064,13.625420568184486,技術結構,1.2808516354351471,2.6755673701108127,False,14.1,14.3,0.7142857142857117,2.1428571428571574,0.26696607316455967,0.8008982194936873,3.79,17.75,31.71,🟠 C 低一致,🟡 共振但估值分歧,共振目標,14.1,14.3,🔴 過熱,13.78905415256866,13.802206353995775,1.5298065051984944,1.4330581715072288,False,NO,🔴 不追,等待回到合理價格區,
3609,三一東林,23.05,22.659332262397886,23.677189425690905,20.86659214322819,技術結構,7.911707628492945,9.472485278836492,False,25.5,26.7,10.629067245119295,15.835140997830788,1.1220991041144026,1.6716986653132937,31.39,31.39,31.39,🟠 C 低一致,🔵 技術低於基本面,技術目標,25.5,26.7,🟢 合理,22.659332262397886,21.88444930652121,1.72409201241297,5.325931108220661,False,B,🟡 B 等確認,等支撐或量價確認,
3611,鼎翰,183.0,183.0404303947561,184.19221610904182,181.88864468047038,技術結構,0.6292520793366315,0.607297988814001,False,184.5,186.0,0.8196721311475308,1.6393442622950838,0.4098360655737654,0.8196721311475419,330.23,391.09,451.95,🟢 A 高一致,🔵 技術低於基本面,技術目標,184.5,186.0,🔵 偏便宜,182.6629529971401,183.0404303947561,0.1845185339060862,-0.02208823191078846,False,NO,🔴 不追,第一目標風報不足,
3615,安可,45.8,39.41247802414368,41.014263656685884,36.244618048096015,技術結構,8.037708195123045,20.863279370969394,False,51.8,55.3,13.100436681222716,20.742358078602628,0.6279183846548864,0.9942041090369031,42.82,66.32,89.81,🟠 C 低一致,🟡 共振但估值分歧,共振目標,51.8,55.3,🔴 過熱,39.41247802414368,37.84640368063822,16.206851982114358,21.015461301097794,True,NO,🟠 高位延伸,不追，等待回踩 EMA9/EMA20 或重新整理,
3617,碩天,242.0,243.27019586911888,248.14519586911888,238.39519586911888,技術結構,2.00394461910278,1.4895884838351738,False,247.5,253.5,2.2727272727272707,4.752066115702469,1.1363636363636354,2.3760330578512345,308.29,425.54,542.8,🟡 B 中等,🔵 技術低於基本面,技術目標,247.5,253.5,🔵 偏便宜,242.8758720050471,243.27019586911888,-0.36062536711300996,-0.5221337799235615,False,B,🟡 B 等確認,等支撐或量價確認,
3622,洋華,46.1,47.16517372785658,48.041066748486465,46.2892807072267,技術結構,1.8570757857986293,,True,46.9,53.7,1.7353579175704903,16.485900216919735,,,43.94,64.39,84.85,🟡 B 中等,✅ 技術×基本面共振,共振目標,46.9,53.7,🔵 偏便宜,45.58009947386919,47.16517372785658,1.1406305210651668,-2.258390341150107,False,NO,🔴 結構失效,現價已跌破防守位，等待重新形成結構,
3623,富晶通,29.8,28.23773186320613,29.266303353085192,25.721849706579565,技術結構,8.909646740802039,13.685068098726294,False,31.55,33.95,5.87248322147651,13.926174496644306,0.429116112474667,1.0176182095827826,22.59,29.79,36.98,🟡 B 中等,✅ 技術×基本面共振,共振目標,31.55,33.95,🔴 過熱,28.23773186320613,26.75042119645863,5.532555321234955,11.400115090318996,False,NO,🔴 不追,等待回到合理價格區,
3624,光頡,137.5,130.75839746219526,139.21732611536734,111.08630372611618,技術結構,15.044612138020927,19.209960926460955,False,144.5,163.0,5.0909090909091015,18.545454545454554,0.265014026337585,0.9654082388012007,95.75,108.19,120.63,🟢 A 高一致,🔴 基本面背離,技術目標,144.5,163.0,🟢 合理,130.75839746219526,119.54523237928827,5.155770236289303,15.019225161356143,False,NO,🔴 不追,現價風險過高,
3625,西勝,11.15,12.049298092869165,12.37876238880139,11.71983379693694,技術結構,2.7343028066274075,,True,11.95,12.65,7.17488789237668,13.452914798206272,,,,,,,⚪ 基本面不足,技術目標,11.95,12.65,🔵 偏便宜,11.54356561413444,12.049298092869165,-3.409393832807961,-7.463489457542538,False,NO,🔴 結構失效,現價已跌破防守位，等待重新形成結構,
3628,盈正,72.7,73.15566300254798,75.04673475809346,70.31467106349537,技術結構,3.8834887450253355,3.2810576843254955,False,75.0,78.2,3.1636863823933936,7.565337001375516,0.9642276018209566,2.3057616565283774,62.65,95.14,127.64,🟡 B 中等,✅ 技術×基本面共振,共振目標,75.0,78.2,🔵 偏便宜,73.15566300254798,72.20574281904085,-0.6228677095471147,0.6845122862288777,False,C,🟠 C 觀察,條件未齊，不急進,
3630,新鉅科,26.95,26.575864962522658,27.071400533757224,25.95475974358193,技術結構,2.337102554579544,3.6929137529427383,False,27.15,27.65,0.7421150278293043,2.5974025974025983,0.20095650141786872,0.7033477549625495,,,,,⚪ 基本面不足,技術目標,27.15,27.65,🟢 合理,26.575864962522658,26.450295314816497,1.4078000396410273,1.8892215729008788,False,NO,🔴 不追,第一目標風報不足,
3631,晟楠,40.5,39.93080463026882,40.972768629880804,38.36995538931447,技術結構,3.9088850209924746,5.259369409100075,False,41.75,43.8,3.0864197530864113,8.148148148148149,0.5868421692809985,1.5492633269018403,,,,,⚪ 基本面不足,技術目標,41.75,43.8,🟢 合理,39.93080463026882,39.41191938892646,1.425454295252826,2.7607907149512334,False,NO,🔴 不追,第一目標風報不足,
3632,研勤,7.17,7.211130634649162,7.246487733569167,7.175773535729157,技術結構,0.49031283319311464,,True,7.21,7.35,0.557880055788007,2.5104602510460206,,,,,,,⚪ 基本面不足,技術目標,7.21,7.35,🔵 偏便宜,7.16452883329309,7.211130634649162,0.07636464077700467,-0.5703770564290056,False,NO,🔴 結構失效,現價已跌破防守位，等待重新形成結構,
3645,達邁,75.3,71.95432912380764,73.89897059131077,69.08427556066671,技術結構,3.9887156173780642,8.254614129260672,False,77.8,95.7,3.3200531208499307,27.091633466135455,0.4022057323165623,3.281998775703151,54.62,68.17,81.72,🟡 B 中等,✅ 技術×基本面共振,共振目標,77.8,81.72,🔴 過熱,71.95432912380764,71.02891702816984,4.649714502147129,6.01316076681313,False,NO,🔴 不追,等待回到合理價格區,
3646,艾恩特,24.924999999999997,24.734557127759633,24.954200127953637,24.241323406766668,技術結構,1.9941077515368486,2.7429351784687235,False,25.15,25.7,0.9027081243731194,3.1093279839518706,0.3291029738723418,1.1335769100047381,,,,,⚪ 基本面不足,技術目標,25.15,25.7,🟢 合理,24.734557127759633,24.460966406960672,0.7699465620374157,1.8970370398255332,False,NO,🔴 不追,第一目標風報不足,
3652,精聯,34.2,33.987442621966395,34.5553001735411,33.18511314316029,技術結構,2.3606644599013022,2.967505429355895,False,35.0,37.15,2.3391812865497075,8.625730994152025,0.7882652086865544,2.906727957031662,37.81,48.24,58.66,🟡 B 中等,🔵 技術低於基本面,技術目標,35.0,37.15,🟢 合理,33.987442621966395,33.75297069473499,0.6253997407154932,1.3244146991030492,False,NO,🔴 不追,第一目標風報不足,
3653,健策,6800.0,6310.371328942995,6595.103471800138,5644.631843785832,技術結構,10.549925677173686,16.99070817962012,False,7275.0,7940.0,6.985294117647056,16.76470588235295,0.41112436537670166,0.9866984769040849,489.85,1175.17,1860.49,🟠 C 低一致,🔴 基本面背離,技術目標,7275.0,7940.0,🔴 過熱,6310.371328942995,5929.363986642975,7.759110288982307,14.6834637798978,False,NO,🔴 不追,等待回到合理價格區,
3661,世芯-KY,3740.0,3730.6993599048496,3877.485074190564,3583.9136456191354,技術結構,3.934536131838239,4.173431935317234,False,3950.0,4350.0,5.614973262032086,16.310160427807485,1.3454090899424902,3.9080930707853283,2346.96,2480.74,2614.53,🟢 A 高一致,🔴 基本面背離,技術目標,3950.0,4350.0,🟢 合理,3692.806640563197,3730.6993599048496,1.2779807888778416,0.24930017666680016,False,B,🟡 B 等確認,等支撐或量價確認,
3663,鑫科,67.8,62.540587647764674,64.3888018926072,60.07817779797903,技術結構,3.937298868463151,11.389118292066323,False,69.7,72.6,2.8023598820059004,7.079646017699104,0.24605591145348174,0.6216149341982685,16.16,55.95,95.75,🟠 C 低一致,🟡 共振但估值分歧,共振目標,69.7,72.6,🔴 過熱,62.540587647764674,61.92639204282156,8.409598550395625,9.484821839962665,False,NO,🔴 不追,等待回到合理價格區,
3664,安瑞-KY,8.86,8.51062889111665,8.772057374670945,7.731901956833286,技術結構,9.150051591324756,12.732483557186383,False,9.0,9.61,1.5801354401805856,8.465011286681712,0.12410268845693787,0.6648358310193102,,,,,⚪ 基本面不足,技術目標,9.0,9.61,🔴 過熱,8.51062889111665,7.993330440387581,4.1051150667375635,10.842408756598276,False,NO,🔴 不追,等待回到合理價格區,
3665,貿聯-KY,2595.0,2319.082561516066,2417.921847230352,2113.8318273418085,技術結構,8.850514318907125,18.542126113995817,False,2760.0,2995.0,6.358381502890165,15.41425818882467,0.3429154490590366,0.8313101795370599,763.24,1048.44,1333.64,🟡 B 中等,🔴 基本面背離,技術目標,2760.0,2995.0,🔴 過熱,2319.082561516066,2212.6711130560943,11.897697954468555,17.279065320098177,False,NO,🔴 不追,等待回到合理價格區,
3666,光耀,25.3,25.17526803195432,25.311874990888562,24.984798627757066,技術結構,0.7565734909177433,1.245855226256661,False,25.45,25.6,0.5928853754940677,1.1857707509881354,0.29644268774703386,0.5928853754940677,,,,,⚪ 基本面不足,技術目標,25.45,25.6,🟢 合理,25.17526803195432,25.121405586691306,0.4954543796211519,0.7109252413937783,False,NO,🔴 不追,第一目標風報不足,
3669,圓展,33.0,33.3665738420717,33.720145188899615,33.01300249524379,技術結構,1.0596573340176054,,True,33.2,35.75,0.60606060606061,8.333333333333325,,,53.65,60.57,67.49,🟢 A 高一致,🔵 技術低於基本面,技術目標,33.2,35.75,🔵 偏便宜,32.675411640361936,33.3665738420717,0.9933719067126257,-1.0986259596407533,False,NO,🔴 結構失效,現價已跌破防守位，等待重新形成結構,
3672,康聯訊,12.3,12.195721403233573,12.415364280812309,11.947683222340993,技術結構,2.0338131111031723,2.8643640460081907,False,12.5,12.7,1.6260162601625883,3.2520325203251987,0.5676709503558468,1.1353419007117014,,,,,⚪ 基本面不足,技術目標,12.5,12.7,🟢 合理,12.195721403233573,12.167326099919729,0.8550424638166909,1.090411311332784,False,NO,🔴 不追,第一目標風報不足,
3673,TPK-KY,75.5,67.52972644684156,69.67258383492924,63.79492986421369,技術結構,5.5305963449561,15.503404153359348,False,82.7,88.8,9.536423841059616,17.615894039735092,0.6151180570876894,1.1362597443425353,145.12,161.34,177.55,🟢 A 高一致,🔵 技術低於基本面,技術目標,82.7,88.8,🔴 過熱,67.52972644684156,65.93778725230138,11.802614896467144,14.501870848516951,False,NO,🔴 不追,等待回到合理價格區,
3675,德微,330.0,314.2349671332626,327.84210999040545,285.0213084592706,技術結構,9.296756163232123,13.629906527493763,False,459.0,491.0,39.090909090909086,48.78787878787878,2.86802473751792,3.57947273442159,205.22,226.23,247.25,🟢 A 高一致,🔴 基本面背離,技術目標,459.0,491.0,🔴 過熱,314.2349671332626,298.6284513164134,5.016956900296732,10.505210921897955,False,NO,🔴 不追,等待回到合理價格區,
3679,新至陞,108.0,108.33524990427716,109.27274990427716,107.35643008874365,技術結構,0.9035099991908246,0.5958980659781016,False,109.0,110.0,0.92592592592593,1.85185185185186,0.462962962962965,0.92592592592593,234.58,270.8,307.02,🟢 A 高一致,🔵 技術低於基本面,技術目標,109.0,110.0,🔵 偏便宜,108.33524990427716,108.29393008874365,-0.30945597538509784,-0.27141880297703036,False,NO,🔴 不追,第一目標風報不足,
3680,家登,555.0,538.1509791893433,556.2045506179147,506.7092777339018,技術結構,5.8425428311594745,8.701031038936616,False,558.0,573.0,0.540540540540535,3.2432432432432323,0.062123734316272064,0.3727424058976349,514.29,584.69,655.09,🟢 A 高一致,✅ 技術×基本面共振,共振目標,558.0,573.0,🟢 合理,538.1509791893433,524.7628491624732,3.1309096261494584,5.7620601164479535,False,NO,🔴 不追,第一目標風報不足,
3684,榮昌,52.9,53.72421710031575,54.24386016181739,53.20457403881411,技術結構,0.967241757160172,,True,53.9,54.3,1.8903591682419618,2.6465028355387554,,,63.8,73.28,82.76,🟢 A 高一致,🔵 技術低於基本面,技術目標,53.9,54.3,🔵 偏便宜,53.612439044523654,53.72421710031575,-1.3288689289662647,-1.534163073566508,False,NO,🔴 結構失效,現價已跌破防守位，等待重新形成結構,
3685,元創精密,35.0,35.95347545134602,36.837404472363914,35.06954643032813,技術結構,2.458535676791711,,True,36.55,37.25,4.428571428571426,6.428571428571428,,,,,,,⚪ 基本面不足,技術目標,36.55,37.25,🔵 偏便宜,35.504816981333555,35.95347545134602,-1.421826738605525,-2.6519701902986026,False,NO,🔴 結構失效,現價已跌破防守位，等待重新形成結構,
3686,達能,16.3,15.08005868633087,15.398808563715601,14.466919353337818,技術結構,4.065894873133515,11.245893537804799,False,16.4,16.85,0.6134969325153339,3.3742331288343586,0.05455297353233602,0.30004135442785007,,,,,⚪ 基本面不足,技術目標,16.4,16.85,🔴 過熱,15.08005868633087,14.785669230722549,8.089765027074659,10.24188182250747,False,NO,🔴 不追,等待回到合理價格區,
3687,歐買尬,60.3,61.70881256685543,62.523098117654115,60.89452701605674,技術結構,1.3195612051625338,,True,62.0,64.5,2.819237147595355,6.9651741293532465,,,19.92,78.77,137.63,🟠 C 低一致,🟡 共振但估值分歧,共振目標,62.0,64.5,🔵 偏便宜,60.809806353812256,61.70881256685543,-0.8383620741135633,-2.28300060923895,False,NO,🔴 結構失效,現價已跌破防守位，等待重新形成結構,
3689,湧德,110.5,109.98854900640865,111.67604900640865,108.30104900640865,技術結構,1.5342506244915326,1.9900008991776952,False,111.5,113.0,0.9049773755656076,2.262443438914019,0.4524886877828038,1.1312217194570096,174.78,232.34,289.91,🟡 B 中等,🔵 技術低於基本面,技術目標,111.5,113.0,🟢 合理,109.70529518016353,109.98854900640865,0.7243996914928941,0.46500385559369306,False,NO,🔴 不追,第一目標風報不足,
3691,碩禾,119.5,111.6899069302831,115.9595500326565,102.43938651884986,技術結構,8.282324397680286,14.27666400096246,False,124.0,130.5,3.765690376569042,9.205020920502083,0.26376542701538525,0.6447599327042737,115.97,155.04,194.12,🟡 B 中等,✅ 技術×基本面共振,共振目標,124.0,130.5,🔴 過熱,111.6899069302831,106.70902962122325,6.99265787247183,11.986774150397462,False,NO,🔴 不追,等待回到合理價格區,
3693,營邦,687.0,699.4535786822239,724.9000072536525,647.2029452555316,技術結構,7.470207461820823,5.79287550865624,False,719.0,748.0,4.657933042212514,8.879184861717615,0.8040796035150778,1.5327767442006188,312.41,365.68,418.95,🟢 A 高一致,🔴 基本面背離,技術目標,719.0,748.0,🔵 偏便宜,699.4535786822239,672.6493738269602,-1.780472509081521,2.133448231935997,False,C,🟠 C 觀察,條件未齊，不急進,
3694,海華,51.5,50.619541538665814,51.380256028738884,49.858827048592744,技術結構,1.5028079412611774,3.1867435949655456,False,52.1,54.7,1.1650485436893288,6.213592233009724,0.3655921817901779,1.9498249695476062,57.18,75.71,94.23,🟡 B 中等,🔵 技術低於基本面,技術目標,52.1,54.7,🔴 過熱,50.503429450528934,50.619541538665814,1.9732730238592344,1.7393647484176489,False,NO,🔴 不追,等待回到合理價格區,
3701,大眾控,45.9,42.215121720352684,43.658871679480924,40.09593273005698,技術結構,5.019976027391163,12.645026731902004,False,46.45,49.85,1.1982570806100323,8.605664488017428,0.09476113463540273,0.6805572396542499,,,,,⚪ 基本面不足,技術目標,46.45,49.85,🔴 過熱,42.215121720352684,41.53968268918522,8.728811216173193,10.496751608432442,False,NO,🔴 不追,等待回到合理價格區,
3702,大聯大,114.0,113.0740832092703,115.83301178069887,108.15594533980426,技術結構,4.3494828610406335,5.126363737013805,False,122.0,129.0,7.017543859649122,13.157894736842103,1.368912589830577,2.5667111059323315,137.89,201.39,264.89,🟡 B 中等,🔵 技術低於基本面,技術目標,122.0,129.0,🟢 合理,113.0740832092703,110.91487391123283,0.8188585433994477,2.7815260298057476,False,B,🟡 B 等確認,等支撐或量價確認,
3703,欣陸,19.6,19.76390036302167,19.97550697454598,19.55229375149736,技術結構,1.0706723249841252,0.24339922705429728,False,19.8,19.95,1.0204081632652962,1.7857142857142794,0.5102040816326481,0.8928571428571397,10.23,18.26,26.29,🟠 C 低一致,🟡 共振但估值分歧,共振目標,19.8,19.95,🔵 偏便宜,19.71425865220272,19.76390036302167,-0.5795736690811459,-0.8292915872432083,False,NO,🔴 不追,第一目標風報不足,
3704,合勤控,40.5,40.8664508353898,41.79055805999045,39.942343610789145,技術結構,2.2612857385706455,1.3769293560761857,False,42.4,43.5,4.691358024691361,7.407407407407418,2.3456790123456805,3.703703703703709,77.72,82.46,87.21,🟢 A 高一致,🔵 技術低於基本面,技術目標,42.4,43.5,🔵 偏便宜,40.60017666775662,40.8664508353898,-0.2467394873091222,-0.8967033542155778,False,B,🟡 B 等確認,等支撐或量價確認,
3705,永信,56.7,56.33145333708084,56.851096235095454,55.606375377962166,技術結構,1.2871635936319439,1.9287912205252846,False,57.4,58.7,1.2345679012345512,3.527336860670194,0.6172839506172756,1.763668430335097,48.57,49.02,49.47,🟢 A 高一致,🔴 基本面背離,技術目標,57.4,58.7,🟢 合理,56.33145333708084,56.12601827597678,0.6542466794063007,1.0226660320012293,False,NO,🔴 不追,第一目標風報不足,
3706,神達,79.3,81.24981469306265,82.31052930575098,80.18910008037432,技術結構,1.3054978853741268,,True,81.5,87.1,2.774274905422458,9.83606557377048,,,101.29,127.24,153.19,🟡 B 中等,🔵 技術低於基本面,技術目標,81.5,87.1,🔵 偏便宜,79.47087871352838,81.24981469306265,-0.21502054122788383,-2.399777403097425,False,NO,🔴 結構失效,現價已跌破防守位，等待重新形成結構,
3707,漢磊,75.7,69.2796995438604,72.07077011412494,63.28237748421795,技術結構,8.656680238408937,16.40372855453375,False,76.4,87.4,0.9247027741083214,15.455746367239097,0.056371499384068206,0.942209346847998,,,,,⚪ 基本面不足,技術目標,76.4,87.4,🔴 過熱,69.2796995438604,66.0734480544825,9.26721752318651,14.569471140025403,False,NO,🔴 不追,等待回到合理價格區,
3708,上緯投控,98.9,98.49306722673188,100.32521016561824,96.66092428784552,技術結構,1.8601745183432605,2.2639794865060545,False,101.5,104.5,2.628918099089983,5.66228513650151,1.1611934272192235,2.501031997087562,574.13,574.13,574.13,🟠 C 低一致,🔵 技術低於基本面,技術目標,101.5,104.5,🟢 合理,98.15743063260041,98.49306722673188,0.756508562432745,0.4131587986100138,False,B,🟡 B 等確認,等支撐或量價確認,
3709,鑫聯大投控,65.2,64.39933939463731,65.3046968644685,63.493981924806114,技術結構,1.4058490014675307,2.6165921398679273,False,67.6,68.8,3.6809815950920033,5.521472392638027,1.4067846260815418,2.1101769391223213,88.95,206.01,323.08,🟠 C 低一致,🔵 技術低於基本面,技術目標,67.6,68.8,🟢 合理,63.762120758770145,64.39933939463731,2.2550680939075862,1.243274562889951,False,B,🟡 B 等確認,等支撐或量價確認,
3710,連展投控,8.32,8.10451745863441,8.30844402496273,7.611917972718593,技術結構,6.078085320070603,8.510601289439993,False,8.44,8.78,1.4423076923076872,5.528846153846145,0.16947189079311134,0.6496422480402615,,,,,⚪ 基本面不足,技術目標,8.44,8.78,🔴 過熱,8.10451745863441,7.815844539046914,2.658795449148177,6.4504284653359445,False,NO,🔴 不追,等待回到合理價格區,
3711,日月光投控,703.0,672.8490616556068,693.5276330841782,627.0118187313851,技術結構,6.812410915969015,10.809129625692018,False,711.0,729.0,1.1379800853485111,3.69843527738265,0.10527952987478914,0.34215847209306366,380.95,479.47,578.0,🟡 B 中等,🔴 基本面背離,技術目標,711.0,729.0,🔴 過熱,672.8490616556068,647.6903901599566,4.481084995526952,8.539513736861814,False,NO,🔴 不追,等待回到合理價格區,
3712,永崴投控,20.65,20.72950562153586,21.061648499114597,20.397362743957125,技術結構,1.6022710991895204,1.223424968730625,False,21.2,22.0,2.6634382566586012,6.537530266343827,1.3317191283293006,3.2687651331719136,,,,,⚪ 基本面不足,技術目標,21.2,22.0,🔵 偏便宜,20.70988514615583,20.72950562153586,-0.28916213553674686,-0.3835384354427762,False,B,🟡 B 等確認,等支撐或量價確認,
3713,新晶投控,13.9,14.20683179549472,14.541653295591722,13.872010295397718,技術結構,2.3567640197104374,0.20136478131138213,False,14.35,14.8,3.237410071942448,6.474820143884896,1.618705035971224,3.237410071942448,,,,,⚪ 基本面不足,技術目標,14.35,14.8,🔵 偏便宜,14.046693485995867,14.20683179549472,-1.044327521933297,-2.1597482106603283,False,B,🟡 B 等確認,等支撐或量價確認,
3714,富采,69.9,67.37573253025148,69.56144751078563,63.05986445588836,技術結構,6.405671466986,9.785601636783472,False,72.3,77.5,3.433476394849766,10.872675250357645,0.3508702400007313,1.1110890933356545,,,,,⚪ 基本面不足,技術目標,72.3,77.5,🔴 過熱,67.37573253025148,65.2455794364225,3.746552912972234,7.13369488596991,False,NO,🔴 不追,等待回到合理價格區,
3715,定穎投控,126.5,123.88990666464736,128.36312095036163,118.0661221725432,技術結構,4.70077397658255,6.667097096803793,False,129.0,132.5,1.976284584980248,4.743083003952564,0.29642354930269116,0.711416518326454,,,,,⚪ 基本面不足,技術目標,129.0,132.5,🟢 合理,123.88990666464736,122.5393364582575,2.106784487632063,3.232156837320299,False,NO,🔴 不追,第一目標風報不足,
3716,中化控股,34.25,34.09554389247236,34.39018687223048,33.80090091271423,技術結構,0.8641685866262855,1.311238211053333,False,34.95,35.45,2.0437956204379715,3.50364963503651,1.0218978102189857,1.751824817518255,72.82,73.0,73.19,🟢 A 高一致,🔵 技術低於基本面,技術目標,34.95,35.45,🟢 合理,33.98760532300222,34.09554389247236,0.7720304931874589,0.4530096601912392,False,B,🟡 B 等確認,等支撐或量價確認,
3717,聯嘉投控,27.7,25.507933521947244,26.595433501511366,23.059569128681385,技術結構,9.598442740017592,16.752458019200773,False,30.15,31.5,8.844765342960281,13.718411552346566,0.5279682141464186,0.8188894750026089,23.61,29.95,36.29,🟡 B 中等,✅ 技術×基本面共振,共振目標,30.15,31.5,🔴 過熱,25.507933521947244,24.147069108245507,8.593665481238144,14.713714843932223,False,NO,🔴 不追,等待回到合理價格區,
4102,永日,18.45,18.793420921719306,19.06395686079968,18.52288498263893,技術結構,1.4395247156291817,,True,19.15,19.55,3.7940379403794022,5.962059620596216,,,,,,,⚪ 基本面不足,技術目標,19.15,19.55,🔵 偏便宜,18.628829596367073,18.793420921719306,-0.9599615233044423,-1.827346512110628,False,NO,🔴 結構失效,現價已跌破防守位，等待重新形成結構,
4104,佳醫,72.7,72.20052520741609,72.72016765584138,71.42041176953809,技術結構,1.0804816663547914,1.7600938520796579,False,73.6,74.8,1.2379642365887067,2.888583218706997,0.6189821182943533,1.4442916093534985,91.15,94.34,97.52,🟢 A 高一致,🔵 技術低於基本面,技術目標,73.6,74.8,🟢 合理,72.20052520741609,71.94005421796338,0.6917883092249388,1.0563597571585648,False,NO,🔴 不追,第一目標風報不足,
4105,東洋,78.5,78.50961332061406,79.09354197378615,77.59172346979955,技術結構,1.1691432577384893,1.1570401658604499,False,79.2,79.6,0.8917197452229297,1.4012738853503182,0.44585987261146487,0.7006369426751591,67.75,105.63,143.52,🟠 C 低一致,🟡 共振但估值分歧,共振目標,79.2,79.6,🔵 偏便宜,78.50961332061406,78.17565212297163,-0.012244768770930392,0.41489628576192317,False,NO,🔴 不追,第一目標風報不足,
4106,雃博,24.35,24.398294847696977,24.60186623539665,24.194723459997306,技術結構,0.8343672743133822,0.6376859959042942,False,24.5,24.85,0.6160164271047153,2.053388090349073,0.30800821355235763,1.0266940451745366,30.3,34.86,39.41,🟢 A 高一致,🔵 技術低於基本面,技術目標,24.5,24.85,🔵 偏便宜,24.351917373512784,24.398294847696977,-0.007873603886598968,-0.1979435366219251,False,NO,🔴 不追,第一目標風報不足,
4107,邦特,110.75,111.74557384070638,112.49557384070638,110.99557384070638,技術結構,0.6711675229921205,,True,112.0,113.0,1.1286681715575675,2.0316027088036037,,,123.46,151.74,180.03,🟡 B 中等,🔵 技術低於基本面,技術目標,112.0,113.0,🔵 偏便宜,110.94479885531287,111.74557384070638,-0.17558178240235645,-0.890929104830207,False,NO,🔴 結構失效,現價已跌破防守位，等待重新形成結構,
4108,懷特,11.5,11.426134743750849,11.651134764186727,11.166051563931656,技術結構,2.2762131346423713,2.903899444072553,False,11.6,11.85,0.8695652173912993,3.04347826086957,0.2994474272056004,1.0480659952196092,,,,,⚪ 基本面不足,技術目標,11.6,11.85,🟢 合理,11.426134743750849,11.391051584367535,0.6464588236153146,0.9564386117079771,False,NO,🔴 不追,第一目標風報不足,
4109,加捷生醫,11.05,11.112711434969818,11.26539011879572,10.960032751143915,技術結構,1.3739102713083011,0.8141832475663859,False,11.25,11.45,1.8099547511312153,3.6199095022624306,0.9049773755656076,1.8099547511312153,23.97,23.97,23.97,🟠 C 低一致,🔵 技術低於基本面,技術目標,11.25,11.45,🔵 偏便宜,11.08447238579404,11.112711434969818,-0.3109970830746933,-0.5643216359643266,False,C,🟠 C 觀察,條件未齊，不急進,
4111,濟生,28.825000000000003,28.881552727938548,29.06369572813255,28.699409727744545,技術結構,0.6306551517841598,0.43569912317591686,False,30.0,30.15,4.07632263660016,4.596704249783157,2.03816131830008,2.2983521248915784,49.87,55.16,60.45,🟢 A 高一致,🔵 技術低於基本面,技術目標,30.0,30.15,🔵 偏便宜,28.792839325751913,28.881552727938548,0.1116967794813073,-0.1958091674338469,False,B,🟡 B 等確認,等支撐或量價確認,
4113,聯上,15.55,15.594311459889461,15.939847163957236,15.15591944928403,技術結構,2.8112303113416144,2.5342800689129983,False,15.75,16.1,1.2861736334405016,3.536977491961424,0.5075104560137137,1.3956537540377303,,,,,⚪ 基本面不足,技術目標,15.75,16.1,🔵 偏便宜,15.594311459889461,15.501455153351804,-0.28415143562724454,0.31316315899350133,False,NO,🔴 不追,第一目標風報不足,
4114,健喬,29.55,29.60165785682236,29.805229346701424,29.398086366943296,技術結構,0.6877030025267525,0.5140901287874935,False,29.8,30.1,0.8460236886632888,1.861252115059231,0.4230118443316444,0.9306260575296155,31.62,35.49,39.36,🟢 A 高一致,🔵 技術低於基本面,技術目標,29.8,30.1,🔵 偏便宜,29.52164745409009,29.60165785682236,0.0960398499237014,-0.17451001248720566,False,NO,🔴 不追,第一目標風報不足,
4116,明基醫,39.8,39.55619383455873,39.82940816114477,39.282979507972684,技術結構,0.6906992308935095,1.299046462380185,False,40.0,40.4,0.5025125628140836,1.5075376884422065,0.2512562814070418,0.7537688442211032,47.08,50.01,52.95,🟢 A 高一致,🔵 技術低於基本面,技術目標,40.0,40.4,🟢 合理,39.52571189130211,39.55619383455873,0.6939485605020668,0.6163539557445086,False,NO,🔴 不追,第一目標風報不足,
4119,旭富,55.5,56.71449566401396,57.99485358343448,55.11339184414293,技術結構,2.8230945212952814,0.6965912718145377,False,56.1,60.7,1.0810810810810922,9.369369369369384,0.5405405405405461,4.684684684684692,1.81,38.82,75.84,🟠 C 低一致,🟡 共振但估值分歧,共振目標,56.1,60.7,🔵 偏便宜,56.71449566401396,56.39374976356345,-2.1414201956565626,-1.5848383328127436,False,NO,🔴 不追,第一目標風報不足,
4120,友華,45.9,46.380678098646634,46.92710658833169,45.83424960896158,技術結構,1.1781382077313791,0.1432470392993916,False,46.15,46.95,0.5446623093681824,2.2875816993464193,0.2723311546840912,1.1437908496732097,,,,,⚪ 基本面不足,技術目標,46.15,46.95,🔵 偏便宜,46.095943780553135,46.380678098646634,-0.425078140250168,-1.036375746004159,False,NO,🔴 不追,第一目標風報不足,
4121,優盛,12.75,12.78187870933438,12.926521678874568,12.637235739794193,技術結構,1.1316252706619538,0.8844255702416269,False,12.85,13.0,0.7843137254901933,1.9607843137254832,0.39215686274509665,0.9803921568627416,,,,,⚪ 基本面不足,技術目標,12.85,13.0,🔵 偏便宜,12.72725826022743,12.78187870933438,0.17868530132398863,-0.2494055064933498,False,NO,🔴 不追,第一目標風報不足,
4123,晟德,31.25,31.186669917282604,31.57506279486134,30.79827703970387,技術結構,1.2453810509710763,1.4455134729476187,False,31.5,33.1,0.8000000000000007,5.920000000000014,0.40000000000000036,2.960000000000007,45.77,45.77,45.77,🟠 C 低一致,🔵 技術低於基本面,技術目標,31.5,33.1,🟢 合理,30.989538925769192,31.186669917282604,0.840480637206964,0.20306779430239175,False,NO,🔴 不追,第一目標風報不足,
4126,太醫,78.1,77.83360680379536,78.14432157997072,77.43308227000979,技術結構,0.5145907407262034,0.8539279513318864,False,80.6,80.9,3.201024327784885,3.5851472471190915,1.6005121638924424,1.7925736235595457,83.64,96.47,109.29,🟢 A 高一致,🔵 技術低於基本面,技術目標,80.6,80.9,🟢 合理,77.83360680379536,77.74379704618515,0.34225986324412094,0.4581754009303607,False,B,🟡 B 等確認,等支撐或量價確認,
4127,天良,45.6,59.510937058008494,61.458258772682214,57.563615343334774,技術結構,3.272208119955431,,True,62.8,64.6,37.71929824561402,41.66666666666665,,,27.49,35.98,44.48,🟡 B 中等,🔴 基本面背離,技術目標,62.8,64.6,🔵 偏便宜,52.71059250263311,59.510937058008494,-13.489873979841727,-23.375429367628275,False,NO,🔴 結構失效,現價已跌破防守位，等待重新形成結構,
4128,中天,15.35,14.886320511155395,15.119356307184622,14.594504736586126,技術結構,1.9602948515759167,4.92179324699592,False,15.5,15.8,0.9771986970684043,2.931596091205213,0.19854525536294118,0.5956357660888235,25.74,28.06,30.38,🟢 A 高一致,🔵 技術低於基本面,技術目標,15.5,15.8,🔴 過熱,14.886320511155395,14.827540532615354,3.1148025363093357,3.523574703676724,False,NO,🔴 不追,等待回到合理價格區,
4129,聯合,83.4,82.95723324869165,83.73401839077277,82.18044810661053,技術結構,0.936368188356107,1.4622924381168811,False,87.6,89.5,5.035971223021574,7.314148681055155,2.517985611510787,3.6570743405275774,89.5,89.76,90.02,🟢 A 高一致,✅ 技術×基本面共振,共振目標,89.5,89.5,🟢 合理,82.73966860082693,82.95723324869165,0.7980832052383535,0.5337289275077595,False,A+,🟢 A+ 優先候選,合理位置可優先分批,
4131,浩泰,30.65,31.523739741962885,32.50141829295558,30.546061190970192,技術結構,3.1014040814810238,0.3391152007497753,False,31.5,32.3,2.7732463295269127,5.38336052202284,1.3866231647634564,2.69168026101142,,,,,⚪ 基本面不足,技術目標,31.5,32.3,🔵 偏便宜,31.489710850416763,31.523739741962885,-2.6666197552768334,-2.771688096383451,False,B,🟡 B 等確認,等支撐或量價確認,
4133,亞諾法,20.65,20.51237259501934,20.705229717440606,20.319515472598074,技術結構,0.9401990019823167,1.6004093336654965,False,20.9,21.3,1.2106537530266248,3.14769975786926,0.6053268765133124,1.57384987893463,8.44,17.5,26.56,🟠 C 低一致,🟡 共振但估值分歧,共振目標,20.9,21.3,🟢 合理,20.49241526525054,20.51237259501934,0.7689905397177732,0.6709482501018771,False,NO,🔴 不追,第一目標風報不足,
4137,麗豐-KY,77.3,79.17012083496397,80.22547904048677,78.11476262944116,技術結構,1.3330258870297556,,True,78.8,88.4,1.9404915912031084,14.359637774902989,,,82.81,89.48,96.14,🟢 A 高一致,✅ 技術×基本面共振,共振目標,82.81,88.4,🔵 偏便宜,77.34619394489017,79.17012083496397,-0.05972361732897724,-2.3621548322028896,False,NO,🔴 結構失效,現價已跌破防守位，等待重新形成結構,
4138,曜亞,54.3,54.728969219139046,55.39861240325595,53.30015097154304,技術結構,2.6107165327285924,1.8413425938433832,False,56.9,58.5,4.7882136279926435,7.734806629834257,2.3941068139963217,3.8674033149171283,56.29,63.37,70.44,🟢 A 高一致,✅ 技術×基本面共振,共振目標,56.9,58.5,🔵 偏便宜,54.728969219139046,53.96979415565995,-0.7838065018572205,0.6118345446856299,False,A,🟢 A 可執行候選,等回踩或突破確認分批,
4139,馬光-KY,41.8,41.42689827159386,42.35368419023836,39.933530585498545,技術結構,3.604826208095117,4.465237833735531,False,42.95,45.1,2.7511961722488154,7.8947368421052655,0.6161365362138433,1.7680439734831956,,,,,⚪ 基本面不足,技術目標,42.95,45.1,🟢 合理,41.42689827159386,40.86031650414304,0.9006267521166622,2.2997460035868222,False,NO,🔴 不追,第一目標風報不足,
4142,國光生,18.25,17.88308256095315,18.086654030396332,17.527589596421933,技術結構,1.987872970554962,3.958413170290778,False,18.55,19.05,1.6438356164383494,4.383561643835621,0.4152764114610088,1.107403763896029,,,,,⚪ 基本面不足,技術目標,18.55,19.05,🔴 過熱,17.88308256095315,17.731161065865116,2.0517572280742913,2.9261419046817005,False,NO,🔴 不追,等待回到合理價格區,
4147,中裕,63.7,63.171361299670465,64.67671848339937,61.39427268,技術結構,2.8131238319218164,3.6196661224489834,False,64.6,66.0,1.412872841444246,3.610675039246458,0.39033236592780785,0.9975160462599677,,,,,⚪ 基本面不足,技術目標,64.6,66.0,🟢 合理,63.171361299670465,62.8996298637289,0.8368328455386598,1.272456035123093,False,NO,🔴 不追,第一目標風報不足,
4148,全宇生技-KY,32.0,32.36890415409598,33.17247578702619,31.563357924866057,技術結構,2.488642264177447,1.3645064847935706,False,32.7,34.5,2.187500000000009,7.8125,1.0937500000000044,3.90625,38.54,55.96,73.39,🟡 B 中等,🔵 技術低於基本面,技術目標,32.7,34.5,🔵 偏便宜,32.36890415409598,32.36692955779627,-1.1396868807784344,-1.1336557492766075,False,B,🟡 B 等確認,等支撐或量價確認,
4153,鈺緯,31.45,32.018575977689125,32.382861528487815,31.654290426890437,技術結構,1.137731893674863,,True,32.2,32.75,2.384737678855342,4.133545310015907,,,32.61,32.73,32.85,🟢 A 高一致,✅ 技術×基本面共振,共振目標,32.61,32.75,🔵 偏便宜,31.800715094653224,32.018575977689125,-1.1028528560107498,-1.7757690975554796,False,NO,🔴 結構失效,現價已跌破防守位，等待重新形成結構,
4154,樂威科-KY,12.5,12.112851763309335,12.375351773527274,11.809715342220393,技術結構,2.502601592196174,5.522277262236855,False,12.75,12.95,2.0000000000000018,3.600000000000003,0.36216942848499445,0.6519049712729901,,,,,⚪ 基本面不足,技術目標,12.75,12.95,🔴 過熱,12.112851763309335,12.072215352438333,3.1961774506591656,3.543547187263063,False,NO,🔴 不追,等待回到合理價格區,
4155,訊映,14.65,14.742008282424852,15.031293863877357,14.425181978264503,技術結構,2.1491393715879514,1.5345940050204627,False,14.85,15.1,1.3651877133105783,3.0716723549488067,0.6825938566552892,1.5358361774744034,25.37,30.0,34.63,🟢 A 高一致,🔵 技術低於基本面,技術目標,14.85,15.1,🔵 偏便宜,14.742008282424852,14.714467559717008,-0.624123122590714,-0.4381236321013504,False,NO,🔴 不追,第一目標風報不足,
4157,太景*-KY,8.89,8.874082210309055,9.012296681989833,8.735867738628277,技術結構,1.557507226158141,1.7337712190295058,False,9.09,9.23,2.249718785151855,3.8245219347581516,1.1248593925759276,1.9122609673790758,3.49,3.49,3.49,🟠 C 低一致,🔴 基本面背離,技術目標,9.09,9.23,🟢 合理,8.86315339583717,8.874082210309055,0.3029012696027511,0.1793739263814098,False,B,🟡 B 等確認,等支撐或量價確認,
4160,訊聯基因,39.1,39.217736210547535,39.68006840473961,38.64378706034109,技術結構,1.4634938312734196,1.1667850119153744,False,39.7,40.35,1.534526854219953,3.196930946291565,0.7672634271099765,1.5984654731457826,7.06,19.27,31.47,🟠 C 低一致,🔴 基本面背離,技術目標,39.7,40.35,🔵 偏便宜,39.217736210547535,39.10611925453316,-0.30021164382219023,-0.01564781842281482,False,NO,🔴 不追,第一目標風報不足,
4161,聿新科,21.75,22.323554795598756,22.540519285671824,22.10659030552569,技術結構,0.9719083365515042,,True,22.45,22.9,3.218390804597693,5.287356321839076,,,28.73,28.76,28.79,🟢 A 高一致,🔵 技術低於基本面,技術目標,22.45,22.9,🔵 偏便宜,22.13187863035024,22.323554795598756,-1.725468663227514,-2.5692807478486235,False,NO,🔴 結構失效,現價已跌破防守位，等待重新形成結構,
4162,智擎,55.6,56.39433269125843,56.999689752372056,55.7889756301448,技術結構,1.0734359858955556,,True,56.6,58.5,1.7985611510791477,5.215827338129486,,,63.25,64.69,66.12,🟢 A 高一致,🔵 技術低於基本面,技術目標,56.6,58.5,🔵 偏便宜,55.676168470434824,56.39433269125843,-0.13680623600251796,-1.4085328318488188,False,NO,🔴 結構失效,現價已跌破防守位，等待重新形成結構,
4163,鐿鈦,136.0,134.11715736010527,135.56358593153385,132.67072878867668,技術結構,1.0784813814275196,2.447993537737733,False,139.5,142.5,2.5735294117646967,4.779411764705888,1.051281129664654,1.9523792408057952,109.06,111.52,113.98,🟢 A 高一致,🔴 基本面背離,技術目標,139.5,142.5,🔴 過熱,133.93069936454435,134.11715736010527,1.545053259091289,1.403879024097776,False,NO,🔴 不追,等待回到合理價格區,
4164,承業醫,27.35,26.563330069526067,26.938329865167287,25.919524513444234,技術結構,2.42366282539409,5.230257720496407,False,30.75,31.65,12.431444241316258,15.722120658135275,2.376832061754766,3.0059934898663228,12.13,35.45,58.77,🟠 C 低一致,🟡 共振但估值分歧,共振目標,30.75,31.65,🔴 過熱,26.563330069526067,26.294524309085453,2.96148836917256,4.01405128500405,False,NO,🔴 不追,等待回到合理價格區,
4166,友霖,24.1,24.241947305089564,24.56873322373406,23.915161386445067,技術結構,1.3480184348717248,0.7669652014727553,False,24.7,25.25,2.4896265560165887,4.771784232365128,1.2448132780082943,2.385892116182564,13.62,17.57,21.52,🟡 B 中等,🔴 基本面背離,技術目標,24.7,25.25,🔵 偏便宜,24.1173720718813,24.241947305089564,-0.07203136324106518,-0.5855441532939931,False,B,🟡 B 等確認,等支撐或量價確認,
4167,松瑞藥,19.85,19.556139091536316,19.789174867129667,19.216163086072715,技術結構,1.7384617887624816,3.19313306764376,False,20.15,20.4,1.5113350125944391,2.7707808564231495,0.473307870539096,0.8677310959883461,34.35,71.73,109.11,🟠 C 低一致,🔵 技術低於基本面,技術目標,20.15,20.4,🔴 過熱,19.556139091536316,19.449198861666066,1.502652988344022,2.060759114988042,False,NO,🔴 不追,等待回到合理價格區,
4168,醣聯,22.35,21.96784454863399,22.30802316093432,21.627665936333663,技術結構,1.5485297683494428,3.231919747947821,False,22.8,23.5,2.0134228187919323,5.145413870246074,0.6229804499540559,1.5920611498825947,,,,,⚪ 基本面不足,技術目標,22.8,23.5,🔴 過熱,21.870162262161127,21.96784454863399,2.194029162138733,1.7396128715312376,False,NO,🔴 不追,等待回到合理價格區,
4169,泰宗,152.0,151.47834508886956,155.33548794601242,147.6212022317267,技術結構,2.546332847034965,2.8807880054429615,False,156.0,174.0,2.6315789473684292,14.473684210526304,0.9134927465666767,5.024210106116702,,,,,⚪ 基本面不足,技術目標,156.0,174.0,🟢 合理,150.04870327879954,151.47834508886956,1.3004422421264428,0.3443758979703615,False,C,🟠 C 觀察,條件未齊，不急進,
4171,瑞基,16.45,16.551173845030842,16.781531090067375,16.32081659999431,技術結構,1.391787961345673,0.7853094225269921,False,16.6,16.9,0.911854103343468,2.7355623100303816,0.455927051671734,1.3677811550151908,,,,,⚪ 基本面不足,技術目標,16.6,16.9,🔵 偏便宜,16.421710565191166,16.551173845030842,0.17226850209379752,-0.6112789701693488,False,NO,🔴 不追,第一目標風報不足,
4173,久裕,17.3,17.23674060340406,17.376026522048555,17.097454684759562,技術結構,0.8080757368767806,1.1707821690198776,False,17.5,17.6,1.156069364161838,1.7341040462427681,0.578034682080919,0.8670520231213841,12.44,28.05,43.67,🟠 C 低一致,🟡 共振但估值分歧,共振目標,17.5,17.6,🟢 合理,17.210097010655637,17.23674060340406,0.522385139890269,0.36700324064429246,False,NO,🔴 不追,第一目標風報不足,
4174,浩鼎,39.2,32.352743786570734,33.742922296691674,28.221002867777013,技術結構,12.770913484341817,28.007645745466807,False,41.55,44.8,5.994897959183665,14.28571428571428,0.21404505090021614,0.5100648021451964,,,,,⚪ 基本面不足,技術目標,41.55,44.8,🔴 過熱,32.352743786570734,29.61118137789795,21.164375604740783,32.38242507021092,True,NO,🟠 高位延伸,不追，等待回踩 EMA9/EMA20 或重新整理,
4175,杏一,51.0,51.12195396291785,51.40588269783345,50.83802522800225,技術結構,0.555394919219149,0.31759759215244754,False,51.5,51.8,0.9803921568627416,1.5686274509803866,0.4901960784313708,0.7843137254901933,59.91,64.26,68.6,🟢 A 高一致,🔵 技術低於基本面,技術目標,51.5,51.8,🔵 偏便宜,51.07526451150464,51.12195396291785,-0.14736000336853516,-0.23855497191346275,False,NO,🔴 不追,第一目標風報不足,
4178,永笙-KY,16.7,16.801187478160774,17.06368776426307,16.53868719205848,技術結構,1.562391268138095,0.9659449577336556,False,17.0,17.2,1.7964071856287456,2.9940119760478945,0.8982035928143728,1.4970059880239472,,,,,⚪ 基本面不足,技術目標,17.0,17.2,🔵 偏便宜,16.655028141286785,16.801187478160774,0.27001971015427895,-0.60226384767329,False,C,🟠 C 觀察,條件未齊，不急進,
4183,福永生技,13.85,13.798429684358018,14.14932259259057,13.447536776125466,技術結構,2.5429916030976085,2.905871652523712,False,14.0,14.35,1.0830324909747224,3.6101083032491044,0.37270486121922236,1.242349537397418,,,,,⚪ 基本面不足,技術目標,14.0,14.35,🟢 合理,13.740080181398616,13.798429684358018,0.7999940113172954,0.37374046773193115,False,NO,🔴 不追,第一目標風報不足,
4188,安克,14.25,14.12394942598858,14.806985150492233,13.197032555759003,技術結構,6.562731444818226,7.389245222743836,False,14.85,15.9,4.210526315789465,11.578947368421044,0.5698181869549563,1.567000014126132,,,,,⚪ 基本面不足,技術目標,14.85,15.9,🟢 合理,14.12394942598858,13.880068280262657,0.8924598227425307,2.6652010081490873,False,NO,🔴 不追,第一目標風報不足,
4190,佐登-KY,24.95,25.39604324312887,25.754971875865074,25.037114610392663,技術結構,1.4133250179959305,,True,25.35,25.6,1.603206412825653,2.605210420841697,,,,,,,⚪ 基本面不足,技術目標,25.35,25.6,🔵 偏便宜,25.205816836818922,25.39604324312887,-1.0149119089258973,-1.7563493606412517,False,NO,🔴 結構失效,現價已跌破防守位，等待重新形成結構,
4195,基米-創,16.1,14.373358415930342,14.844786874961583,13.643596592584736,技術結構,5.077183788423407,15.25716402121283,False,16.8,17.45,4.347826086956519,8.38509316770184,0.28496947931552086,0.549583995822789,,,,,⚪ 基本面不足,技術目標,16.8,17.45,🔴 過熱,14.373358415930342,14.115025051615977,12.012791541856904,14.06285104791063,True,NO,🟠 高位延伸,不追，等待回踩 EMA9/EMA20 或重新整理,
4198,欣大健康,49.5,49.39646604893745,50.77860951915665,46.80340341467709,技術結構,5.249490179502699,5.447669869339208,False,50.0,52.5,1.0101010101010166,6.060606060606055,0.18541891016306022,1.1125134609783531,,,,,⚪ 基本面不足,技術目標,50.0,52.5,🟢 合理,49.39646604893745,48.1855468848963,0.20959789099077586,2.727899131753375,False,NO,🔴 不追,第一目標風報不足,
4205,中華食,68.5,69.00292594926653,69.20113909057163,68.80471280796142,技術結構,0.28725324118985496,,True,69.0,69.9,0.7299270072992803,2.0437956204379715,,,43.23,47.58,51.94,🟢 A 高一致,🔴 基本面背離,技術目標,69.0,69.9,🔵 偏便宜,68.74161901551876,69.00292594926653,-0.3514886890636393,-0.7288472805287882,False,NO,🔴 結構失效,現價已跌破防守位，等待重新形成結構,
4207,環泰,19.35,19.710520662054325,19.906056396775917,19.514984927332733,技術結構,0.9920373899509761,,True,19.7,19.9,1.8087855297157507,2.8423772609818876,,,27.01,27.84,28.67,🟢 A 高一致,🔵 技術低於基本面,技術目標,19.7,19.9,🔵 偏便宜,19.500922896025443,19.710520662054325,-0.7739269409459681,-1.8290773147782935,False,NO,🔴 結構失效,現價已跌破防守位，等待重新形成結構,
4303,信立,33.45,35.566294590291136,36.286830018474554,34.84575916210772,技術結構,2.0258940001585346,,True,36.05,38.35,7.7727952167413905,14.648729446935715,,,94.69,94.69,94.69,🟠 C 低一致,🔵 技術低於基本面,技術目標,36.05,38.35,🔵 偏便宜,34.434772151093064,35.566294590291136,-2.8598189840550514,-5.950281339875197,False,NO,🔴 結構失效,現價已跌破防守位，等待重新形成結構,
4304,勝昱,17.3,18.323734043940505,19.349626839775727,17.297841248105282,技術結構,5.598710357698495,0.01247833465155255,False,18.0,18.9,4.046242774566466,9.248554913294793,2.023121387283233,4.6242774566473965,,,,,⚪ 基本面不足,技術目標,18.0,18.9,🔵 偏便宜,17.89396019638252,18.323734043940505,-3.319333394418722,-5.58692917876662,False,B,🟡 B 等確認,等支撐或量價確認,
4305,世坤,42.2,42.44486180070583,42.71271927053702,42.17700433087464,技術結構,0.631071603175152,0.054492106932144006,False,42.7,42.9,1.1848341232227444,1.6587677725118377,0.5924170616113722,0.8293838862559189,44.79,63.25,81.7,🟠 C 低一致,🔵 技術低於基本面,技術目標,42.7,42.9,🔵 偏便宜,42.164354246360055,42.44486180070583,0.08454002030169327,-0.5768938578609162,False,NO,🔴 不追,第一目標風報不足,
4306,炎洲,14.7,14.74393787570236,14.920723528680439,14.56715222272428,技術結構,1.199039594906444,0.9037263760253014,False,14.8,15.25,0.6802721088435382,3.741496598639471,0.3401360544217691,1.8707482993197355,17.34,27.13,36.91,🟠 C 低一致,🔵 技術低於基本面,技術目標,14.8,15.25,🔵 偏便宜,14.652890466753822,14.74393787570236,0.3215033467496742,-0.298006381149829,False,NO,🔴 不追,第一目標風報不足,
4401,東隆興,13.9,13.903168549904917,14.165668539686978,13.640668560122856,技術結構,1.8880587460320766,1.8656938120657842,False,14.1,14.3,1.4388489208633004,2.877697841726623,0.7194244604316502,1.4388489208633115,12.03,15.93,19.83,🟡 B 中等,✅ 技術×基本面共振,共振目標,14.1,14.3,🔵 偏便宜,13.862920698226633,13.903168549904917,0.26747106602225124,-0.022790127973659757,False,NO,🔴 不追,第一目標風報不足,
4402,郡都開發,13.8,14.316749698094563,14.73460680007995,13.898892596109176,技術結構,2.918658988925399,,True,14.65,15.3,6.159420289855078,10.869565217391308,,,,,,,⚪ 基本面不足,技術目標,14.65,15.3,🔵 偏便宜,14.053556786087436,14.316749698094563,-1.8042178926437225,-3.609406527260428,False,NO,🔴 結構失效,現價已跌破防守位，等待重新形成結構,
4406,新昕纖,10.3,10.213772113126929,10.320914980487725,10.035890568948494,技術結構,1.7415852067995359,2.564169233509775,False,10.4,10.6,0.9708737864077666,2.9126213592232997,0.37863093189011443,1.1358927956703433,,,,,⚪ 基本面不足,技術目標,10.4,10.6,🟢 合理,10.213772113126929,10.14303343630929,0.8442315524374244,1.54753077248877,False,NO,🔴 不追,第一目標風報不足,
4413,飛寶企業,20.3,20.104324391517853,20.669503085561693,19.106990471728405,技術結構,4.96079301331921,5.876894227938894,False,20.6,21.15,1.4778325123152802,4.187192118226601,0.2514648817890289,0.7124838317355775,1.2,5.49,9.78,🟠 C 低一致,🔴 基本面背離,技術目標,20.6,21.15,🟢 合理,20.104324391517853,19.672169165772246,0.9733010902107431,3.1914672395158217,False,NO,🔴 不追,第一目標風報不足,
4414,如興,8.14,8.239972383358639,8.346579526215782,8.133365240501496,技術結構,1.2937803416968483,0.08150810194723593,False,8.45,8.63,3.8083538083537816,6.019656019656017,1.9041769041768908,3.0098280098280084,11.22,11.22,11.22,🟠 C 低一致,🔵 技術低於基本面,技術目標,8.45,8.63,🔵 偏便宜,8.204835071936996,8.239972383358639,-0.7902056698098736,-1.2132611458812836,False,B,🟡 B 等確認,等支撐或量價確認,
4416,三圓,13.35,13.100058554591822,13.686665830282173,12.096648139632432,技術結構,7.659587251292671,9.3884034484462,False,14.5,16.3,8.614232209737827,22.097378277153567,0.9175396282275768,2.3536886115403073,37.98,70.36,102.73,🟠 C 低一致,🔵 技術低於基本面,技術目標,14.5,16.3,🟢 合理,13.100058554591822,12.683255415322783,1.9079414368004421,5.25688841582197,False,C,🟠 C 觀察,條件未齊，不急進,
4417,金洲,49.55,49.55605919244293,50.089094457139325,48.349956687114535,技術結構,2.4338144012716825,2.4218835779726793,False,50.4,51.7,1.7154389505549927,4.339051463168531,0.7083077676223231,1.791602000456472,54.28,64.52,74.76,🟢 A 高一致,🔵 技術低於基本面,技術目標,50.4,51.7,🔵 偏便宜,49.55605919244293,48.88299195181093,-0.012226945688731394,1.3644992287841218,False,NO,🔴 不追,第一目標風報不足,
4419,皇家美食,50.2,47.58850142384868,48.41885856670583,46.0525695509219,技術結構,3.2275272954005194,8.261813643581874,False,51.6,53.6,2.7888446215139417,6.7729083665338585,0.3375584032545244,0.8197846936181307,,,,,⚪ 基本面不足,技術目標,51.6,53.6,🔴 過熱,47.58850142384868,46.88292669377905,5.487667184330758,7.075226612636154,False,NO,🔴 不追,等待回到合理價格區,
4420,光明,36.05,36.919966828593736,37.56818119605153,36.27175246113594,技術結構,1.7557284665699335,,True,36.5,36.95,1.2482662968099856,2.4965325936199934,,,20.72,27.76,34.79,🟡 B 中等,🔴 基本面背離,技術目標,36.5,36.95,🔵 偏便宜,36.40354414157078,36.919966828593736,-0.971180553728157,-2.356358640929135,False,NO,🔴 結構失效,現價已跌破防守位，等待重新形成結構,
4426,利勤,7.61,7.6593580734211475,7.768108085682674,7.550608061159621,技術結構,1.419831939166046,0.7804459768775218,False,7.68,7.81,0.9198423127463773,2.6281208935611033,0.45992115637318864,1.3140604467805517,,,,,⚪ 基本面不足,技術目標,7.68,7.81,🔵 偏便宜,7.653267063360007,7.6593580734211475,-0.5653410889990607,-0.6444152753796062,False,NO,🔴 不追,第一目標風報不足,
4430,耀億,17.75,17.501556031290463,17.822984704898424,17.1801273576825,技術結構,1.8365719769904434,3.2105500975633743,False,18.0,18.25,1.4084507042253502,2.8169014084507005,0.43869451073019683,0.8773890214603937,3.76,27.09,50.42,🟠 C 低一致,🟡 共振但估值分歧,共振目標,18.0,18.25,🟢 合理,17.492834014903277,17.501556031290463,1.470121907505817,1.4195536000647824,False,NO,🔴 不追,第一目標風報不足,
4432,銘旺實,15.4,15.59329155079193,15.786148714084952,15.400434387498908,技術結構,1.2367957250387414,,True,15.6,15.8,1.298701298701288,2.5974025974025983,,,39.63,61.3,82.98,🟠 C 低一致,🔵 技術低於基本面,技術目標,15.6,15.8,🔵 偏便宜,15.50619103704516,15.59329155079193,-0.6848299288423787,-1.2395814582336406,False,NO,🔴 結構失效,現價已跌破防守位，等待重新形成結構,
4433,興采,18.05,18.4525422701251,18.741827902667303,18.163256637582897,技術結構,1.5677277868132036,,True,18.75,19.05,3.87811634349029,5.540166204986141,,,25.04,25.04,25.04,🟠 C 低一致,🔵 技術低於基本面,技術目標,18.75,19.05,🔵 偏便宜,18.226027303596815,18.4525422701251,-0.9658018210149222,-2.181500327880681,False,NO,🔴 結構失效,現價已跌破防守位，等待重新形成結構,
4438,廣越,57.0,57.39952381992933,58.10130977944558,56.69773786041308,技術結構,1.222633765600313,0.530284455415653,False,58.2,59.0,2.1052631578947434,3.5087719298245723,1.0526315789473717,1.7543859649122862,73.7,78.4,83.1,🟢 A 高一致,🔵 技術低於基本面,技術目標,58.2,59.0,🔵 偏便宜,56.793514101018616,57.39952381992933,0.3635730280998395,-0.6960403037187035,False,B,🟡 B 等確認,等支撐或量價確認,
4439,冠星-KY,98.4,96.60837795993966,97.89944914328055,95.2948157149255,技術結構,1.3596773621008784,3.155675086457826,False,99.0,101.5,0.6097560975609762,3.1504065040650397,0.19322524685056017,0.9983304420612263,97.64,150.9,204.17,🟠 C 低一致,🟡 共振但估值分歧,共振目標,99.0,101.5,🔴 過熱,96.60837795993966,96.5858868982664,1.8545203613741235,1.8782382809658493,False,NO,🔴 不追,等待回到合理價格區,
4440,宜新實業,17.55,17.55830066618608,17.678836196548893,17.43776513582327,技術結構,0.6864874491808882,0.6395148955939088,False,17.65,17.75,0.5698005698005604,1.139601139601143,0.2849002849002802,0.5698005698005715,16.66,25.25,33.84,🟡 B 中等,✅ 技術×基本面共振,共振目標,17.65,17.75,🔵 偏便宜,17.535178220430005,17.55830066618608,0.08452597050154775,-0.047274883508896526,False,NO,🔴 不追,第一目標風報不足,
4441,振大環球,171.5,173.32024556427075,174.95417413569933,171.68631699284217,技術結構,0.9427222804289698,,True,174.5,178.0,1.7492711370262315,3.790087463556846,,,107.88,221.56,335.23,🟠 C 低一致,🟡 共振但估值分歧,共振目標,174.5,178.0,🔵 偏便宜,171.37242699077115,173.32024556427075,0.07444196914812018,-1.0502209700572807,False,NO,🔴 結構失效,現價已跌破防守位，等待重新形成結構,
4442,竣邦-KY,53.7,53.92982947343326,55.19947298452422,52.421924722019476,技術結構,2.7960495446339246,2.380028450615506,False,54.8,57.3,2.048417132215996,6.703910614525133,0.860669178843744,2.8167354943977307,38.77,64.3,89.84,🟠 C 低一致,🟡 共振但估值分歧,共振目標,54.8,57.3,🔵 偏便宜,53.92982947343326,53.69156823311044,-0.4261639164768294,0.0157040801135766,False,C,🟠 C 觀察,條件未齊，不急進,
4502,健信,15.9,15.751137868138667,15.917209255838339,15.563188454531785,技術結構,1.1932434036214299,2.1183116067183363,False,16.55,16.95,4.088050314465419,6.603773584905648,1.9298625856082519,3.1174703305979317,,,,,⚪ 基本面不足,技術目標,16.55,16.95,🟢 合理,15.751137868138667,15.729259842231457,0.9450881143161727,1.0854939105915395,False,B,🟡 B 等確認,等支撐或量價確認,
4503,金雨,24.15,23.977053944342543,24.448482515771115,23.505625372913972,技術結構,1.96616553694582,2.6682179175404834,False,24.8,27.3,2.69151138716357,13.043478260869579,1.0087299727169803,4.888460637013048,37.99,65.68,93.37,🟠 C 低一致,🔵 技術低於基本面,技術目標,24.8,27.3,🟢 合理,23.699766997895416,23.977053944342543,1.8997359853561546,0.7212981880881264,False,B,🟡 B 等確認,等支撐或量價確認,
4506,崇友,118.0,119.61374450945499,120.41731593802642,118.81017308088356,技術結構,0.6718052610650538,,True,119.5,120.5,1.2711864406779627,2.1186440677966045,,,59.75,135.48,211.21,🟠 C 低一致,🟡 共振但估值分歧,共振目標,119.5,120.5,🔵 偏便宜,118.63359959289049,119.61374450945499,-0.5340810656211947,-1.3491296640474548,False,NO,🔴 結構失效,現價已跌破防守位，等待重新形成結構,
4510,高鋒,44.0,43.73624495895928,44.59606638753071,42.876423530387854,技術結構,1.9659242108650585,2.5535828854821507,False,45.4,47.2,3.1818181818181746,7.272727272727275,1.2460211101459526,2.848048251762185,32.86,47.22,61.59,🟡 B 中等,✅ 技術×基本面共振,共振目標,45.4,47.2,🟢 合理,43.62224779583448,43.73624495895928,0.8659622629569874,0.6030582673208773,False,B,🟡 B 等確認,等支撐或量價確認,
4513,福裕,16.2,16.22198000553791,16.55680145454522,15.861254724985898,技術結構,2.223682191870958,2.0910202161364295,False,16.3,16.55,0.6172839506172867,2.1604938271605034,0.29520706966565824,1.033224743829804,,,,,⚪ 基本面不足,技術目標,16.3,16.55,🔵 偏便宜,16.22198000553791,16.196076173993205,-0.13549520792411895,0.024227016251598954,False,NO,🔴 不追,第一目標風報不足,
4523,永彰,23.9,23.94332824510301,24.422792571689055,23.463863918516967,技術結構,2.0024965688891045,1.8248371610168674,False,24.2,24.65,1.2552301255230214,3.1380753138075423,0.6276150627615107,1.5690376569037712,59.27,59.27,59.27,🟠 C 低一致,🔵 技術低於基本面,技術目標,24.2,24.65,🔵 偏便宜,23.854454074234187,23.94332824510301,0.1909325848500787,-0.18096166355600074,False,NO,🔴 不追,第一目標風報不足,
4526,東台,34.05,32.069992268524736,32.90838498261645,30.726839476662303,技術結構,4.1881918168738625,9.759649114060778,False,38.6,43.65,13.36270190895743,28.19383259911894,1.3691785178737332,2.8888162135357858,,,,,⚪ 基本面不足,技術目標,38.6,43.65,🔴 過熱,32.069992268524736,31.565232190754013,6.174019983841883,7.871850250396117,False,NO,🔴 不追,等待回到合理價格區,
4528,江興鍛,14.95,14.93656525385215,15.097279457822923,14.775851049881377,技術結構,1.075978320580261,1.164875920525904,False,15.1,15.3,1.0033444816053505,2.34113712374584,0.5016722408026753,1.17056856187292,,,,,⚪ 基本面不足,技術目標,15.1,15.3,🟢 合理,14.909472846625063,14.93656525385215,0.27182150430027363,0.08994535168909135,False,NO,🔴 不追,第一目標風報不足,
4529,淳紳,3.33,3.496801192776511,3.555194049408471,3.4384083361445508,技術結構,1.6698935230457086,,True,3.73,3.82,12.012012012012008,14.714714714714706,,,,,,,⚪ 基本面不足,技術目標,3.73,3.82,🔵 偏便宜,3.3933641689647183,3.496801192776511,-1.8672964589017238,-4.770107981005012,False,NO,🔴 結構失效,現價已跌破防守位，等待重新形成結構,
4530,天意能創,24.4,25.320391479572535,26.065034398023027,24.575748561122044,技術結構,2.940882328186905,,True,25.0,25.6,2.459016393442637,4.918032786885251,,,25.56,25.56,25.56,🟠 C 低一致,🟡 共振但估值分歧,共振目標,25.56,25.56,🔵 偏便宜,24.648575337477666,25.320391479572535,-1.0084775045789973,-3.6349812376126667,False,NO,🔴 結構失效,現價已跌破防守位，等待重新形成結構,
4532,瑞智,24.85,24.75999494542492,25.11624519065546,24.07576915231819,技術結構,2.7634326849212845,3.1156170932869625,False,25.0,25.6,0.6036217303822866,3.0181086519114775,0.1937406659126614,0.9687033295633213,38.53,43.01,47.49,🟢 A 高一致,🔵 技術低於基本面,技術目標,25.0,25.6,🟢 合理,24.75999494542492,24.43201939754873,0.36350998767755716,1.7107902365745886,False,NO,🔴 不追,第一目標風報不足,
4533,協易機,25.65,25.32317660022627,25.732998171848845,24.913355028603693,技術結構,1.6183655711618505,2.871910219868638,False,26.8,27.1,4.483430799220289,5.653021442495132,1.5611319491127276,1.9683837619247382,4.68,13.76,22.83,🟠 C 低一致,🔴 基本面背離,技術目標,26.8,27.1,🟢 合理,25.249482551773692,25.32317660022627,1.586240222567148,1.2906098035536662,False,B,🟡 B 等確認,等支撐或量價確認,
4534,慶騰,30.95,30.559724871433602,31.815974912305357,28.92313145500786,技術結構,5.355393163096132,6.548848287535187,False,34.8,35.95,12.439418416801296,16.15508885298871,1.8994818433155616,2.4668595367734585,16.2,16.2,16.2,🟠 C 低一致,🔴 基本面背離,技術目標,34.8,35.95,🟢 合理,30.559724871433602,30.179381495879614,1.2770897977920415,2.553460229877791,False,B,🟡 B 等確認,等支撐或量價確認,
4535,至興,26.924999999999997,27.369062348434223,27.674419613906636,27.06370508296181,技術結構,1.1157023269008053,,True,27.55,28.0,2.3212627669452424,3.9925719591457964,,,19.41,31.05,42.7,🟠 C 低一致,🟡 共振但估值分歧,共振目標,27.55,28.0,🔵 偏便宜,27.043822767273777,27.369062348434223,-0.43937119502783784,-1.6224974855948315,False,NO,🔴 結構失效,現價已跌破防守位，等待重新形成結構,
4536,拓凱,161.0,164.34786235419315,166.35679092562174,162.33893378276457,技術結構,1.22236367583477,,True,166.0,167.5,3.105590062111796,4.037267080745344,,,158.96,167.92,176.87,🟢 A 高一致,✅ 技術×基本面共振,共振目標,166.0,167.5,🔵 偏便宜,163.54569351359214,164.34786235419315,-1.5565640763145927,-2.0370586548780434,False,NO,🔴 結構失效,現價已跌破防守位，等待重新形成結構,
4538,大詠城,17.35,17.475584451627057,17.73272726789816,17.218441635355955,技術結構,1.4714404372733931,0.7582614676890291,False,17.5,17.75,0.8645533141210304,2.3054755043227626,0.4322766570605152,1.1527377521613813,7.5,13.02,18.54,🟠 C 低一致,🟡 共振但估值分歧,共振目標,17.5,17.75,🔵 偏便宜,17.44305977861145,17.475584451627057,-0.5335060464882191,-0.7186280491772834,False,NO,🔴 不追,第一目標風報不足,
4540,全球傳動,62.1,60.47491554393419,62.13562966616145,57.91711888875531,技術結構,4.229516704857029,6.735718375595313,False,62.5,65.3,0.6441223832528209,5.152979066022545,0.09562786733878141,0.7650229387102481,,,,,⚪ 基本面不足,技術目標,62.5,65.3,🟢 合理,60.47491554393419,59.57783301098257,2.687204176226121,4.233398332148952,False,NO,🔴 不追,第一目標風報不足,
4541,晟田,61.6,60.64687379284093,62.07122577114293,59.22252181453893,技術結構,2.348599176220254,3.8595425088653768,False,62.5,67.4,1.4610389610389518,9.415584415584433,0.37855236927250896,2.439559713089522,53.86,66.3,78.74,🟡 B 中等,✅ 技術×基本面共振,共振目標,62.5,67.4,🟢 合理,59.881468982371175,60.64687379284093,2.8698878748862233,1.5715998988089286,False,NO,🔴 不追,第一目標風報不足,
4542,科嶠,344.0,316.5794207113637,330.50799213993514,285.46011990403224,技術結構,9.829855881789609,17.01740700464179,False,346.0,357.0,0.5813953488372103,3.779069767441867,0.03416474370499717,0.2220708340824816,80.44,85.55,90.67,🟢 A 高一致,🔴 基本面背離,技術目標,346.0,357.0,🔴 過熱,316.5794207113637,299.3886913326037,8.661516666819779,14.900799515448536,False,NO,🔴 不追,等待回到合理價格區,
4543,萬在,29.45,28.99472524959897,29.431332372020236,28.558118127177707,技術結構,1.505815691174047,3.028461367817631,False,30.7,32.5,4.244482173174879,10.356536502546687,1.4015308956156627,3.4197353853022108,64.05,67.91,71.76,🟢 A 高一致,🔵 技術低於基本面,技術目標,30.7,32.5,🔴 過熱,28.700203649349312,28.99472524959897,2.6125123006494277,1.5701985326014523,False,NO,🔴 不追,等待回到合理價格區,
4545,銘鈺,39.1,34.72264407010115,35.57175166254761,32.80757466177575,技術結構,5.515332888990488,16.093159432798586,False,40.0,42.0,2.3017902813299296,7.416879795396425,0.14302911065671647,0.4608715787827522,27.18,43.84,60.51,🟠 C 低一致,🟡 共振但估值分歧,共振目標,40.0,42.0,🔴 過熱,34.72264407010115,33.65668225422222,12.606631917377786,16.173066925201528,True,NO,🟠 高位延伸,不追，等待回踩 EMA9/EMA20 或重新整理,
4549,桓達,97.1,97.1086959239286,98.78548221041889,95.4319096374383,技術結構,1.7267107446318004,1.7179097451716778,False,99.8,102.0,2.780638516992795,5.0463439752832295,1.3903192584963975,2.5231719876416148,65.36,90.2,115.05,🟡 B 中等,✅ 技術×基本面共振,共振目標,99.8,102.0,🔵 偏便宜,96.78551095621548,97.1086959239286,0.3249340119997779,-0.00895483545100273,False,B,🟡 B 等確認,等支撐或量價確認,
4550,長佳,24.275,24.116656364238164,24.341656016828235,23.89082945041743,技術結構,0.9363939611280616,1.5825769292793703,False,24.4,24.6,0.5149330587023604,1.338825952626177,0.2574665293511802,0.6694129763130885,41.41,43.57,45.74,🟢 A 高一致,🔵 技術低於基本面,技術目標,24.4,24.6,🟢 合理,24.116656364238164,24.115829103007503,0.6565737528882121,0.6600266418899325,False,NO,🔴 不追,第一目標風報不足,
4551,智伸科,174.5,166.16163851035887,171.70628136750173,158.5240351267171,技術結構,4.596490171927147,9.15528072967501,False,177.0,182.0,1.4326647564469885,4.297994269340966,0.15648507115716206,0.4694552134714862,149.11,174.21,199.3,🟢 A 高一致,✅ 技術×基本面共振,共振目標,177.0,182.0,🔴 過熱,166.16163851035887,164.06867798385997,5.018222957112517,6.35789971877887,False,NO,🔴 不追,等待回到合理價格區,
4552,力達-KY,15.8,16.072533520102375,16.356462020005374,15.788605020199379,技術結構,1.7665447674934338,0.07212012532039301,False,16.45,17.2,4.113924050632911,8.860759493670866,2.0569620253164556,4.430379746835433,67.93,67.93,67.93,🟠 C 低一致,🔵 技術低於基本面,技術目標,16.45,17.2,🔵 偏便宜,15.75899807176925,16.072533520102375,0.2601810600142196,-1.6956475453077102,False,B,🟡 B 等確認,等支撐或量價確認,
4554,橙的,28.25,28.5694645699094,28.866786161967855,28.272142977850944,技術結構,1.0406971097792563,,True,28.7,29.0,1.5929203539823078,2.6548672566371723,,,60.27,65.84,71.42,🟢 A 高一致,🔵 技術低於基本面,技術目標,28.7,29.0,🔵 偏便宜,28.288995932199583,28.5694645699094,-0.1378484138957914,-1.118202860006956,False,NO,🔴 結構失效,現價已跌破防守位，等待重新形成結構,
4555,氣立,42.15,43.14392147862358,43.80820719290929,42.47963576433787,技術結構,1.5396971149570702,,True,43.8,47.75,3.9145907473309594,13.285883748517202,,,29.57,48.36,67.15,🟠 C 低一致,🟡 共振但估值分歧,共振目標,43.8,47.75,🔵 偏便宜,42.261872323917544,43.14392147862358,-0.26471218089936244,-2.3037346735299447,False,NO,🔴 結構失效,現價已跌破防守位，等待重新形成結構,
4556,旭然,101.5,90.80600828651292,96.827436939685,80.35072884545662,技術結構,11.513863056360323,20.836720349303828,False,104.0,132.0,2.4630541871921263,30.04926108374384,0.11820738321107328,1.4421300751750892,11.13,20.77,30.41,🟠 C 低一致,🔴 基本面背離,技術目標,104.0,132.0,🔴 過熱,90.80600828651292,86.3721574986287,11.776744639787683,17.514721108606658,False,NO,🔴 不追,等待回到合理價格區,
4557,永新-KY,50.3,50.11886393964583,50.689399899162076,49.54832798012958,技術結構,1.1383657063801373,1.4943777731022252,False,51.0,51.4,1.3916500994035852,2.1868787276341894,0.6958250497017926,1.0934393638170947,,,,,⚪ 基本面不足,技術目標,51.0,51.4,🟢 合理,49.9862214080328,50.11886393964583,0.6277301686915981,0.36141294138729574,False,NO,🔴 不追,第一目標風報不足,
4558,寶緯,16.95,17.257315865355437,17.586780273684994,16.92785145702588,技術結構,1.9091289219024261,0.13066987005379713,False,17.1,17.5,0.884955752212413,3.244837758112107,0.4424778761062065,1.6224188790560534,20.74,24.93,29.12,🟢 A 高一致,🔵 技術低於基本面,技術目標,17.1,17.5,🔵 偏便宜,17.151492751855496,17.257315865355437,-1.1747825963060787,-1.7807860026041733,False,NO,🔴 不追,第一目標風報不足,
4560,強信-KY,29.9,29.594351141877336,29.958636672240146,29.230065611514526,技術結構,1.2309292696312233,2.2405832390818485,False,32.0,32.6,7.0234113712374535,9.030100334448177,3.1346353256286625,4.030245418665433,59.6,67.43,75.25,🟢 A 高一致,🔵 技術低於基本面,技術目標,32.0,32.6,🟢 合理,29.347323575976286,29.594351141877336,1.8832259868362788,1.0327945919724968,False,B,🟡 B 等確認,等支撐或量價確認,
4561,健椿,43.2,41.893908441061924,42.64123031922267,41.14658656290118,技術結構,1.78384377578929,4.75327184513617,False,44.6,46.6,3.240740740740744,7.870370370370372,0.6817915840552782,1.6557795612771027,49.83,53.63,57.44,🟢 A 高一致,🔵 技術低於基本面,技術目標,44.6,46.6,🔴 過熱,41.890166110207005,41.893908441061924,3.126829066151271,3.1176168744807997,False,NO,🔴 不追,等待回到合理價格區,
4562,穎漢,30.95,30.38286510094276,30.974829284477654,29.790900917407864,技術結構,1.9483487866209384,3.745069733738725,False,31.7,32.95,2.4232633279483107,6.462035541195488,0.6470542607304545,1.7254780286145432,,,,,⚪ 基本面不足,技術目標,31.7,32.95,🟢 合理,30.31530511960281,30.38286510094276,2.0936450347213365,1.8666274466644817,False,NO,🔴 不追,第一目標風報不足,
4563,百德,51.7,49.182897581128415,50.58379056088654,45.370274530841826,技術結構,7.75192849099135,12.243182725644443,False,54.1,57.4,4.642166344293996,11.02514506769825,0.37916336367099734,0.9005129887186194,,,,,⚪ 基本面不足,技術目標,54.1,57.4,🔴 過熱,49.182897581128415,46.77116751059995,5.117840840344079,10.538185706574478,False,NO,🔴 不追,等待回到合理價格區,
4564,元翎,16.4,16.145021704788057,16.337878878299016,15.952164531277097,技術結構,1.1945302833118243,2.7307040775786695,False,16.55,17.1,0.9146341463414753,4.268292682926855,0.3349444393668927,1.5630740503788219,,,,,⚪ 基本面不足,技術目標,16.55,17.1,🔴 過熱,16.082775467788604,16.145021704788057,1.9724489274052681,1.5792997982549961,False,NO,🔴 不追,等待回到合理價格區,
4566,時碩工業,74.1,69.43051793562483,71.3162327935437,65.67762600458934,技術結構,5.405248358531805,11.366226714454323,False,76.3,79.2,2.9689608636977116,6.882591093117418,0.2612090131830744,0.6055299851062176,45.55,62.01,78.48,🟡 B 中等,✅ 技術×基本面共振,共振目標,76.3,78.48,🔴 過熱,69.43051793562483,67.56334086250821,6.725402896611898,9.67486073667363,False,NO,🔴 不追,等待回到合理價格區,
4568,科際精密,39.45,39.49530227873349,39.94262378904843,39.04798076841855,技術結構,1.1325942188213258,1.0190601561000137,False,39.85,40.35,1.0139416983523386,2.281368821292773,0.5069708491761693,1.1406844106463865,19.41,34.51,49.6,🟠 C 低一致,🟡 共振但估值分歧,共振目標,39.85,40.35,🔵 偏便宜,39.491815022281976,39.49530227873349,-0.10588275635946554,-0.11470295483186899,False,NO,🔴 不追,第一目標風報不足,
4569,六方科-KY,157.5,158.6418436753387,161.99005796105297,155.2936293896244,技術結構,2.110549277633469,1.4008702288098962,False,159.0,165.5,0.952380952380949,5.0793650793650835,0.4761904761904745,2.5396825396825418,134.34,159.28,184.21,🟢 A 高一致,✅ 技術×基本面共振,共振目標,159.0,165.5,🔵 偏便宜,156.06222621092127,158.6418436753387,0.9212823781813428,-0.7197619801213806,False,NO,🔴 不追,第一目標風報不足,
4571,鈞興-KY,153.5,153.26162603853217,155.32412603853217,151.19912603853217,技術結構,1.345738038484244,1.4989406915099863,False,159.0,163.5,3.583061889250816,6.514657980456029,1.791530944625408,3.2573289902280145,115.65,160.62,205.59,🟡 B 中等,✅ 技術×基本面共振,共振目標,159.0,163.5,🟢 合理,152.13855210547237,153.26162603853217,0.8948737027441922,0.15553401567585112,False,A,🟢 A 可執行候選,等回踩或突破確認分批,
4572,駐龍,138.5,140.50949198137286,142.14342055280144,138.87556340994428,技術結構,1.1628599238300505,,True,141.0,143.5,1.8050541516245522,3.6101083032491044,,,88.67,90.95,93.23,🟢 A 高一致,🔴 基本面背離,技術目標,141.0,143.5,🔵 偏便宜,139.79637308917827,140.50949198137286,-0.9273295583650754,-1.4301467844174187,False,NO,🔴 結構失效,現價已跌破防守位，等待重新形成結構,
4576,大銀微系統,236.0,233.21662516369685,241.3862680208397,222.57789715004822,技術結構,4.561736542659089,5.687331716081265,False,238.0,244.5,0.8474576271186418,3.601694915254239,0.1490079477380237,0.6332837778866027,74.48,90.79,107.1,🟡 B 中等,🔴 基本面背離,技術目標,238.0,244.5,🟢 合理,233.21662516369685,230.74754000719108,1.1934718780659326,2.2762799519532084,False,NO,🔴 不追,第一目標風報不足,
4577,達航科技,92.4,86.39914033732346,88.89021258333001,82.78974618880379,技術結構,4.1775810898438435,10.400707587874694,False,93.2,95.0,0.8658008658008587,2.813852813852802,0.08324441952490066,0.27054436345592825,,,,,⚪ 基本面不足,技術目標,93.2,95.0,🔴 過熱,86.39914033732346,85.28081843481034,6.9455085308114395,8.347928286630646,False,NO,🔴 不追,等待回到合理價格區,
4580,捷流閥業,81.8,81.2843222230148,81.86289356984271,80.58200795937849,技術結構,0.86402179956599,1.4889878247206727,False,82.3,82.7,0.6112469437652868,1.1002444987775029,0.3056234718826434,0.5501222493887514,120.67,144.06,167.45,🟢 A 高一致,🔵 技術低於基本面,技術目標,82.3,82.7,🟢 合理,81.2843222230148,81.1605793062064,0.6344123477715291,0.7878463895398813,False,NO,🔴 不追,第一目標風報不足,
4581,光隆精密-KY,48.2,48.04815513622142,48.27583415723931,47.820476115203526,技術結構,0.47385590637642255,0.7873939518599102,False,48.5,48.75,0.6224066390041472,1.1410788381742698,0.3112033195020736,0.5705394190871349,60.96,68.8,76.65,🟢 A 高一致,🔵 技術低於基本面,技術目標,48.5,48.75,🟢 合理,48.012592664188524,48.04815513622142,0.39032954775479745,0.31602641838814893,False,NO,🔴 不追,第一目標風報不足,
4582,聚恆-創,22.5,22.857404640304548,23.170797640498552,22.544011640110543,技術結構,1.3710786728664608,,True,22.65,23.6,0.6666666666666599,4.888888888888898,,,42.47,44.13,45.79,🟢 A 高一致,🔵 技術低於基本面,技術目標,22.65,23.6,🔵 偏便宜,22.466634659111623,22.857404640304548,0.14851063096290584,-1.5636273930870304,False,NO,🔴 結構失效,現價已跌破防守位，等待重新形成結構,
4583,台灣精銳,426.5,441.48634744908026,450.2184903062231,432.7542045919374,技術結構,1.9778964644314334,,True,443.5,472.0,3.98593200468933,10.668229777256744,,,244.88,302.79,360.7,🟡 B 中等,🔴 基本面背離,技術目標,443.5,472.0,🔵 偏便宜,430.5087525222964,441.48634744908026,-0.931166323288346,-3.3945211523916385,False,NO,🔴 結構失效,現價已跌破防守位，等待重新形成結構,
4585,達明,292.0,295.8747283006696,299.9997283006696,291.7497283006696,技術結構,1.3941711154891714,0.08570948607206376,False,302.0,307.0,3.424657534246567,5.136986301369872,1.7123287671232834,2.568493150684936,58.92,94.71,130.51,🟠 C 低一致,🔴 基本面背離,技術目標,302.0,307.0,🔵 偏便宜,294.5158544940637,295.8747283006696,-0.8542339760912343,-1.3095840671907832,False,B,🟡 B 等確認,等支撐或量價確認,
4588,玖鼎電力,56.0,55.0141249317744,56.10162489090264,53.01962015816284,技術結構,3.6254412409268326,5.322106860423505,False,57.6,59.0,2.857142857142869,5.35714285714286,0.5368443235120448,1.0065831065850803,59.95,63.64,67.33,🟢 A 高一致,🔵 技術低於基本面,技術目標,57.6,59.0,🟢 合理,55.0141249317744,54.10712011729108,1.7920398978412022,3.4983933327177974,False,NO,🔴 不追,第一目標風報不足,
4590,富田-創,89.1,89.53567899621521,91.23389385413408,87.60671781415168,技術結構,2.1544050413076903,1.675962049212475,False,91.0,92.3,2.1324354657688005,3.5914702581369307,1.0662177328844002,1.7957351290684653,101.39,110.11,118.84,🟢 A 高一致,🔵 技術低於基本面,技術目標,91.0,92.3,🔵 偏便宜,89.53567899621521,89.30493267207055,-0.48659819314447184,-0.22947519911702408,False,B,🟡 B 等確認,等支撐或量價確認,
4702,中美實,9.31,9.382455194264223,9.499776592181833,9.265133796346612,技術結構,1.2504338735273952,0.4819141101330636,False,9.53,9.63,2.3630504833512145,3.4371643394199847,1.1815252416756072,1.7185821697099923,24.73,29.66,34.59,🟢 A 高一致,🔵 技術低於基本面,技術目標,9.53,9.63,🔵 偏便宜,9.331806339311928,9.382455194264223,-0.23367758094233748,-0.7722413031987174,False,B,🟡 B 等確認,等支撐或量價確認,
4706,大恭,33.85,34.057156701702034,34.89554996756245,33.218763435841616,技術結構,2.461724192667319,1.8648052116939002,False,34.5,35.9,1.9202363367799125,6.056129985228953,0.9601181683899562,3.0280649926144765,25.02,28.97,32.92,🟢 A 高一致,🔴 基本面背離,技術目標,34.5,35.9,🔵 偏便宜,34.002768486707424,34.057156701702034,-0.44928249523901176,-0.608261880216443,False,C,🟠 C 觀察,條件未齊，不急進,
4707,磐亞,30.35,29.20389110352438,30.208355287059277,28.199426919989484,技術結構,3.4394874983411907,7.085908006624438,False,30.7,32.9,1.1532125205930832,8.401976935749577,0.1627473175653669,1.185730456547669,23.78,24.93,26.07,🟢 A 高一致,🔴 基本面背離,技術目標,30.7,32.9,🔴 過熱,29.191562345401113,29.20389110352438,3.9683989534098796,3.924507499404095,False,NO,🔴 不追,等待回到合理價格區,
4711,永純,16.35,16.436785621953135,16.634999785052152,16.238571458854118,技術結構,1.2059180405339123,0.6815201293326222,False,16.6,16.75,1.5290519877675823,2.4464831804281273,0.7645259938837912,1.2232415902140636,28.35,30.07,31.79,🟢 A 高一致,🔵 技術低於基本面,技術目標,16.6,16.75,🔵 偏便宜,16.35874895742131,16.436785621953135,-0.053481824582546356,-0.5279963123521081,False,NO,🔴 不追,第一目標風報不足,
4714,永捷,12.05,11.864599827466987,12.285135500880944,11.153479482918783,技術結構,5.993631094931112,7.440004291130436,False,12.4,12.95,2.9045643153526868,7.468879668049788,0.3903982043149288,1.0038810968098197,,,,,⚪ 基本面不足,技術目標,12.4,12.95,🟢 合理,11.864599827466987,11.574015156332742,1.5626331711905195,4.112529984089597,False,NO,🔴 不追,第一目標風報不足,
4716,大立,16.85,17.016942675086067,17.258014001478106,16.77587134869403,技術結構,1.4166547481233687,0.4399326487001346,False,17.15,17.7,1.780415430267035,5.044510385756662,0.8902077151335175,2.522255192878331,6.14,12.87,19.6,🟠 C 低一致,🟡 共振但估值分歧,共振目標,17.15,17.7,🔵 偏便宜,16.901247238128136,17.016942675086067,-0.30321571778751943,-0.9810380059073753,False,C,🟠 C 觀察,條件未齊，不急進,
4720,德淵,19.3,19.01500403072462,19.379289601959186,18.503193295453308,技術結構,2.6916151815919815,4.128532147910327,False,19.9,20.2,3.1088082901554293,4.663212435233155,0.7530057121461352,1.1295085682192054,4.88,15.69,26.5,🟠 C 低一致,🟡 共振但估值分歧,共振目標,19.9,20.2,🟢 合理,19.01500403072462,18.867478866687875,1.4987952083254097,2.292416153574073,False,NO,🔴 不追,第一目標風報不足,
4721,美琪瑪,82.5,76.92547536715554,78.47904671398345,73.49463803416518,技術結構,4.459949472675226,10.915590261617966,False,94.2,100.0,14.181818181818183,21.212121212121215,1.299225954979743,1.9432866847987607,42.7,126.21,209.72,🟠 C 低一致,🟡 共振但估值分歧,共振目標,94.2,100.0,🔴 過熱,76.92547536715554,75.04820938099309,7.246656073606261,9.929338328615977,False,NO,🔴 不追,等待回到合理價格區,
4722,國精化,190.5,192.38297396345078,199.45440253487936,185.3115453920222,技術結構,3.6757039491301478,2.7235982194109205,False,195.5,219.0,2.6246719160105014,14.960629921259837,0.963678084860176,5.4929650837029955,53.01,60.95,68.88,🟢 A 高一致,🔴 基本面背離,技術目標,195.5,219.0,🔵 偏便宜,189.0684164871086,192.38297396345078,0.7571775019277194,-0.9787633097971038,False,C,🟠 C 觀察,條件未齊，不急進,
4726,永昕,22.95,23.1186549328351,23.528476463585918,22.70883340208428,技術結構,1.7726876063570405,1.050834849305963,False,23.1,24.35,0.65359477124185,6.100217864923763,0.326797385620925,3.0501089324618813,,,,,⚪ 基本面不足,技術目標,23.1,24.35,🔵 偏便宜,22.7639261082016,23.1186549328351,0.8174068520252264,-0.7295187947788495,False,NO,🔴 不追,第一目標風報不足,
4728,雙美,399.0,397.6437946031907,401.71522317461927,392.635674700142,技術結構,1.2594487757683597,1.5950689974581513,False,405.0,416.0,1.5037593984962516,4.260651629072676,0.7518796992481258,2.130325814536338,63.68,210.61,357.53,🟠 C 低一致,🔴 基本面背離,技術目標,405.0,416.0,🟢 合理,397.6437946031907,396.70710327157053,0.34106036991288224,0.5779822719382599,False,NO,🔴 不追,第一目標風報不足,
4729,熒茂,20.65,19.12045719855499,19.417778811049324,18.65290081135176,技術結構,2.445320121521814,9.671182511613747,False,23.25,23.9,12.590799031476996,15.738498789346256,1.301888266130558,1.6273603326631987,16.42,19.04,21.67,🟢 A 高一致,🔴 基本面背離,技術目標,23.25,23.9,🔴 過熱,19.12045719855499,18.950222423846093,7.9995095596385735,8.969697231706286,False,NO,🔴 不追,等待回到合理價格區,
4735,豪展,36.1,36.17931791253876,36.61056811689754,35.748067708179974,技術結構,1.1919799190280567,0.9748816947923196,False,38.95,40.8,7.8947368421052655,13.019390581717438,3.9473684210526327,6.509695290858719,71.36,127.37,183.38,🟠 C 低一致,🔵 技術低於基本面,技術目標,38.95,40.8,🔵 偏便宜,36.03172327591298,36.17931791253876,0.18949058740318492,-0.21923551110195616,False,B,🟡 B 等確認,等支撐或量價確認,
4736,泰博,130.0,130.2512855117353,131.9387855117353,127.92925379864494,技術結構,1.7827322808888095,1.5928816933500491,False,131.0,133.0,0.7692307692307665,2.3076923076922995,0.38461538461538325,1.1538461538461497,246.02,431.17,616.32,🟠 C 低一致,🔵 技術低於基本面,技術目標,131.0,133.0,🔵 偏便宜,130.2512855117353,129.61675379864494,-0.1929236327672612,0.29567643851844405,False,NO,🔴 不追,第一目標風報不足,
4737,華廣,55.4,57.67206449926299,59.15599319330683,56.18813580521915,技術結構,2.573045905202169,,True,57.0,58.0,2.8880866425992746,4.693140794223827,,,,,,,⚪ 基本面不足,技術目標,57.0,58.0,🔵 偏便宜,57.32867857094569,57.67206449926299,-3.3642473872111056,-3.939627476474372,False,NO,🔴 結構失效,現價已跌破防守位，等待重新形成結構,
4739,康普,88.4,82.08458999163747,84.54887505197509,79.37688549368184,技術結構,3.29867579070747,10.207143106694756,False,90.5,92.4,2.37556561085972,4.52488687782806,0.23273560349140318,0.4433059114121987,127.43,150.14,172.85,🟢 A 高一致,🔵 技術低於基本面,技術目標,90.5,92.4,🔴 過熱,82.08458999163747,81.84117055401946,7.693782729506138,8.014095352719064,False,NO,🔴 不追,等待回到合理價格區,
4741,泓瀚,40.8,39.40618457774606,40.683863435276926,38.128505720215195,技術結構,3.2423307945738347,6.5477800975117715,False,44.15,47.0,8.210784313725483,15.196078431372563,1.2539798514072993,2.320798530962767,31.18,34.14,37.1,🟢 A 高一致,🔴 基本面背離,技術目標,44.15,47.0,🔴 過熱,38.955945242110325,39.40618457774606,4.733692755826913,3.537047387838377,False,NO,🔴 不追,等待回到合理價格區,
4743,合一,47.15,45.37959052872859,46.2313765291166,44.52780452834058,技術結構,1.8770244298453234,5.561390183795158,False,47.5,48.3,0.7423117709437932,2.4390243902439046,0.1334759379240733,0.4385637960362432,5.09,17.48,29.88,🟠 C 低一致,🔴 基本面背離,技術目標,47.5,48.3,🔴 過熱,45.34157623813747,45.37959052872859,3.988444848861339,3.901334169488835,False,NO,🔴 不追,等待回到合理價格區,
4744,皇將,29.2,28.55914482837122,29.287716195635014,27.57048599321689,技術結構,3.4617942557305694,5.580527420490095,False,30.0,31.0,2.7397260273972712,6.164383561643838,0.4909439235685472,1.1046238280292273,38.34,38.34,38.34,🟠 C 低一致,🔵 技術低於基本面,技術目標,30.0,31.0,🟢 合理,28.55914482837122,28.299057360480685,2.2439578477579047,3.1836489394076795,False,NO,🔴 不追,第一目標風報不足,
4745,合富-KY,12.2,11.942728696971082,12.063264309077406,11.768302516101707,技術結構,1.4605220071156186,3.5385039663794418,False,12.3,14.45,0.819672131147553,18.442622950819665,0.23164369432266949,5.211983122259985,,,,,⚪ 基本面不足,技術目標,12.3,14.45,🔴 過熱,11.942728696971082,11.88883812820803,2.1542087202748306,2.6172605635338853,False,NO,🔴 不追,等待回到合理價格區,
4746,台耀,48.95,47.91287759928577,48.77002037468512,47.055734823886425,技術結構,1.788961169412466,3.869796069690659,False,49.6,53.8,1.327885597548506,9.908069458631253,0.3431409752955415,2.560359584897526,1.09,48.27,95.45,🟠 C 低一致,🟡 共振但估值分歧,共振目標,49.6,53.8,🔴 過熱,47.894794521420565,47.91287759928577,2.2031736206896246,2.16460052637224,False,NO,🔴 不追,等待回到合理價格區,
4747,強生*,23.6,25.172452074734174,25.654594686646494,24.690309462821855,技術結構,1.9153581481887123,,True,25.5,28.25,8.05084745762712,19.703389830508478,,,30.96,39.09,47.21,🟡 B 中等,🔵 技術低於基本面,技術目標,25.5,28.25,🔵 偏便宜,23.92000739105136,25.172452074734174,-1.337823127810056,-6.246717920311218,False,NO,🔴 結構失效,現價已跌破防守位，等待重新形成結構,
4749,新應材,766.0,748.4757151807918,766.8507151807918,730.1007151807918,技術結構,2.454989470909097,4.6865907074684365,False,814.0,832.0,6.266318537859017,8.616187989556146,1.3370739902405313,1.83847673658073,437.88,487.57,537.26,🟢 A 高一致,🔴 基本面背離,技術目標,814.0,832.0,🟢 合理,744.3225073196113,748.4757151807918,2.9123790382816317,2.341329780482626,False,B,🟡 B 等確認,等支撐或量價確認,
4754,國碳科,37.9,37.76921894866093,38.12279021374533,37.41564768357652,技術結構,0.9361360253835491,1.2779744496661618,False,38.1,38.55,0.5277044854881341,1.715039577836408,0.26385224274406704,0.857519788918204,38.71,84.68,130.66,🟠 C 低一致,🔵 技術低於基本面,技術目標,38.1,38.55,🟢 合理,37.703968726744435,37.76921894866093,0.5199221192768277,0.3462635844200035,False,NO,🔴 不追,第一目標風報不足,
4755,三福化,118.0,115.79869673770435,117.83441102341864,113.49462019773894,技術結構,1.9897257956057763,3.8181184764924243,False,119.0,120.5,0.8474576271186418,2.1186440677966045,0.2219568702061787,0.5548921755154468,83.19,101.84,120.49,🟡 B 中等,✅ 技術×基本面共振,共振目標,119.0,120.49,🔴 過熱,115.79869673770435,115.53033448345323,1.9009741251940104,2.1376771110279247,False,NO,🔴 不追,等待回到合理價格區,
4760,勤凱,262.5,263.08484269064644,270.04912840493216,255.12564528946484,技術結構,3.0253348386704966,2.8092779849657745,False,265.0,276.0,0.952380952380949,5.142857142857138,0.33901271340100286,1.8306686523654203,185.35,301.85,418.35,🟠 C 低一致,🟡 共振但估值分歧,共振目標,265.0,276.0,🔵 偏便宜,263.08484269064644,262.08993100375056,-0.22230193296773892,0.15646117906131796,False,NO,🔴 不追,第一目標風報不足,
4763,材料*-KY,48.9,48.15168770926391,49.761509096963586,46.541866321564235,技術結構,3.343229415798777,4.822359260604832,False,49.6,51.0,1.4314928425357865,4.294478527607359,0.2968449186749817,0.8905347560249451,46.79,67.39,88.0,🟡 B 中等,✅ 技術×基本面共振,共振目標,49.6,51.0,🟢 合理,47.82486072114774,48.15168770926391,2.2480761316192144,1.5540728193253361,False,NO,🔴 不追,第一目標風報不足,
4764,雙鍵,189.0,206.2690653806118,213.87620823775467,198.66192252346895,技術結構,3.6879707788979457,,True,215.0,231.5,13.756613756613767,22.486772486772487,,,69.35,87.42,105.5,🟡 B 中等,🔴 基本面背離,技術目標,215.0,231.5,🔵 偏便宜,194.5654061690193,206.2690653806118,-2.8604294456048507,-8.372106282028568,False,NO,🔴 結構失效,現價已跌破防守位，等待重新形成結構,
4766,南寶,340.5,341.372059279925,344.5863449942107,337.90739687025024,技術結構,1.01492266736269,0.7614106107928815,False,345.0,348.0,1.3215859030837107,2.2026431718061623,0.6607929515418554,1.1013215859030812,288.14,484.35,680.55,🟠 C 低一致,🟡 共振但估值分歧,共振目標,345.0,348.0,🔵 偏便宜,341.372059279925,341.12168258453596,-0.2554571342963663,-0.18224657542309508,False,NO,🔴 不追,第一目標風報不足,
4767,誠泰科技,28.2,28.132817433497692,28.593531637468466,27.67210322952692,技術結構,1.6376397602545216,1.87197436337972,False,28.45,29.05,0.8865248226950451,3.014184397163122,0.44326241134752253,1.507092198581561,48.13,59.0,69.87,🟡 B 中等,🔵 技術低於基本面,技術目標,28.45,29.05,🟢 合理,28.075547558648267,28.132817433497692,0.4432769871780984,0.23880497096004927,False,NO,🔴 不追,第一目標風報不足,
4768,晶呈科技,380.0,335.1126395562588,348.66621098483023,307.98244697382296,技術結構,8.095842824180078,18.951987638467642,False,393.0,424.5,3.421052631578947,11.710526315789483,0.18051154827871949,0.6179049152617712,,,,,⚪ 基本面不足,技術目標,393.0,424.5,🔴 過熱,335.1126395562588,321.5360184023944,13.39470826978626,18.182716166012657,True,NO,🟠 高位延伸,不追，等待回踩 EMA9/EMA20 或重新整理,
4770,上品,282.0,265.0759665402455,276.11168082595975,237.7832758881359,技術結構,10.2961769821429,15.679689401370247,False,300.5,326.5,6.560283687943258,15.780141843971629,0.418393727070254,1.0064065326825036,172.69,179.43,186.17,🟢 A 高一致,🔴 基本面背離,技術目標,300.5,326.5,🔴 過熱,265.0759665402455,248.81899017385018,6.384597472432496,13.335400888399306,False,NO,🔴 不追,等待回到合理價格區,
4771,望隼,214.5,213.17760962601875,217.9454667688759,206.06811920189307,技術結構,3.335008041697243,3.9309467590242106,False,219.5,231.0,2.331002331002341,7.692307692307687,0.5929875101083719,1.9568587833576176,148.47,230.17,311.88,🟠 C 低一致,🟡 共振但估值分歧,共振目標,219.5,231.0,🟢 合理,213.17760962601875,210.8359763447502,0.6203232958194471,1.7378550467395337,False,NO,🔴 不追,第一目標風報不足,
4772,台特化,269.0,254.01927435065775,260.15320292208634,244.5298075302021,技術結構,3.7357270800467015,9.096725825203677,False,274.0,283.5,1.8587360594795488,5.390334572490696,0.20433022773201273,0.5925576604228374,55.4,112.25,169.09,🟠 C 低一致,🔴 基本面背離,技術目標,274.0,283.5,🔴 過熱,254.01927435065775,250.6637361016307,5.897475964230292,7.315084416891859,False,NO,🔴 不追,等待回到合理價格區,
4807,日成-KY,29.35,29.690166639006396,30.713381026900073,28.66695225111272,技術結構,3.4463073257035783,2.3272495703144225,False,30.15,32.15,2.72572402044291,9.540034071550242,1.1712211939842154,4.099274178944778,37.12,60.21,83.3,🟠 C 低一致,🔵 技術低於基本面,技術目標,30.15,32.15,🔵 偏便宜,29.601912194287454,29.690166639006396,-0.8509997348619458,-1.1457215553633548,False,B,🟡 B 等確認,等支撐或量價確認,
4903,聯光通,42.9,40.69550987118349,42.23301032077281,37.2864608318563,技術結構,8.376966034135219,13.085172886115842,False,44.1,47.7,2.7972027972028135,11.18881118881121,0.21376888341848463,0.8550755336739351,8.96,15.73,22.5,🟠 C 低一致,🔴 基本面背離,技術目標,44.1,47.7,🔴 過熱,40.69550987118349,38.82396128144563,5.417035284223104,10.498770820952652,False,NO,🔴 不追,等待回到合理價格區,
4904,遠傳,103.5,104.95625683409624,106.42947111981053,103.05574525407657,技術結構,1.8107653963153387,0.42923163857336283,False,104.5,106.5,0.9661835748792313,2.898550724637672,0.48309178743961567,1.449275362318836,62.65,91.53,120.4,🟡 B 中等,✅ 技術×基本面共振,共振目標,104.5,106.5,🔵 偏便宜,104.95625683409624,104.52895953979086,-1.3874893008028466,-0.9843774819160656,False,NO,🔴 不追,第一目標風報不足,
4905,台聯電,76.5,79.73504055470534,81.77075434995854,77.69932675945213,技術結構,2.553098087228689,,True,93.4,100.0,22.091503267973867,30.718954248366014,,,258.28,298.46,338.65,🟢 A 高一致,🔵 技術低於基本面,技術目標,93.4,100.0,🔵 偏便宜,77.96792763563252,79.73504055470534,-1.8827326570645675,-4.057238238294758,False,NO,🔴 結構失效,現價已跌破防守位，等待重新形成結構,
4906,正文,42.3,38.776825786055724,39.810754561843076,36.54702615390292,技術結構,5.750340794925633,13.600410983681035,False,44.5,46.95,5.200945626477549,10.992907801418461,0.3824109163111393,0.8082776185667268,49.6,49.6,49.6,🟠 C 低一致,🔵 技術低於基本面,技術目標,44.5,46.95,🔴 過熱,38.776825786055724,37.58095492969027,9.085772603932995,12.557012133242829,False,NO,🔴 不追,等待回到合理價格區,
4907,富宇,45.0,45.147359972615604,45.908074871406235,44.38664507382497,技術結構,1.6849598719660408,1.3630109470556167,False,45.75,47.0,1.6666666666666607,4.444444444444451,0.8333333333333304,2.2222222222222254,32.24,90.58,148.92,🟠 C 低一致,🟡 共振但估值分歧,共振目標,45.75,47.0,🔵 偏便宜,45.029121428161744,45.147359972615604,-0.06467243250172228,-0.3263977621393299,False,C,🟠 C 觀察,條件未齊，不急進,
4908,前鼎,207.0,217.195457968171,229.7311722538853,202.58975128333043,技術結構,6.724683297466092,2.1305549355891644,False,241.5,262.0,16.666666666666675,26.570048309178752,7.822688065096911,12.470951987835653,63.48,65.69,67.91,🟢 A 高一致,🔴 基本面背離,技術目標,241.5,262.0,🔵 偏便宜,217.195457968171,215.1254655690447,-4.694139584477453,-3.777082154151956,False,B,🟡 B 等確認,等支撐或量價確認,
4909,新復興,36.4,35.66291273648716,36.380769674985515,34.9450557979888,技術結構,2.0128948630825363,3.9970994560747206,False,39.9,42.45,9.615384615384626,16.620879120879128,2.405590534098754,4.158235066084986,49.73,49.73,49.73,🟠 C 低一致,🔵 技術低於基本面,技術目標,39.9,42.45,🔴 過熱,35.22188500949279,35.66291273648716,3.3448379897603298,2.0668173375494314,False,NO,🔴 不追,等待回到合理價格區,
4911,德英,28.4,28.86680223506555,29.190909377922694,28.542695092208405,技術結構,1.1227677392802442,,True,28.95,29.3,1.936619718309851,3.169014084507049,,,8.16,13.9,19.64,🟠 C 低一致,🔴 基本面背離,技術目標,28.95,29.3,🔵 偏便宜,28.723631565710473,28.86680223506555,-1.1267083863337746,-1.6170902175597024,False,NO,🔴 結構失效,現價已跌破防守位，等待重新形成結構,
4912,聯德控股-KY,100.0,96.93101714641642,99.85066049402036,92.83516906971792,技術結構,4.2255288320266295,7.164830930282079,False,101.5,105.5,1.4999999999999902,5.499999999999994,0.20935595195418452,0.7676384904986807,155.65,163.4,171.14,🟢 A 高一致,🔵 技術低於基本面,技術目標,101.5,105.5,🔴 過熱,96.93101714641642,95.75481241732186,3.1661515002445517,4.433393450949108,False,NO,🔴 不追,等待回到合理價格區,
4915,致伸,63.5,63.9544285170559,65.07407125158349,62.1791603810561,技術結構,2.775833006664048,2.0800623920376378,False,66.5,69.8,4.724409448818889,9.921259842519682,2.271282566765143,4.7696933902068075,120.2,145.58,170.96,🟢 A 高一致,🔵 技術低於基本面,技術目標,66.5,69.8,🔵 偏便宜,63.9544285170559,63.29880311558369,-0.7105505085307939,0.3178525888537287,False,B,🟡 B 等確認,等支撐或量價確認,
4916,事欣科,104.0,102.0178300901324,104.24104396712913,98.49159356071792,技術結構,3.4564904255452915,5.29654465315585,False,106.0,107.5,1.9230769230769162,3.3653846153846256,0.36308141420672924,0.6353924748617803,84.93,159.58,234.23,🟠 C 低一致,🟡 共振但估值分歧,共振目標,106.0,107.5,🟢 合理,102.0178300901324,100.71480743771464,1.9429641937260822,3.2618764269762623,False,NO,🔴 不追,第一目標風報不足,
4919,新唐,138.5,130.53880773670298,135.89595059384584,120.55034954391085,技術結構,7.651715505889147,12.960036430389273,False,144.0,148.0,3.971119133573997,6.859205776173294,0.30641265207112683,0.5292582172137665,,,,,⚪ 基本面不足,技術目標,144.0,148.0,🔴 過熱,130.53880773670298,125.90749240105372,6.098716850053321,10.001396548217567,False,NO,🔴 不追,等待回到合理價格區,
4923,力士,61.4,60.676490515400026,63.81041933205913,54.704376980972675,技術結構,9.842549369119487,10.904923483757855,False,67.4,70.5,9.771986970684043,14.820846905537465,0.8961077980270797,1.3590968270077375,,,,,⚪ 基本面不足,技術目標,67.4,70.5,🟢 合理,60.676490515400026,57.83830579763178,1.1924049635275713,6.158019591428032,False,C,🟠 C 觀察,條件未齊，不急進,
4924,欣厚-KY,16.5,15.701892834406289,16.749214201670082,13.250289323155686,技術結構,15.613426591974966,19.695216223298875,False,18.75,21.2,13.636363636363647,28.48484848484849,0.6923693287627998,1.44628259786007,7.6,13.71,19.82,🟠 C 低一致,🟡 共振但估值分歧,共振目標,18.75,19.82,🟢 合理,15.701892834406289,14.29761069041948,5.082872326353449,15.403897597073989,False,NO,🔴 不追,現價風險過高,
4927,泰鼎-KY,44.5,43.394251054933534,44.74157264699199,40.73834610522349,技術結構,6.120407393015922,8.45315481972249,False,45.1,46.0,1.3483146067415852,3.370786516853941,0.15950430762202095,0.39876076905504976,,,,,⚪ 基本面不足,技術目標,45.1,46.0,🟢 合理,43.394251054933534,42.08566769728195,2.548146167257692,5.736709038535648,False,NO,🔴 不追,第一目標風報不足,
4930,燦星網,15.9,16.023937103723778,16.192686991326447,15.855187216121108,技術結構,1.053111270409661,0.28184140804335067,False,16.05,16.2,0.9433962264151052,1.8867924528301883,0.4716981132075526,0.9433962264150941,,,,,⚪ 基本面不足,技術目標,16.05,16.2,🔵 偏便宜,15.9634532448477,16.023937103723778,-0.3974907175437137,-0.7734497640718763,False,NO,🔴 不追,第一目標風報不足,
4931,新盛力,252.0,242.8105625317837,251.4623482460694,234.07653520649927,技術結構,3.597054112561985,7.112486029166955,False,264.0,271.5,4.761904761904767,7.738095238095233,0.66951340816377,1.0879592882661244,64.22,123.25,182.29,🟠 C 低一致,🔴 基本面背離,技術目標,264.0,271.5,🔴 過熱,242.8105625317837,242.728320920785,3.7846119099590014,3.819776383754103,False,NO,🔴 不追,等待回到合理價格區,
4933,友輝,54.4,53.123309931837916,53.90009593222592,52.34652393144991,技術結構,1.462231930549311,3.7747721848347244,False,55.1,55.8,1.2867647058823595,2.5735294117646967,0.3408853946344048,0.6817707892688037,72.48,110.51,148.55,🟡 B 中等,🔵 技術低於基本面,技術目標,55.1,55.8,🔴 過熱,53.098398902763506,53.123309931837916,2.4513000846222432,2.40325775972956,False,NO,🔴 不追,等待回到合理價格區,
4934,太極,14.95,14.254222636448498,14.623865422065782,13.748299940228065,技術結構,3.549282967748603,8.03812749011327,False,15.2,16.35,1.6722408026755842,9.364548494983293,0.20803860161864882,1.165016169064436,,,,,⚪ 基本面不足,技術目標,15.2,16.35,🔴 過熱,14.254222636448498,14.11794272584535,4.881201741386976,5.893615594795021,False,NO,🔴 不追,等待回到合理價格區,
4935,茂林-KY,34.2,33.104430402836265,33.96960948516179,32.23925132051074,技術結構,2.613484273245191,5.73318327336042,False,34.55,35.5,1.0233918128654818,3.801169590643272,0.1785032440216473,0.6630120492232708,14.05,50.23,86.4,🟠 C 低一致,🟡 共振但估值分歧,共振目標,34.55,35.5,🔴 過熱,33.080406334655606,33.104430402836265,3.384461647834991,3.309434972395331,False,NO,🔴 不追,等待回到合理價格區,
4938,和碩,89.8,90.51824602598518,91.86824643470274,89.10275788942269,技術結構,1.5637600138165972,0.7764388759212768,False,90.4,95.6,0.6681514476614803,6.458797327394206,0.33407572383074013,3.229398663697103,74.62,124.11,173.61,🟠 C 低一致,🟡 共振但估值分歧,共振目標,90.4,95.6,🔵 偏便宜,90.51824602598518,90.45275829814025,-0.79348204093459,-0.7216565977885447,False,NO,🔴 不追,第一目標風報不足,
4939,亞電,82.8,78.62348013332732,82.46455270630793,74.78240756034671,技術結構,4.885401366699913,9.683082656586093,False,83.8,94.5,1.2077294685990392,14.130434782608692,0.12472572128438705,1.4592909390273217,28.14,33.98,39.82,🟢 A 高一致,🔴 基本面背離,技術目標,83.8,94.5,🔴 過熱,78.4012615274391,78.62348013332732,5.610545528047917,5.312051641049553,False,NO,🔴 不追,等待回到合理價格區,
4942,嘉彰,31.9,32.083054989777004,32.484840785806234,31.681269193747777,技術結構,1.2523302290173193,0.6856765086276531,False,32.4,32.95,1.5673981191222541,3.2915360501567514,0.7836990595611271,1.6457680250783757,27.33,61.03,94.72,🟠 C 低一致,🟡 共振但估值分歧,共振目標,32.4,32.95,🔵 偏便宜,31.714218328065915,32.083054989777004,0.5857993093579594,-0.5705659571238919,False,NO,🔴 不追,第一目標風報不足,
4943,康控-KY,6.85,7.316427635430613,7.59017760068962,7.042677670171606,技術結構,3.741579619175659,,True,7.61,8.47,11.094890510948918,23.649635036496374,,,,,,,⚪ 基本面不足,技術目標,7.61,8.47,🔵 偏便宜,7.066111327883816,7.316427635430613,-3.0584195161348915,-6.375073446662494,False,NO,🔴 結構失效,現價已跌破防守位，等待重新形成結構,
4946,辣椒,100.75,96.89920955421991,98.83313804390497,92.28210513607732,技術結構,4.764852509513083,8.404858425729707,False,109.0,112.0,8.188585607940446,11.166253101736977,0.9742681188861925,1.3285474348448085,34.37,51.01,67.66,🟡 B 中等,🔴 基本面背離,技術目標,109.0,112.0,🔴 過熱,96.89920955421991,94.21603362576238,3.9740163655570315,6.935089626242741,False,NO,🔴 不追,等待回到合理價格區,
4949,有成精密,76.3,75.23245269311484,77.32173914309217,72.81250377448764,技術結構,3.2166290370706854,4.57076831652996,False,76.7,78.9,0.5242463958060384,3.407601572739205,0.11469546463559024,0.7455205201313269,63.27,110.95,158.62,🟠 C 低一致,🟡 共振但估值分歧,共振目標,76.7,78.9,🟢 合理,75.23245269311484,74.90179022446497,1.4189984091570906,1.8667241081219643,False,NO,🔴 不追,第一目標風報不足,
4950,金耘國際,15.65,15.777397159930528,16.039897221238164,15.514897098622892,技術結構,1.663772919238546,0.8632773250933411,False,15.75,16.0,0.6389776357827559,2.2364217252396124,0.31948881789137795,1.1182108626198062,14.1,18.28,22.46,🟡 B 中等,✅ 技術×基本面共振,共振目標,15.75,16.0,🔵 偏便宜,15.689098338240255,15.777397159930528,-0.24920704426306672,-0.8074662673389188,False,NO,🔴 不追,第一目標風報不足,
4951,精拓科,91.5,89.52586799098765,93.4526532965558,82.34386288436755,技術結構,8.022268052562294,10.006707230199394,False,98.5,105.0,7.650273224043724,14.754098360655732,0.7645145449000295,1.4744209080214832,132.82,161.59,190.36,🟡 B 中等,🔵 技術低於基本面,技術目標,98.5,105.0,🟢 合理,89.52586799098765,86.2706481899357,2.205096753947222,6.061565456829787,False,NO,🔴 不追,第一目標風報不足,
4952,凌通,49.4,48.946076170283646,49.73625478258398,48.155897557983316,技術結構,1.6143860225920768,2.5184259959851873,False,50.0,50.8,1.2145748987854255,2.8340080971659853,0.48227539769747885,1.1253092612941142,75.22,89.53,103.84,🟢 A 高一致,🔵 技術低於基本面,技術目標,50.0,50.8,🟢 合理,48.78651605043341,48.946076170283646,1.2574866976202914,0.9273957490221418,False,NO,🔴 不追,第一目標風報不足,
4953,緯致,117.0,119.43929537279578,121.50179537279578,117.37679537279578,技術結構,1.7268186266190644,,True,123.5,125.0,5.555555555555558,6.8376068376068355,,,164.41,171.9,179.39,🟢 A 高一致,🔵 技術低於基本面,技術目標,123.5,125.0,🔵 偏便宜,118.18672026452532,119.43929537279578,-1.0041062666509393,-2.0422888172457965,False,NO,🔴 結構失效,現價已跌破防守位，等待重新形成結構,
4956,光鋐,46.5,42.904369927096894,45.296334498913474,37.23554057851411,技術結構,13.21270853811688,19.92356864835675,False,50.5,56.1,8.602150537634401,20.64516129032259,0.43175751741362295,1.0362180417926965,10.13,17.54,24.95,🟠 C 低一致,🔴 基本面背離,技術目標,50.5,56.1,🔴 過熱,42.904369927096894,39.62750515033069,8.38056841066026,17.342739149481766,False,NO,🔴 不追,等待回到合理價格區,
4958,臻鼎-KY,507.0,488.2599094010246,504.1438379724531,469.8124722962725,技術結構,3.77820024736058,7.334818087520214,False,522.0,550.0,2.9585798816567976,8.481262327416172,0.40336104404424933,1.1563016595935174,214.76,282.19,349.62,🟡 B 中等,🔴 基本面背離,技術目標,522.0,550.0,🔴 過熱,488.2599094010246,485.6964008677011,3.8381383026030003,4.386196622877958,False,NO,🔴 不追,等待回到合理價格區,
4960,誠美材,24.4,22.820822214608576,23.704750949524172,21.19544637251197,技術結構,7.122336902726204,13.133416506098477,False,24.85,27.5,1.8442622950819887,12.704918032786882,0.14042517377147135,0.9673734193145689,,,,,⚪ 基本面不足,技術目標,24.85,27.5,🔴 過熱,22.820822214608576,22.079375107427566,6.919898724685414,10.510373963399754,False,NO,🔴 不追,等待回到合理價格區,
4961,天鈺,181.0,180.30983255904755,184.7026897019047,172.29769179036572,技術結構,4.443540684925227,4.807905088195736,False,183.0,186.0,1.104972375690605,2.7624309392265234,0.22982408251017872,0.5745602062754491,293.58,396.58,499.58,🟡 B 中等,🔵 技術低於基本面,技術目標,183.0,186.0,🟢 合理,180.30983255904755,176.69054893322286,0.38276750144861094,2.438982216533736,False,NO,🔴 不追,第一目標風報不足,
4966,譜瑞-KY,571.0,565.3231293932522,576.6267008218236,552.2156444074288,技術結構,2.318582825346508,3.2897295258443364,False,586.0,599.0,2.626970227670755,4.903677758318747,0.7985368423249086,1.490602105673164,705.57,891.9,1078.22,🟡 B 中等,🔵 技術低於基本面,技術目標,586.0,599.0,🟢 合理,565.3231293932522,563.5192158360003,1.0041815576943947,1.3275118139319808,False,NO,🔴 不追,第一目標風報不足,
4967,十銓,275.0,273.64166697149795,278.7577384000694,268.08259165908345,技術結構,2.031516389276174,2.515421214878746,False,278.0,284.0,1.090909090909098,3.2727272727272716,0.4336884353428992,1.3010653060286888,565.42,2203.61,3841.8,🟠 C 低一致,🔵 技術低於基本面,技術目標,278.0,284.0,🟢 合理,273.64166697149795,273.1986630876549,0.4963911539990429,0.6593505590351878,False,NO,🔴 不追,第一目標風報不足,
4968,立積,96.6,92.7760171632096,94.24923161241091,90.61151706548239,技術結構,2.333038390642994,6.199257696187998,False,98.2,101.5,1.6563146997929712,5.072463768115942,0.26717952067252504,0.8182372820596028,54.85,75.48,96.11,🟡 B 中等,🔴 基本面背離,技術目標,98.2,101.5,🔴 過熱,92.7760171632096,92.0847315146837,4.121736364327133,4.903384536226074,False,NO,🔴 不追,等待回到合理價格區,
4971,IET-KY,539.0,560.9426171247067,586.603331410421,535.2819028389923,技術結構,4.574570286216913,0.6898139445283259,False,580.0,606.0,7.606679035250474,12.430426716141007,3.803339517625237,6.215213358070503,125.06,255.94,386.82,🟠 C 低一致,🔴 基本面背離,技術目標,580.0,606.0,🔵 偏便宜,555.4263852040071,560.9426171247067,-2.957436960430637,-3.911740070166292,False,B,🟡 B 等確認,等支撐或量價確認,
4972,湯石照明,16.3,16.388896991539887,16.520146909796374,16.2576470732834,技術結構,0.8008465629153619,0.2598339062368075,False,16.5,16.65,1.2269938650306678,2.1472392638036686,0.6134969325153339,1.0736196319018343,,,,,⚪ 基本面不足,技術目標,16.5,16.65,🔵 偏便宜,16.325648320403037,16.388896991539887,-0.15710445245217253,-0.5424220530873769,False,NO,🔴 不追,第一目標風報不足,
4973,廣穎,138.0,140.99053411831378,143.8833912611709,138.09767697545664,技術結構,2.0518094785211365,,True,142.0,153.5,2.898550724637672,11.231884057971019,,,274.31,653.95,1033.6,🟠 C 低一致,🔵 技術低於基本面,技術目標,142.0,153.5,🔵 偏便宜,137.43804541386734,140.99053411831378,0.4088784764367359,-2.1210885801767665,False,NO,🔴 結構失效,現價已跌破防守位，等待重新形成結構,
4974,亞泰,71.0,70.8971610526648,71.84537664627528,69.8145592362053,技術結構,1.5270030568012563,1.669634878584087,False,72.0,73.9,1.4084507042253502,4.084507042253538,0.7042253521126751,2.042253521126769,135.49,144.59,153.68,🟢 A 高一致,🔵 技術低於基本面,技術目標,72.0,73.9,🟢 合理,70.8971610526648,70.76277482981578,0.1450536887630971,0.33524006196017364,False,NO,🔴 不追,第一目標風報不足,
4976,佳凌,35.8,36.360737395900316,37.209844089168136,35.511630702632495,技術結構,2.335229574754328,0.8055008306354818,False,37.45,39.1,4.608938547486052,9.217877094972081,2.304469273743026,4.608938547486041,,,,,⚪ 基本面不足,技術目標,37.45,39.1,🔵 偏便宜,35.854436157283864,36.360737395900316,-0.151825445099929,-1.5421507814732616,False,B,🟡 B 等確認,等支撐或量價確認,
4977,眾達-KY,169.0,169.85047141727946,175.71654284585088,162.76888921759382,技術結構,4.169303823884005,3.687047800240341,False,176.5,180.5,4.4378698224851965,6.804733727810652,1.2036377239795788,1.845577843435359,73.66,96.43,119.2,🟡 B 中等,🔴 基本面背離,技術目標,176.5,180.5,🔵 偏便宜,169.85047141727946,168.63496064616524,-0.5007177255281658,0.21646718594769965,False,B,🟡 B 等確認,等支撐或量價確認,
4979,華星光,569.0,576.1848217293772,603.5598217293772,546.0020173713123,技術結構,5.238389353519137,4.041824715059357,False,605.0,635.0,6.326889279437609,11.59929701230229,1.565354691375995,2.8698169341893265,99.13,128.16,157.18,🟡 B 中等,🔴 基本面背離,技術目標,605.0,635.0,🔵 偏便宜,576.1848217293772,573.3770173713123,-1.2469647686678798,-0.7633750985309828,False,B,🟡 B 等確認,等支撐或量價確認,
4989,榮科,61.0,61.18913473612314,62.71056347103873,59.66770600120754,技術結構,2.4864360992792673,2.1840885226105877,False,62.1,63.9,1.80327868852459,4.754098360655745,0.8256435899260964,2.1766967370778945,,,,,⚪ 基本面不足,技術目標,62.1,63.9,🔵 偏便宜,60.35102780454668,61.18913473612314,1.0753291518995844,-0.30909856290463056,False,C,🟠 C 觀察,條件未齊，不急進,
4991,環宇-KY,488.0,471.4807013636342,495.212844220777,447.74855850649135,技術結構,5.033534307661764,8.248246207686199,False,508.0,560.0,4.098360655737698,14.754098360655732,0.4968766150455846,1.7887558141641067,154.29,160.98,167.68,🟢 A 高一致,🔴 基本面背離,技術目標,508.0,560.0,🟢 合理,470.07305017599504,471.4807013636342,3.813651903101678,3.5037062150344855,False,NO,🔴 不追,第一目標風報不足,
4994,傳奇,81.8,82.68741263888386,84.6374135380625,80.73741173970521,技術結構,2.358280223006587,1.2990076531721129,False,83.9,86.8,2.5672371638141955,6.112469437652801,1.2836185819070978,3.0562347188264005,19.57,25.13,30.69,🟡 B 中等,🔴 基本面背離,技術目標,83.9,86.8,🔵 偏便宜,82.25514605846803,82.68741263888386,-0.5533344480897373,-1.073213697905151,False,B,🟡 B 等確認,等支撐或量價確認,
4995,晶達,50.5,50.34690685182948,51.27101387207135,49.327689846469355,技術結構,2.024388525713552,2.3214062446151393,False,50.9,51.7,0.7920792079207928,2.3762376237623783,0.34120663272882246,1.0236198981864673,45.45,84.0,122.56,🟠 C 低一致,🟡 共振但估值分歧,共振目標,50.9,51.7,🟢 合理,50.34690685182948,50.251796866711224,0.30407657141890976,0.4939189218389872,False,NO,🔴 不追,第一目標風報不足,
4999,鑫禾,17.85,18.089826097477026,18.23714783258663,17.942504362367423,技術結構,0.8143900019588914,,True,18.0,18.25,0.8403361344537785,2.2408963585434094,,,,,,,⚪ 基本面不足,技術目標,18.0,18.25,🔵 偏便宜,17.897043265448747,18.089826097477026,-0.26285495738598286,-1.3257512603201516,False,NO,🔴 結構失效,現價已跌破防守位，等待重新形成結構,
5007,三星,56.4,55.8817662574057,56.21390862408748,55.54962389072392,技術結構,0.5943662645733971,1.5077590590001364,False,56.8,57.6,0.7092198581560183,2.1276595744680993,0.35460992907800915,1.0638297872340496,37.46,47.04,56.63,🟡 B 中等,🔴 基本面背離,技術目標,56.8,57.6,🔴 過熱,55.797860940941874,55.8817662574057,1.0791436246909925,0.9273753807407914,False,NO,🔴 不追,等待回到合理價格區,
5009,榮剛,33.1,32.57612713170636,32.91630537616088,32.23594888725184,技術結構,1.0442562526821209,2.6104263225020077,False,33.6,33.9,1.5105740181268867,2.4169184290030232,0.5786694706169877,0.925871152987182,31.72,36.47,41.22,🟢 A 高一致,✅ 技術×基本面共振,共振目標,33.6,33.9,🔴 過熱,32.44024898406074,32.57612713170636,2.0337421462561123,1.6081496310952126,False,NO,🔴 不追,等待回到合理價格區,
5011,久陽,18.8,18.371348285968153,18.695455408389417,17.97771830035589,技術結構,2.1426298140181417,4.373838827894212,False,19.15,19.8,1.8617021276595702,5.319148936170204,0.4256448856291964,1.2161282446548476,,,,,⚪ 基本面不足,技術目標,19.15,19.8,🔴 過熱,18.371348285968153,18.301825422777153,2.3332621392804676,2.7219939307412178,False,NO,🔴 不追,等待回到合理價格區,
5013,強新,38.75,33.2646976096845,34.518269017820046,29.972694728359834,技術結構,9.896386012438146,22.651110378426235,False,40.85,43.8,5.419354838709678,13.03225806451611,0.23925338529413878,0.5753474265406662,38.64,40.51,42.38,🟢 A 高一致,✅ 技術×基本面共振,共振目標,40.85,42.38,🔴 過熱,33.2646976096845,31.226266136495383,16.48986097717764,24.094247549857805,True,NO,🟠 高位延伸,不追，等待回踩 EMA9/EMA20 或重新整理,
5014,建錩,10.25,10.022120942507483,10.147478083321037,9.896763801693929,技術結構,1.2508045106686785,3.446206812742156,False,10.55,11.0,2.9268292682926855,7.317073170731714,0.8492900824961807,2.1232252062404515,,,,,⚪ 基本面不足,技術目標,10.55,11.0,🔴 過熱,10.019263898747639,10.022120942507483,2.3029246817343862,2.2737608017280975,False,NO,🔴 不追,等待回到合理價格區,
5015,華祺,21.9,21.727365207805086,21.971115207805084,21.483615207805087,技術結構,1.1218571495840493,1.9013004209813302,False,22.1,22.4,0.9132420091324311,2.2831050228310446,0.45662100456621557,1.1415525114155223,15.95,19.36,22.76,🟡 B 中等,✅ 技術×基本面共振,共振目標,22.1,22.4,🟢 合理,21.649883568575994,21.727365207805086,1.1552784135386185,0.7945500549366935,False,NO,🔴 不追,第一目標風報不足,
5016,松和,25.55,24.83020087082779,25.028415176977955,24.498899016804206,技術結構,1.334269729621164,4.113898172977671,False,25.9,26.35,1.3698630136986134,3.131115459882583,0.3329841809640845,0.7611066993464881,29.96,31.91,33.86,🟢 A 高一致,🔵 技術低於基本面,技術目標,25.9,26.35,🔴 過熱,24.83020087082779,24.69711332295437,2.898885647026228,3.4533860937218552,False,NO,🔴 不追,等待回到合理價格區,
5201,凱衛,29.95,29.3355451524074,30.17393798911438,27.8920955584461,技術結構,4.920479869939768,6.871133360780962,False,31.2,33.2,4.173622704507518,10.851419031719534,0.6074140153252899,1.579276439845752,,,,,⚪ 基本面不足,技術目標,31.2,33.2,🟢 合理,29.3355451524074,28.73048839515308,2.094574497935242,4.244660195378547,False,NO,🔴 不追,第一目標風報不足,
5202,力新,14.15,14.14152363680017,14.768309330650006,12.915131961513808,技術結構,8.67227398393586,8.726982604142703,False,15.4,15.9,8.833922261484094,12.367491166077738,1.012253909763797,1.4171554736693164,,,,,⚪ 基本面不足,技術目標,15.4,15.9,🟢 合理,14.14152363680017,13.541917655363644,0.05993953280800657,4.490371010308936,False,B,🟡 B 等確認,等支撐或量價確認,
5203,訊連,58.4,58.35094697446283,59.197375831993696,57.50451811693196,技術結構,1.4505828978256428,1.5333593888151313,False,58.8,59.5,0.6849315068493178,1.8835616438356295,0.3424657534246589,0.9417808219178148,42.16,80.82,119.48,🟠 C 低一致,🟡 共振但估值分歧,共振目標,58.8,59.5,🟢 合理,58.185176636002616,58.35094697446283,0.36920634501340643,0.08406551749475799,False,NO,🔴 不追,第一目標風報不足,
5206,坤悅,22.7,22.643366955854045,23.03443875227128,22.21309368668237,技術結構,1.9002177106017144,2.1449617326767796,False,22.85,23.45,0.6607929515418665,3.3039647577092435,0.30806747806975454,1.5403373903487312,30.57,53.03,75.49,🟠 C 低一致,🔵 技術低於基本面,技術目標,22.85,23.45,🟢 合理,22.643366955854045,22.604165483099607,0.25010875925106646,0.4239683918968229,False,NO,🔴 不追,第一目標風報不足,
5209,新鼎,167.5,168.27202600100392,172.1827402867182,162.63488563175954,技術結構,3.350016341522355,2.9045458914868387,False,173.5,177.0,3.5820895522387985,5.671641791044779,1.233270082851101,1.952677631180915,75.45,213.77,352.1,🟠 C 低一致,🟡 共振但估值分歧,共振目標,173.5,177.0,🔵 偏便宜,168.27202600100392,166.54559991747382,-0.4587964020824953,0.5730563179087822,False,B,🟡 B 等確認,等支撐或量價確認,
5210,寶碩,30.6,29.788619051148352,30.42611917376362,28.736016885456156,技術結構,3.533571542490213,6.0914480867445935,False,31.0,31.95,1.3071895424836555,4.411764705882337,0.2145942186272898,0.7242554878671031,12.55,18.2,23.84,🟡 B 中等,🔴 基本面背離,技術目標,31.0,31.95,🔴 過熱,29.788619051148352,29.373517008071424,2.7237951093284085,4.175472047121764,False,NO,🔴 不追,等待回到合理價格區,
5211,蒙恬,20.5,20.304689332868268,20.701117822553325,19.737510898389413,技術結構,2.7933371704472885,3.719459032246766,False,20.8,21.45,1.4634146341463428,4.634146341463419,0.3934482464946943,1.2459194472331987,,,,,⚪ 基本面不足,技術目標,20.8,21.45,🟢 合理,20.304689332868268,20.13393938807447,0.9618993126655262,1.8181271179466885,False,NO,🔴 不追,第一目標風報不足,
5212,凌網,48.9,48.05746078818515,48.54496091080042,47.03341039951025,技術結構,2.130887424927499,3.8171566472182947,False,49.75,50.9,1.7382413087934534,4.089979550102241,0.45537594325875386,1.0714728076676556,54.06,56.88,59.7,🟢 A 高一致,🔵 技術低於基本面,技術目標,49.75,50.9,🔴 過熱,48.05746078818515,47.52091052212552,1.7531912797647875,2.902068716112627,False,NO,🔴 不追,等待回到合理價格區,
5213,亞昕,20.9,20.819678553592,21.07414312540858,20.56521398177542,技術結構,1.2222310309045468,1.6018469771511021,False,21.1,21.45,0.9569377990430672,2.6315789473684292,0.4784688995215336,1.3157894736842146,4.59,10.58,16.58,🟠 C 低一致,🔴 基本面背離,技術目標,21.1,21.45,🟢 合理,20.76342810382531,20.819678553592,0.6577521567815214,0.38579580468183217,False,NO,🔴 不追,第一目標風報不足,
5215,科嘉-KY,37.9,38.18504191460461,38.66182717930101,37.708256649908215,技術結構,1.2486178901221532,0.5059191295297726,False,38.45,39.1,1.451187335092352,3.16622691292876,0.725593667546176,1.58311345646438,54.47,86.15,117.84,🟠 C 低一致,🔵 技術低於基本面,技術目標,38.45,39.1,🔵 偏便宜,37.84154174577495,38.18504191460461,0.15448169267990863,-0.7464753220438158,False,NO,🔴 不追,第一目標風報不足,
5220,萬達光電,24.2,21.044555030966457,21.457055133145847,20.02123916458445,技術結構,4.862615839946374,17.26760675791549,False,24.9,25.9,2.892561983471076,7.02479338842974,0.16751377443461424,0.4068191664840622,33.39,36.15,38.92,🟢 A 高一致,🔵 技術低於基本面,技術目標,24.9,25.9,🔴 過熱,21.044555030966457,20.43373926676384,14.994115885987602,18.431578694762486,True,NO,🟠 高位延伸,不追，等待回踩 EMA9/EMA20 或重新整理,
5222,全訊,106.5,105.2296127211082,106.80996986396534,103.64925557825106,技術結構,1.5018178837601406,2.6767553255858614,False,108.5,111.5,1.8779342723004744,4.694835680751175,0.701571135153883,1.7539278378847032,34.63,70.06,105.48,🟠 C 低一致,🔴 基本面背離,技術目標,108.5,111.5,🟢 合理,105.19786908907389,105.2296127211082,1.2377920980733537,1.2072526411921025,False,NO,🔴 不追,第一目標風報不足,
5223,安力-KY,23.1,23.068019976658316,23.362663038159955,22.77337691515668,技術結構,1.2772793755154397,1.413952748239494,False,23.4,23.65,1.298701298701288,2.3809523809523725,0.649350649350644,1.1904761904761862,,,,,⚪ 基本面不足,技術目標,23.4,23.65,🟢 合理,22.93830755184098,23.068019976658316,0.7049013873128951,0.13863358612504761,False,NO,🔴 不追,第一目標風報不足,
5225,東科-KY,55.4,56.50198110559318,57.15019580002503,55.85376641116133,技術結構,1.1472424183152805,,True,56.5,61.7,1.9855595667870096,11.371841155234662,,,75.76,86.19,96.62,🟢 A 高一致,🔵 技術低於基本面,技術目標,56.5,61.7,🔵 偏便宜,55.49505628704292,56.50198110559318,-0.17128784688721366,-1.9503406500627984,False,NO,🔴 結構失效,現價已跌破防守位，等待重新形成結構,
5227,立凱-KY,31.5,30.934752085439865,32.07850206500399,29.79100210587574,技術結構,3.6972980304001055,5.425390140077013,False,31.7,32.8,0.6349206349206327,4.126984126984112,0.11702764566745424,0.7606796968384526,,,,,⚪ 基本面不足,技術目標,31.7,32.8,🟢 合理,30.80317281340965,30.934752085439865,2.262192894255999,1.8272262631973124,False,NO,🔴 不追,第一目標風報不足,
5228,鈺鎧,39.75,40.26418089162693,41.287395259084725,39.24096652416913,技術結構,2.541252162093723,1.2805873605808014,False,41.75,43.85,5.031446540880502,10.31446540880503,2.515723270440251,5.157232704402515,47.98,82.36,116.74,🟠 C 低一致,🔵 技術低於基本面,技術目標,41.75,43.85,🔵 偏便宜,39.78564466563651,40.26418089162693,-0.08959177596862267,-1.2770181343335185,False,B,🟡 B 等確認,等支撐或量價確認,
5230,雷笛克光學,23.35,21.559645653493106,22.47839549000608,19.32921754169307,技術結構,10.345383906802114,17.219625089108916,False,25.05,27.2,7.280513918629539,16.488222698072796,0.4228032771302509,0.957525068794981,,,,,⚪ 基本面不足,技術目標,25.05,27.2,🔴 過熱,21.559645653493106,20.24796737820604,8.304191892953593,15.320217401835801,False,NO,🔴 不追,等待回到合理價格區,
5234,達興材料,308.5,300.7087021394995,308.4765592823567,291.3459428302074,技術結構,3.113564470425177,5.560472340289343,False,339.5,347.0,10.048622366288495,12.479740680713135,1.8071526574243524,2.244367010027019,78.43,171.11,263.78,🟠 C 低一致,🔴 基本面背離,技術目標,339.5,347.0,🔴 過熱,300.7087021394995,299.11379997306454,2.5909785134472507,3.1380030034658057,False,NO,🔴 不追,等待回到合理價格區,
5236,凌陽創新,137.5,135.38534581881353,137.01927439024212,133.75141724738495,技術結構,1.20687254705932,2.7262420019018547,False,138.5,140.0,0.727272727272732,1.8181818181818077,0.26676748680615253,0.6669187170153732,177.22,299.25,421.28,🟠 C 低一致,🔵 技術低於基本面,技術目標,138.5,140.0,🔴 過熱,135.27335499681712,135.38534581881353,1.6460336946882537,1.5619520476141568,False,NO,🔴 不追,等待回到合理價格區,
5243,乙盛-KY,91.5,89.42638907597944,91.25853160614825,87.59424654581063,技術結構,2.0487716759000123,4.268583010043023,False,92.4,95.2,0.9836065573770592,4.0437158469945444,0.230429291186994,0.9473204193243012,124.64,151.44,178.23,🟡 B 中等,🔵 技術低於基本面,技術目標,92.4,95.2,🔴 過熱,89.37199896560679,89.42638907597944,2.381060129596224,2.318790846244223,False,NO,🔴 不追,等待回到合理價格區,
5244,弘凱,35.6,35.512358166371996,36.21146530922914,34.39512036526995,技術結構,3.146053539637922,3.384493355983281,False,35.9,36.7,0.8426966292134797,3.08988764044944,0.24898752651522194,0.9129542638891515,,,,,⚪ 基本面不足,技術目標,35.9,36.7,🟢 合理,35.512358166371996,35.0942275081271,0.24679249183456875,1.441184285238295,False,NO,🔴 不追,第一目標風報不足,
5245,智晶,20.85,21.50641404953667,22.060878580481493,20.951949518591846,技術結構,2.5781356653308216,,True,21.35,22.95,2.3980815347721895,10.071942446043147,,,,,,,⚪ 基本面不足,技術目標,21.35,22.95,🔵 偏便宜,20.91168788943624,21.50641404953667,-0.29499239737315053,-3.052178052671728,False,NO,🔴 結構失效,現價已跌破防守位，等待重新形成結構,
5251,天鉞電,30.0,29.896396036801995,30.96514587331497,27.67403761779642,技術結構,7.4335328454636755,7.753207940678604,False,30.35,31.9,1.1666666666666714,6.333333333333324,0.15047534847421598,0.8168661774314536,21.37,32.51,43.64,🟡 B 中等,✅ 技術×基本面共振,共振目標,30.35,31.9,🟢 合理,29.896396036801995,28.742787454309394,0.3465433193702294,4.374010515469728,False,NO,🔴 不追,第一目標風報不足,
5258,虹堡,42.4,43.48542175444949,44.339886162779045,42.630957346119935,技術結構,1.9649445121045082,,True,44.3,46.9,4.481132075471694,10.61320754716981,,,15.62,52.78,89.94,🟠 C 低一致,🟡 共振但估值分歧,共振目標,44.3,46.9,🔵 偏便宜,42.1875376006565,43.48542175444949,0.503614127363039,-2.496058933448031,False,NO,🔴 結構失效,現價已跌破防守位，等待重新形成結構,
5263,智崴,89.1,92.3012135471629,94.55121379239344,90.05121330193236,技術結構,2.437671357463639,,True,90.9,94.6,2.020202020202033,6.172839506172845,,,39.36,86.3,133.23,🟠 C 低一致,🟡 共振但估值分歧,共振目標,90.9,94.6,🔵 偏便宜,90.52034444452727,92.3012135471629,-1.5690886432692341,-3.4682247655684284,False,NO,🔴 結構失效,現價已跌破防守位，等待重新形成結構,
5269,祥碩,1460.0,1462.1302496424078,1495.6123924995507,1412.4654256581862,技術結構,3.396744168063555,3.2557927631379333,False,1480.0,1505.0,1.3698630136986356,3.082191780821919,0.4207463783347075,0.9466793512530884,1548.49,2166.99,2785.49,🟡 B 中等,🔵 技術低於基本面,技術目標,1480.0,1505.0,🔵 偏便宜,1462.1302496424078,1445.947568515329,-0.14569492990988975,0.9718493111821269,False,NO,🔴 不追,第一目標風報不足,
5272,笙科,18.0,17.239540770712846,17.504719607807836,16.885498439635743,技術結構,2.05366451337592,6.191675335356983,False,18.5,19.2,2.777777777777768,6.666666666666665,0.44863104528681075,1.0767145086883494,,,,,⚪ 基本面不足,技術目標,18.5,19.2,🔴 過熱,17.239540770712846,17.150677276730733,4.411133912447651,4.952123520052409,False,NO,🔴 不追,等待回到合理價格區,
5274,信驊,18750.0,19273.880860056564,20060.04157434228,17828.60125076622,技術結構,7.498643473954228,4.914126662580161,False,19795.0,21800.0,5.573333333333341,16.266666666666673,1.1341452339380818,3.310184654077651,1063.74,3177.73,5291.73,🟠 C 低一致,🔴 基本面背離,技術目標,19795.0,21800.0,🔵 偏便宜,19273.880860056564,18614.761965051934,-2.718087051903806,0.7265096121130465,False,B,🟡 B 等確認,等支撐或量價確認,
5278,尚凡*,23.95,23.937048572720766,24.293298572720765,23.580798572720767,技術結構,1.4882787195660803,1.5415508445896986,False,24.55,24.85,2.5052192066805867,3.757828810020891,1.2526096033402934,1.8789144050104456,21.94,28.35,34.75,🟡 B 中等,✅ 技術×基本面共振,共振目標,24.55,24.85,🟢 合理,23.85611099665975,23.937048572720766,0.3935637428640115,0.05410619960053431,False,B,🟡 B 等確認,等支撐或量價確認,
5283,禾聯碩,52.8,53.38669088620351,54.211690354870676,52.55294882983056,技術結構,1.5617039425614754,0.46789994350271763,False,53.1,54.3,0.5681818181818343,2.840909090909083,0.28409090909091717,1.4204545454545414,75.18,75.82,76.46,🟢 A 高一致,🔵 技術低於基本面,技術目標,53.1,54.3,🔵 偏便宜,53.38669088620351,53.37794829849773,-1.0989459666156831,-1.082747308431109,False,NO,🔴 不追,第一目標風報不足,
5284,jpp-KY,299.5,303.67687699605347,309.56973413891063,297.7840198531963,技術結構,1.9405024186065207,0.5729482960947251,False,305.5,320.0,2.003338898163598,6.844741235392315,1.001669449081799,3.4223706176961577,116.54,203.26,289.98,🟠 C 低一致,🔴 基本面背離,技術目標,305.5,320.0,🔵 偏便宜,299.7882019187451,303.67687699605347,-0.0961351770685015,-1.3754346519138316,False,B,🟡 B 等確認,等支撐或量價確認,
5285,界霖,90.1,89.8978117889857,93.17102656516107,84.4185893617796,技術結構,6.094945269710586,6.30567218448435,False,96.1,108.5,6.659267480577147,20.421753607103234,1.056075749856272,3.2386322995592316,105.34,111.3,117.26,🟢 A 高一致,✅ 技術×基本面共振,共振目標,105.34,108.5,🟢 合理,89.8978117889857,87.69180413795496,0.22490893492366215,2.746204033225852,False,B,🟡 B 等確認,等支撐或量價確認,
5287,數字,137.5,137.38933938310657,138.380410811678,136.39826795453516,技術結構,0.7213597743619974,0.8012596694289765,False,139.0,143.5,1.090909090909098,4.3636363636363695,0.545454545454549,2.1818181818181848,154.63,238.67,322.7,🟠 C 低一致,🔵 技術低於基本面,技術目標,139.0,143.5,🟢 合理,137.0114641334718,137.38933938310657,0.3565656856657551,0.08054527184591098,False,NO,🔴 不追,第一目標風報不足,
5288,豐祥-KY,183.5,187.00012619590046,190.91084048161474,183.0894119101862,技術結構,2.0912896505842093,0.22375372741897218,False,191.0,195.0,4.087193460490468,6.267029972752036,2.043596730245234,3.133514986376018,189.23,318.58,447.94,🟠 C 低一致,🟡 共振但估值分歧,共振目標,191.0,195.0,🔵 偏便宜,186.6167729844468,187.00012619590046,-1.670146222444091,-1.871723975327022,False,B,🟡 B 等確認,等支撐或量價確認,
5289,宜鼎,1290.0,1328.6212129725593,1367.7283558297022,1289.5140701154164,技術結構,2.943438090202357,0.037668983301053005,False,1375.0,1445.0,6.589147286821695,12.015503875968992,3.2945736434108475,6.007751937984496,631.06,4426.85,8222.63,🟠 C 低一致,🟡 共振但估值分歧,共振目標,1375.0,1445.0,🔵 偏便宜,1298.4524344717377,1328.6212129725593,-0.650962195251803,-2.906864093051098,False,B,🟡 B 等確認,等支撐或量價確認,
5291,邑昇,61.6,59.82269543056924,61.48876690001242,58.15662396112606,技術結構,2.7850157159448616,5.589896167003154,False,62.1,73.2,0.8116883116883189,18.831168831168842,0.14520633075076955,3.3687868734178257,51.5,59.29,67.08,🟢 A 高一致,✅ 技術×基本面共振,共振目標,62.1,67.08,🔴 過熱,59.21632061742023,59.82269543056924,4.025375703397782,2.9709536767588807,False,NO,🔴 不追,等待回到合理價格區,
5292,華懋,230.0,220.07679374616816,225.56786517473958,211.49223902446352,技術結構,3.9007087369720086,8.046852598059342,False,241.0,254.0,4.7826086956521685,10.43478260869566,0.5943452595124694,1.2967532934817538,101.92,132.75,163.58,🟡 B 中等,🔴 基本面背離,技術目標,241.0,254.0,🔴 過熱,220.07679374616816,216.98331045303493,4.5089743834041185,5.998935825888085,False,NO,🔴 不追,等待回到合理價格區,
5299,杰力,102.5,98.79352851042414,100.73281496040147,95.71514649719285,技術結構,3.1159753676643684,6.619369271031368,False,104.0,107.0,1.4634146341463428,4.390243902439028,0.22108067615305094,0.6632420284591528,233.58,241.05,248.52,🟢 A 高一致,🔵 技術低於基本面,技術目標,104.0,107.0,🔴 過熱,98.79352851042414,97.65443294717018,3.7517351039696667,4.961952987276286,False,NO,🔴 不追,等待回到合理價格區,
5302,太欣,9.81,9.923433795268263,10.062719454377106,9.78414813615942,技術結構,1.4036034499999182,0.26352562528624557,False,10.15,10.5,3.465851172273182,7.033639143730874,1.732925586136591,3.516819571865437,,,,,⚪ 基本面不足,技術目標,10.15,10.5,🔵 偏便宜,9.787082612534565,9.923433795268263,0.23415953837033765,-1.1430901602059396,False,B,🟡 B 等確認,等支撐或量價確認,
5306,桂盟,88.8,90.36260834771488,91.530465327085,89.19475136834477,技術結構,1.292411762701898,,True,90.5,94.4,1.9144144144144226,6.3063063063063085,,,99.69,103.51,107.33,🟢 A 高一致,🔵 技術低於基本面,技術目標,90.5,94.4,🔵 偏便宜,89.19290154598396,90.36260834771488,-0.44050764037696366,-1.7292643232497018,False,NO,🔴 結構失效,現價已跌破防守位，等待重新形成結構,
5309,系統電,62.7,55.10222120624344,56.46293577806002,52.045087169855556,技術結構,5.548113977012405,16.993481387790187,False,64.7,71.0,3.189792663476876,13.237639553429027,0.1877068383273566,0.7789833790585293,2.96,29.02,55.08,🟠 C 低一致,🔴 基本面背離,技術目標,64.7,71.0,🔴 過熱,55.10222120624344,53.405801741672136,13.788516374537153,17.402974873937115,True,NO,🟠 高位延伸,不追，等待回踩 EMA9/EMA20 或重新整理,
5310,天剛,27.6,26.577672491951454,27.15356547170958,25.14756134788103,技術結構,5.3808742827405425,8.885647290286126,False,28.6,29.95,3.6231884057970953,8.51449275362317,0.407757396555454,0.9582298819053164,23.52,35.25,46.98,🟡 B 中等,✅ 技術×基本面共振,共振目標,28.6,29.95,🔴 過熱,26.577672491951454,25.723454327639157,3.8465652263498296,7.295076502787379,False,NO,🔴 不追,等待回到合理價格區,
5312,寶島科,89.95,90.5850166355337,91.27073100299151,89.8993022680759,技術結構,0.7569843147645026,0.05636212554097064,False,90.4,91.2,0.5002779321845452,1.3896609227348478,0.2501389660922726,0.6948304613674239,123.59,131.2,138.82,🟢 A 高一致,🔵 技術低於基本面,技術目標,90.4,91.2,🔵 偏便宜,90.33979214064458,90.5850166355337,-0.4314733645144231,-0.7010172974727946,False,NO,🔴 不追,第一目標風報不足,
5314,世紀*,28.85,30.229762997648347,32.50387001789022,27.955655977406472,技術結構,7.522741810509012,3.099979281086756,False,32.25,41.8,11.785095320623906,44.88734835355284,3.801669060346887,14.479886568085943,12.89,19.77,26.65,🟡 B 中等,🔴 基本面背離,技術目標,32.25,41.8,🔵 偏便宜,29.101934574896237,30.229762997648347,-0.8656970011662324,-4.564253440411292,False,B,🟡 B 等確認,等支撐或量價確認,
5315,光聯,18.75,18.797035631847503,19.08632142787673,18.504413801705997,技術結構,1.5567445626677536,1.3097930575680152,False,19.35,19.55,3.200000000000003,4.266666666666663,1.6000000000000014,2.1333333333333315,23.06,27.91,32.75,🟢 A 高一致,🔵 技術低於基本面,技術目標,19.35,19.55,🔵 偏便宜,18.797035631847503,18.793699597735223,-0.25022898699947893,-0.23252259358497174,False,B,🟡 B 等確認,等支撐或量價確認,
5321,美而快,67.7,71.34060403960201,74.79596220425307,67.88524587495095,技術結構,4.843466369773024,,True,72.9,76.6,7.68094534711965,13.146233382570149,,,,,,,⚪ 基本面不足,技術目標,72.9,76.6,🔵 偏便宜,69.78510752356392,71.34060403960201,-2.9878975580281963,-5.103130382216936,False,NO,🔴 結構失效,現價已跌破防守位，等待重新形成結構,
5324,士開,12.45,12.429107759209337,12.579107881824607,12.222167821212429,技術結構,1.6649621357058138,1.8299773396592032,False,13.15,13.55,5.622489959839361,8.835341365461868,2.8112449799196804,4.417670682730934,,,,,⚪ 基本面不足,技術目標,13.15,13.55,🟢 合理,12.429107759209337,12.372167943827698,0.1680912354724784,0.6290898775838993,False,B,🟡 B 等確認,等支撐或量價確認,
5328,華容,53.1,55.31287910666602,57.08609384196962,53.53966437136241,技術結構,3.205789978648762,,True,54.2,61.0,2.0715630885122405,14.87758945386064,,,20.59,26.71,32.82,🟡 B 中等,🔴 基本面背離,技術目標,54.2,61.0,🔵 偏便宜,53.12425023254335,55.31287910666602,-0.04564814079671686,-4.00065797044965,False,NO,🔴 結構失效,現價已跌破防守位，等待重新形成結構,
5340,建榮,81.0,81.82376996536674,84.21841257727905,79.27271239257853,技術結構,3.1177463148764564,2.132453836322807,False,82.5,85.6,1.85185185185186,5.679012345679002,0.8684135714024105,2.663134952300709,38.31,51.59,64.86,🟡 B 中等,🔴 基本面背離,技術目標,82.5,85.6,🔵 偏便宜,81.82376996536674,81.66735500449084,-1.0067611963069045,-0.8171625056966114,False,C,🟠 C 觀察,條件未齊，不急進,
5344,立衛,13.875,13.480095833571749,13.782774405000321,13.170393829884002,技術結構,2.2974762754760523,5.078242667502686,False,14.0,14.25,0.9009009009008917,2.7027027027026973,0.17740406669930275,0.5322122000979126,,,,,⚪ 基本面不足,技術目標,14.0,14.25,🔴 過熱,13.480095833571749,13.473072401312574,2.929535303782882,2.9831918564340976,False,NO,🔴 不追,等待回到合理價格區,
5347,世界,181.0,171.86902641458525,177.70831212887097,159.72659319160758,技術結構,7.064933965290231,11.753263430051062,False,192.0,220.0,6.077348066298338,21.54696132596685,0.5170774995785095,1.8332747712328985,170.79,180.07,189.35,🟢 A 高一致,🔴 基本面背離,技術目標,192.0,220.0,🔴 過熱,171.86902641458525,165.5658789058933,5.312751096517454,9.322042196193925,False,NO,🔴 不追,等待回到合理價格區,
5348,正能量智能,16.3,16.345479517013306,16.68833663943457,16.00262239459204,技術結構,2.0975653976036583,1.8244024871653945,False,16.6,16.85,1.8404907975460238,3.3742331288343586,0.9202453987730119,1.6871165644171793,,,,,⚪ 基本面不足,技術目標,16.6,16.85,🔵 偏便宜,16.29464843889717,16.345479517013306,0.03284244592878238,-0.2782391117126193,False,C,🟠 C 觀察,條件未齊，不急進,
5351,鈺創,110.5,110.35746288895534,113.8396057460982,106.87532003181248,技術結構,3.155330655477906,3.280253364875585,False,115.0,123.5,4.072398190045257,11.764705882352944,1.2414889147441561,3.586523531483112,113.25,282.75,452.24,🟠 C 低一致,🟡 共振但估值分歧,共振目標,115.0,123.5,🟢 合理,109.34656965736087,110.35746288895534,1.0548390738305047,0.12915946716542948,False,B,🟡 B 等確認,等支撐或量價確認,
5353,台林,28.45,28.098743197746412,28.468385952709877,27.634128317731104,技術結構,1.6535076915915978,2.8677387777465557,False,28.65,28.9,0.7029876977152849,1.5817223198594021,0.24513658746410877,0.5515573217942485,36.33,39.94,43.55,🟢 A 高一致,🔵 技術低於基本面,技術目標,28.65,28.9,🟢 合理,28.098743197746412,28.00377107269457,1.25008011846508,1.5934601313054353,False,NO,🔴 不追,第一目標風報不足,
5355,佳總,7.05,6.8198281317125,7.037328079601011,6.315932741935418,技術結構,7.388681650699466,10.412301532830947,False,7.1,7.61,0.7092198581560183,7.943262411347529,0.0681136496018467,0.7628728755406948,,,,,⚪ 基本面不足,技術目標,7.1,7.61,🔴 過熱,6.8198281317125,6.533432689823929,3.3750391335698238,7.90652226326054,False,NO,🔴 不追,等待回到合理價格區,
5356,協益,25.7,25.85061684108339,26.043474167863437,25.657759514303343,技術結構,0.7460453573144371,0.16435986652395268,False,26.1,26.25,1.5564202334630517,2.1400778210116655,0.7782101167315258,1.0700389105058328,40.06,64.18,88.29,🟠 C 低一致,🔵 技術低於基本面,技術目標,26.1,26.25,🔵 偏便宜,25.805866549430547,25.85061684108339,-0.4102421797298028,-0.5826431222485273,False,NO,🔴 不追,第一目標風報不足,
5364,力麗店,8.355,8.388960586802876,8.48806767243956,8.289853501166192,技術結構,1.181398870708658,0.779730686221525,False,8.43,8.54,0.8976660682226134,2.214242968282454,0.4488330341113067,1.107121484141227,,,,,⚪ 基本面不足,技術目標,8.43,8.54,🔵 偏便宜,8.35325088790724,8.388960586802876,0.020939297959943204,-0.4048247271098204,False,NO,🔴 不追,第一目標風報不足,
5381,光譜,23.65,23.742420919621743,24.181706531728068,23.30313530751542,技術結構,1.8502140687063653,1.4666583191736997,False,24.25,25.1,2.5369978858351017,6.131078224101483,1.2684989429175508,3.0655391120507414,14.86,15.83,16.8,🟢 A 高一致,🔴 基本面背離,技術目標,24.25,25.1,🔵 偏便宜,23.46132386083577,23.742420919621743,0.8042007360001824,-0.3892649361016298,False,B,🟡 B 等確認,等支撐或量價確認,
5386,青雲,290.0,286.173149084154,297.8249347984397,269.3047426386591,技術結構,5.8944755996428055,7.136295641841691,False,298.0,308.5,2.758620689655178,6.379310344827593,0.38656199632212124,0.8939246164949046,232.0,1176.37,2120.74,🟠 C 低一致,🟡 共振但估值分歧,共振目標,298.0,308.5,🟢 合理,286.173149084154,280.9565283529448,1.3372501676321313,3.2188152736905007,False,NO,🔴 不追,第一目標風報不足,
5388,中磊,71.5,73.7891886984734,74.90883171910328,72.66954567784352,技術結構,1.5173537483995185,,True,74.5,78.5,4.195804195804187,9.790209790209792,,,141.57,143.65,145.72,🟢 A 高一致,🔵 技術低於基本面,技術目標,74.5,78.5,🔵 偏便宜,72.48236892664674,73.7891886984734,-1.3553212197588538,-3.102336180748322,False,NO,🔴 結構失效,現價已跌破防守位，等待重新形成結構,
5392,能率,40.1,40.933226956474606,41.4984050374421,40.368048875507114,技術結構,1.380731799055229,,True,40.9,43.5,1.995012468827917,8.478802992518709,,,19.27,33.8,48.33,🟠 C 低一致,🟡 共振但估值分歧,共振目標,40.9,43.5,🔵 偏便宜,39.945077928234845,40.933226956474606,0.387837700663618,-2.035576030593911,False,NO,🔴 結構失效,現價已跌破防守位，等待重新形成結構,
5398,慕康生醫,13.85,14.095753023888742,14.253788891443543,13.93771715633394,技術結構,1.121159453396852,,True,14.25,14.4,2.8880866425992746,3.9711191335740192,,,14.32,14.32,14.32,🟠 C 低一致,🟡 共振但估值分歧,共振目標,14.32,14.32,🔵 偏便宜,13.97796185859442,14.095753023888742,-0.9154543408325444,-1.7434543828361182,False,NO,🔴 結構失效,現價已跌破防守位，等待重新形成結構,
5403,中菲,92.95,93.03728057908626,93.55156588465441,92.5229952735181,技術結構,0.552773363932304,0.4593918520515299,False,93.5,94.4,0.591715976331364,1.559978483055402,0.295857988165682,0.779989241527701,106.23,116.08,125.93,🟢 A 高一致,🔵 技術低於基本面,技術目標,93.5,94.4,🔵 偏便宜,93.02351358400453,93.03728057908626,-0.07902688381915546,-0.09381247876442123,False,NO,🔴 不追,第一目標風報不足,
5410,國眾,32.95,33.905955722590555,34.40952768249482,33.40238376268629,技術結構,1.4852020807918067,,True,33.45,35.65,1.5174506828528056,8.19423368740515,,,42.28,53.22,64.16,🟡 B 中等,🔵 技術低於基本面,技術目標,33.45,35.65,🔵 偏便宜,33.21994026154858,33.905955722590555,-0.8125850300249593,-2.8194330530362466,False,NO,🔴 結構失效,現價已跌破防守位，等待重新形成結構,
5425,台半,96.0,94.19407028466549,96.68514171323692,90.38568727264693,技術結構,4.04312394666583,5.848242424326111,False,97.0,104.5,1.041666666666674,8.854166666666675,0.1781161913421714,1.5139876264084478,78.24,100.44,122.64,🟡 B 中等,✅ 技術×基本面共振,共振目標,97.0,104.5,🟢 合理,94.19407028466549,92.87675870121836,1.917243526982948,3.36278025036274,False,NO,🔴 不追,第一目標風報不足,
5426,振發,28.45,28.326823378916398,28.90271629736689,27.750930460465906,技術結構,2.033030356941217,2.4571864306998017,False,29.55,30.6,3.866432337434089,7.557117750439368,1.5735201404042172,3.075516638062793,16.3,25.38,34.45,🟠 C 低一致,🟡 共振但估值分歧,共振目標,29.55,30.6,🟢 合理,28.325760129450757,28.326823378916398,0.4386108968707614,0.4348409259870678,False,B,🟡 B 等確認,等支撐或量價確認,
5432,新門,160.0,158.55638040762432,164.3153089790529,148.6456233496788,技術結構,6.250620146894417,7.096485406450751,False,162.0,169.0,1.2499999999999956,5.624999999999991,0.1761435313970684,0.7926458912868094,65.97,208.31,350.64,🟠 C 低一致,🟡 共振但估值分歧,共振目標,162.0,169.0,🟢 合理,158.55638040762432,154.40455192110738,0.9104771366906572,3.6238880326219913,False,NO,🔴 不追,第一目標風報不足,
5434,崇越,555.0,541.3677426249062,552.3498854820491,525.8481726697082,技術結構,2.8667334111834832,5.2525815009534735,False,567.0,587.0,2.1621621621621623,5.7657657657657735,0.4116380034787992,1.0977013426101325,279.62,372.46,465.29,🟡 B 中等,🔴 基本面背離,技術目標,567.0,587.0,🔴 過熱,541.3677426249062,536.8303155268511,2.5181140843367755,3.384623399167941,False,NO,🔴 不追,等待回到合理價格區,
5438,東友,17.35,16.848096087928717,17.15345333296525,16.46857917782118,技術結構,2.2525803991553204,5.080235286333264,False,17.8,18.15,2.5936599423631135,4.610951008645525,0.5105393345344693,0.9076254836168324,,,,,⚪ 基本面不足,技術目標,17.8,18.15,🔴 過熱,16.848096087928717,16.773936422857712,2.9789948339081995,3.434277814224296,False,NO,🔴 不追,等待回到合理價格區,
5439,高技,254.0,251.41171844564252,258.0545755884997,244.76886130278538,技術結構,2.6422225598419686,3.6343065737065423,False,258.0,265.0,1.5748031496062964,4.330708661417315,0.43331598963050394,1.1916189714838858,136.52,332.55,528.58,🟠 C 低一致,🟡 共振但估值分歧,共振目標,258.0,265.0,🟢 合理,251.3710573001051,251.41171844564252,1.0458414457620968,1.0294991698714728,False,NO,🔴 不追,第一目標風報不足,
5443,均豪,113.0,108.71104362791317,112.21997219934174,104.54903437189773,技術結構,3.8285063937577544,7.47873064433829,False,114.0,122.5,0.8849557522123908,8.407079646017701,0.1183296730819339,1.1241318942783707,63.32,271.2,479.09,🟠 C 低一致,🟡 共振但估值分歧,共振目標,114.0,122.5,🔴 過熱,108.71104362791317,108.0579629433263,3.945281205069384,4.573505664978783,False,NO,🔴 不追,等待回到合理價格區,
5450,南良,14.8,14.71887564317968,15.002804183954435,14.429454211991992,技術結構,1.9663283949395884,2.503687756810871,False,14.9,15.2,0.6756756756756799,2.7027027027026973,0.2698721810807339,1.0794887243229268,11.97,16.81,21.66,🟡 B 中等,✅ 技術×基本面共振,共振目標,14.9,15.2,🟢 合理,14.71887564317968,14.713382752766746,0.5511586536021129,0.5886970296954175,False,NO,🔴 不追,第一目標風報不足,
5452,佶優,27.4,27.278727254756152,27.69926313252889,26.705236048616293,技術結構,2.1023385760780653,2.5356348590646207,False,27.6,28.2,0.7299270072992803,2.9197080291970767,0.2878675550187639,1.151470220075038,21.58,33.36,45.13,🟠 C 低一致,🟡 共振但估值分歧,共振目標,27.6,28.2,🟢 合理,27.278727254756152,27.12577192638903,0.44456892768962586,1.0109503034794187,False,NO,🔴 不追,第一目標風報不足,
5455,昇益,30.525,30.369842447847752,30.596181672254403,29.848232691617792,技術結構,1.7175253942317559,2.2170919193520287,False,31.0,31.55,1.5561015561015523,3.357903357903358,0.7018660536890782,1.514553063223804,,,,,⚪ 基本面不足,技術目標,31.0,31.55,🟢 合理,30.369842447847752,30.074571916024443,0.5108935037074769,1.4977040578774137,False,NO,🔴 不追,第一目標風報不足,
5457,宣德,24.35,25.15940633288431,25.772799312642437,24.54601335312618,技術結構,2.438026444830695,,True,25.1,27.3,3.0800821355236208,12.114989733059534,,,51.46,51.46,51.46,🟠 C 低一致,🔵 技術低於基本面,技術目標,25.1,27.3,🔵 偏便宜,24.275059287250755,25.15940633288431,0.308714849518843,-3.217112209147732,False,NO,🔴 結構失效,現價已跌破防守位，等待重新形成結構,
5460,同協,17.15,16.997326577075768,17.33482655663989,16.491586317842373,技術結構,2.9754106149580317,3.8391468347383433,False,17.3,17.8,0.8746355685131268,3.790087463556868,0.22782029606136114,0.9872212829325611,5.34,19.11,32.88,🟠 C 低一致,🟡 共振但估值分歧,共振目標,17.3,17.8,🟢 合理,16.997326577075768,16.829086297406494,0.8982202126429639,1.9068991442688032,False,NO,🔴 不追,第一目標風報不足,
5464,霖宏,88.2,89.02199784379043,93.17378478422884,81.11957681285459,技術結構,8.876930671453202,8.027690688373484,False,99.8,107.5,13.151927437641708,21.882086167800452,1.6383201531032658,2.72582577197354,45.12,45.12,45.12,🟠 C 低一致,🔴 基本面背離,技術目標,99.8,107.5,🔵 偏便宜,89.02199784379043,85.271363753293,-0.9233648577880893,3.4344897487275095,False,B,🟡 B 等確認,等支撐或量價確認,
5465,富驊,33.05,30.835388425235607,31.968424303008348,27.025697569459044,技術結構,12.354930650585613,18.227843965328148,False,34.95,37.6,5.748865355521948,13.767019667170977,0.315389212594593,0.7552741670028409,27.58,29.03,30.48,🟢 A 高一致,🔴 基本面背離,技術目標,34.95,37.6,🔴 過熱,30.835388425235607,28.158733447231786,7.182045331240117,17.3703357856426,False,NO,🔴 不追,等待回到合理價格區,
5468,凱鈺,25.85,25.30518996010668,26.108761470421623,24.50161844979174,技術結構,3.175520561520236,5.216176209703144,False,27.5,28.5,6.382978723404253,10.251450676982587,1.2236892441498852,1.9653190890892094,,,,,⚪ 基本面不足,技術目標,27.5,28.5,🟢 合理,25.12958210631252,25.30518996010668,2.8668120728777113,2.1529577163902136,False,B,🟡 B 等確認,等支撐或量價確認,
5469,瀚宇博,74.0,73.18612620348401,74.36469755031192,71.75201451771112,技術結構,1.9595403666885434,3.0378182193093006,False,75.8,78.1,2.43243243243243,5.5405405405405395,0.8007169148473553,1.8238551949300887,118.34,211.19,304.03,🟠 C 低一致,🔵 技術低於基本面,技術目標,75.8,78.1,🟢 合理,73.18612620348401,72.93058586453903,1.1120602206122099,1.466345186705742,False,C,🟠 C 觀察,條件未齊，不急進,
5471,松翰,52.3,53.58843008169664,54.49914424479566,52.67771591859763,技術結構,1.699460427765123,,True,53.2,56.8,1.7208413001912115,8.604206500956014,,,66.64,69.07,71.5,🟢 A 高一致,🔵 技術低於基本面,技術目標,53.2,56.8,🔵 偏便宜,52.3287981189518,53.58843008169664,-0.055033021943939886,-2.404306451471727,False,NO,🔴 結構失效,現價已跌破防守位，等待重新形成結構,
5474,聰泰,164.0,160.42886825732938,164.0449396859008,153.85625863628636,技術結構,4.096899574520779,6.185208148605881,False,166.0,171.0,1.2195121951219523,4.268292682926833,0.19716591031731487,0.6900806861106021,78.82,80.12,81.43,🟢 A 高一致,🔴 基本面背離,技術目標,166.0,171.0,🟢 合理,160.42886825732938,157.47233006485777,2.225990734374861,4.145280591487843,False,NO,🔴 不追,第一目標風報不足,
5475,德宏,179.5,179.6489882878341,188.22041685926268,170.88051781639265,技術結構,4.880890538271543,4.801939935157296,False,187.0,195.0,4.178272980501396,8.635097493036215,0.8701218751009908,1.7982518752087135,26.96,52.07,77.18,🟠 C 低一致,🔴 基本面背離,技術目標,187.0,195.0,🔵 偏便宜,179.6489882878341,179.45194638782124,-0.08293299575692359,0.026777983268511107,False,C,🟠 C 觀察,條件未齊，不急進,
5478,智冠,97.1,97.44405000764654,97.80297890604916,97.08512110924391,技術結構,0.36834357600536766,0.015323265454253302,False,97.8,98.7,0.720906282183309,1.6477857878475888,0.3604531410916545,0.8238928939237944,143.72,157.89,172.06,🟢 A 高一致,🔵 技術低於基本面,技術目標,97.8,98.7,🔵 偏便宜,97.12849914734277,97.44405000764654,-0.029341694346107783,-0.35307441308067844,False,NO,🔴 不追,第一目標風報不足,
5481,新華,21.8,21.796094594170246,22.192523145162937,21.026399567935787,技術結構,3.5313437593555284,3.548625835156944,False,22.3,22.95,2.2935779816513735,5.275229357798161,0.6463284911382989,1.4865555296180881,,,,,⚪ 基本面不足,技術目標,22.3,22.95,🟢 合理,21.796094594170246,21.42282811892848,0.017917915582921218,1.7606073249416765,False,NO,🔴 不追,第一目標風報不足,
5483,中美晶,207.5,190.52909553175482,197.2255241031834,179.72536727090664,技術結構,5.670382379497285,13.3853651706474,False,222.5,252.0,7.2289156626506035,21.445783132530117,0.5400611466695583,1.6021814017863558,262.94,297.95,332.95,🟢 A 高一致,🔵 技術低於基本面,技術目標,222.5,252.0,🔴 過熱,190.52909553175482,186.42179584233523,8.907250843174609,11.306727339699862,False,NO,🔴 不追,等待回到合理價格區,
5484,慧友,39.6,39.846636803020616,40.53235133396544,39.160922272075794,技術結構,1.720884335444943,1.1087821412227457,False,40.4,41.2,2.020202020202011,4.040404040404044,1.0101010101010055,2.020202020202022,20.09,35.89,51.69,🟠 C 低一致,🟡 共振但估值分歧,共振目標,40.4,41.2,🔵 偏便宜,39.57241721971163,39.846636803020616,0.06970203547391751,-0.6189651694817999,False,B,🟡 B 等確認,等支撐或量價確認,
5487,通泰,28.6,29.144153159389077,29.754867465539242,28.533438853238913,技術結構,2.0954951163280477,0.23273128238142904,False,29.0,29.55,1.3986013986013957,3.321678321678312,0.6993006993006978,1.660839160839156,,,,,⚪ 基本面不足,技術目標,29.0,29.55,🔵 偏便宜,29.016706287675454,29.144153159389077,-1.4360909317004178,-1.8671091810872231,False,NO,🔴 不追,第一目標風報不足,
5488,松普,12.1,11.960833551495483,12.169762102488177,11.75190500050279,技術結構,1.7467724978630004,2.876818177662893,False,12.3,12.6,1.6528925619834878,4.132231404958686,0.5745557973796892,1.4363894934492114,,,,,⚪ 基本面不足,技術目標,12.3,12.6,🟢 合理,11.880970627690726,11.960833551495483,1.8435309636974262,1.163517976446693,False,NO,🔴 不追,第一目標風報不足,
5489,彩富,42.55,42.465162837044595,43.81516242832703,40.748274370604946,技術結構,4.043051649249573,4.234372807038898,False,42.9,45.65,0.8225616921269108,7.285546415981203,0.19425821239914137,1.7205727383923934,45.71,61.8,77.89,🟡 B 中等,🔵 技術低於基本面,技術目標,42.9,45.65,🟢 合理,42.465162837044595,42.09827396188738,0.19978061377263767,1.0730274559987318,False,NO,🔴 不追,第一目標風報不足,
5490,同亨,25.65,26.188667503477923,26.440453381250663,25.936881625705183,技術結構,0.9614306559862275,,True,29.9,31.2,16.5692007797271,21.63742690058479,,,30.62,41.14,51.65,🟡 B 中等,✅ 技術×基本面共振,共振目標,30.62,31.2,🔵 偏便宜,25.571678899432676,26.188667503477923,0.30628063521109805,-2.0568725132975474,False,NO,🔴 結構失效,現價已跌破防守位，等待重新形成結構,
5493,三聯,90.6,89.7387010431334,91.54405818599055,85.52059686994694,技術結構,4.7004292731616495,5.606405220809108,False,94.7,96.5,4.525386313465796,6.512141280353201,0.8071814532187344,1.1615537985342732,183.16,201.02,218.88,🟢 A 高一致,🔵 技術低於基本面,技術目標,94.7,96.5,🟢 合理,89.7387010431334,87.32595401280409,0.9597854068030376,3.7492244135298503,False,C,🟠 C 觀察,條件未齊，不急進,
5498,凱崴,51.2,51.42034496595731,52.6632020679427,50.177487863971926,技術結構,2.417053216597859,1.9970940156798371,False,53.2,54.8,3.90625,7.031249999999978,1.953125,3.515624999999989,10.08,20.42,30.76,🟠 C 低一致,🔴 基本面背離,技術目標,53.2,54.8,🔵 偏便宜,50.886349158009175,51.42034496595731,0.6163752109959786,-0.4285170900801827,False,B,🟡 B 等確認,等支撐或量價確認,
5508,永信建,53.1,53.42664452748455,54.50343036438553,52.34547691260833,技術結構,2.023648732646917,1.4209474338826138,False,54.3,55.3,2.259887005649719,4.143126177024481,1.1299435028248594,2.0715630885122405,36.08,41.27,46.46,🟢 A 高一致,🔴 基本面背離,技術目標,54.3,55.3,🔵 偏便宜,53.42664452748455,53.422262749509315,-0.6113888124052225,-0.6032368022679369,False,B,🟡 B 等確認,等支撐或量價確認,
5511,德昌,69.6,69.91297068625803,70.58797125846263,69.23797011405344,技術結構,0.9654868983235358,0.5201578821071192,False,70.5,72.4,1.2931034482758674,4.022988505747138,0.6465517241379337,2.011494252873569,88.36,114.78,141.2,🟡 B 中等,🔵 技術低於基本面,技術目標,70.5,72.4,🔵 偏便宜,69.72787529607582,69.91297068625803,-0.18339192974523577,-0.44765754220705833,False,NO,🔴 不追,第一目標風報不足,
5512,力麒,7.71,7.708414381985616,7.792521530973522,7.62430723299771,技術結構,1.091108298283268,1.1114496368649807,False,7.81,7.92,1.2970168612191912,2.7237354085603016,0.6485084306095956,1.3618677042801508,1.01,8.65,16.3,🟠 C 低一致,🟡 共振但估值分歧,共振目標,7.81,7.92,🟢 合理,7.694760193394785,7.708414381985616,0.1980543411644886,0.020569963364835964,False,NO,🔴 不追,第一目標風報不足,
5514,三豐,15.05,14.975269217800767,15.210983503515052,14.667237002386454,技術結構,2.056939417477463,2.5432757316514745,False,15.3,15.85,1.661129568106312,5.31561461794019,0.6531456842973368,2.0900661897514743,6.19,12.45,18.72,🟠 C 低一致,🟡 共振但估值分歧,共振目標,15.3,15.85,🟢 合理,14.975269217800767,14.90295128810074,0.49902797146648137,0.9867086663342572,False,NO,🔴 不追,第一目標風報不足,
5515,建國,51.9,51.28373689864633,52.28284432760577,49.905989414769095,技術結構,2.6865192889514318,3.842024248999813,False,53.0,56.4,2.1194605009633882,8.670520231213864,0.551652036427189,2.256758330838501,31.63,90.77,149.91,🟠 C 低一致,🟡 共振但估值分歧,共振目標,53.0,56.4,🟢 合理,51.28373689864633,50.905096843728536,1.2016735492025532,1.9544273912800447,False,NO,🔴 不追,第一目標風報不足,
5516,雙喜,12.0,11.99623880079671,12.210524596825937,11.731655346009092,技術結構,2.2055534170430757,2.2362054499242374,False,12.1,12.3,0.8333333333333304,2.5000000000000133,0.3726550855877592,1.1179652567632876,12.4,12.64,12.88,🟢 A 高一致,🔵 技術低於基本面,技術目標,12.1,12.3,🟢 合理,11.99623880079671,11.945941142038318,0.03135315381550541,0.4525290834679119,False,NO,🔴 不追,第一目標風報不足,
5519,隆大,25.3,26.03484511141017,26.420559397124457,25.649130825695885,技術結構,1.4815309407976502,,True,27.2,28.05,7.509881422924902,10.869565217391308,,,14.24,17.82,21.4,🟡 B 中等,🔴 基本面背離,技術目標,27.2,28.05,🔵 偏便宜,25.495634635639664,26.03484511141017,-0.7673260086893174,-2.822544586939424,False,NO,🔴 結構失效,現價已跌破防守位，等待重新形成結構,
5520,力泰,83.5,82.79021074011887,83.02592510757667,82.40100684927154,技術結構,0.4701085881627361,1.3161594619502526,False,84.0,86.0,0.5988023952095745,2.9940119760478945,0.29940119760478723,1.4970059880239472,70.17,95.96,121.76,🟡 B 中等,✅ 技術×基本面共振,共振目標,84.0,86.0,🔴 過熱,82.79021074011887,82.63672121672934,0.8573347664365683,1.0446672744996333,False,NO,🔴 不追,等待回到合理價格區,
5521,工信,10.6,10.565660894439764,10.68887505753878,10.442446731340748,技術結構,1.1661756356751722,1.4863515911250127,False,10.7,10.8,0.943396226415083,1.8867924528301883,0.4716981132075415,0.9433962264150941,9.5,9.96,10.42,🟢 A 高一致,🔴 基本面背離,技術目標,10.7,10.8,🟢 合理,10.564201002016237,10.565660894439764,0.3388708523903494,0.3250066976719479,False,NO,🔴 不追,第一目標風報不足,
5522,遠雄,61.0,61.832000913063155,62.66235793330503,61.00164389282128,技術結構,1.342924388633926,,True,62.4,64.6,2.2950819672131084,5.901639344262288,,,44.34,52.14,59.93,🟢 A 高一致,🔴 基本面背離,技術目標,62.4,64.6,🔵 偏便宜,61.20436794874978,61.832000913063155,-0.33391072500071894,-1.3455830326968732,False,NO,🔴 結構失效,現價已跌破防守位，等待重新形成結構,
5523,豐謙,30.35,30.350329127449257,30.40925788280073,30.291400372097783,技術結構,0.1941618329871016,0.19307949885409648,False,30.45,30.6,0.32948929159801743,0.8237232289950658,0.16474464579900872,0.4118616144975329,,,,,⚪ 基本面不足,技術目標,30.45,30.6,🔵 偏便宜,30.35000148712333,30.350329127449257,-4.899911876243834e-06,-0.0010844279410338054,False,NO,🔴 不追,第一目標風報不足,
5525,順天,22.0,22.098046246442376,22.341796287314132,21.85429620557062,技術結構,1.1030388757150786,0.6622899746790009,False,22.2,22.5,0.9090909090909038,2.2727272727272707,0.4545454545454519,1.1363636363636354,22.03,41.09,60.16,🟠 C 低一致,🟡 共振但估值分歧,共振目標,22.2,22.5,🔵 偏便宜,22.088250062038465,22.098046246442376,-0.3995339684701227,-0.44368739819322656,False,NO,🔴 不追,第一目標風報不足,
5529,鉅陞,26.45,25.85154455706457,26.39797296500612,24.3582837502805,技術結構,5.776292412578503,7.908189980035917,False,27.4,28.65,3.5916824196597252,8.31758034026464,0.45417250075262006,1.0517678964797534,21.75,26.41,31.06,🟡 B 中等,✅ 技術×基本面共振,共振目標,27.4,28.65,🔴 過熱,25.85154455706457,24.904712158222047,2.3149697752658405,6.204801051144826,False,NO,🔴 不追,等待回到合理價格區,
5530,龍巖,48.85,49.30102387097449,49.82602378923098,48.776023952718,技術結構,1.0648864405543905,0.1514351019078861,False,49.2,49.95,0.7164790174002178,2.2517911975435068,0.3582395087001089,1.1258955987717534,46.35,75.36,104.36,🟠 C 低一致,🟡 共振但估值分歧,共振目標,49.2,49.95,🔵 偏便宜,49.0545716393739,49.30102387097449,-0.4170286938347201,-0.914836722569623,False,NO,🔴 不追,第一目標風報不足,
5531,鄉林,6.92,7.112195110233656,7.225766582742223,6.998623637725089,技術結構,1.5968554117019387,,True,7.13,7.47,3.0346820809248554,7.947976878612706,,,7.11,7.11,7.11,🟠 C 低一致,🔴 基本面背離,技術目標,7.13,7.47,🔵 偏便宜,6.997455895668012,7.112195110233656,-1.1069150963275654,-2.7023318012902697,False,NO,🔴 結構失效,現價已跌破防守位，等待重新形成結構,
5533,皇鼎,13.95,13.964720338446394,14.087934481109532,13.837979515627847,技術結構,0.9075786678635884,0.8030142248899814,False,14.1,14.25,1.0752688172043001,2.1505376344086002,0.5376344086021501,1.0752688172043001,8.07,19.16,30.25,🟠 C 低一致,🟡 共振但估值分歧,共振目標,14.1,14.25,🔵 偏便宜,13.964720338446394,13.961193658290984,-0.10541090755586957,-0.08017694306774459,False,NO,🔴 不追,第一目標風報不足,
5534,長虹,73.1,74.8068836758441,75.63188408456168,73.98188326712653,技術結構,1.1028402309772625,,True,77.2,78.4,5.6087551299589755,7.250341997264043,,,26.5,50.86,75.21,🟠 C 低一致,🔴 基本面背離,技術目標,77.2,78.4,🔵 偏便宜,74.01927260662173,74.8068836758441,-1.2419368284085186,-2.2817200663517,False,NO,🔴 結構失效,現價已跌破防守位，等待重新形成結構,
5536,聖暉*,919.0,887.881767796684,911.6674820823984,857.2425863876817,技術結構,3.4508177237420576,6.72006676956673,False,937.0,1125.0,1.9586507072905324,22.415669205658318,0.29146298310021324,3.3356319177024405,591.52,1239.43,1887.34,🟠 C 低一致,🟡 共振但估值分歧,共振目標,937.0,1125.0,🔴 過熱,887.881767796684,881.0283006733961,3.5047720689813433,4.309929578605032,False,NO,🔴 不追,等待回到合理價格區,
5538,東明-KY,36.25,35.76533866673642,36.242124503637406,35.28855282983543,技術結構,1.333094707542703,2.6522680556263953,False,37.55,38.0,3.5862068965517135,4.827586206896561,1.3521283751633266,1.8201728127198717,64.1,74.74,85.37,🟢 A 高一致,🔵 技術低於基本面,技術目標,37.55,38.0,🔴 過熱,35.62544739771371,35.76533866673642,1.7531080952161604,1.3551146202743558,False,NO,🔴 不追,等待回到合理價格區,
5543,桓鼎-KY,26.575,27.232429232193134,28.25296504865824,26.211893415728028,技術結構,3.7475019498395232,1.3663465071381804,False,27.65,28.7,4.045155221072427,7.9962370649106385,2.0225776105362137,3.9981185324553192,10.52,19.99,29.46,🟠 C 低一致,🟡 共振但估值分歧,共振目標,27.65,28.7,🔵 偏便宜,27.109893044907235,27.232429232193134,-1.9730547959786904,-2.4141409735711217,False,B,🟡 B 等確認,等支撐或量價確認,
5546,永固-KY,14.35,14.460223321817123,14.773616168742041,14.146830474892205,技術結構,2.1672752899471543,1.4158155059776623,False,14.6,14.95,1.7421602787456525,4.181184668989535,0.8710801393728262,2.0905923344947674,,,,,⚪ 基本面不足,技術目標,14.6,14.95,🔵 偏便宜,14.393412022664497,14.460223321817123,-0.3016103658822433,-0.7622518640553966,False,C,🟠 C 觀察,條件未齊，不急進,
5547,久舜,20.075000000000003,19.978246173838066,20.109495969479283,19.797729344406232,技術結構,0.9035669490759645,1.3811738759341017,False,20.2,20.3,0.6226650062266303,1.1207970112079524,0.3113325031133152,0.5603985056039762,22.66,25.49,28.33,🟢 A 高一致,🔵 技術低於基本面,技術目標,20.2,20.3,🟢 合理,19.978246173838066,19.92897914004745,0.484295895245479,0.732706170880193,False,NO,🔴 不追,第一目標風報不足,
5548,安倉,20.15,20.322005325942506,20.47468375431993,20.16932689756508,技術結構,0.7512960750114509,,True,20.3,20.45,0.7444168734491496,1.488833746898277,,,13.61,17.99,22.36,🟡 B 中等,✅ 技術×基本面共振,共振目標,20.3,20.45,🔵 偏便宜,20.240485293020747,20.322005325942506,-0.4470510055010868,-0.8463993743911158,False,NO,🔴 結構失效,現價已跌破防守位，等待重新形成結構,
5601,台聯櫃,29.75,30.11859293088179,30.434664195966192,29.802521665797386,技術結構,1.049422414286568,,True,30.25,30.5,1.680672268907557,2.5210084033613356,,,4.22,12.47,20.72,🟠 C 低一致,🔴 基本面背離,技術目標,30.25,30.5,🔵 偏便宜,29.84022658129778,30.11859293088179,-0.30236560386686095,-1.2238052811021416,False,NO,🔴 結構失效,現價已跌破防守位，等待重新形成結構,
5603,陸海,13.35,13.683168140982515,13.835846947423686,13.530489334541343,技術結構,1.1158147357985213,,True,13.75,14.0,2.9962546816479474,4.8689138576779145,,,1.32,9.72,18.12,🟠 C 低一致,🟡 共振但估值分歧,共振目標,13.75,14.0,🔵 偏便宜,13.49605134234831,13.683168140982515,-1.0821783249299388,-2.4348757360120543,False,NO,🔴 結構失效,現價已跌破防守位，等待重新形成結構,
5604,中連,31.2,31.082415873196,31.296701750968737,30.823846983631704,技術結構,0.8318815713011296,1.2056186422060755,False,31.6,31.75,1.2820512820512997,1.7628205128205066,0.6410256410256499,0.8814102564102533,17.12,21.15,25.19,🟡 B 中等,🔴 基本面背離,技術目標,31.6,31.75,🟢 合理,31.082415873196,31.038132861404446,0.3782979009215204,0.5215105538672216,False,NO,🔴 不追,第一目標風報不足,
5607,遠雄港,52.4,52.80689834487479,53.70154173335048,51.912254956399096,技術結構,1.6941790116755135,0.9308111519101199,False,52.8,53.4,0.7633587786259444,1.9083969465648831,0.3816793893129722,0.9541984732824416,44.33,54.24,64.16,🟡 B 中等,✅ 技術×基本面共振,共振目標,52.8,53.4,🔵 偏便宜,52.49113215806155,52.80689834487479,-0.17361438840209908,-0.7705401332556816,False,NO,🔴 不追,第一目標風報不足,
5608,四維航,16.95,16.93669020790334,17.276868615844887,16.46992582926361,技術結構,2.755936212506973,2.8322959925450766,False,17.4,17.65,2.6548672566371723,4.129793510324475,0.9373551576618698,1.45810802302957,7.62,18.62,29.62,🟠 C 低一致,🟡 共振但估值分歧,共振目標,17.4,17.65,🟢 合理,16.93669020790334,16.810104237205156,0.0785855555794912,0.8322123457463082,False,C,🟠 C 觀察,條件未齊，不急進,
5609,中菲行,78.1,78.48647013737262,78.90968425959989,78.06325601514536,技術結構,0.5392192074462324,0.04704735576778266,False,79.2,79.5,1.4084507042253724,1.7925736235595569,0.7042253521126862,0.8962868117797784,65.35,96.46,127.57,🟡 B 中等,✅ 技術×基本面共振,共振目標,79.2,79.5,🔵 偏便宜,78.47328584555054,78.48647013737262,-0.47568524948125024,-0.49240351451173003,False,NO,🔴 不追,第一目標風報不足,
5701,劍湖山,4.045,4.189019691417347,4.325091198666907,4.0529481841677875,技術結構,3.2482899884273495,,True,4.2,4.3,3.8318912237330194,6.304079110012362,,,,,,,⚪ 基本面不足,技術目標,4.2,4.3,🔵 偏便宜,4.144289405067154,4.189019691417347,-2.3958125353348736,-3.4380285132681876,False,NO,🔴 結構失效,現價已跌破防守位，等待重新形成結構,
5704,老爺知,22.65,22.75328151042312,23.077388816767286,22.42917420407895,技術結構,1.4244420357375538,0.9749483263622418,False,23.15,23.7,2.207505518763786,4.635761589403975,1.103752759381893,2.3178807947019875,27.38,27.38,27.38,🟠 C 低一致,🔵 技術低於基本面,技術目標,23.15,23.7,🔵 偏便宜,22.675235786223134,22.75328151042312,-0.11129227700673594,-0.4539191868909387,False,B,🟡 B 等確認,等支撐或量價確認,
5706,鳳凰,44.15,44.33921179503075,44.69814065256161,43.98028293749989,技術結構,0.809506626302025,0.38441010758802285,False,44.95,45.4,1.8120045300113352,2.8312570781426905,0.9060022650056676,1.4156285390713452,31.51,44.71,57.91,🟡 B 中等,✅ 技術×基本面共振,共振目標,44.95,45.4,🔵 偏便宜,44.114343087855865,44.33921179503075,0.08082838743199705,-0.4267369386389386,False,C,🟠 C 觀察,條件未齊，不急進,
5864,致和證,39.2,36.8846030999833,37.78192448768297,35.198830529626576,技術結構,4.570396394905192,10.207064975442414,False,45.95,48.05,17.219387755102034,22.576530612244873,1.687006773889541,2.2118533257662856,40.59,93.23,145.87,🟠 C 低一致,🟡 共振但估值分歧,共振目標,45.95,48.05,🔴 過熱,36.8846030999833,36.096151917326246,6.277407659072121,8.598833719956446,False,NO,🔴 不追,等待回到合理價格區,
5871,中租-KY,107.0,109.86071633359077,111.85357347644792,107.86785919073363,技術結構,1.8139852072380995,,True,113.0,115.0,5.607476635514019,7.476635514018692,,,129.67,142.71,155.75,🟢 A 高一致,🔵 技術低於基本面,技術目標,113.0,115.0,🔵 偏便宜,107.68465088476111,109.86071633359077,-0.6357924542967575,-2.603948371230569,False,NO,🔴 結構失效,現價已跌破防守位，等待重新形成結構,
5876,上海商銀,49.15,49.052568617308715,49.83471155619509,47.33737546764386,技術結構,3.496642883364994,3.6879441146615246,False,49.9,51.8,1.5259409969481164,5.391658189216675,0.41376467470905953,1.461968517305343,53.54,56.09,58.64,🟢 A 高一致,🔵 技術低於基本面,技術目標,49.9,51.8,🟢 合理,49.052568617308715,48.11951840653023,0.19862646429671393,2.1415043782522902,False,NO,🔴 不追,第一目標風報不足,
5878,台名,37.95,38.16094907732848,38.211842179701875,38.11005597495509,技術結構,0.13336435178869632,,True,38.2,38.6,0.6587615283267567,1.7127799736495364,,,12.25,15.49,18.74,🟡 B 中等,🔴 基本面背離,技術目標,38.2,38.6,🔵 偏便宜,38.0555845289149,38.16094907732848,-0.2774481859151856,-0.5527878169408695,False,NO,🔴 結構失效,現價已跌破防守位，等待重新形成結構,
5880,合庫金,26.1,26.61281537993385,26.977101216834832,26.17296785017448,技術結構,1.6527658704272814,,True,26.85,27.6,2.8735632183908066,5.747126436781613,,,23.38,25.66,27.95,🟢 A 高一致,✅ 技術×基本面共振,共振目標,26.85,27.6,🔵 偏便宜,26.61281537993385,26.537253687075463,-1.9269490003696155,-1.6476975810365002,False,NO,🔴 結構失效,現價已跌破防守位，等待重新形成結構,
5902,德記,34.5,34.384143943915454,34.812715903819715,33.95557198401119,技術結構,1.2464232368364663,1.5780522202574105,False,34.85,35.2,1.0144927536231974,2.0289855072463947,0.5072463768115987,1.0144927536231974,25.43,30.01,34.58,🟢 A 高一致,🔴 基本面背離,技術目標,34.85,35.2,🟢 合理,34.34187749402551,34.384143943915454,0.46043640450932344,0.3369461699367138,False,NO,🔴 不追,第一目標風報不足,
5903,全家,186.25,185.6987317294331,186.42194601514737,184.65881373685934,技術結構,0.5600027436315131,0.854328194974849,False,189.0,189.5,1.4765100671140896,1.744966442953011,0.7382550335570448,0.8724832214765055,76.04,98.65,121.26,🟡 B 中等,🔴 基本面背離,技術目標,189.0,189.5,🟢 合理,185.6987317294331,185.38202802257362,0.2968616238963495,0.4682071863625792,False,NO,🔴 不追,第一目標風報不足,
5904,寶雅*,69.7,71.88591392938729,72.97877123573146,70.79305662304311,技術結構,1.5202662755566732,,True,72.0,73.3,3.299856527977041,5.16499282639884,,,98.29,262.76,427.23,🟠 C 低一致,🔵 技術低於基本面,技術目標,72.0,73.3,🔵 偏便宜,70.76792953941246,71.88591392938729,-1.5090586178838294,-3.040809819201129,False,NO,🔴 結構失效,現價已跌破防守位，等待重新形成結構,
5905,南仁湖,7.32,7.467514266411119,7.564478562343345,7.370549970478894,技術結構,1.2984815625779336,,True,7.49,8.05,2.3224043715847076,9.97267759562841,,,,,,,⚪ 基本面不足,技術目標,7.49,8.05,🔵 偏便宜,7.346413250597449,7.467514266411119,-0.3595394064620616,-1.975413251965763,False,NO,🔴 結構失效,現價已跌破防守位，等待重新形成結構,
5907,大洋-KY,4.81,4.8574323508235775,4.95171808554517,4.763146616101985,技術結構,1.9410612008956964,0.9740828253225426,False,4.92,5.03,2.2869022869022926,4.573804573804585,1.1434511434511463,2.2869022869022926,,,,,⚪ 基本面不足,技術目標,4.92,5.03,🔵 偏便宜,4.830704131178269,4.8574323508235775,-0.4285944784869211,-0.9764901988915109,False,B,🟡 B 等確認,等支撐或量價確認,
6005,群益證,32.05,31.934258947817835,32.472651784524814,31.226115917057566,技術結構,2.217502625996143,2.5706211636269307,False,32.55,33.1,1.5600624024961096,3.2761310452418257,0.6068814901900957,1.2744511293991994,43.95,79.34,114.73,🟠 C 低一致,🔵 技術低於基本面,技術目標,32.55,33.1,🟢 合理,31.934258947817835,31.764508753764545,0.3624353781664036,0.8987743158521688,False,NO,🔴 不追,第一目標風報不足,
6015,宏遠證,17.95,17.582176878548484,17.95449859322221,16.870744507662177,技術結構,4.046327003764279,6.012565416923799,False,18.05,18.9,0.5571030640668662,5.292479108635084,0.09265646615648734,0.8802364284866057,24.39,36.98,49.57,🟡 B 中等,🔵 技術低於基本面,技術目標,18.05,18.9,🟢 合理,17.582176878548484,17.2430662223359,2.092022643113589,4.099814780902289,False,NO,🔴 不追,第一目標風報不足,
6016,康和證,24.3,23.442228402557994,23.953835443235747,22.21574549141412,技術結構,5.23193823591465,8.577179047678527,False,26.15,26.6,7.613168724279817,9.4650205761317,0.8876075317957102,1.103512066556833,30.55,49.73,68.92,🟠 C 低一致,🔵 技術低於基本面,技術目標,26.15,26.6,🔴 過熱,23.442228402557994,22.72735253209187,3.6590872792127804,6.919624561142768,False,NO,🔴 不追,等待回到合理價格區,
6020,大展證,20.7,20.645724407156298,20.835903142071896,20.4555456722407,技術結構,0.9211531219010055,1.1809387814458931,False,20.9,21.15,0.9661835748792313,2.1739130434782483,0.48309178743961567,1.0869565217391242,19.23,24.08,28.92,🟡 B 中等,✅ 技術×基本面共振,共振目標,20.9,21.15,🟢 合理,20.60956781604515,20.645724407156298,0.43878738633444936,0.26289023225016805,False,NO,🔴 不追,第一目標風報不足,
6021,美好證,41.8,42.77021202746958,43.8577118231108,41.12605005678522,技術結構,3.8441754032652127,1.6123204383128698,False,45.85,48.4,9.688995215311014,15.789473684210531,4.844497607655507,7.8947368421052655,43.27,60.27,77.26,🟡 B 中等,✅ 技術×基本面共振,共振目標,45.85,48.4,🔵 偏便宜,42.77021202746958,42.21354985242643,-2.268429314417375,-0.9796613975184609,False,A+,🟢 A+ 優先候選,合理位置可優先分批,
6023,元大期,85.0,86.24488504959912,87.48774104804708,84.60891004316075,技術結構,1.8968951091969437,0.46010583157559093,False,85.9,87.0,1.0588235294117787,2.35294117647058,0.5294117647058894,1.17647058823529,49.94,60.65,71.36,🟡 B 中等,🔴 基本面背離,技術目標,85.9,87.0,🔵 偏便宜,86.24488504959912,85.85176604160871,-1.4434305859219232,-0.9921357251939322,False,NO,🔴 不追,第一目標風報不足,
6024,群益期,60.4,61.13931443314349,61.68574247323923,60.59288639304775,技術結構,0.8937425045766022,,True,61.0,61.3,0.9933774834437026,1.490066225165565,,,72.12,101.85,131.58,🟡 B 中等,🔵 技術低於基本面,技術目標,61.0,61.3,🔵 偏便宜,60.83717476020765,61.13931443314349,-0.71859806430985,-1.209229184196925,False,NO,🔴 結構失效,現價已跌破防守位，等待重新形成結構,
6026,福邦證,16.1,15.772167689317257,15.970382026121237,15.281546133728053,技術結構,3.1106793007375253,5.083564386782287,False,16.2,16.6,0.6211180124223503,3.105590062111796,0.12218159644782145,0.610907982239116,14.24,17.19,20.14,🟢 A 高一致,✅ 技術×基本面共振,共振目標,16.2,16.6,🔴 過熱,15.772167689317257,15.479760470532034,2.078549487555792,4.006777305428488,False,NO,🔴 不追,等待回到合理價格區,
6028,公勝保經,99.0,97.75237581527188,98.94701899938879,95.23919452208982,技術結構,2.570966968548526,3.798793412030487,False,99.5,102.5,0.5050505050504972,3.535353535353525,0.1329502424246186,0.9306516969723417,52.33,80.57,108.81,🟠 C 低一致,🟡 共振但估值分歧,共振目標,99.5,102.5,🔴 過熱,97.75237581527188,96.43383770620673,1.2763108562044767,2.661060012576999,False,NO,🔴 不追,等待回到合理價格區,
6101,寬魚國際,37.4,37.852127878921145,38.45480616424742,37.24137877799663,技術結構,1.6135132557887857,0.4241209144475099,False,39.0,39.5,4.278074866310155,5.614973262032086,2.1390374331550777,2.807486631016043,23.76,30.53,37.31,🟡 B 中等,🔴 基本面背離,技術目標,39.0,39.5,🔵 偏便宜,37.852127878921145,37.84405706332291,-1.1944582887582489,-1.1733865176767,False,B,🟡 B 等確認,等支撐或量價確認,
6103,合邦,38.3,37.7035360510109,39.902643316483314,34.23337638910825,技術結構,9.203804272383644,10.617816216427537,False,38.95,47.0,1.6971279373368287,22.71540469973892,0.1598377578537372,2.139366912811543,32.75,32.75,32.75,🟠 C 低一致,🔴 基本面背離,技術目標,38.95,47.0,🟢 合理,37.7035360510109,36.432483654580665,1.5819841093474896,5.125964957880469,False,NO,🔴 不追,第一目標風報不足,
6104,創惟,91.5,92.04651452446345,93.11258644349596,90.98044260543094,技術結構,1.1581882535586687,0.5678222891465164,False,92.1,95.6,0.6557377049180246,4.480874316939887,0.3278688524590123,2.2404371584699434,111.65,144.38,177.12,🟡 B 中等,🔵 技術低於基本面,技術目標,92.1,95.6,🔵 偏便宜,91.02391411411367,92.04651452446345,0.523033853817223,-0.5937373373526289,False,NO,🔴 不追,第一目標風報不足,
6108,競國,25.05,24.096011561830387,24.880832786043033,22.767387094707185,技術結構,5.51387711494888,9.112227166837586,False,26.15,28.0,4.391217564870242,11.776447105788424,0.4819038731663032,1.2923785689460001,19.88,37.06,54.24,🟠 C 低一致,🟡 共振但估值分歧,共振目標,26.15,28.0,🔴 過熱,24.096011561830387,23.55220831891983,3.959113464573494,6.359453265692161,False,NO,🔴 不追,等待回到合理價格區,
6109,亞元,10.55,10.612796519873452,10.819046479001695,10.406546560745209,技術結構,1.9434082123596819,1.3597482393819118,False,10.75,11.1,1.8957345971563955,5.213270142180093,0.9478672985781977,2.6066350710900466,,,,,⚪ 基本面不足,技術目標,10.75,11.1,🔵 偏便宜,10.492480682758448,10.612796519873452,0.5481955981684106,-0.591705680551391,False,C,🟠 C 觀察,條件未齊，不急進,
6111,光聚晶電,38.65,36.818802032669,37.67326615489626,35.629275189718456,技術結構,3.2307592243090517,7.815588124919904,False,41.1,41.9,6.33893919793016,8.408796895213456,0.8110636201156165,1.0759007205615292,,,,,⚪ 基本面不足,技術目標,41.1,41.9,🔴 過熱,36.818802032669,36.48373931194572,4.973540327863457,5.937605982578087,False,NO,🔴 不追,等待回到合理價格區,
6112,邁達特,48.05,48.13920059744386,49.78920076093089,45.79632094219307,技術結構,4.866885253959109,4.690278996476436,False,52.9,56.8,10.093652445369417,18.210197710718013,2.15203668117659,3.8825404041845686,70.32,71.29,72.25,🟢 A 高一致,🔵 技術低於基本面,技術目標,52.9,56.8,🔵 偏便宜,48.13920059744386,47.4463211056801,-0.18529721378173214,1.2723407848108659,False,B,🟡 B 等確認,等支撐或量價確認,
6113,亞矽,22.65,22.53162203634985,22.89858640380765,22.164657668892055,技術結構,1.6286637813548448,2.1427917488209447,False,23.15,23.45,2.207505518763786,3.532008830022071,1.03020068094739,1.6483210895158302,18.15,32.18,46.21,🟠 C 低一致,🟡 共振但估值分歧,共振目標,23.15,23.45,🟢 合理,22.387586738086164,22.53162203634985,1.1721373321020412,0.5253858930314381,False,B,🟡 B 等確認,等支撐或量價確認,
6114,久威,23.45,23.854492467169347,24.269670997726163,23.439313936612532,技術結構,1.7404626450477647,0.04556956668429625,False,24.75,25.75,5.543710021321968,9.808102345415781,2.771855010660984,4.904051172707891,49.29,62.67,76.06,🟡 B 中等,🔵 技術低於基本面,技術目標,24.75,25.75,🔵 偏便宜,23.38063862835683,23.854492467169347,0.2966615786065274,-1.695665785914524,False,B,🟡 B 等確認,等支撐或量價確認,
6115,鎰勝,44.0,44.21338146360414,44.577667096146335,43.84909583106194,技術結構,0.8239261971900382,0.3429640203137781,False,44.8,45.4,1.8181818181818077,3.1818181818181746,0.9090909090909038,1.5909090909090873,74.7,86.08,97.46,🟢 A 高一致,🔵 技術低於基本面,技術目標,44.8,45.4,🔵 偏便宜,44.142045378146264,44.21338146360414,-0.3217915638693669,-0.48261738084834915,False,C,🟠 C 觀察,條件未齊，不急進,
6116,彩晶,16.35,15.02067773028362,15.577820607862355,14.098168907500824,技術結構,6.141592538949816,13.772667232410871,False,17.75,19.1,8.562691131498458,16.81957186544343,0.6217162577883311,1.2212283635127954,,,,,⚪ 基本面不足,技術目標,17.75,19.1,🔴 過熱,15.02067773028362,14.65531178507956,8.849948674661313,11.563644907546689,False,NO,🔴 不追,等待回到合理價格區,
6117,迎廣,62.2,62.09026588386408,62.97419494575372,61.20633682197443,技術結構,1.423619385916271,1.5975292251214963,False,63.4,66.8,1.9292604501607746,7.395498392282951,0.9646302250803873,3.6977491961414755,63.22,66.92,70.62,🟢 A 高一致,✅ 技術×基本面共振,共振目標,63.4,66.8,🟢 合理,61.76502548057903,62.09026588386408,0.7042408159578128,0.17673320378619461,False,C,🟠 C 觀察,條件未齊，不急進,
6118,建達,16.05,15.763995481224665,16.106852399287146,15.208123630776553,技術結構,3.52621168351748,5.24533563379095,False,16.45,17.2,2.492211838006231,7.1651090342679025,0.47512914558816133,1.3659962935659618,17.34,17.34,17.34,🟠 C 低一致,🔵 技術低於基本面,技術目標,16.45,17.2,🟢 合理,15.763995481224665,15.550980548839036,1.8142895252410751,3.2089259554647143,False,NO,🔴 不追,第一目標風報不足,
6120,達運,14.35,12.998315973098366,13.386709003946189,12.333229900091286,技術結構,5.116709536708897,14.054147037691383,False,14.8,15.4,3.1358885017421567,7.317073170731714,0.22312905175476777,0.5206344540944592,29.65,45.97,62.29,🟠 C 低一致,🔵 技術低於基本面,技術目標,14.8,15.4,🔴 過熱,12.998315973098366,12.721622930939109,10.39891651887146,12.800073370361131,False,NO,🔴 不追,等待回到合理價格區,
6121,新普,377.0,381.35986783960703,385.96701069674987,376.7527249824642,技術結構,1.2080827705448316,0.06559019032779807,False,379.0,387.0,0.5305039787798504,2.652519893899208,0.2652519893899252,1.326259946949604,477.87,573.71,669.55,🟢 A 高一致,🔵 技術低於基本面,技術目標,379.0,387.0,🔵 偏便宜,377.38788447675626,381.35986783960703,-0.10278138030160866,-1.1432424351061288,False,NO,🔴 不追,第一目標風報不足,
6122,擎邦,60.5,55.80515290909683,57.021224460283534,52.0062962374259,技術結構,6.807358234210087,14.039179772849753,False,62.6,65.4,3.4710743801652955,8.099173553719009,0.2472419640125968,0.5768979160293916,47.61,82.18,116.75,🟠 C 低一致,🟡 共振但估值分歧,共振目標,62.6,65.4,🔴 過熱,55.80515290909683,53.222367788612594,8.412927563429108,13.674010596996622,False,NO,🔴 不追,等待回到合理價格區,
6123,上奇,43.05,43.081966145719576,43.47571610484782,42.68821618659133,技術結構,0.9139554072263816,0.8403805189516004,False,43.35,43.7,0.6968641114982743,1.5098722415795685,0.34843205574913716,0.7549361207897842,44.73,51.12,57.51,🟢 A 高一致,🔵 技術低於基本面,技術目標,43.35,43.7,🔵 偏便宜,43.059217738095256,43.081966145719576,-0.021407119263816554,-0.07419843748880384,False,NO,🔴 不追,第一目標風報不足,
6124,業強,27.2,27.107101425685357,27.47942316079496,26.643724928027787,技術結構,1.7094284275577236,2.0451289410743105,False,27.7,27.95,1.8382352941176405,2.757352941176472,0.8988358910768783,1.348253836615323,13.03,24.71,36.38,🟠 C 低一致,🟡 共振但估值分歧,共振目標,27.7,27.95,🟢 合理,27.107101425685357,27.016046663137388,0.342709361859761,0.680903979610048,False,C,🟠 C 觀察,條件未齊，不急進,
6125,廣運,49.9,49.564414287892795,50.338521716852235,48.790306858933356,技術結構,1.5618209961345841,2.2238339500333524,False,50.4,52.3,1.002004008016022,4.809619238476959,0.45057501168241193,2.162760056075601,5.62,15.96,26.3,🟠 C 低一致,🔴 基本面背離,技術目標,50.4,52.3,🟢 合理,49.221844859755144,49.564414287892795,1.3777523824575866,0.6770698633862038,False,NO,🔴 不追,第一目標風報不足,
6126,信音,30.9,30.563676418616076,31.083319050964274,29.7191227528954,技術結構,2.7632594134070336,3.8216092139307345,False,31.9,36.8,3.2362459546925626,19.09385113268609,0.8468280699386075,4.996285612637776,30.23,53.83,77.43,🟠 C 低一致,🟡 共振但估值分歧,共振目標,31.9,36.8,🟢 合理,30.563676418616076,30.2387653852436,1.100402899106312,2.1867116806266074,False,C,🟠 C 觀察,條件未齊，不急進,
6127,九豪,51.7,49.37893242935932,51.09321855236259,47.52304293450037,技術結構,3.7584641942471206,8.079220629593104,False,54.3,55.9,5.0290135396518165,8.123791102514488,0.622462706517905,1.0055166797596946,,,,,⚪ 基本面不足,技術目標,54.3,55.9,🔴 過熱,49.37893242935932,49.23732905750364,4.700521976576066,5.001633901831348,False,NO,🔴 不追,等待回到合理價格區,
6128,上福,19.2,19.36654994671537,19.55672853857982,19.17637135485092,技術結構,0.9819952050711203,0.12306586015144635,False,19.65,19.9,2.34375,3.645833333333326,1.171875,1.822916666666663,,,,,⚪ 基本面不足,技術目標,19.65,19.9,🔵 偏便宜,19.19962232153238,19.36654994671537,0.001967114046785845,-0.8599876961751685,False,B,🟡 B 等確認,等支撐或量價確認,
6129,普誠,14.9,14.783914809660727,15.199724992777094,14.305782823982982,技術結構,3.234136504664542,3.9880347383692505,False,15.2,15.55,2.0134228187919323,4.36241610738255,0.5048659178970046,1.0938761554435175,,,,,⚪ 基本面不足,技術目標,15.2,15.55,🟢 合理,14.783914809660727,14.721593007099349,0.7852127926455399,1.2118728782585908,False,NO,🔴 不追,第一目標風報不足,
6130,上亞科技,23.75,24.513692407360175,25.036013774623967,23.991371040096382,技術結構,2.1307331371546736,,True,24.3,25.2,2.3157894736842044,6.105263157894725,,,,,,,⚪ 基本面不足,技術目標,24.3,25.2,🔵 偏便宜,23.891243463303326,24.513692407360175,-0.5911934367094585,-3.1153707677709086,False,NO,🔴 結構失效,現價已跌破防守位，等待重新形成結構,
6133,金橋,29.6,26.975906664230315,28.277692215029003,24.219910370177956,技術結構,10.216510341455075,18.17597847912853,False,31.8,34.85,7.432432432432434,17.73648648648649,0.40891512063392316,0.9758201742400439,27.28,28.38,29.47,🟢 A 高一致,🔴 基本面背離,技術目標,31.8,34.85,🔴 過熱,26.975906664230315,25.521695920976644,9.727544539769628,15.979753428812483,False,NO,🔴 不追,等待回到合理價格區,
6134,萬旭,29.2,29.0341919186703,29.54579900021981,28.291652293475295,技術結構,2.557466132603186,3.110779816865427,False,29.45,29.8,0.8561643835616417,2.0547945205479534,0.27522500272113587,0.6605400065307304,21.72,29.58,37.44,🟡 B 中等,✅ 技術×基本面共振,共振目標,29.45,29.8,🟢 合理,29.0341919186703,28.803259375024805,0.5710786847250793,1.3774157285796784,False,NO,🔴 不追,第一目標風報不足,
6136,富爾特,25.05,24.872451471301606,25.0572728385654,24.629064475273417,技術結構,0.9785404398477341,1.6803813362338684,False,25.25,25.95,0.7984031936127733,3.592814371257469,0.39920159680638667,1.7964071856287345,81.07,81.07,81.07,🟠 C 低一致,🔵 技術低於基本面,技術目標,25.25,25.95,🟢 合理,24.872451471301606,24.81388584253721,0.713836064383333,0.9515404357105295,False,NO,🔴 不追,第一目標風報不足,
6138,茂達,276.0,277.5806219614854,282.6699076757711,272.4913362471997,技術結構,1.833444164193805,1.2712549828986655,False,298.0,309.5,7.971014492753614,12.13768115942029,3.985507246376807,6.068840579710145,249.85,372.71,495.56,🟡 B 中等,✅ 技術×基本面共振,共振目標,298.0,309.5,🔵 偏便宜,275.5852117808457,277.5806219614854,0.1505117841679171,-0.5694280639318983,False,A+,🟢 A+ 優先候選,合理位置可優先分批,
6139,亞翔,756.0,737.3808169630543,758.0593883916257,716.7022455344828,技術結構,2.804327282846514,5.198115670041956,False,762.0,814.0,0.7936507936507908,7.671957671957674,0.15268047962549186,1.475911303046427,263.89,773.27,1282.65,🟠 C 低一致,🟡 共振但估值分歧,共振目標,762.0,814.0,🟢 合理,734.8793371731524,737.3808169630543,2.8740313897097858,2.5250430454144324,False,NO,🔴 不追,第一目標風報不足,
6140,訊達,20.2,20.665651659761824,21.72904465995583,18.54895449907451,技術結構,10.242586082144907,8.173492578839047,False,21.5,23.95,6.435643564356441,18.56435643564356,0.7873798749164035,2.2712881007203922,,,,,⚪ 基本面不足,技術目標,21.5,23.95,🔵 偏便宜,20.665651659761824,19.612347499268516,-2.253263857478527,2.9963394272582766,False,NO,🔴 不追,第一目標風報不足,
6141,柏承,51.8,51.31181070656359,53.526989400607434,48.15253149329151,技術結構,6.15702149226232,7.041444993645723,False,54.4,59.9,5.0193050193050315,15.63706563706564,0.7128231526106512,2.2207182831331775,,,,,⚪ 基本面不足,技術目標,54.4,59.9,🟢 合理,51.31181070656359,50.367710187335355,0.951417006560562,2.8436667208762367,False,NO,🔴 不追,第一目標風報不足,
6142,友勁,9.44,9.064413688274698,9.258342261746856,8.78087078487558,技術結構,3.1280887341438945,6.9823010076739385,False,9.79,10.0,3.7076271186440746,5.932203389830515,0.5310036210941329,0.8496057937506121,,,,,⚪ 基本面不足,技術目標,9.79,10.0,🔴 過熱,9.064413688274698,8.974799358347738,4.143525711002605,5.183409935728123,False,NO,🔴 不追,等待回到合理價格區,
6143,振曜,81.0,83.45348966307915,84.54098966307916,82.36598966307915,技術結構,1.3031210610730506,,True,83.4,89.5,2.9629629629629672,10.49382716049383,,,92.94,119.14,145.33,🟡 B 中等,🔵 技術低於基本面,技術目標,83.4,89.5,🔵 偏便宜,81.80604693925096,83.45348966307915,-0.9853146184285455,-2.9399485545594906,False,NO,🔴 結構失效,現價已跌破防守位，等待重新形成結構,
6144,得利影,12.45,12.904771986966278,13.153879191131056,12.6556647828015,技術結構,1.9303495204438663,,True,13.1,13.65,5.2208835341365445,9.63855421686748,,,,,,,⚪ 基本面不足,技術目標,13.1,13.65,🔵 偏便宜,12.673609823660703,12.904771986966278,-1.764373582365153,-3.5240606143649433,False,NO,🔴 結構失效,現價已跌破防守位，等待重新形成結構,
6146,耕興,181.5,181.99613582118934,183.95149296404648,180.0407786783322,技術結構,1.0743948677999797,0.8039786896241309,False,193.5,195.0,6.6115702479338845,7.438016528925617,3.3057851239669422,3.7190082644628086,230.67,354.19,477.72,🟡 B 中等,🔵 技術低於基本面,技術目標,193.5,195.0,🔵 偏便宜,180.30279856469267,181.99613582118934,0.663994926777467,-0.2726078874975668,False,B,🟡 B 等確認,等支撐或量價確認,
6147,頎邦,209.5,210.3086045170324,219.76396165988953,192.01804779148455,技術結構,8.697008269134578,8.344607259434584,False,232.5,255.0,10.978520286396186,21.718377088305484,1.315642539555549,2.6026841543381494,105.1,221.36,337.61,🟠 C 低一致,🟡 共振但估值分歧,共振目標,232.5,255.0,🔵 偏便宜,210.3086045170324,201.4734049343417,-0.38448475224746037,3.983947691892187,False,B,🟡 B 等確認,等支撐或量價確認,
6148,驊宏資,38.1,37.46843833522639,39.28986688621908,33.0709198969383,技術結構,11.736593873873067,13.199685309873232,False,41.05,45.3,7.742782152230965,18.89763779527558,0.5865883898337668,1.4316733582383465,4.49,16.83,29.16,🟠 C 低一致,🔴 基本面背離,技術目標,41.05,45.3,🟢 合理,37.46843833522639,34.89234844793099,1.6855831009637834,9.19299415129855,False,NO,🔴 不追,第一目標風報不足,
6150,撼訊,63.6,61.72714152914021,63.31285622357206,59.59766479045915,技術結構,3.449822372992564,6.292979889215176,False,65.0,68.8,2.2012578616352085,8.176100628930815,0.3497957883844019,1.2992414997134991,57.26,66.37,75.48,🟢 A 高一致,✅ 技術×基本面共振,共振目標,65.0,68.8,🔴 過熱,61.72714152914021,61.183379484891,3.0340923367975003,3.9497990066171162,False,NO,🔴 不追,等待回到合理價格區,
6151,晉倫,34.75,35.01723936295002,35.46188205660585,34.57259666929419,技術結構,1.269782260809182,0.5105131818872162,False,35.6,36.7,2.4460431654676373,5.611510791366925,1.2230215827338187,2.8057553956834624,71.13,101.34,131.55,🟡 B 中等,🔵 技術低於基本面,技術目標,35.6,36.7,🔵 偏便宜,34.87087987258284,35.01723936295002,-0.34664990681202434,-0.7631651375487158,False,B,🟡 B 等確認,等支撐或量價確認,
6152,百一,15.3,15.108691601418819,15.564048672750388,14.34134898339122,技術結構,5.078815811923376,6.265692919011633,False,15.4,15.85,0.6535947712418277,3.5947712418300526,0.10431324670551004,0.5737228568803052,,,,,⚪ 基本面不足,技術目標,15.4,15.85,🟢 合理,15.108691601418819,14.79670605472279,1.2662142005944288,3.4013917923075176,False,NO,🔴 不追,第一目標風報不足,
6153,嘉聯益,18.2,17.46528262268615,17.82421098975594,16.9766535194871,技術結構,2.7977165543508278,6.721683958862077,False,18.4,20.45,1.098901098901095,12.362637362637363,0.16348598143360632,1.8392172911280777,,,,,⚪ 基本面不足,技術目標,18.4,20.45,🔴 過熱,17.46528262268615,17.33558188655689,4.206730536152348,4.986380723184336,False,NO,🔴 不追,等待回到合理價格區,
6154,順發,14.2,14.13100015659192,14.264928728020491,13.92808771080378,技術結構,1.435938316747412,1.9148752760297139,False,14.3,14.65,0.7042253521126751,3.169014084507049,0.35211267605633756,1.5845070422535246,23.6,30.52,37.43,🟡 B 中等,🔵 技術低於基本面,技術目標,14.3,14.65,🟢 合理,14.13100015659192,14.062016282232351,0.4882870472256773,0.9812513013656154,False,NO,🔴 不追,第一目標風報不足,
6155,鈞寶,63.3,59.432977855459875,61.28654969274887,56.28077069286908,技術結構,5.303801485863476,11.088829869085172,False,64.8,69.8,2.369668246445489,10.268562401263814,0.21369867465023937,0.92602759015104,54.38,56.15,57.91,🟢 A 高一致,🔴 基本面背離,技術目標,64.8,69.8,🔴 過熱,59.432977855459875,58.13434253015808,6.506525979473321,8.885724418681008,False,NO,🔴 不追,等待回到合理價格區,
6156,松上,21.85,21.108294449173645,21.4752588575032,20.604236164142584,技術結構,2.3879631120589835,5.70143631971358,False,22.6,22.85,3.4324942791762014,4.576659038901609,0.6020402731339526,0.8027203641786048,4.32,30.27,56.21,🟠 C 低一致,🟡 共振但估值分歧,共振目標,22.6,22.85,🔴 過熱,21.108294449173645,20.97120057247214,3.513810898423353,4.190506044186226,False,NO,🔴 不追,等待回到合理價格區,
6158,禾昌,17.2,17.201070420438054,17.434106134723766,16.88457342007897,技術結構,1.8399843301788257,1.8338754646571556,False,17.75,18.35,3.197674418604657,6.686046511627919,1.5988372093023284,3.3430232558139594,,,,,⚪ 基本面不足,技術目標,17.75,18.35,🔵 偏便宜,17.201070420438054,17.11760913436468,-0.006222987360038346,0.4813222745571055,False,B,🟡 B 等確認,等支撐或量價確認,
6160,欣技,13.9,14.328415475235062,14.588236832280916,14.068594118189207,技術結構,1.8133293070327603,,True,14.3,14.75,2.877697841726623,6.115107913669071,,,,,,,⚪ 基本面不足,技術目標,14.3,14.75,🔵 偏便宜,14.111187626957008,14.328415475235062,-1.4965971152815616,-2.9899710542001356,False,NO,🔴 結構失效,現價已跌破防守位，等待重新形成結構,
6161,捷波,51.5,49.6316295141178,50.630736616103185,48.63252241213241,技術結構,2.013045132240097,5.567917646344835,False,53.0,54.3,2.9126213592232997,5.436893203883497,0.5231078374758911,0.9764679632883307,51.02,77.16,103.3,🟡 B 中等,✅ 技術×基本面共振,共振目標,53.0,54.3,🔴 過熱,49.56361182083469,49.6316295141178,3.9068746365076734,3.7644754044409146,False,NO,🔴 不追,等待回到合理價格區,
6163,華電網,41.7,41.354693136744146,42.28683636173281,40.36862729342079,技術結構,2.3844109786108434,3.1927403035472643,False,42.55,43.5,2.0383693045563422,4.316546762589923,0.6384388051516846,1.3519880579682801,40.03,40.03,40.03,🟠 C 低一致,🔴 基本面背離,技術目標,42.55,43.5,🟢 合理,41.354693136744146,41.30077051840946,0.8349883340061481,0.9666393061906531,False,NO,🔴 不追,第一目標風報不足,
6164,華興,12.6,12.188793368022669,12.47807900056487,11.731422270346687,技術結構,3.752390280697477,6.893474044867556,False,12.9,17.4,2.3809523809523947,38.095238095238095,0.3453922311820556,5.526275698912857,5.82,11.78,17.74,🟠 C 低一致,🟡 共振但估值分歧,共振目標,12.9,17.4,🔴 過熱,12.188793368022669,12.020707902888889,3.3736451145043755,4.819117990313138,False,NO,🔴 不追,等待回到合理價格區,
6165,浪凡,50.0,49.07843918742445,49.83647486083841,48.06668501322271,技術結構,2.0615043814616385,3.8666299735545806,False,51.5,52.2,3.0000000000000027,4.400000000000004,0.7758694316544886,1.1379418330932498,55.97,74.49,93.02,🟡 B 中等,🔵 技術低於基本面,技術目標,51.5,52.2,🔴 過熱,49.07843918742445,48.82472068663667,1.8777304817217733,2.4071398603720207,False,NO,🔴 不追,等待回到合理價格區,
6166,凌華,133.0,126.25855164883234,130.75855164883234,117.97744232684866,技術結構,6.558850243281928,11.295156145226573,False,140.5,148.5,5.63909774436091,11.654135338345872,0.499249206638373,1.0317816937193036,82.42,108.25,134.09,🟡 B 中等,🔴 基本面背離,技術目標,140.5,148.5,🔴 過熱,126.25855164883234,122.47744232684866,5.339399401569178,8.591425060192215,False,NO,🔴 不追,等待回到合理價格區,
6167,久正,10.3,10.303503366216903,10.458324772308865,10.148681960124941,技術結構,1.5026093610022966,1.4691071832530052,False,10.45,10.75,1.4563106796116276,4.3689320388349495,0.7281553398058138,2.1844660194174748,,,,,⚪ 基本面不足,技術目標,10.45,10.75,🔵 偏便宜,10.272224444013396,10.303503366216903,0.27039475371657407,-0.03400169915399598,False,NO,🔴 不追,第一目標風報不足,
6168,宏齊,45.25,41.04707268875774,42.94885864827399,34.45248269993059,技術結構,16.065920312591057,23.861916685236263,False,45.6,50.1,0.773480662983439,10.718232044198906,0.03241485892296336,0.44917733078962774,7.38,19.2,31.01,🟠 C 低一致,🔴 基本面背離,技術目標,45.6,50.1,🔴 過熱,41.04707268875774,36.354268659446845,10.23928635084712,24.469564836759705,False,NO,🔴 不追,等待回到合理價格區,
6169,昱泉,12.0,12.187210146630182,12.339888738494631,12.034531554765733,技術結構,1.2527772150270602,,True,12.3,12.6,2.5000000000000133,5.000000000000004,,,,,,,⚪ 基本面不足,技術目標,12.3,12.6,🔵 偏便宜,12.054028850742268,12.187210146630182,-0.4482223446722666,-1.5361197876935462,False,NO,🔴 結構失效,現價已跌破防守位，等待重新形成結構,
6170,統振,48.724999999999994,48.34980687441228,48.67123515973856,47.867822787025595,技術結構,0.9968686920273122,1.759214392969521,False,49.2,52.7,0.9748589020010412,8.158029758850716,0.4874294510005206,4.079014879425358,60.21,85.64,111.07,🟡 B 中等,🔵 技術低於基本面,技術目標,49.2,52.7,🔴 過熱,48.34980687441228,48.18925107235187,0.7759971545745259,1.111760228113412,False,NO,🔴 不追,等待回到合理價格區,
6171,大城地產,26.75,26.307508428909752,26.762865673946287,25.495757224844027,技術結構,3.0856255591794417,4.688758037966253,False,27.0,28.1,0.9345794392523255,5.046728971962633,0.19932345232676985,1.0763466425645734,5.51,12.6,19.68,🟠 C 低一致,🔴 基本面背離,技術目標,27.0,28.1,🟢 合理,26.307508428909752,25.95111446988056,1.6819972605386813,3.0784247476024262,False,NO,🔴 不追,第一目標風報不足,
6173,信昌電,288.5,297.66684454484715,314.1132731162757,267.18983009987187,技術結構,10.238632552972673,7.386540693285314,False,313.0,325.0,8.492201039861346,12.651646447140386,1.1496858126810463,1.712797231137071,176.27,179.5,182.73,🟢 A 高一致,🔴 基本面背離,技術目標,313.0,325.0,🔵 偏便宜,297.66684454484715,283.6362586713004,-3.079565196071432,1.714781231244511,False,B,🟡 B 等確認,等支撐或量價確認,
6174,安碁,45.5,44.53867200505028,46.02795780107951,42.698121752136096,技術結構,4.132476722039406,6.157974171129459,False,45.85,47.3,0.7692307692307665,3.956043956043942,0.12491620585827802,0.6424262015568584,39.37,43.07,46.76,🟢 A 高一致,✅ 技術×基本面共振,共振目標,45.85,46.76,🟢 合理,44.53867200505028,44.187407548165325,2.1584118961623044,2.970512471010922,False,NO,🔴 不追,第一目標風報不足,
6175,立敦,70.4,70.9089830793913,72.258984305544,69.5589818532386,技術結構,1.903850778174617,1.1946280493769879,False,72.5,74.2,2.9829545454545414,5.397727272727271,1.4914772727272707,2.6988636363636354,88.86,99.56,110.26,🟢 A 高一致,🔵 技術低於基本面,技術目標,72.5,74.2,🔵 偏便宜,69.94488363458436,70.9089830793913,0.6506785654163405,-0.7177977419608905,False,B,🟡 B 等確認,等支撐或量價確認,
6176,瑞儀,91.2,93.61902510521433,95.29045334966885,91.94759686075982,技術結構,1.7853510465165305,,True,92.4,94.6,1.3157894736842035,3.7280701754385914,,,124.99,134.5,144.01,🟢 A 高一致,🔵 技術低於基本面,技術目標,92.4,94.6,🔵 偏便宜,92.00411029215321,93.61902510521433,-0.8739938787515111,-2.5839033278713286,False,NO,🔴 結構失效,現價已跌破防守位，等待重新形成結構,
6177,達麗,46.45,47.182223982115495,47.91347443170481,46.45097353252618,技術結構,1.549843114361247,,True,48.6,49.35,4.628632938643706,6.243272335844985,,,28.23,77.17,126.11,🟠 C 低一致,🟡 共振但估值分歧,共振目標,48.6,49.35,🔵 偏便宜,46.819344045580394,47.182223982115495,-0.7888706113029276,-1.551906460350494,False,NO,🔴 結構失效,現價已跌破防守位，等待重新形成結構,
6179,亞通,36.3,36.44326404264134,38.535228532714406,32.753148489213345,技術結構,10.125645027597646,9.770940801065159,False,39.5,41.9,8.81542699724518,15.426997245179063,0.9022086180569413,1.578865081599647,37.98,39.9,41.82,🟢 A 高一致,✅ 技術×基本面共振,共振目標,39.5,41.82,🔵 偏便宜,36.44326404264134,34.84511297928641,-0.3931152886681888,4.175297183218896,False,C,🟠 C 觀察,條件未齊，不急進,
6180,橘子,41.4,41.119486709696346,41.489129730326226,40.749843689066466,技術結構,0.8989485283207945,1.570425871820126,False,41.7,42.3,0.7246376811594235,2.1739130434782483,0.36231884057971175,1.0869565217391242,,,,,⚪ 基本面不足,技術目標,41.7,42.3,🟢 合理,40.964599320608244,41.119486709696346,1.0628705922010928,0.6821906418338353,False,NO,🔴 不追,第一目標風報不足,
6182,合晶,133.0,119.34758075413583,124.7315093255644,109.63312510929704,技術結構,8.13963348352342,17.569078865190196,False,134.5,143.0,1.1278195488721776,7.518796992481214,0.06419343652140685,0.4279562434760474,3.0,53.44,103.88,🟠 C 低一致,🔴 基本面背離,技術目標,134.5,143.0,🔴 過熱,119.34758075413583,115.01705368072561,11.439209039342902,15.635026062476797,False,NO,🔴 不追,等待回到合理價格區,
6183,關貿,91.8,91.55580805470795,92.39152307611386,90.72009303330205,技術結構,0.912793015716199,1.1763692447690064,False,92.5,93.5,0.7625272331154731,1.85185185185186,0.38126361655773655,0.92592592592593,63.95,83.98,104.01,🟡 B 中等,✅ 技術×基本面共振,共振目標,92.5,93.5,🟢 合理,91.30444224299768,91.55580805470795,0.5427531726040602,0.26671376778864,False,NO,🔴 不追,第一目標風報不足,
6184,大豐電,40.3,40.39509722876972,40.823668820828175,39.96652563671127,技術結構,1.0609495247191074,0.8274798096494531,False,40.6,41.6,0.7444168734491496,3.2258064516129226,0.3722084367245748,1.6129032258064613,35.55,35.57,35.59,🟢 A 高一致,🔴 基本面背離,技術目標,40.6,41.6,🔵 偏便宜,40.23638753110753,40.39509722876972,0.15809686901759878,-0.23541774941439053,False,NO,🔴 不追,第一目標風報不足,
6185,幃翔,12.5,12.63021925644267,12.804326286902482,12.456112225982858,技術結構,1.3784957087819347,0.3511021921371338,False,12.8,12.95,2.400000000000002,3.600000000000003,1.200000000000001,1.8000000000000016,38.54,38.54,38.54,🟠 C 低一致,🔵 技術低於基本面,技術目標,12.8,12.95,🔵 偏便宜,12.507248855634941,12.63021925644267,-0.05795723518905449,-1.0310134273895932,False,B,🟡 B 等確認,等支撐或量價確認,
6186,新潤,29.15,30.427178029615856,30.86646374390157,29.987892315330143,技術結構,1.4437280836827546,,True,31.3,33.1,7.375643224699835,13.550600343053176,,,24.58,33.96,43.35,🟡 B 中等,✅ 技術×基本面共振,共振目標,31.3,33.1,🔵 偏便宜,29.498069165991005,30.427178029615856,-1.1799727095097579,-4.197490902287204,False,NO,🔴 結構失效,現價已跌破防守位，等待重新形成結構,
6187,萬潤,1310.0,1257.1563316075255,1308.8527601789542,1205.2478718208608,技術結構,4.129037772119349,7.9963456625297065,False,1400.0,1435.0,6.870229007633588,9.541984732824439,0.8591710885920029,1.1932931786000054,451.63,628.04,804.44,🟡 B 中等,🔴 基本面背離,技術目標,1400.0,1435.0,🔴 過熱,1257.1563316075255,1256.9443003922895,4.203428568418643,4.221006419389628,False,NO,🔴 不追,等待回到合理價格區,
6188,廣明,62.1,63.60702412565636,64.35166636972286,62.86238188158985,技術結構,1.170691844654551,,True,63.8,69.4,2.7375201288244666,11.755233494363937,,,28.21,48.5,68.79,🟠 C 低一致,🟡 共振但估值分歧,共振目標,63.8,68.79,🔵 偏便宜,62.26491994300545,63.60702412565636,-0.2648681523342744,-2.369273120967297,False,NO,🔴 結構失效,現價已跌破防守位，等待重新形成結構,
6189,豐藝,50.4,48.92720831664672,49.50042280671979,47.77660596770263,技術結構,2.3516615570985198,5.205146889478908,False,51.6,53.7,2.3809523809523947,6.547619047619047,0.457422707083441,1.2579124444794552,46.15,48.85,51.54,🟢 A 高一致,🔴 基本面背離,技術目標,51.6,53.7,🔴 過熱,48.92720831664672,48.3498204577757,3.0101690532222447,4.24030435441789,False,NO,🔴 不追,等待回到合理價格區,
6190,萬泰科,70.4,69.0047060958324,70.42434952517985,67.13932209216202,技術結構,2.7032707031311403,4.631644755451686,False,71.8,73.2,1.9886363636363535,3.9772727272727293,0.42935856885302476,0.8587171377060543,61.77,64.42,67.07,🟢 A 高一致,🔴 基本面背離,技術目標,71.8,73.2,🟢 合理,69.0047060958324,68.55896552150946,2.0220271675816415,2.685330014078091,False,NO,🔴 不追,第一目標風報不足,
6191,精成科,84.0,83.07881498791302,84.32703017280595,81.8270129114552,技術結構,1.5067644821847102,2.586889391124763,False,84.7,85.8,0.8333333333333304,2.1428571428571352,0.3221372108882484,0.8283528279983531,140.51,162.68,184.86,🟢 A 高一致,🔵 技術低於基本面,技術目標,84.7,85.8,🟢 合理,83.07881498791302,83.07522809634813,1.1088085599451514,1.113174077089929,False,NO,🔴 不追,第一目標風報不足,
6192,巨路,109.5,111.89483661869734,112.85912233298305,110.93055090441163,技術結構,0.8617785622867415,,True,111.5,116.5,1.82648401826484,6.392694063926951,,,201.06,212.82,224.59,🟢 A 高一致,🔵 技術低於基本面,技術目標,111.5,116.5,🔵 偏便宜,110.5069648298267,111.89483661869734,-0.9112229544783523,-2.140256593660528,False,NO,🔴 結構失效,現價已跌破防守位，等待重新形成結構,
6194,育富,29.85,30.129213200964905,30.386355649390197,29.810450078087086,技術結構,1.05798688054559,0.132495550797035,False,30.1,30.4,0.8375209380234505,1.8425460636515734,0.41876046901172526,0.9212730318257867,3.37,38.48,73.59,🟠 C 低一致,🟡 共振但估值分歧,共振目標,30.1,30.4,🔵 偏便宜,30.129213200964905,30.067592526512378,-0.9267191914456019,-0.7236779144206951,False,NO,🔴 不追,第一目標風報不足,
6195,詩肯,28.25,28.022718638512515,28.18343280161153,27.74494090347312,技術結構,0.9912590517097012,1.7878198107146255,False,28.8,29.25,1.9469026548672552,3.539823008849563,0.9734513274336276,1.7699115044247815,37.5,39.37,41.24,🟢 A 高一致,🔵 技術低於基本面,技術目標,28.8,29.25,🔴 過熱,28.022718638512515,27.905655066572134,0.8110610694821219,1.2339611186563904,False,NO,🔴 不追,等待回到合理價格區,
6196,帆宣,585.0,548.0951106515244,565.6665392229529,514.8893186286789,技術結構,6.058399605749723,11.984731858345489,False,596.0,637.0,1.8803418803418737,8.888888888888879,0.1568947810069284,0.7416844193054816,243.46,449.94,656.42,🟠 C 低一致,🟡 共振但估值分歧,共振目標,596.0,637.0,🔴 過熱,548.0951106515244,532.4607472001074,6.733300230430173,9.867253703895562,False,NO,🔴 不追,等待回到合理價格區,
6197,佳必琪,326.0,316.4950028599595,322.70928857424525,305.16285751960964,技術結構,3.5805131954528995,6.391761497052256,False,328.0,333.5,0.6134969325153339,2.300613496932513,0.09598245065906567,0.359934189971498,140.33,327.24,514.15,🟠 C 低一致,🟡 共振但估值分歧,共振目標,328.0,333.5,🔴 過熱,316.4950028599595,311.37714323389537,3.003206070917397,4.696188234703036,False,NO,🔴 不追,等待回到合理價格區,
6199,天品,127.5,118.0330286224396,122.02945711212466,105.9950601284213,技術結構,10.198813530850744,16.866619507120546,False,134.5,143.5,5.490196078431375,12.549019607843137,0.3255066064728377,0.7440151005093429,35.71,59.64,83.58,🟠 C 低一致,🔴 基本面背離,技術目標,134.5,143.5,🔴 過熱,118.0330286224396,109.99148861810636,8.020612101586465,15.918060207989093,False,NO,🔴 不追,等待回到合理價格區,
6201,亞弘電,44.6,44.84928867632333,45.59125271680708,44.10732463583959,技術結構,1.654349628237111,1.1046532828708795,False,44.85,45.9,0.5605381165919354,2.914798206278024,0.2802690582959677,1.457399103139012,62.46,68.96,75.46,🟢 A 高一致,🔵 技術低於基本面,技術目標,44.85,45.9,🔵 偏便宜,44.701059116510976,44.84928867632333,-0.2260776780424134,-0.5558364105224589,False,NO,🔴 不追,第一目標風報不足,
6202,盛群,58.6,57.618318767141076,58.67903321634239,56.3031780878696,技術結構,2.2825044315966503,3.919491317628677,False,59.1,59.9,0.8532423208191142,2.2184300341296925,0.21769210636632627,0.5659994765524472,55.53,58.77,62.01,🟢 A 高一致,✅ 技術×基本面共振,共振目標,59.1,59.9,🟢 合理,57.618318767141076,57.36389253707091,1.7037658402118572,2.154852832084697,False,NO,🔴 不追,第一目標風報不足,
6203,海韻電,60.05,59.99041367148998,60.504699549262725,59.47612779371724,技術結構,0.8572800990988221,0.9556572960578814,False,60.9,62.1,1.4154870940882525,3.413821815154039,0.7077435470441262,1.7069109075770195,81.41,85.19,88.96,🟢 A 高一致,🔵 技術低於基本面,技術目標,60.9,62.1,🟢 合理,59.82524886320214,59.99041367148998,0.3756794013707765,0.0993264171111008,False,NO,🔴 不追,第一目標風報不足,
6204,艾華,103.0,101.35155469886575,106.11941225044046,91.84676749537735,技術結構,9.3780378917017,10.828381072449176,False,120.0,129.0,16.50485436893203,25.242718446601952,1.524221788880851,2.3311627359354214,24.17,31.08,38.0,🟡 B 中等,🔴 基本面背離,技術目標,120.0,129.0,🟢 合理,101.35155469886575,96.61462504695206,1.6264627671791265,6.609118391697755,False,C,🟠 C 觀察,條件未齊，不急進,
6205,詮欣,71.3,68.87795028696652,71.41187877665158,64.1632109855846,技術結構,6.845063306528266,10.009521759348386,False,78.5,84.5,10.098176718092567,18.513323983169716,1.0088570623927544,1.849571281053384,64.14,69.32,74.51,🟢 A 高一致,🔴 基本面背離,技術目標,78.5,84.5,🟢 合理,68.87795028696652,66.69713947526965,3.516436977207471,6.901136331996693,False,C,🟠 C 觀察,條件未齊，不急進,
6206,飛捷,139.5,139.82221739584162,142.9829316815559,136.0401028688151,技術結構,2.704945320899341,2.480212997265163,False,140.5,143.0,0.7168458781362075,2.508960573476693,0.28902593403334564,1.0115907691166963,106.77,180.82,254.86,🟠 C 低一致,🟡 共振但估值分歧,共振目標,140.5,143.0,🔵 偏便宜,139.82221739584162,139.20081715452937,-0.23044792297164385,0.21492894336856416,False,NO,🔴 不追,第一目標風報不足,
6207,雷科,151.0,126.15294963724632,131.88509249438917,112.80667900641187,技術結構,10.579436049027587,25.293590061978893,False,154.0,158.0,1.9867549668874274,4.635761589403975,0.07854776494831789,0.18327811821274087,56.65,65.73,74.82,🟢 A 高一致,🔴 基本面背離,技術目標,154.0,158.0,🔴 過熱,126.15294963724632,118.53882186355473,19.695972574721043,27.38442784070354,True,NO,🟠 高位延伸,不追，等待回踩 EMA9/EMA20 或重新整理,
6208,日揚,76.0,76.05802198272745,77.46159439222103,74.65444957323388,技術結構,1.8453969389479055,1.7704610878501632,False,77.4,79.3,1.8421052631579116,4.3421052631578805,0.9210526315789558,2.1710526315789402,139.23,153.14,167.04,🟢 A 高一致,🔵 技術低於基本面,技術目標,77.4,79.3,🔵 偏便宜,75.055094907016,76.05802198272745,1.2589486352054147,-0.07628647342502459,False,C,🟠 C 觀察,條件未齊，不急進,
6209,今國光,81.7,79.75038807669296,82.31645991398194,76.03007878157348,技術結構,4.6649419329994934,6.939928051929649,False,83.5,88.5,2.2031823745410017,8.32313341493267,0.3174647284604638,1.1993111964061962,49.78,70.34,90.9,🟡 B 中等,✅ 技術×基本面共振,共振目標,83.5,88.5,🟢 合理,79.75038807669296,78.59615061886247,2.4446425532527627,3.949111192721233,False,NO,🔴 不追,第一目標風報不足,
6210,慶生,17.9,17.606416225973312,18.05909473609425,17.143644670643514,技術結構,2.628425622740356,4.225448767354663,False,18.0,19.55,0.5586592178770999,9.217877094972081,0.13221299053327487,2.1815143437990194,,,,,⚪ 基本面不足,技術目標,18.0,19.55,🟢 合理,17.606416225973312,17.59632318076445,1.6674817308566459,1.7257970094997743,False,NO,🔴 不追,第一目標風報不足,
6212,理銘,32.4,32.515350678432696,33.13410100540675,31.439052658887782,技術結構,3.3101227484494538,2.9658868552846194,False,32.6,33.15,0.6172839506172867,2.314814814814814,0.20812794982971441,0.7804798118614252,18.5,28.74,38.98,🟠 C 低一致,🟡 共振但估值分歧,共振目標,32.6,33.15,🔵 偏便宜,32.515350678432696,32.057802985861834,-0.35475760225833763,1.067437510577629,False,NO,🔴 不追,第一目標風報不足,
6213,聯茂,623.0,620.0,639.49,577.49,Entry,6.856451612903225,7.304975922953449,False,667.0,728.0,7.062600321027279,16.85393258426966,0.9668204790156001,2.3071852340145025,189.39,255.92,322.45,🟡 B 中等,🔴 基本面背離,技術目標,667.0,728.0,🟢 合理,570.6545329264692,542.2787476269566,9.172882024626915,14.88556443089173,False,C,🟠 C 觀察,條件未齊，不急進,
6214,精誠,188.0,189.58432579520195,192.5039686523448,183.71144833304422,技術結構,3.0977653018118674,2.2811445036998843,False,194.5,201.5,3.4574468085106336,7.180851063829796,1.5156632133136918,3.147915904574599,245.7,258.21,270.71,🟢 A 高一致,🔵 技術低於基本面,技術目標,194.5,201.5,🔵 偏便宜,189.58432579520195,186.63109119018708,-0.8356839567599139,0.7334837947327477,False,B,🟡 B 等確認,等支撐或量價確認,
6215,和椿,97.7,97.77226892647357,99.54548304870083,95.99905480424631,技術結構,1.8136166232991344,1.7409879178645746,False,99.7,101.0,2.0470829068577334,3.377686796315249,1.0235414534288667,1.6888433981576245,60.81,77.93,95.05,🟡 B 中等,🔴 基本面背離,技術目標,99.7,101.0,🔵 偏便宜,97.50038237872566,97.77226892647357,0.20473521888249024,-0.07391556651704656,False,B,🟡 B 等確認,等支撐或量價確認,
6216,居易,19.95,19.98701241923679,20.23076252141618,19.7432623170574,技術結構,1.2195424562041588,1.0362791124942299,False,20.65,22.45,3.50877192982455,12.531328320802015,1.754385964912275,6.265664160401007,25.69,25.69,25.69,🟠 C 低一致,🔵 技術低於基本面,技術目標,20.65,22.45,🔵 偏便宜,19.671524683814695,19.98701241923679,1.4156264990198064,-0.18518234972010328,False,B,🟡 B 等確認,等支撐或量價確認,
6217,中探針,176.5,171.84464001495655,178.83571144352797,164.24188392253907,技術結構,4.424203217368765,6.945108259184661,False,181.5,210.5,2.8328611898017053,19.263456090651566,0.40789302111386766,2.7736725435742957,,,,,⚪ 基本面不足,技術目標,181.5,210.5,🟢 合理,171.84464001495655,171.2329553511105,2.7090516088475347,3.075952662318726,False,NO,🔴 不追,第一目標風報不足,
6218,豪勉,61.9,59.82723975862684,62.83527518681026,51.004767076400235,技術結構,14.746581520091674,17.601345595476197,False,69.0,76.1,11.47011308562198,22.94022617124394,0.6516611484845777,1.303322296969154,44.26,80.35,116.45,🟠 C 低一致,🟡 共振但估值分歧,共振目標,69.0,76.1,🟢 合理,59.82723975862684,54.012802504583654,3.46457608563544,14.60245928684596,False,NO,🔴 不追,現價風險過高,
6219,富旺,12.2,12.159812161600504,12.325883518646359,11.99374080455465,技術結構,1.3657394936600404,1.6906491429946713,False,12.3,12.45,0.819672131147553,2.049180327868849,0.4098360655737765,1.0245901639344246,19.56,19.56,19.56,🟠 C 低一致,🔵 技術低於基本面,技術目標,12.3,12.45,🟢 合理,12.1342845730689,12.159812161600504,0.5415682031798541,0.3304971973695725,False,NO,🔴 不追,第一目標風報不足,
6220,岳豐,25.2,25.455394527452896,25.733966160383105,25.176822894522687,技術結構,1.0943520542562313,0.09197264078298677,False,25.5,25.75,1.1904761904761862,2.182539682539675,0.5952380952380931,1.0912698412698374,57.17,57.17,57.17,🟠 C 低一致,🔵 技術低於基本面,技術目標,25.5,25.75,🔵 偏便宜,25.248953428120636,25.455394527452896,-0.1938829989924118,-1.0033021769804473,False,NO,🔴 不追,第一目標風報不足,
6221,晉泰,31.0,30.356387667280714,31.762637565101322,26.340092845242957,技術結構,13.23047678155288,15.031958563732397,False,31.5,34.8,1.6129032258064502,12.25806451612903,0.10729827513614236,0.8154668910346826,31.4,37.14,42.88,🟢 A 高一致,✅ 技術×基本面共振,共振目標,31.5,34.8,🟢 合理,30.356387667280714,27.746342743063565,2.1201874866455084,11.726436478731351,False,NO,🔴 不追,現價風險過高,
6222,立軒,19.025,19.256354841267473,19.775997677974452,18.736712004560495,技術結構,2.6985524570483825,1.5153114083548156,False,20.15,20.55,5.9132720105124825,8.015768725361383,2.9566360052562413,4.0078843626806915,,,,,⚪ 基本面不足,技術目標,20.15,20.55,🔵 偏便宜,18.924924170937565,19.256354841267473,0.5288043859965175,-1.2014467077209656,False,B,🟡 B 等確認,等支撐或量價確認,
6223,旺矽,5125.0,5456.98090132142,5715.195187035705,5198.766615607135,技術結構,4.73181582240389,,True,5585.0,5860.0,8.975609756097569,14.341463414634138,,,837.81,1368.01,1898.21,🟠 C 低一致,🔴 基本面背離,技術目標,5585.0,5860.0,🔵 偏便宜,5382.972041891417,5456.98090132142,-4.792371944045481,-6.083600205399842,False,NO,🔴 結構失效,現價已跌破防守位，等待重新形成結構,
6224,聚鼎,78.8,82.88756798363963,85.88756814712666,79.15838668648495,技術結構,4.499083985539,,True,81.2,87.3,3.0456852791878264,10.786802030456855,,,64.23,71.93,79.63,🟢 A 高一致,🔴 基本面背離,技術目標,81.2,87.3,🔵 偏便宜,82.88756798363963,82.15838684997198,-4.931460872933846,-4.087698138602292,False,NO,🔴 結構失效,現價已跌破防守位，等待重新形成結構,
6225,天瀚,60.9,57.20769635449937,61.769303415612995,52.64608929338574,技術結構,7.973764636224261,13.553219551090734,False,78.2,88.9,28.407224958949094,45.977011494252885,2.095976151781806,3.3923313439243117,,,,,⚪ 基本面不足,技術目標,78.2,88.9,🟢 合理,56.69292015279403,57.20769635449937,7.42082051139259,6.4542078789897595,False,C,🟠 C 觀察,條件未齊，不急進,
6226,光鼎,45.1,42.75781919929025,44.96764044393878,36.169070933124424,技術結構,15.409458175255105,19.802503474225226,False,48.0,53.2,6.430155210643007,17.960088691796017,0.3247142574176262,0.9069605120975093,,,,,⚪ 基本面不足,技術目標,48.0,53.2,🔴 過熱,42.75781919929025,38.37889217777295,5.477783583379359,17.51251128118694,False,NO,🔴 不追,等待回到合理價格區,
6227,茂綸,132.0,132.5084093933654,138.3209093933654,122.41856906152134,技術結構,7.614490565569541,7.258659801877773,False,135.0,141.5,2.2727272727272707,7.196969696969702,0.31310563310038714,0.9915011714845607,75.93,249.55,423.17,🟠 C 低一致,🟡 共振但估值分歧,共振目標,135.0,141.5,🔵 偏便宜,132.5084093933654,128.23106906152134,-0.3836808514213974,2.9391714239475286,False,NO,🔴 不追,第一目標風報不足,
6228,全譜,18.8,18.05820827842814,18.46802982961484,17.322941086688388,技術結構,4.071650854852983,7.856696347402194,False,19.0,20.15,1.0638297872340496,7.180851063829774,0.13540421319525778,0.9139784390679822,,,,,⚪ 基本面不足,技術目標,19.0,20.15,🔴 過熱,18.05820827842814,17.732762637875087,4.107781404083077,6.018449487647359,False,NO,🔴 不追,等待回到合理價格區,
6229,研通,24.2,23.7720742104133,24.120288536999343,23.343046236179696,技術結構,1.8047561623615944,3.5411312554558005,False,24.35,24.6,0.6198347107438051,1.6528925619834878,0.17503861507218332,0.46676964019249095,39.54,55.54,71.55,🟡 B 中等,🔵 技術低於基本面,技術目標,24.35,24.6,🔴 過熱,23.7720742104133,23.691260562765738,1.8001196942219133,2.1473717529147507,False,NO,🔴 不追,等待回到合理價格區,
6230,尼得科超眾,113.0,111.73487555499739,114.5741612692831,108.12991017584008,技術結構,3.226356463235952,4.309814003681344,False,114.0,117.0,0.8849557522123908,3.539823008849563,0.20533502175650314,0.8213400870260126,,,,,⚪ 基本面不足,技術目標,114.0,117.0,🟢 合理,111.73487555499739,110.96919589012579,1.1322556531419892,1.8300611206419681,False,NO,🔴 不追,第一目標風報不足,
6231,系微,235.0,228.0446841924835,235.83932704962635,215.40039289266193,技術結構,5.544655138353944,8.340258343548117,False,239.0,293.5,1.7021276595744705,24.893617021276594,0.20408572366241004,2.9847537085627422,77.46,103.06,128.66,🟡 B 中等,🔴 基本面背離,技術目標,239.0,293.5,🟢 合理,228.0446841924835,223.1950357498048,3.049979363538169,5.28908011351481,False,NO,🔴 不追,第一目標風報不足,
6233,旺玖,22.8,21.463757345373317,21.84679305965903,20.78786228703797,技術結構,3.1490062408902535,8.825165407728202,False,23.3,24.8,2.1929824561403466,8.771929824561408,0.24849193809103576,0.9939677523641455,11.23,42.88,74.53,🟠 C 低一致,🟡 共振但估值分歧,共振目標,23.3,24.8,🔴 過熱,21.463757345373317,21.170898001323685,6.225576599312066,7.695006600921972,False,NO,🔴 不追,等待回到合理價格區,
6234,高僑,39.75,38.14293200891669,39.66971796843294,35.53434455789942,技術結構,6.838979893856754,10.605422495850506,False,42.35,50.5,6.540880503144653,27.0440251572327,0.6167486967825985,2.5500186501588207,18.33,33.47,48.6,🟠 C 低一致,🟡 共振但估值分歧,共振目標,42.35,48.6,🔴 過熱,38.14293200891669,37.06113051741568,4.213278598267234,7.255227903317141,False,NO,🔴 不追,等待回到合理價格區,
6235,華孚,39.1,38.762977691036184,39.36297797713848,38.051013221091296,技術結構,1.8367125343663366,2.6828306365951553,False,39.35,39.8,0.6393861892583175,1.7902813299232712,0.23832521536647494,0.6673106030261232,11.74,30.94,50.15,🟠 C 低一致,🟡 共振但估值分歧,共振目標,39.35,39.8,🟢 合理,38.762977691036184,38.65101350719359,0.8694438070524058,1.1616422237487933,False,NO,🔴 不追,第一目標風報不足,
6236,中湛,18.5,18.030826062586424,18.577254613579118,17.410876138729385,技術結構,3.43827798962257,5.887156006868188,False,18.75,20.05,1.3513513513513598,8.378378378378383,0.22954230358000027,1.4231622821959935,8.78,8.78,8.78,🟠 C 低一致,🔴 基本面背離,技術目標,18.75,20.05,🟢 合理,18.030826062586424,17.95730468972208,2.6020656834303324,3.022142351844903,False,NO,🔴 不追,第一目標風報不足,
6237,驊訊,36.5,35.57296368286635,36.395285193181294,34.1680657768322,技術結構,3.949341748859731,6.388860885391232,False,38.3,38.95,4.93150684931507,6.712328767123288,0.771891411909039,1.050629977320636,,,,,⚪ 基本面不足,技術目標,38.3,38.95,🔴 過熱,35.57296368286635,34.99038728714714,2.606013728285883,4.314364115104774,False,NO,🔴 不追,等待回到合理價格區,
6239,力成,289.5,284.53881826475833,292.78881826475833,273.22960843420634,技術結構,3.9745753846594574,5.6201697982016094,False,296.0,302.0,2.2452504317789224,4.317789291882557,0.3994986828507169,0.7682666977898426,312.27,341.47,370.67,🟢 A 高一致,🔵 技術低於基本面,技術目標,296.0,302.0,🟢 合理,284.53881826475833,281.47960843420634,1.743586961349286,2.849368595618307,False,NO,🔴 不追,第一目標風報不足,
6240,松崗,25.55,24.983073227964415,26.105394840458747,23.139782566411448,技術結構,7.378158182275622,9.433336334984551,False,26.95,28.25,5.47945205479452,10.567514677103706,0.5808604570233946,1.1202308814022597,,,,,⚪ 基本面不足,技術目標,26.95,28.25,🟢 合理,24.983073227964415,24.26210417890578,2.2692435268572453,5.308261029618189,False,NO,🔴 不追,第一目標風報不足,
6241,鑫永洋,16.3,16.076104827469212,16.643961980544294,15.50824767439413,技術結構,3.532305612394272,4.857376230710859,False,16.4,18.0,0.6134969325153339,10.42944785276072,0.12630212348726194,2.1471360992834625,15.47,20.16,24.84,🟡 B 中等,✅ 技術×基本面共振,共振目標,16.4,18.0,🟢 合理,15.753795966655987,16.076104827469212,3.4671264912919497,1.3927202822677565,False,NO,🔴 不追,第一目標風報不足,
6242,立康,34.05,34.02653845110255,34.117609757058716,33.93546714514639,技術結構,0.2676478716371221,0.3363666809210194,False,34.3,34.4,0.7342143906020615,1.027900146842886,0.36710719530103075,0.513950073421443,33.51,39.81,46.11,🟢 A 高一致,✅ 技術×基本面共振,共振目標,34.3,34.4,🟢 合理,34.00810163190864,34.02653845110255,0.12320113761377094,0.06895073658803597,False,NO,🔴 不追,第一目標風報不足,
6243,迅杰,39.5,39.18536725417995,40.10679623432609,38.26393827403381,技術結構,2.351461896909615,3.129270192319463,False,41.1,42.75,4.0506329113924044,8.227848101265822,1.294433737724007,2.629318529751889,,,,,⚪ 基本面不足,技術目標,41.1,42.75,🟢 合理,38.88904672269194,39.18536725417995,1.5710163369768715,0.8029342784492854,False,B,🟡 B 等確認,等支撐或量價確認,
6244,茂迪,25.05,23.638981258212127,24.260409625281916,22.86623158188075,技術結構,3.2689635305790707,8.71763839568563,False,25.2,27.05,0.5988023952095745,7.984031936127733,0.06868860212255679,0.9158480283007656,16.2,18.56,20.92,🟢 A 高一致,🔴 基本面背離,技術目標,25.2,27.05,🔴 過熱,23.638981258212127,23.48765994895054,5.969033632943432,6.65174842638705,False,NO,🔴 不追,等待回到合理價格區,
6245,立端,87.8,86.04705740172906,88.463128912044,82.03404991616071,技術結構,4.6637358751651075,6.567141325557273,False,88.5,91.1,0.7972665148063829,3.758542141230059,0.12140236904963038,0.5723254540911098,87.64,101.52,115.41,🟢 A 高一致,✅ 技術×基本面共振,共振目標,88.5,91.1,🟢 合理,86.04705740172906,84.45012142647565,2.037190638707087,3.966694797994852,False,NO,🔴 不追,第一目標風報不足,
6246,臺龍,12.85,12.836599427912681,13.0267779073798,12.606917332940812,技術結構,1.789275238054358,1.8916939070753906,False,12.95,13.4,0.7782101167315147,4.280155642023353,0.3891050583657574,2.1400778210116767,13.24,13.24,13.24,🟠 C 低一致,🟡 共振但估值分歧,共振目標,13.24,13.24,🟢 合理,12.836599427912681,12.797095812407932,0.10439347400823529,0.41340776350813346,False,NO,🔴 不追,第一目標風報不足,
6248,沛波,17.125,16.97410558311257,17.12410570572784,16.824105460497304,技術結構,0.8836997147260695,1.757048405855161,False,17.7,18.05,3.3576642335766405,5.401459854014612,1.6788321167883202,2.700729927007306,14.15,18.06,21.97,🟡 B 中等,✅ 技術×基本面共振,共振目標,17.7,18.05,🔴 過熱,16.887403472900854,16.97410558311257,1.406945286055472,0.8889682943739485,False,NO,🔴 不追,等待回到合理價格區,
6257,矽格,254.0,239.35015486657326,248.72515486657326,219.481957983978,技術結構,8.300891592767458,13.589780321268508,False,263.0,279.5,3.543307086614167,10.039370078740163,0.2607332129621522,0.7387441033927662,227.16,280.72,334.29,🟡 B 中等,✅ 技術×基本面共振,共振目標,263.0,279.5,🔴 過熱,239.35015486657326,228.856957983978,6.12067501756719,10.986356821968357,False,NO,🔴 不追,等待回到合理價格區,
6259,百徽,30.25,29.373942366314296,29.949835223457153,28.798049509171438,技術結構,1.960556911159753,4.79983633331756,False,30.9,31.85,2.148760330578514,5.289256198347103,0.44767366663382246,1.1019659486370996,47.03,57.56,68.1,🟡 B 中等,🔵 技術低於基本面,技術目標,30.9,31.85,🔴 過熱,29.312740904030694,29.373942366314296,3.1974461175018565,2.982431240453298,False,NO,🔴 不追,等待回到合理價格區,
6261,久元,79.1,78.33480702142364,80.15087894045615,76.38851420554936,技術結構,2.484582384101615,3.4279213583446757,False,80.5,82.7,1.7699115044247815,4.551201011378003,0.5163220854283139,1.3276853625299483,104.66,148.75,192.84,🟡 B 中等,🔵 技術低於基本面,技術目標,80.5,82.7,🟢 合理,78.33480702142364,78.20458612458187,0.9768237232870014,1.144963383594555,False,NO,🔴 不追,第一目標風報不足,
6263,普萊德,158.5,158.5491893648746,160.77240365058887,156.32597507916032,技術結構,1.4022236850406846,1.3716245557348168,False,159.5,164.0,0.6309148264984188,3.4700315457413256,0.3154574132492094,1.7350157728706628,71.0,145.42,219.83,🟠 C 低一致,🟡 共振但估值分歧,共振目標,159.5,164.0,🔵 偏便宜,157.33759993441535,158.5491893648746,0.7387935662354073,-0.031024671315971197,False,NO,🔴 不追,第一目標風報不足,
6264,富裔,6.03,6.019654993376765,6.070012221042802,5.969297765710728,技術結構,0.8365467409916943,1.0066705520609032,False,6.08,6.18,0.8291873963515828,2.487562189054726,0.4145936981757914,1.243781094527363,,,,,⚪ 基本面不足,技術目標,6.08,6.18,🟢 合理,6.016008260566813,6.019654993376765,0.23257513665497775,0.1718538127952085,False,NO,🔴 不追,第一目標風報不足,
6265,方土昶,48.65,50.399751424427315,51.755108649027974,49.044394199826655,技術結構,2.6892141058135395,,True,49.65,54.1,2.0554984583761593,11.202466598150052,,,33.98,216.2,398.42,🟠 C 低一致,🟡 共振但估值分歧,共振目標,49.65,54.1,🔵 偏便宜,48.649180940991954,50.399751424427315,0.0016836028730704555,-3.471746139563814,False,NO,🔴 結構失效,現價已跌破防守位，等待重新形成結構,
6266,泰詠,25.0,24.91658538858107,25.128192715361116,24.693651358220425,技術結構,0.8947214350759788,1.2253945671183004,False,25.15,25.4,0.6000000000000005,1.6000000000000014,0.30000000000000027,0.8000000000000007,43.35,47.49,51.62,🟢 A 高一致,🔵 技術低於基本面,技術目標,25.15,25.4,🟢 合理,24.91658538858107,24.905258685000472,0.3347754522461832,0.380406869881611,False,NO,🔴 不追,第一目標風報不足,
6269,台郡,66.0,65.47392326044275,67.34356730286655,63.60427921801895,技術結構,2.855555233778656,3.6298799726985576,False,66.6,69.2,0.9090909090909038,4.8484848484848575,0.25044654807554406,1.3357149230695784,,,,,⚪ 基本面不足,技術目標,66.6,69.2,🟢 合理,65.11766506441505,65.47392326044275,1.3549855246070885,0.8034904788958741,False,NO,🔴 不追,第一目標風報不足,
6270,倍微,30.0,29.485945084680903,30.040409268215797,28.737905828129037,技術結構,2.536934985138061,4.20698057290321,False,30.35,31.55,1.1666666666666714,5.166666666666675,0.2773168657305119,1.228117548235121,28.92,42.67,56.43,🟡 B 中等,✅ 技術×基本面共振,共振目標,30.35,31.55,🟢 合理,29.485945084680903,29.29237001166393,1.7433896517231373,2.4157484971489174,False,NO,🔴 不追,第一目標風報不足,
6271,同欣電,226.5,226.98079162530868,232.2843630538801,217.9414347377023,技術結構,3.982432532233037,3.778616009844455,False,233.0,246.0,2.8697571743929284,8.609271523178808,0.7594730893312075,2.2784192679936286,233.0,324.67,416.35,🟡 B 中等,✅ 技術×基本面共振,共振目標,233.0,246.0,🔵 偏便宜,226.98079162530868,223.24500616627373,-0.21182040201108698,1.458036571399024,False,NO,🔴 不追,第一目標風報不足,
6272,驊陞,25.6,26.36680619004953,27.315020720994355,25.418591659104706,技術結構,3.5962434134425707,0.7086263316222474,False,28.8,30.55,12.5,19.3359375,6.25,9.66796875,6.0,24.72,43.44,🟠 C 低一致,🟡 共振但估值分歧,共振目標,28.8,30.55,🔵 偏便宜,26.041501818410158,26.36680619004953,-1.695377714729318,-2.9082255337353313,False,B,🟡 B 等確認,等支撐或量價確認,
6274,台燿,1520.0,1455.206160877057,1522.1704465913429,1367.39471751605,技術結構,6.034295739105649,10.039821216049347,False,1565.0,1730.0,2.960526315789469,13.815789473684204,0.29487838997141336,1.3760991531999305,253.9,529.06,804.23,🟠 C 低一致,🔴 基本面背離,技術目標,1565.0,1730.0,🟢 合理,1455.206160877057,1434.3590032303357,4.452553931182601,5.970680741487411,False,NO,🔴 不追,第一目標風報不足,
6275,元山,47.15,46.02973294223748,46.57884037119692,45.12970225361541,技術結構,1.9553245936740755,4.284830851292865,False,48.65,50.8,3.181336161187698,7.741251325556742,0.7424648187052217,1.8066643921827086,52.46,53.61,54.76,🟢 A 高一致,🔵 技術低於基本面,技術目標,48.65,50.8,🔴 過熱,46.02973294223748,45.67880968257485,2.4337900442923166,3.2207282274834936,False,NO,🔴 不追,等待回到合理價格區,
6276,安鈦克,19.3,19.76478295171098,20.372818768176085,19.156747135245876,技術結構,3.0763596946682816,0.7422428225602316,False,19.7,20.7,2.072538860103612,7.253886010362676,1.036269430051806,3.626943005181338,,,,,⚪ 基本面不足,技術目標,19.7,20.7,🔵 偏便宜,19.60168959583007,19.76478295171098,-1.5390999554153129,-2.351571240860728,False,B,🟡 B 等確認,等支撐或量價確認,
6277,宏正,77.0,78.06509310641094,79.07759441430714,77.05259179851474,技術結構,1.2969962214943564,,True,77.6,79.7,0.7792207792207684,3.506493506493502,,,85.57,89.35,93.13,🟢 A 高一致,🔵 技術低於基本面,技術目標,77.6,79.7,🔵 偏便宜,77.58563649955937,78.06509310641094,-0.7548259265266144,-1.3643653828211089,False,NO,🔴 結構失效,現價已跌破防守位，等待重新形成結構,
6278,台表科,218.0,206.38044116944297,213.26436974087156,191.5516945904678,技術結構,7.185151119432115,12.132250187858805,False,221.0,237.5,1.3761467889908285,8.944954128440363,0.11342881721710536,0.737287311911183,181.64,227.6,273.56,🟡 B 中等,✅ 技術×基本面共振,共振目標,221.0,237.5,🔴 過熱,206.38044116944297,198.4356231618964,5.630164740764898,9.859306774843413,False,NO,🔴 不追,等待回到合理價格區,
6279,胡連,112.5,114.44126000808535,115.67340286522821,113.20911715094249,技術結構,1.076659639238339,,True,113.5,119.5,0.8888888888888946,6.222222222222218,,,240.26,262.82,285.37,🟢 A 高一致,🔵 技術低於基本面,技術目標,113.5,119.5,🔵 偏便宜,112.29576905030756,114.44126000808535,0.18186878403312345,-1.6962938086737211,False,NO,🔴 結構失效,現價已跌破防守位，等待重新形成結構,
6281,全國電,51.0,51.17892599406056,51.387853870669275,50.96999811745185,技術結構,0.40823028727284844,0.058827220682644565,False,51.3,51.5,0.588235294117645,0.9803921568627416,0.2941176470588225,0.4901960784313708,49.13,49.7,50.27,🟢 A 高一致,🔴 基本面背離,技術目標,51.3,51.5,🔵 偏便宜,51.07361883494332,51.17892599406056,-0.14414258598207663,-0.3496087316903207,False,NO,🔴 不追,第一目標風報不足,
6282,康舒,43.7,43.49797002562105,44.30957741370873,42.68636263753337,技術結構,1.8658511825026067,2.319536298550645,False,44.2,45.05,1.1441647597254079,3.0892448512585657,0.4932730565330388,1.3318372526391895,22.72,45.23,67.74,🟠 C 低一致,🟡 共振但估值分歧,共振目標,44.2,45.05,🟢 合理,43.093043370042714,43.49797002562105,1.4084793797117356,0.464458397161871,False,NO,🔴 不追,第一目標風報不足,
6283,淳安,19.5,19.127377462963796,19.483627462963796,18.771127462963797,技術結構,1.8625135656459104,3.7378078822369383,False,20.15,20.4,3.3333333333333215,4.615384615384599,0.891788299011892,1.2347837986318504,,,,,⚪ 基本面不足,技術目標,20.15,20.4,🔴 過熱,18.928237994355328,19.127377462963796,3.0206826742942505,1.94811096167109,False,NO,🔴 不追,等待回到合理價格區,
6284,佳邦,75.6,76.35102664750444,78.04924060624468,74.6528126887642,技術結構,2.2242188917517938,1.2528932688304155,False,77.0,79.9,1.85185185185186,5.687830687830697,0.92592592592593,2.8439153439153486,38.35,78.79,119.24,🟠 C 低一致,🟡 共振但估值分歧,共振目標,77.0,79.9,🔵 偏便宜,75.72942917054134,76.35102664750444,-0.1709100041542233,-0.9836497038497871,False,C,🟠 C 觀察,條件未齊，不急進,
6285,啟碁,236.0,233.0590664042273,238.41620926137017,227.70192354708445,技術結構,2.2986202338299986,3.516134090218454,False,240.5,255.0,1.9067796610169552,8.05084745762712,0.542294352857996,2.289687267622643,194.44,258.98,323.52,🟡 B 中等,✅ 技術×基本面共振,共振目標,240.5,255.0,🟢 合理,232.4635392669896,233.0590664042273,1.5212969501202878,1.261883367657446,False,NO,🔴 不追,第一目標風報不足,
6290,良維,280.0,272.9926217413785,283.35869316994996,255.26177711949194,技術結構,6.494990417244323,8.83507960018145,False,284.0,291.5,1.4285714285714235,4.107142857142865,0.16169310218122815,0.4648676687710334,146.18,219.02,291.86,🟡 B 中等,✅ 技術×基本面共振,共振目標,284.0,291.5,🟢 合理,272.9926217413785,265.62784854806335,2.5668745968013607,5.410634287969285,False,NO,🔴 不追,第一目標風報不足,
6291,沛亨,500.0,493.68910080417106,515.2248150898854,453.6345846071948,技術結構,8.113307774413363,9.273083078561035,False,506.0,539.0,1.200000000000001,7.800000000000007,0.1294067992094613,0.8411441948614985,174.84,302.39,429.94,🟠 C 低一致,🔴 基本面背離,技術目標,506.0,539.0,🟢 合理,493.68910080417106,475.1702988929091,1.2783144666449253,5.225432053506118,False,NO,🔴 不追,第一目標風報不足,
6292,迅德,66.6,66.30895334136335,67.75538219889421,63.77561894598313,技術結構,3.8205012562005383,4.240812393418711,False,67.5,68.8,1.3513513513513598,3.3033033033033066,0.3186538865639313,0.7789317227118279,80.52,154.41,228.3,🟠 C 低一致,🔵 技術低於基本面,技術目標,67.5,68.8,🟢 合理,66.30895334136335,65.222047803514,0.4389251284639073,2.1127091879070914,False,NO,🔴 不追,第一目標風報不足,
6294,智基,28.25,28.485134334954637,28.77977698773871,28.190491682170563,技術結構,1.0343734009444783,0.21064891267057229,False,28.65,28.85,1.4159292035398119,2.123893805309729,0.7079646017699059,1.0619469026548645,43.99,54.31,64.64,🟡 B 中等,🔵 技術低於基本面,技術目標,28.65,28.85,🔵 偏便宜,28.441476308144722,28.485134334954637,-0.673229146300991,-0.8254633177772974,False,NO,🔴 不追,第一目標風報不足,
6405,悅城,50.1,43.32750533146274,45.07929141359426,39.80557689698538,技術結構,8.128620393752218,20.547750704620004,False,57.5,64.6,14.770459081836318,28.94211576846306,0.7188358129396272,1.4085296334627833,,,,,⚪ 基本面不足,技術目標,57.5,64.6,🔴 過熱,43.32750533146274,41.5573629791169,15.630936091811742,20.556253834430937,True,NO,🟠 高位延伸,不追，等待回踩 EMA9/EMA20 或重新整理,
6409,旭隼,907.0,914.5773513275686,938.3094941847115,890.8452084704257,技術結構,2.5948754167916075,1.7811236526542726,False,930.0,1055.0,2.5358324145534628,16.317530319735397,1.2679162072767314,8.158765159867698,243.35,401.63,559.91,🟠 C 低一致,🔴 基本面背離,技術目標,930.0,1055.0,🔵 偏便宜,892.5717006529245,914.5773513275686,1.61648630989768,-0.8285085254483571,False,B,🟡 B 等確認,等支撐或量價確認,
6411,晶焱,77.6,78.34305267861143,79.38233847464066,77.3037668825822,技術結構,1.3265832265851576,0.38174370801262764,False,80.0,81.0,3.0927835051546504,4.381443298969079,1.5463917525773252,2.1907216494845394,107.17,143.68,180.19,🟡 B 中等,🔵 技術低於基本面,技術目標,80.0,81.0,🔵 偏便宜,78.03756552404249,78.34305267861143,-0.5607113972663447,-0.9484602057309166,False,B,🟡 B 等確認,等支撐或量價確認,
6412,群電,74.8,75.18643111132624,75.93643004866058,74.4364321739919,技術結構,0.9975190020973854,0.48605324332632843,False,78.8,80.4,5.3475935828877,7.4866310160427885,2.67379679144385,3.7433155080213942,92.66,134.26,175.86,🟡 B 中等,🔵 技術低於基本面,技術目標,78.8,80.4,🔵 偏便宜,74.4428819349046,75.18643111132624,0.4797209025406479,-0.5139638969617666,False,B,🟡 B 等確認,等支撐或量價確認,
6414,樺漢,392.0,383.4531368149542,391.5692082435256,375.33706538638273,技術結構,2.1165745300678234,4.250748625922772,False,400.0,418.0,2.0408163265306145,6.632653061224492,0.48010750720117795,1.560349398403827,517.91,529.08,540.26,🟢 A 高一致,🔵 技術低於基本面,技術目標,400.0,418.0,🔴 過熱,381.48381816404844,383.4531368149542,2.7566521396798382,2.2289198768949747,False,NO,🔴 不追,等待回到合理價格區,
6415,矽力*-KY,409.0,422.6688175385565,435.4188175385565,409.9188175385565,技術結構,3.016546163554383,,True,424.5,439.5,3.789731051344747,7.457212713936423,,,390.69,396.63,402.57,🟢 A 高一致,🔴 基本面背離,技術目標,424.5,439.5,🔵 偏便宜,418.3373131637109,422.6688175385565,-2.2320058168124435,-3.2339309102947023,False,NO,🔴 結構失效,現價已跌破防守位，等待重新形成結構,
6416,瑞祺電通,114.5,115.70260306226248,119.58653163369105,108.41365980942618,技術結構,6.299722789221899,5.315580952466219,False,122.0,131.5,6.550218340611358,14.847161572052393,1.2322676296693997,2.793139960583969,129.07,146.12,163.17,🟢 A 高一致,✅ 技術×基本面共振,共振目標,129.07,131.5,🔵 偏便宜,115.70260306226248,112.29758838085475,-1.039391535223566,1.9612278864580945,False,B,🟡 B 等確認,等支撐或量價確認,
6417,韋僑,102.0,103.94754516852304,105.71540231138017,102.1796880256659,技術結構,1.700720435476406,,True,105.0,108.0,2.941176470588225,5.882352941176472,,,133.42,164.48,195.53,🟡 B 中等,🔵 技術低於基本面,技術目標,105.0,108.0,🔵 偏便宜,102.45667316401745,103.94754516852304,-0.4457232017346269,-1.8735845713004684,False,NO,🔴 結構失效,現價已跌破防守位，等待重新形成結構,
6418,詠昇,34.65,34.73118130420332,35.419573589141585,33.85286080766436,技術結構,2.528910516592948,2.300546009626673,False,34.85,36.1,0.5772005772005873,4.184704184704202,0.2508972108296386,1.819004778514856,12.9,25.9,38.9,🟠 C 低一致,🟡 共振但估值分歧,共振目標,34.85,36.1,🔵 偏便宜,34.73118130420332,34.541253092602624,-0.23374184566965495,0.31483196948829395,False,NO,🔴 不追,第一目標風報不足,
6419,京晨科,156.0,152.0217289309211,155.9056575023497,148.0029359157719,技術結構,2.6435648662931333,5.1263231309154484,False,157.5,161.0,0.9615384615384581,3.205128205128216,0.18756883578791267,0.62522945262638,110.8,709.61,1308.42,🟠 C 低一致,🟡 共振但估值分歧,共振目標,157.5,161.0,🔴 過熱,152.0217289309211,151.88686448720048,2.6169095017243293,2.708025823487925,False,NO,🔴 不追,等待回到合理價格區,
6423,億而得,85.9,84.92337873527465,86.70730665275512,81.77928460841687,技術結構,3.7022715931482564,4.797107557139851,False,87.8,89.0,2.211874272409764,3.608847497089629,0.4610849863304995,0.752296556644502,22.89,42.03,61.16,🟠 C 低一致,🔴 基本面背離,技術目標,87.8,89.0,🟢 合理,84.92337873527465,83.56321252589734,1.15000283699227,2.7964308736676102,False,NO,🔴 不追,第一目標風報不足,
6425,易發,79.0,71.69034840122934,74.6153484421011,64.9591032734801,技術結構,9.389332424605458,17.773286995594813,False,83.9,90.8,6.202531645569631,14.936708860759484,0.3489805598203054,0.8404021644652232,30.82,38.51,46.21,🟡 B 中等,🔴 基本面背離,技術目標,83.9,90.8,🔴 過熱,71.69034840122934,67.88410331435185,10.19614461609355,16.374815520761345,False,NO,🔴 不追,等待回到合理價格區,
6426,統新,345.0,355.0741271310931,376.5294842739503,307.1389213593898,技術結構,13.500055934519176,10.974225692930485,False,385.0,412.0,11.594202898550732,19.42028985507247,1.0564939361525645,1.7696273430555447,68.1,117.32,166.54,🟠 C 低一致,🔴 基本面背離,技術目標,385.0,412.0,🔵 偏便宜,355.0741271310931,328.594278502247,-2.837189860181999,4.992698464663259,False,C,🟠 C 觀察,條件未齊，不急進,
6431,光麗-KY,17.6,18.009979745231906,18.414444153561462,17.60551533690235,技術結構,2.2457793626149787,,True,18.2,18.8,3.409090909090895,6.818181818181812,,,,,,,⚪ 基本面不足,技術目標,18.2,18.8,🔵 偏便宜,17.562200101945287,18.009979745231906,0.21523441160726797,-2.276403144431327,False,NO,🔴 結構失效,現價已跌破防守位，等待重新形成結構,
6432,今展科,63.5,59.97122620541741,61.91586902168851,58.02658338914631,技術結構,3.242626404886536,8.619553717879826,False,68.4,74.0,7.71653543307087,16.535433070866134,0.8952360743531541,1.9183630164710426,61.12,68.07,75.02,🟢 A 高一致,✅ 技術×基本面共振,共振目標,68.4,74.0,🔴 過熱,59.88832381698012,59.97122620541741,6.030685036464267,5.884111461212416,False,NO,🔴 不追,等待回到合理價格區,
6435,大中,252.0,248.52650334045086,254.52650334045086,242.20025885227722,技術結構,2.545500943819848,3.8887861697312633,False,257.5,271.5,2.182539682539675,7.738095238095233,0.5612393140892342,1.9898484772254728,308.8,402.83,496.86,🟡 B 中等,🔵 技術低於基本面,技術目標,257.5,271.5,🟢 合理,248.52650334045086,248.20025885227722,1.3976363135769443,1.530917479817906,False,NO,🔴 不追,第一目標風報不足,
6438,迅得,164.0,155.5587891464379,159.33557486072363,148.60385092336327,技術結構,4.470938775775302,9.387895778437032,False,167.0,172.0,1.8292682926829285,4.878048780487809,0.19485391996836576,0.5196104532489754,136.01,151.97,167.93,🟢 A 高一致,✅ 技術×基本面共振,共振目標,167.0,167.93,🔴 過熱,155.5587891464379,152.380636637649,5.426379891409305,7.625223006503834,False,NO,🔴 不追,等待回到合理價格區,
6441,廣錠,24.7,24.417798560688937,25.56154851981718,22.66308088442783,技術結構,7.186223900978879,8.246636095433878,False,25.95,26.9,5.06072874493928,8.906882591093112,0.6136718883159378,1.080062523436048,,,,,⚪ 基本面不足,技術目標,25.95,26.9,🟢 合理,24.417798560688937,23.806830843556074,1.1557202366530683,3.7517347954176827,False,NO,🔴 不追,第一目標風報不足,
6442,光聖,1490.0,1563.4346242622896,1631.4703385480038,1495.3989099765754,技術結構,4.3516827138081995,,True,1635.0,1695.0,9.731543624161066,13.758389261744973,,,437.18,755.07,1072.95,🟠 C 低一致,🔴 基本面背離,技術目標,1635.0,1695.0,🔵 偏便宜,1532.2878761095728,1563.4346242622896,-2.7597866411982808,-4.69700639365972,False,NO,🔴 結構失效,現價已跌破防守位，等待重新形成結構,
6443,元晶,28.75,27.100715376119805,28.107858069775638,25.25339670484562,技術結構,6.816494124365353,12.162098417928277,False,30.2,31.15,5.043478260869572,8.347826086956523,0.4146881637986852,0.6863804090460989,,,,,⚪ 基本面不足,技術目標,30.2,31.15,🔴 過熱,27.100715376119805,26.260539398501454,6.085760471598056,9.479853264707149,False,NO,🔴 不追,等待回到合理價格區,
6446,藥華藥,1215.0,1242.4123793314648,1278.573093617179,1206.2516650457505,技術結構,2.910524306363729,0.7200275682509842,False,1365.0,1390.0,12.34567901234569,14.403292181069949,6.172839506172845,7.201646090534974,207.47,314.44,421.4,🟡 B 中等,🔴 基本面背離,技術目標,1365.0,1390.0,🔵 偏便宜,1198.565589230226,1242.4123793314648,1.3711732522146747,-2.2063833061785165,False,B,🟡 B 等確認,等支撐或量價確認,
6449,鈺邦,209.5,216.94475639130263,223.9893992484455,209.90011353415977,技術結構,3.247205866749072,,True,223.0,243.0,6.443914081145574,15.990453460620536,,,220.2,264.15,308.1,🟢 A 高一致,✅ 技術×基本面共振,共振目標,223.0,243.0,🔵 偏便宜,211.67294811557173,216.94475639130263,-1.0265591965891274,-3.4316369361214516,False,NO,🔴 結構失效,現價已跌破防守位，等待重新形成結構,
6451,訊芯-KY,420.5,426.0349718002484,441.70461465739123,410.36532894310557,技術結構,3.6780179784136906,2.4101476948619345,False,450.0,471.5,7.015457788347201,12.128418549346009,2.910799949440062,5.03223042106587,255.87,255.87,255.87,🟠 C 低一致,🔴 基本面背離,技術目標,450.0,471.5,🔵 偏便宜,421.133894932261,426.0349718002484,-0.15052099578993783,-1.299182500643059,False,B,🟡 B 等確認,等支撐或量價確認,
6456,GIS-KY,92.0,78.98222130750939,82.42686408290874,69.98012288568124,技術結構,11.397626292098547,23.934649037303,False,97.8,106.0,6.304347826086953,15.217391304347828,0.26339838182968145,0.6357891975199211,,,,,⚪ 基本面不足,技術目標,97.8,106.0,🔴 過熱,78.98222130750939,73.42476566108058,16.481910076708516,25.298322945503628,True,NO,🟠 高位延伸,不追，等待回踩 EMA9/EMA20 或重新整理,
6461,益得,24.45,24.4884347485536,25.38039934080606,23.311945697834215,技術結構,4.804263983384544,4.654618822763943,False,26.7,28.15,9.202453987730053,15.132924335378316,1.977058560139104,3.2511629655620835,,,,,⚪ 基本面不足,技術目標,26.7,28.15,🔵 偏便宜,24.4884347485536,24.203910290086675,-0.15695061341506333,1.0167353413721658,False,B,🟡 B 等確認,等支撐或量價確認,
6462,神盾,106.0,100.78970243146178,102.83613083940332,97.82261070269853,技術結構,2.9438441201678405,7.71451820500139,False,121.5,135.0,14.622641509433954,27.35849056603774,1.8954704779818872,3.5463641200951463,,,,,⚪ 基本面不足,技術目標,121.5,135.0,🔴 過熱,100.78970243146178,99.86903911064007,5.169474105830685,6.139000579116138,False,NO,🔴 不追,等待回到合理價格區,
6464,台數科,76.8,77.30012093874339,78.00190657128559,76.5983353062012,技術結構,0.9078713254515197,0.26258423671719305,False,78.0,78.8,1.5625,2.604166666666674,0.78125,1.302083333333337,65.41,68.11,70.81,🟢 A 高一致,🔴 基本面背離,技術目標,78.0,78.8,🔵 偏便宜,77.02055502060517,77.30012093874339,-0.2863586487349634,-0.6469859719103299,False,NO,🔴 不追,第一目標風報不足,
6465,威潤,41.675,43.14050557217046,44.19318463406011,42.08782651028081,技術結構,2.4401175830649557,,True,44.45,46.95,6.6586682663467345,12.657468506298763,,,39.09,68.16,97.23,🟠 C 低一致,🟡 共振但估值分歧,共振目標,44.45,46.95,🔵 偏便宜,42.016101023221914,43.14050557217046,-0.8118340705468907,-3.3970523820561094,False,NO,🔴 結構失效,現價已跌破防守位，等待重新形成結構,
6469,大樹,64.4,65.80402154748147,66.39330791571528,65.21473517924765,技術結構,0.8955172562038778,,True,65.4,67.9,1.552795031055898,5.434782608695654,,,52.5,55.45,58.4,🟢 A 高一致,🔴 基本面背離,技術目標,65.4,67.9,🔵 偏便宜,64.70835598634804,65.80402154748147,-0.4765319434372417,-2.1336409454373206,False,NO,🔴 結構失效,現價已跌破防守位，等待重新形成結構,
6470,宇智,42.7,42.86147712648298,43.36504871854144,42.26923338717925,技術結構,1.381762316674338,1.008821107308558,False,43.0,43.6,0.7025761124121788,2.1077283372365363,0.3512880562060894,1.0538641686182681,36.89,49.24,61.58,🟡 B 中等,✅ 技術×基本面共振,共振目標,43.0,43.6,🔵 偏便宜,42.86147712648298,42.772804979237705,-0.37674186077737426,-0.1702132447779392,False,NO,🔴 不追,第一目標風報不足,
6472,保瑞,424.0,423.06895515703997,432.63145515703997,412.1134626568783,技術結構,2.58952881477561,2.8034286186607758,False,426.5,436.0,0.5896226415094352,2.8301886792452935,0.21032197416572837,1.0095454759954978,158.66,196.44,234.23,🟡 B 中等,🔴 基本面背離,技術目標,426.5,436.0,🟢 合理,423.06895515703997,421.6759626568783,0.2200692893229217,0.5511429507336629,False,NO,🔴 不追,第一目標風報不足,
6474,華豫寧,35.7,36.0376684996391,36.30284735716997,35.77248964210823,技術結構,0.7358379955504769,,True,36.15,36.95,1.2605042016806678,3.5014005602240994,,,58.74,92.78,126.83,🟠 C 低一致,🔵 技術低於基本面,技術目標,36.15,36.95,🔵 偏便宜,35.585621696278665,36.0376684996391,0.32141718556317755,-0.9369876401479238,False,NO,🔴 結構失效,現價已跌破防守位，等待重新形成結構,
6477,安集,35.6,34.84936826405611,35.71722512081096,33.98151140730126,技術結構,2.4903087200291147,4.546316271625671,False,37.6,40.1,5.617977528089879,12.64044943820224,1.2357207885321633,2.78037177419737,5.44,21.59,37.74,🟠 C 低一致,🟡 共振但估值分歧,共振目標,37.6,37.74,🟢 合理,34.670414361141084,34.84936826405611,2.6812071790546677,2.1539321179549153,False,B,🟡 B 等確認,等支撐或量價確認,
6482,弘煜科,23.5,24.45408241973709,24.810332235814187,24.097832603659995,技術結構,1.4568112185209763,,True,24.9,25.85,5.957446808510625,10.000000000000009,,,13.13,19.26,25.39,🟡 B 中等,✅ 技術×基本面共振,共振目標,24.9,25.39,🔵 偏便宜,23.84349505096715,24.45408241973709,-1.4406237434273161,-3.901526147499379,False,NO,🔴 結構失效,現價已跌破防守位，等待重新形成結構,
6485,點序,77.0,68.8664171165535,71.56641789311688,63.03010154198077,技術結構,8.474835513360626,18.142725270154845,False,84.3,90.7,9.480519480519467,17.792207792207805,0.5225521160327062,0.9806799985819303,,,,,⚪ 基本面不足,技術目標,84.3,90.7,🔴 過熱,68.8664171165535,65.73010231854414,11.810666539658587,17.14571753873009,False,NO,🔴 不追,等待回到合理價格區,
6486,互動,80.6,80.79678541603286,81.52535659937375,79.50528689702581,技術結構,1.598452849772377,1.3582048423997304,False,81.2,81.8,0.7444168734491496,1.488833746898277,0.3722084367245748,0.7444168734491385,56.72,83.57,110.43,🟡 B 中等,✅ 技術×基本面共振,共振目標,81.2,81.8,🔵 偏便宜,80.79678541603286,80.2338580803667,-0.24355599671397332,0.456343404634163,False,NO,🔴 不追,第一目標風報不足,
6488,環球晶,1035.0,961.3717854074694,999.4074996931837,916.4759313452006,技術結構,4.6699783313528425,11.451600836212503,False,1120.0,1380.0,8.212560386473422,33.33333333333333,0.7171539162021334,2.9108011892910146,584.25,672.33,760.41,🟢 A 高一致,🔴 基本面背離,技術目標,1120.0,1380.0,🔴 過熱,961.3717854074694,954.5116456309149,7.658661894401653,8.432411981300003,False,NO,🔴 不追,等待回到合理價格區,
6491,晶碩,413.0,402.17918612571884,410.134543268576,385.2698908159603,技術結構,4.204418302361572,6.7143121510991985,False,426.5,445.0,3.2687651331719136,7.748184019370452,0.48683544339486584,1.15398031026931,316.68,402.09,487.49,🟡 B 中等,✅ 技術×基本面共振,共振目標,426.5,445.0,🔴 過熱,402.17918612571884,393.2252479588175,2.6905454701722453,5.02886123000259,False,NO,🔴 不追,等待回到合理價格區,
6492,生華科,34.35,34.455283468886314,34.8972480407029,34.01331889706973,技術結構,1.2827193025873234,0.9801487712671644,False,34.95,36.8,1.7467248908296984,7.132459970887917,0.8733624454148492,3.5662299854439583,,,,,⚪ 基本面不足,技術目標,34.95,36.8,🔵 偏便宜,34.15858674073803,34.455283468886314,0.5603664481636406,-0.3055655280891356,False,C,🟠 C 觀察,條件未齊，不急進,
6494,九齊,51.8,51.775629270578584,52.82295147571338,50.728307065443786,技術結構,2.0228092248990523,2.068905279066044,False,53.0,55.7,2.316602316602312,7.528957528957547,1.1197237205794577,3.6391020918832533,118.48,133.62,148.77,🟢 A 高一致,🔵 技術低於基本面,技術目標,53.0,55.7,🟢 合理,51.26756202264636,51.775629270578584,1.038547487626662,0.04706988551321789,False,B,🟡 B 等確認,等支撐或量價確認,
6498,久禾光,66.8,68.9854627643708,70.39439100882531,67.57653451991628,技術結構,2.042355284716869,,True,68.6,77.0,2.6946107784431073,15.269461077844326,,,58.18,134.54,210.89,🟠 C 低一致,🟡 共振但估值分歧,共振目標,68.6,77.0,🔵 偏便宜,67.2746861121685,68.9854627643708,-0.7055939456589111,-3.168004789408374,False,NO,🔴 結構失效,現價已跌破防守位，等待重新形成結構,
6499,益安,77.7,74.26607392050165,76.12500241018671,70.78225232335697,技術結構,4.691000093628149,8.903150162989744,False,78.5,82.9,1.029601029601035,6.692406692406694,0.11564457644228784,0.7516897468748672,,,,,⚪ 基本面不足,技術目標,78.5,82.9,🔴 過熱,74.26607392050165,72.64118081304203,4.623815287683319,6.964120255668682,False,NO,🔴 不追,等待回到合理價格區,
6504,南六,36.95,37.19812409699351,37.924016872392855,36.472231321594165,技術結構,1.951423070439227,1.2930140146301419,False,37.15,38.25,0.5412719891745521,3.518267929634633,0.27063599458727605,1.7591339648173165,0.23,26.51,52.79,🟠 C 低一致,🟡 共振但估值分歧,共振目標,37.15,38.25,🔵 偏便宜,37.03743620036249,37.19812409699351,-0.2360751966995811,-0.6670338975872214,False,NO,🔴 不追,第一目標風報不足,
6505,台塑化,97.3,89.40993788790838,92.92958107202529,81.41573836477488,技術結構,8.941063725103675,16.325037651824374,False,97.9,106.5,0.6166495375128589,9.455292908530332,0.037773238302084185,0.5791896539652803,125.16,148.4,171.64,🟡 B 中等,🔵 技術低於基本面,技術目標,97.9,106.5,🔴 過熱,89.40993788790838,84.9353815488918,8.824591872531261,14.557676937014396,False,NO,🔴 不追,等待回到合理價格區,
6506,雙邦,18.575,18.307781561560006,18.45510290838792,17.98075838911707,技術結構,1.7862523175913918,3.1991472995043257,False,18.75,18.85,0.9421265141319024,1.4804845222072816,0.29449300889580016,0.4627747282648308,18.24,21.48,24.73,🟢 A 高一致,✅ 技術×基本面共振,共振目標,18.75,18.85,🔴 過熱,18.307781561560006,18.128079735944986,1.4595893966806939,2.4653480708651365,False,NO,🔴 不追,等待回到合理價格區,
6508,惠光,26.95,27.001040739564342,27.66800500484275,25.88943547886172,技術結構,4.116897831548387,3.935304345596581,False,27.85,28.7,3.3395176252319247,6.493506493506485,0.8486046648383591,1.6500646260745782,29.03,40.33,51.63,🟠 C 低一致,🔵 技術低於基本面,技術目標,27.85,28.7,🔵 偏便宜,27.001040739564342,26.55639974414013,-0.18903248973493048,1.4821295795064193,False,C,🟠 C 觀察,條件未齊，不急進,
6509,聚和,49.1,47.45063974261001,48.16314019219933,46.14377174779059,技術結構,2.7541630669435864,6.020831470894936,False,49.4,59.2,0.6109979633401208,20.570264765784117,0.10148066198061215,3.4165156200139504,62.59,95.83,129.06,🟡 B 中等,🔵 技術低於基本面,技術目標,49.4,59.2,🔴 過熱,47.45063974261001,46.85627219737991,3.4759494631405152,4.788532457657935,False,NO,🔴 不追,等待回到合理價格區,
6510,精測,3065.0,3306.413990156197,3483.4675615847686,3101.6548380157506,技術結構,6.192786285989964,,True,3100.0,3390.0,1.1419249592169667,10.603588907014672,,,1587.22,1653.82,1720.42,🟢 A 高一致,🔴 基本面背離,技術目標,3100.0,3390.0,🔵 偏便宜,3306.413990156197,3278.708409444322,-7.3013842451347895,-6.51806695675452,False,NO,🔴 結構失效,現價已跌破防守位，等待重新形成結構,
6512,啟發電,20.25,20.326334882271862,20.495085086630645,20.15758467791308,技術結構,0.8302047827912313,0.4563719609230691,False,20.4,20.6,0.7407407407407307,1.7283950617283939,0.37037037037036535,0.8641975308641969,,,,,⚪ 基本面不足,技術目標,20.4,20.6,🔵 偏便宜,20.287023745682554,20.326334882271862,-0.18249964187295742,-0.3755467117608102,False,NO,🔴 不追,第一目標風報不足,
6515,穎崴,5930.0,6278.538553440802,6594.342124869374,5962.734982012231,技術結構,5.029889818156854,,True,6700.0,7180.0,12.98482293423271,21.079258010118053,,,1017.9,1883.49,2749.07,🟠 C 低一致,🔴 基本面背離,技術目標,6700.0,7180.0,🔵 偏便宜,6025.63508572838,6278.538553440802,-1.5871370298359055,-5.551268825924371,False,NO,🔴 結構失效,現價已跌破防守位，等待重新形成結構,
6516,勤崴國際,56.5,57.35480408349874,58.420875062480846,56.28873310451664,技術結構,1.8587300506337496,0.3739237088201103,False,58.6,59.4,3.7168141592920367,5.132743362831849,1.8584070796460184,2.5663716814159243,37.39,40.83,44.27,🟢 A 高一致,🔴 基本面背離,技術目標,58.6,59.4,🔵 偏便宜,57.05777363298689,57.35480408349874,-0.9775594059709736,-1.4903792230800628,False,B,🟡 B 等確認,等支撐或量價確認,
6517,保勝光學,63.6,64.62652748559907,66.1050995681186,63.147955403079536,技術結構,2.287871776568854,0.7107619448434997,False,65.7,67.3,3.301886792452824,5.817610062893075,1.650943396226412,2.9088050314465375,44.05,59.4,74.75,🟡 B 中等,✅ 技術×基本面共振,共振目標,65.7,67.3,🔵 偏便宜,63.789362941508,64.62652748559907,-0.296856611785945,-1.5883995714110033,False,A,🟢 A 可執行候選,等回踩或突破確認分批,
6523,達爾膚,91.0,90.04580147869267,90.57615878503684,89.39286778919785,技術結構,0.7251128634235302,1.7660793525298342,False,91.9,96.8,0.9890109890109855,6.373626373626373,0.49450549450549275,3.1868131868131866,56.59,66.44,76.28,🟢 A 高一致,🔴 基本面背離,技術目標,91.9,96.8,🔴 過熱,90.04580147869267,89.92322509554202,1.059681301779647,1.1974380404105034,False,NO,🔴 不追,等待回到合理價格區,
6525,捷敏-KY,135.5,133.66155711692335,137.25084283120907,130.07227140263763,技術結構,2.6853538083099817,4.005703761891052,False,138.5,150.0,2.2140221402213944,10.701107011070121,0.5527173929547344,2.6714673992812283,156.95,216.51,276.06,🟡 B 中等,🔵 技術低於基本面,技術目標,138.5,150.0,🟢 合理,133.04973589697894,133.66155711692335,1.841615157295995,1.3754462560004788,False,NO,🔴 不追,第一目標風報不足,
6526,達發,840.0,770.1573671935909,797.2645100507337,684.3446639053909,技術結構,11.142229749862226,18.53039715412013,False,862.0,926.0,2.6190476190476097,10.238095238095246,0.14133791074549523,0.5525027420051201,470.62,574.72,678.82,🟡 B 中等,🔴 基本面背離,技術目標,862.0,926.0,🔴 過熱,770.1573671935909,711.4518067625338,9.068618412482587,18.068433028854834,False,NO,🔴 不追,等待回到合理價格區,
6527,明達醫,75.0,74.92957089601096,75.96885701901424,73.83121697845233,技術結構,1.4658484019385984,1.5583773620635573,False,75.5,77.2,0.6666666666666599,2.9333333333333433,0.33333333333332993,1.4666666666666717,81.14,92.43,103.71,🟢 A 高一致,🔵 技術低於基本面,技術目標,75.5,77.2,🟢 合理,74.92957089601096,74.87050310145561,0.09399373724798821,0.1729611705278744,False,NO,🔴 不追,第一目標風報不足,
6530,創威,104.5,99.66377252594539,102.95305848546164,93.08905643380716,技術結構,6.596896671181739,10.91956322123717,False,110.0,118.0,5.263157894736836,12.91866028708133,0.4819934449851126,1.1830748195089131,40.46,52.63,64.8,🟡 B 中等,🔴 基本面背離,技術目標,110.0,118.0,🔴 過熱,99.66377252594539,96.37834239332341,4.8525430570025785,8.42684923292396,False,NO,🔴 不追,等待回到合理價格區,
6531,愛普*,927.0,949.4057936575614,993.3879365147043,897.9774358900136,技術結構,5.416899508209382,3.130805189858299,False,932.0,995.0,0.5393743257820827,7.335490830636471,0.1722797469255808,2.3430045581879457,331.47,465.16,598.84,🟡 B 中等,🔴 基本面背離,技術目標,932.0,995.0,🔵 偏便宜,949.4057936575614,941.9595787471565,-2.3599807171224008,-1.5881338312895843,False,NO,🔴 不追,第一目標風報不足,
6532,瑞耘,118.5,103.17875223188027,106.73053810965301,94.87242773602877,技術結構,8.0504215414276,19.93887954765505,False,124.5,133.0,5.063291139240511,12.23628691983123,0.25394060519493883,0.6136897958877685,135.88,153.17,170.45,🟢 A 高一致,🔵 技術低於基本面,技術目標,124.5,133.0,🔴 過熱,103.17875223188027,98.42421361380151,14.849227613925109,20.397202729982865,True,NO,🟠 高位延伸,不追，等待回踩 EMA9/EMA20 或重新整理,
6533,晶心科,333.5,279.2805702520723,292.45914168064377,251.07292808605803,技術結構,10.100109055404289,24.715763692336424,False,355.5,386.5,6.596701649175407,15.892053973013498,0.2669026023752135,0.6429926329948332,,,,,⚪ 基本面不足,技術目標,355.5,386.5,🔴 過熱,279.2805702520723,264.2514995146295,19.41396413613394,26.2055279203957,True,NO,🟠 高位延伸,不追，等待回踩 EMA9/EMA20 或重新整理,
6534,正瀚-創,90.6,90.80598675996282,91.79705786156019,89.81491565836545,技術結構,1.0914160364967727,0.8665390084266491,False,91.9,93.2,1.4348785871964864,2.8697571743929506,0.7174392935982432,1.4348785871964753,43.5,103.85,164.21,🟠 C 低一致,🟡 共振但估值分歧,共振目標,91.9,93.2,🔵 偏便宜,90.3889419001504,90.80598675996282,0.23349991206085274,-0.22684270862816103,False,NO,🔴 不追,第一目標風報不足,
6535,順藥,82.2,79.80366912581272,82.04831206469909,77.26382198967951,技術結構,3.182619501027032,6.005082737616166,False,82.8,84.6,0.7299270072992581,2.9197080291970767,0.12155153212576997,0.48620612850308725,,,,,⚪ 基本面不足,技術目標,82.8,84.6,🔴 過熱,79.80366912581272,79.50846492856589,3.0027828299591164,3.3852182580210943,False,NO,🔴 不追,等待回到合理價格區,
6538,倉和,356.0,378.2571737755036,404.1321737755036,319.3263427618402,技術結構,15.579567315394518,10.301589111842645,False,398.5,468.0,11.938202247191022,31.46067415730338,1.158869968271879,3.053963210504715,106.88,117.02,127.16,🟢 A 高一致,🔴 基本面背離,技術目標,398.5,468.0,🔵 偏便宜,378.2571737755036,345.2013427618402,-5.884137914252296,3.1282199402132616,False,C,🟠 C 觀察,條件未齊，不急進,
6541,泰福-KY,31.1,31.860538189676404,32.629288291855794,31.091788087497015,技術結構,2.41285975021126,0.02640486335365354,False,31.95,33.5,2.733118971061077,7.717041800643076,1.3665594855305385,3.858520900321538,,,,,⚪ 基本面不足,技術目標,31.95,33.5,🔵 偏便宜,30.96648343874282,31.860538189676404,0.43116475114555186,-2.387085193441074,False,B,🟡 B 等確認,等支撐或量價確認,
6546,正基,59.4,60.124956532212096,61.17495649134034,59.07495657308385,技術結構,1.7463629409290353,0.5472111564244881,False,61.2,62.5,3.0303030303030276,5.218855218855212,1.5151515151515138,2.609427609427606,81.99,86.06,90.13,🟢 A 高一致,🔵 技術低於基本面,技術目標,61.2,62.5,🔵 偏便宜,59.35861023432928,60.124956532212096,0.06972832670328888,-1.2057497818292795,False,B,🟡 B 等確認,等支撐或量價確認,
6547,高端疫苗,62.4,60.693237635089694,63.01288098269363,57.75410501178666,技術結構,4.842603126519942,7.4453445323931655,False,67.9,72.2,8.814102564102576,15.705128205128215,1.1838407914844271,2.1093890466449774,,,,,⚪ 基本面不足,技術目標,67.9,72.2,🟢 合理,60.693237635089694,60.0737483593906,2.812112899911501,3.8723264389840084,False,B,🟡 B 等確認,等支撐或量價確認,
6548,長科*,72.2,72.32676806172717,74.28212602201944,70.37141010143489,技術結構,2.703505234221828,2.5326729897023723,False,73.5,76.7,1.8005540166204925,6.232686980609414,0.7109303190508164,2.4609126428682173,72.37,77.42,82.47,🟢 A 高一致,✅ 技術×基本面共振,共振目標,73.5,76.7,🔵 偏便宜,72.26495034003943,72.32676806172717,-0.08987806638461882,-0.17527129322157942,False,NO,🔴 不追,第一目標風報不足,
6552,易華電,25.0,24.504162384508458,24.87380530295895,24.00836892518769,技術結構,2.0233030272204275,3.9665242992492438,False,25.25,25.85,1.0000000000000009,3.400000000000003,0.2521098887984309,0.8571736219146651,,,,,⚪ 基本面不足,技術目標,25.25,25.85,🔴 過熱,24.504162384508458,24.37801184363818,2.0234832258743563,2.551431020508499,False,NO,🔴 不追,等待回到合理價格區,
6556,勝品,62.0,61.56725619417341,62.076184847345495,60.92265938826662,技術結構,1.0469799139234615,1.7376461479570702,False,62.5,65.8,0.8064516129032251,6.129032258064515,0.40322580645161255,3.0645161290322576,98.05,165.62,233.2,🟠 C 低一致,🔵 技術低於基本面,技術目標,62.5,65.8,🟢 合理,61.56725619417341,61.4315880414387,0.702879797764222,0.9252763548581511,False,NO,🔴 不追,第一目標風報不足,
6558,興能高,25.0,24.560449563220626,25.0586639511143,23.98407379297061,技術結構,2.3467639253360506,4.063704828117565,False,25.95,26.3,3.8000000000000034,5.200000000000005,0.9351072877407491,1.2796204990136566,,,,,⚪ 基本面不足,技術目標,25.95,26.3,🟢 合理,24.560449563220626,24.482288180864284,1.7896677161708174,2.114638204203345,False,C,🟠 C 觀察,條件未齊，不急進,
6560,欣普羅,32.2,32.70830053649321,33.503836250778924,31.60798617646349,技術結構,3.3640217986932126,1.8385522470077995,False,33.55,35.8,4.192546583850909,11.180124223602462,2.0962732919254545,5.590062111801231,22.2,29.4,36.6,🟡 B 中等,✅ 技術×基本面共振,共振目標,33.55,35.8,🔵 偏便宜,32.70830053649321,32.403521890749204,-1.5540414150410853,-0.6280857106687021,False,A,🟢 A 可執行候選,等回踩或突破確認分批,
6561,是方,307.0,314.42840536232535,317.4551910766111,311.4016196480396,技術結構,0.9626311308604151,,True,317.0,323.5,3.2573289902280145,5.374592833876224,,,134.69,271.79,408.89,🟠 C 低一致,🟡 共振但估值分歧,共振目標,317.0,323.5,🔵 偏便宜,311.025549491492,314.42840536232535,-1.2942825752011333,-2.3625109041167547,False,NO,🔴 結構失效,現價已跌破防守位，等待重新形成結構,
6568,宏觀,142.5,141.01542637433306,145.08685494576164,134.4690523278283,技術結構,4.642310571842721,5.635752752401188,False,143.5,147.0,0.7017543859649145,3.157894736842115,0.12451830603567955,0.560332377160558,138.08,177.19,216.29,🟡 B 中等,✅ 技術×基本面共振,共振目標,143.5,147.0,🟢 合理,141.01542637433306,138.5404808992569,1.0527739154764904,2.858023211008165,False,NO,🔴 不追,第一目標風報不足,
6569,醫揚,92.2,91.79975916063195,92.68368732334297,90.91583099792093,技術結構,0.9628872349918814,1.392808028285323,False,94.2,100.0,2.1691973969631295,8.459869848156188,1.0845986984815648,4.229934924078094,95.61,102.9,110.18,🟢 A 高一致,✅ 技術×基本面共振,共振目標,95.61,100.0,🟢 合理,91.72662345234279,91.79975916063195,0.5160732291679349,0.4359933435856833,False,B,🟡 B 等確認,等支撐或量價確認,
6570,維田,47.55,48.411433433067344,49.24179053505273,47.58107633108196,技術結構,1.7152086668398685,,True,51.6,52.9,8.517350157728721,11.251314405888536,,,51.9,63.28,74.66,🟡 B 中等,✅ 技術×基本面共振,共振目標,51.9,52.9,🔵 偏便宜,47.3782712611606,48.411433433067344,0.36246307488254637,-1.779400798487707,False,NO,🔴 結構失效,現價已跌破防守位，等待重新形成結構,
6573,虹揚-KY,16.45,16.42483091567929,16.80786666061882,16.04179517073976,技術結構,2.33205289543578,2.481488323770448,False,17.2,18.0,4.5592705167173175,9.42249240121582,1.83731290332643,3.7971133335413008,29.63,29.63,29.63,🟠 C 低一致,🔵 技術低於基本面,技術目標,17.2,18.0,🟢 合理,16.21155766324022,16.42483091567929,1.4708169425350581,0.15323801170263884,False,B,🟡 B 等確認,等支撐或量價確認,
6574,霈方,118.5,120.2745792420465,121.9620792420465,118.5870792420465,技術結構,1.4030396203706452,,True,120.5,122.0,1.6877637130801704,2.9535864978903037,,,117.78,249.19,380.61,🟠 C 低一致,🟡 共振但估值分歧,共振目標,120.5,122.0,🔵 偏便宜,119.5587087363475,120.2745792420465,-0.8855136924255103,-1.4754399917502492,False,NO,🔴 結構失效,現價已跌破防守位，等待重新形成結構,
6576,逸達,79.5,80.8168879546846,81.89367276979168,79.74010313957753,技術結構,1.332375995114841,,True,79.9,80.7,0.5031446540880502,1.5094339622641506,,,11.31,27.44,43.58,🟠 C 低一致,🔴 基本面背離,技術目標,79.9,80.7,🔵 偏便宜,80.56618577548687,80.8168879546846,-1.3233663294648257,-1.6294712503938547,False,NO,🔴 結構失效,現價已跌破防守位，等待重新形成結構,
6577,勁豐,80.0,79.62530366414298,80.32708929668517,78.92351803160078,技術結構,0.8813600705402734,1.3456024604990269,False,80.4,81.0,0.5000000000000115,1.2499999999999956,0.2500000000000058,0.6249999999999978,58.12,111.13,164.15,🟠 C 低一致,🟡 共振但估值分歧,共振目標,80.4,81.0,🟢 合理,79.59089111985148,79.62530366414298,0.5140146999139228,0.47057445135465503,False,NO,🔴 不追,第一目標風報不足,
6578,達邦蛋白,16.45,17.145149950745434,17.429078276943468,16.8612216245474,技術結構,1.6560270806245638,,True,16.8,17.25,2.1276595744680993,4.863221884498481,,,,,,,⚪ 基本面不足,技術目標,16.8,17.25,🔵 偏便宜,16.81370696921531,17.145149950745434,-2.16315753498757,-4.054499101742826,False,NO,🔴 結構失效,現價已跌破防守位，等待重新形成結構,
6579,研揚,159.0,153.83071313063252,156.45571313063252,149.634506484358,技術結構,2.7278080955856323,5.8902474941144565,False,181.5,186.5,14.150943396226424,17.295597484276737,2.402436130292669,2.936310825913261,159.01,199.55,240.09,🟡 B 中等,✅ 技術×基本面共振,共振目標,181.5,186.5,🔴 過熱,153.83071313063252,152.259506484358,3.360373727824917,4.426977120364217,False,NO,🔴 不追,等待回到合理價格區,
6581,鋼聯,108.5,109.136075553275,109.91286126756071,108.3592898389893,技術結構,0.7117588848121249,0.1296867843416608,False,110.0,111.5,1.382488479262678,2.764976958525356,0.691244239631339,1.382488479262678,92.75,127.87,162.99,🟡 B 中等,✅ 技術×基本面共振,共振目標,110.0,111.5,🔵 偏便宜,108.91899503801201,109.136075553275,-0.3846850017903525,-0.5828279512987478,False,NO,🔴 不追,第一目標風報不足,
6582,申豐,31.1,31.383438179535368,31.7316524243779,31.035223934692837,技術結構,1.1095477903042363,0.20828316819023884,False,31.45,31.8,1.12540192926045,2.2508038585209,0.562700964630225,1.12540192926045,51.11,51.11,51.11,🟠 C 低一致,🔵 技術低於基本面,技術目標,31.45,31.8,🔵 偏便宜,31.122391137631602,31.383438179535368,-0.0719454283977794,-0.9031457226384876,False,NO,🔴 不追,第一目標風報不足,
6584,南俊國際,540.0,565.1586670975292,581.3908099546721,548.9265242403864,技術結構,2.872139065035645,,True,570.0,584.0,5.555555555555558,8.148148148148149,,,164.42,292.02,419.62,🟠 C 低一致,🔴 基本面背離,技術目標,570.0,584.0,🔵 偏便宜,551.2754809427314,565.1586670975292,-2.0453441759189617,-4.451611301784675,False,NO,🔴 結構失效,現價已跌破防守位，等待重新形成結構,
6585,鼎基,104.0,106.98689547020744,108.80832404163601,105.16546689877887,技術結構,1.7024781992443,,True,105.5,107.0,1.4423076923076872,2.8846153846153744,,,86.51,121.81,157.11,🟡 B 中等,✅ 技術×基本面共振,共振目標,105.5,107.0,🔵 偏便宜,104.97557949564788,106.98689547020744,-0.9293394714609104,-2.7918330156978866,False,NO,🔴 結構失效,現價已跌破防守位，等待重新形成結構,
6588,東典光電,108.0,110.57038523640384,115.47217095068955,104.59120948737393,技術結構,5.407574312277372,3.156287511690805,False,114.0,118.0,5.555555555555558,9.259259259259256,1.7601550983482739,2.9335918305804545,12.59,37.21,61.82,🟠 C 低一致,🔴 基本面背離,技術目標,114.0,118.0,🔵 偏便宜,110.57038523640384,109.49299520165964,-2.3246597458336127,-1.3635531651224886,False,B,🟡 B 等確認,等支撐或量價確認,
6589,台康生技,53.4,51.656105837265535,53.18824893963893,48.99551618575198,技術結構,5.150581152778579,8.248097030427,False,53.9,57.5,0.9363295880149725,7.677902621722854,0.11352068053526514,0.9308695803891839,,,,,⚪ 基本面不足,技術目標,53.9,57.5,🔴 過熱,51.656105837265535,50.52765928812538,3.3759690833612854,5.684689835908663,False,NO,🔴 不追,等待回到合理價格區,
6590,普鴻,65.9,66.28053995001599,68.50375472619136,62.49394097320391,技術結構,5.712987521929755,5.168526596048699,False,67.0,69.2,1.6691957511380862,5.0075872534142585,0.32295388639659395,0.968861659189782,80.44,82.06,83.68,🟢 A 高一致,🔵 技術低於基本面,技術目標,67.0,69.2,🔵 偏便宜,66.28053995001599,64.71715574937927,-0.5741352594637261,1.8277135898885355,False,NO,🔴 不追,第一目標風報不足,
6591,動力-KY,42.85,43.494490961917634,44.44270553373421,42.35932065267535,技術結構,2.6099174496287407,1.1451093286456264,False,43.25,45.3,0.933488914819125,5.717619603267199,0.4667444574095625,2.8588098016335994,18.1,53.3,88.51,🟠 C 低一致,🟡 共振但估值分歧,共振目標,43.25,45.3,🔵 偏便宜,43.494490961917634,43.30753522449193,-1.481776077071295,-1.0564794835822844,False,NO,🔴 不追,第一目標風報不足,
6592,和潤企業,56.9,64.25748219486117,68.74141076628975,57.86746142789412,技術結構,9.944399544926572,,True,60.0,64.0,5.448154657293491,12.478031634446406,,,55.22,59.18,63.14,🟢 A 高一致,✅ 技術×基本面共振,共振目標,60.0,63.14,🔵 偏便宜,64.25748219486117,62.35138999932269,-11.450000752518697,-8.743012785090931,False,NO,🔴 結構失效,現價已跌破防守位，等待重新形成結構,
6593,台灣銘板,32.15,32.05289715119444,32.35557566131538,31.719338769911655,技術結構,1.0406497101007248,1.3395372631052682,False,32.45,32.9,0.9331259720062324,2.3328149300155587,0.4665629860031162,1.1664074650077794,,,,,⚪ 基本面不足,技術目標,32.45,32.9,🟢 合理,32.05289715119444,32.02201728003259,0.3029456225049465,0.39967101025584206,False,NO,🔴 不追,第一目標風報不足,
6596,寬宏藝術,97.3,96.54544266004316,97.31687123147174,94.99040547402133,技術結構,1.6106790161990847,2.3736839938115804,False,98.2,100.0,0.9249743062692772,2.7749229188078095,0.3896787898813714,1.1690363696441048,67.27,146.56,225.85,🟠 C 低一致,🟡 共振但估值分歧,共振目標,98.2,100.0,🟢 合理,96.54544266004316,95.7618340454499,0.7815566630252846,1.6062411187948378,False,NO,🔴 不追,第一目標風報不足,
6597,立誠,68.7,70.18368298014886,72.0158257555482,68.35154020474951,技術結構,2.610496767343431,0.50721949818121,False,69.8,72.5,1.6011644832605532,5.5312954876273634,0.8005822416302766,2.7656477438136817,50.63,50.63,50.63,🟠 C 低一致,🔴 基本面背離,技術目標,69.8,72.5,🔵 偏便宜,69.29039488664256,70.18368298014886,-0.8520587703511162,-2.113999888789686,False,C,🟠 C 觀察,條件未齊，不急進,
6598,ABC-KY,27.4,27.748918474085066,28.35159692289837,27.146240025271762,技術結構,2.171898877342373,0.9261312946286002,False,27.7,28.8,1.0948905109489093,5.109489051094895,0.5474452554744547,2.5547445255474477,,,,,⚪ 基本面不足,技術目標,27.7,28.8,🔵 偏便宜,27.55623170795529,27.748918474085066,-0.5669559960558401,-1.2574128768691462,False,NO,🔴 不追,第一目標風報不足,
6603,富強鑫,28.8,27.79320575972318,28.821777229166365,26.004137777865296,技術結構,6.437069538953762,9.707854937967724,False,30.0,32.45,4.166666666666674,12.673611111111116,0.4292056992292613,1.3055006684890014,4.84,13.14,21.44,🟠 C 低一致,🔴 基本面背離,技術目標,30.0,32.45,🟢 合理,27.79320575972318,27.032709247308482,3.622447331123735,6.5376013056015925,False,NO,🔴 不追,第一目標風報不足,
6605,帝寶,137.5,138.0769938553586,139.79127956964433,136.14599112160346,技術結構,1.3984970847337217,0.9847337297429393,False,138.5,141.0,0.727272727272732,2.5454545454545396,0.363636363636366,1.2727272727272698,220.66,268.82,316.98,🟡 B 中等,🔵 技術低於基本面,技術目標,138.5,141.0,🔵 偏便宜,138.0769938553586,137.86027683588918,-0.417878343993372,-0.2613347689110368,False,NO,🔴 不追,第一目標風報不足,
6606,建德工業,24.8,25.308200653199616,25.779629122448796,24.836772183950437,技術結構,1.8627498481982308,,True,25.15,25.6,1.4112903225806273,3.2258064516129004,,,31.01,38.38,45.74,🟡 B 中等,🔵 技術低於基本面,技術目標,25.15,25.6,🔵 偏便宜,25.069331961547803,25.308200653199616,-1.0743483789712238,-2.008047352569753,False,NO,🔴 結構失效,現價已跌破防守位，等待重新形成結構,
6609,瀧澤科,39.95,39.64519406291536,40.103229981559856,39.07242667859001,技術結構,1.444733461050503,2.196679152465557,False,40.15,40.6,0.5006257822277815,1.6270337922402955,0.22790118514389238,0.7406788517176528,,,,,⚪ 基本面不足,技術目標,40.15,40.6,🟢 合理,39.64519406291536,39.53046259723451,0.7688345190111301,1.0613015259650416,False,NO,🔴 不追,第一目標風報不足,
6612,奈米醫材,72.15,71.53810948995455,72.58811014390265,70.05743098965952,技術結構,2.0697758311644314,2.900303548635458,False,72.7,73.5,0.7623007623007494,1.8711018711018657,0.26283482039643696,0.6451400137003543,52.87,66.48,80.09,🟡 B 中等,✅ 技術×基本面共振,共振目標,72.7,73.5,🟢 合理,71.53810948995455,71.10743164360763,0.855335029689841,1.4661876154067333,False,NO,🔴 不追,第一目標風報不足,
6613,朋億*,274.0,268.36400055206946,273.560429123498,261.5539248718139,技術結構,2.5376263829150405,4.542363185469388,False,281.5,289.5,2.7372262773722733,5.65693430656935,0.6025996085316151,1.245372524298668,364.95,520.89,676.83,🟡 B 中等,🔵 技術低於基本面,技術目標,281.5,289.5,🔴 過熱,268.36400055206946,266.75035344324243,2.100132445609826,2.7177645552024066,False,NO,🔴 不追,等待回到合理價格區,
6614,資拓宏宇,35.3,35.63080688321127,35.917413780837876,35.344199985584666,技術結構,0.8043794757891101,,True,35.85,36.1,1.5580736543909568,2.2662889518413776,,,24.91,41.4,57.89,🟠 C 低一致,🟡 共振但估值分歧,共振目標,35.85,36.1,🔵 偏便宜,35.486915158218956,35.63080688321127,-0.5267157130609768,-0.9284293905989172,False,NO,🔴 結構失效,現價已跌破防守位，等待重新形成結構,
6616,特昇-KY,8.18,8.316594003280995,8.515344023716873,8.117843982845118,技術結構,2.3898006847210307,0.7598535104508782,False,8.5,8.68,3.9119804400977953,6.112469437652801,1.9559902200488977,3.0562347188264005,,,,,⚪ 基本面不足,技術目標,8.5,8.68,🔵 偏便宜,8.242040133916795,8.316594003280995,-0.7527278793692638,-1.6424272151208452,False,B,🟡 B 等確認,等支撐或量價確認,
6617,共信-KY,138.5,136.96620696865057,141.8679926829363,126.74048259292162,技術結構,7.4658739568289665,8.49062628669919,False,143.5,149.0,3.6101083032491044,7.581227436823101,0.42518751636783764,0.892893784372457,,,,,⚪ 基本面不足,技術目標,143.5,149.0,🟢 合理,136.96620696865057,131.64226830720733,1.1198331802387607,5.209369134227537,False,NO,🔴 不追,第一目標風報不足,
6620,漢達,141.0,132.77586406788848,140.91872121074562,115.21693351401854,技術結構,13.224489764865726,18.285862756015224,False,155.0,174.0,9.92907801418439,23.404255319148938,0.5429920450933151,1.279909820577101,15.78,29.56,43.35,🟠 C 低一致,🔴 基本面背離,技術目標,155.0,174.0,🔴 過熱,132.77586406788848,123.35979065687567,6.1939991803830585,14.29980486282636,False,NO,🔴 不追,等待回到合理價格區,
6624,萬年清,38.25,39.251985853346454,40.43055744540491,38.073414261288,技術結構,3.0025782554336007,0.46166206199215515,False,39.3,40.65,2.7450980392156765,6.2745098039215685,1.3725490196078383,3.1372549019607843,0.29,17.73,35.18,🟠 C 低一致,🔴 基本面背離,技術目標,39.3,40.65,🔵 偏便宜,38.69066421596926,39.251985853346454,-1.138941977086494,-2.552701045725636,False,B,🟡 B 等確認,等支撐或量價確認,
6625,必應,74.0,74.69425612778173,75.34247025000899,74.04604200555447,技術結構,0.8678232515206247,,True,75.5,76.0,2.0270270270270174,2.7027027027026973,,,48.53,94.93,141.33,🟠 C 低一致,🟡 共振但估值分歧,共振目標,75.5,76.0,🔵 偏便宜,74.15724172147964,74.69425612778173,-0.2120382552390554,-0.9294638755007356,False,NO,🔴 結構失效,現價已跌破防守位，等待重新形成結構,
6629,泰金-KY,103.5,104.8929183731932,106.50006123033606,103.28577551605034,技術結構,1.5321747950847255,0.20698017772914404,False,104.5,106.0,0.9661835748792313,2.4154589371980784,0.48309178743961567,1.2077294685990392,91.66,156.98,222.3,🟠 C 低一致,🟡 共振但估值分歧,共振目標,104.5,106.0,🔵 偏便宜,103.89633280390902,104.8929183731932,-0.38146948329451646,-1.3279431965439348,False,NO,🔴 不追,第一目標風報不足,
6637,醫影,53.8,55.23214939244082,55.655363678155105,54.80893510672653,技術結構,0.7662462720891494,,True,54.5,57.5,1.3011152416356975,6.877323420074366,,,76.21,80.89,85.58,🟢 A 高一致,🔵 技術低於基本面,技術目標,54.5,57.5,🔵 偏便宜,54.25851725548476,55.23214939244082,-0.8450604230959002,-2.5929633523131157,False,NO,🔴 結構失效,現價已跌破防守位，等待重新形成結構,
6640,均華,1040.0,1091.0150451209154,1147.5329022637725,1034.4971879780583,技術結構,5.180300436332969,0.5291165405713207,False,1070.0,1130.0,2.8846153846153744,8.653846153846146,1.4423076923076872,4.326923076923073,530.97,647.25,763.53,🟡 B 中等,🔴 基本面背離,技術目標,1070.0,1130.0,🔵 偏便宜,1070.5454517459154,1091.0150451209154,-2.853260615520803,-4.675924988299451,False,B,🟡 B 等確認,等支撐或量價確認,
6641,基士德-KY,17.0,17.098109581873135,17.282931133059833,16.913288030686438,技術結構,1.0809472842695975,0.5100704077268357,False,17.15,17.4,0.8823529411764675,2.35294117647058,0.4411764705882337,1.17647058823529,5.2,38.26,71.32,🟠 C 低一致,🟡 共振但估值分歧,共振目標,17.15,17.4,🔵 偏便宜,16.966682018250026,17.098109581873135,0.19637299569907896,-0.5738036793093704,False,NO,🔴 不追,第一目標風報不足,
6642,富致,81.7,79.19237809980899,80.5638074886727,77.44388649715854,技術結構,2.2079038975780723,5.209441251947929,False,83.8,86.0,2.5703794369644983,5.263157894736836,0.4934078939854394,1.0103114019701867,91.32,119.6,147.87,🟡 B 中等,🔵 技術低於基本面,技術目標,83.8,86.0,🔴 過熱,79.19237809980899,78.81531588602225,3.166493998993891,3.660055258992312,False,NO,🔴 不追,等待回到合理價格區,
6643,M31,555.0,490.47050912258896,511.3097948368747,441.4173250483877,技術結構,10.001250464977671,20.465346838128344,False,590.0,639.0,6.3063063063063085,15.135135135135137,0.3081455865950548,0.7395494078281314,182.48,182.48,182.48,🟠 C 低一致,🔴 基本面背離,技術目標,590.0,639.0,🔴 過熱,490.47050912258896,462.2566107626734,13.156650538041315,20.063182889761165,True,NO,🟠 高位延伸,不追，等待回踩 EMA9/EMA20 或重新整理,
6645,金萬林-創,12.85,12.638220368131538,13.015898980431865,12.26054175583121,技術結構,2.9883844504933577,4.587223690029485,False,13.1,13.5,1.9455252918287869,5.058365758754868,0.42411825175595086,1.102707454565477,,,,,⚪ 基本面不足,技術目標,13.1,13.5,🟢 合理,12.602830734667723,12.638220368131538,1.9612202253289412,1.675707700132234,False,NO,🔴 不追,第一目標風報不足,
6649,台生材,36.5,36.268140089530306,36.92974698715691,35.316555296321894,技術結構,2.623748532070741,3.242314256652344,False,36.9,37.8,1.0958904109588996,3.561643835616435,0.3379963582217336,1.0984881642206377,0.48,10.97,21.45,🟠 C 低一致,🔴 基本面背離,技術目標,36.9,37.8,🟢 合理,36.268140089530306,35.9781621939485,0.6392936331924837,1.4504292999692803,False,NO,🔴 不追,第一目標風報不足,
6651,全宇昕,146.0,148.38970716996454,152.19327859853595,142.78024679259596,技術結構,3.7802220142826624,2.205310416030164,False,149.0,153.5,2.0547945205479534,5.136986301369872,0.9317484312466278,2.3293710781165644,195.65,269.53,343.41,🟡 B 中等,🔵 技術低於基本面,技術目標,149.0,153.5,🔵 偏便宜,148.38970716996454,146.58381822116738,-1.6104265016355757,-0.39828285840289857,False,C,🟠 C 觀察,條件未齊，不急進,
6654,天正國際,216.0,202.57254987158888,209.67076415730315,192.16488301601134,技術結構,5.137747864740297,11.03477638147623,False,218.0,226.0,0.92592592592593,4.629629629629628,0.0839098042331203,0.4195490211655995,90.21,109.19,128.17,🟢 A 高一致,🔴 基本面背離,技術目標,218.0,226.0,🔴 過熱,202.57254987158888,199.26309730172562,6.628464783072929,8.39939904824989,False,NO,🔴 不追,等待回到合理價格區,
6657,華安,32.7,33.04876082305189,34.28090378237414,31.641809497460446,技術結構,4.257198426060446,3.2360565826897747,False,33.9,36.0,3.66972477064218,10.091743119266038,1.1340113118763655,3.1185311076600186,,,,,⚪ 基本面不足,技術目標,33.9,36.0,🔵 偏便宜,33.04876082305189,32.873952456782696,-1.0552916792227363,-0.5291498094467828,False,B,🟡 B 等確認,等支撐或量價確認,
6658,聯策,180.5,176.59166776781194,181.54702491066908,168.48128517832973,技術結構,4.592732314044392,6.658567768238378,False,197.0,260.0,9.141274238227147,44.04432132963989,1.372858932491665,6.61468394745984,107.68,122.94,138.19,🟢 A 高一致,🔴 基本面背離,技術目標,197.0,260.0,🟢 合理,176.59166776781194,173.43664232118687,2.21320308120474,4.0725867292406015,False,B,🟡 B 等確認,等支撐或量價確認,
6661,威健生技,16.475,16.402815919619577,16.83540533816707,15.970226501072084,技術結構,2.637287528357061,3.0638755625366785,False,16.75,17.15,1.6691957511380862,4.097116843702553,0.5447988069581086,1.3372334352608046,,,,,⚪ 基本面不足,技術目標,16.75,17.15,🟢 合理,16.23397952062111,16.402815919619577,1.4846666467253966,0.44007127028771187,False,NO,🔴 不追,第一目標風報不足,
6664,群翊,376.0,355.7175146999989,363.45858612857035,343.55001414304104,技術結構,3.420551435939148,8.630315387489084,False,380.0,392.5,1.0638297872340496,4.38829787234043,0.12326661766917904,0.5084747978853607,215.16,343.98,472.81,🟠 C 低一致,🟡 共振但估值分歧,共振目標,380.0,392.5,🔴 過熱,355.7175146999989,351.2910855716125,5.7018517396048685,7.033743651132429,False,NO,🔴 不追,等待回到合理價格區,
6666,羅麗芬-KY,45.55,45.077139491977896,45.9342829621971,43.87542876950681,技術結構,2.6658983600433324,3.6763364006436574,False,45.8,47.85,0.5488474204171201,5.049396267837558,0.14929194736396464,1.373485915748489,65.85,77.56,89.28,🟢 A 高一致,🔵 技術低於基本面,技術目標,45.8,47.85,🟢 合理,45.077139491977896,44.73257223972602,1.0490029166696724,1.8273658753476196,False,NO,🔴 不追,第一目標風報不足,
6667,信紘科,262.0,256.6715497657826,263.7965497657826,241.4964353281618,技術結構,5.912269767127811,7.825788042686338,False,264.5,269.5,0.9541984732824416,2.8625954198473247,0.12193001753659767,0.365790052609793,223.15,417.78,612.41,🟠 C 低一致,🟡 共振但估值分歧,共振目標,264.5,269.5,🟢 合理,256.6715497657826,248.6214353281618,2.0759800761244174,5.381098638650972,False,NO,🔴 不追,第一目標風報不足,
6668,中揚光,47.05,46.751466650765835,49.01753762974794,42.39291450280939,技術結構,9.322813721577754,9.898162587015106,False,54.1,59.4,14.984059511158353,26.248671625929877,1.5138223260562698,2.6518731527368695,,,,,⚪ 基本面不足,技術目標,54.1,59.4,🟢 合理,46.751466650765835,44.6589854817915,0.6385539762082892,5.353938277848647,False,B,🟡 B 等確認,等支撐或量價確認,
6669,緯穎,2090.0,2523.49490422985,2591.7984756584215,2455.1913328012783,技術結構,2.7067053440085016,,True,2345.0,2875.0,12.200956937799035,37.55980861244019,,,2138.18,4429.54,6720.9,🟠 C 低一致,🟡 共振但估值分歧,共振目標,2345.0,2875.0,🔵 偏便宜,2159.535799072806,2523.49490422985,-3.2199419478325497,-17.178354650260296,False,NO,🔴 結構失效,現價已跌破防守位，等待重新形成結構,
6670,復盛應用,272.0,272.8449441170656,275.6306584027799,269.99467168515264,技術結構,1.0446491655311907,0.7372530569291769,False,275.0,280.0,1.1029411764705843,2.941176470588225,0.5514705882352922,1.4705882352941124,207.15,319.09,431.03,🟠 C 低一致,🟡 共振但估值分歧,共振目標,275.0,280.0,🔵 偏便宜,272.8449441170656,272.7803859708669,-0.30967922817843885,-0.2860858078521322,False,NO,🔴 不追,第一目標風報不足,
6671,三能-KY,22.7,22.909360000979497,23.080788572408068,22.737931429550926,技術結構,0.7482905302515711,,True,23.0,23.2,1.3215859030837107,2.2026431718061623,,,13.95,19.59,25.23,🟡 B 中等,✅ 技術×基本面共振,共振目標,23.0,23.2,🔵 偏便宜,22.851246107445178,22.909360000979497,-0.661872471785685,-0.9138622858541057,False,NO,🔴 結構失效,現價已跌破防守位，等待重新形成結構,
6672,騰輝電子-KY,369.0,324.53776709647497,338.1449099536178,292.9391149735664,技術結構,9.736509992538176,20.612705969223196,False,392.0,423.5,6.233062330623307,14.769647696476973,0.30238932918025824,0.7165312365358296,179.43,264.16,348.89,🟡 B 中等,🔴 基本面背離,技術目標,392.0,423.5,🔴 過熱,324.53776709647497,306.54625783070924,13.700172186834504,20.373350048781536,True,NO,🟠 高位延伸,不追，等待回踩 EMA9/EMA20 或重新整理,
6674,鋐寶科技,18.25,17.58310254697152,17.8857810162207,16.59470273105653,技術結構,5.62130496182104,9.07012202160806,False,18.5,19.25,1.3698630136986356,5.47945205479452,0.1510302739516805,0.6041210958067196,,,,,⚪ 基本面不足,技術目標,18.5,19.25,🔴 過熱,17.58310254697152,16.89738120030571,3.7928315054008843,8.004901964748345,False,NO,🔴 不追,等待回到合理價格區,
6679,鈺太,206.0,201.96025752732632,205.1209718130406,198.59824473000407,技術結構,1.6646902902999874,3.593085082522297,False,215.0,217.5,4.3689320388349495,5.582524271844669,1.2159277997859206,1.5536855219486794,318.29,371.39,424.5,🟢 A 高一致,🔵 技術低於基本面,技術目標,215.0,217.5,🔴 過熱,201.96025752732632,201.75895901571835,2.0002660533976924,2.10203353792644,False,NO,🔴 不追,等待回到合理價格區,
6680,鑫創電子,51.9,53.18113991849753,54.08649681612413,52.275783020870925,技術結構,1.7024022031383745,,True,52.9,53.8,1.9267822736030782,3.6608863198458463,,,3.28,26.48,49.69,🟠 C 低一致,🔴 基本面背離,技術目標,52.9,53.8,🔵 偏便宜,53.11302622953905,53.18113991849753,-2.283858246556514,-2.4090117670680478,False,NO,🔴 結構失效,現價已跌破防守位，等待重新形成結構,
6683,雍智科技,1590.0,1536.4561023860294,1622.7061023860294,1381.915655518461,技術結構,10.05824029906066,13.087065690662826,False,1740.0,1810.0,9.433962264150942,13.83647798742138,0.7208615351324897,1.0572635848609848,529.38,678.4,827.42,🟡 B 中等,🔴 基本面背離,技術目標,1740.0,1810.0,🟢 合理,1536.4561023860294,1468.165655518461,3.4848960234412196,8.298405838850309,False,NO,🔴 不追,第一目標風報不足,
6684,安格,50.2,48.9898523424257,50.52199573090139,46.46262421632885,技術結構,5.158676757039838,7.4449716806198305,False,51.3,52.7,2.1912350597609542,4.980079681274896,0.2943241631751275,0.6689185526707443,,,,,⚪ 基本面不足,技術目標,51.3,52.7,🟢 合理,48.9898523424257,47.99476760480454,2.4702006634265805,4.594735020604013,False,NO,🔴 不追,第一目標風報不足,
6689,伊雲谷,64.8,64.71302501617996,66.93623942450951,61.97001304909978,技術結構,4.2387324134428175,4.367263813117625,False,65.3,74.7,0.7716049382715973,15.27777777777779,0.17667925989586086,3.4982493459380826,30.47,74.88,119.28,🟠 C 低一致,🟡 共振但估值分歧,共振目標,65.3,74.7,🟢 合理,64.71302501617996,64.19322745742933,0.13440104800894748,0.9452282843592119,False,NO,🔴 不追,第一目標風報不足,
6690,安碁資訊,177.0,177.94734533205727,183.75984533205727,168.88231139066875,技術結構,5.094222633371003,4.586264751034606,False,190.0,201.0,7.344632768361592,13.559322033898313,1.6014410783208124,2.9565066061307284,170.32,219.47,268.63,🟡 B 中等,✅ 技術×基本面共振,共振目標,190.0,201.0,🔵 偏便宜,177.94734533205727,174.69481139066875,-0.53237396168484,1.31955184643473,False,A,🟢 A 可執行候選,等回踩或突破確認分批,
6691,洋基工程,719.0,656.3089738808625,673.505402452291,624.8674474460445,技術結構,4.790659230042079,13.092149173011894,False,748.0,767.0,4.033379694019468,6.675938803894299,0.30807620969778293,0.5099192436377102,184.58,524.46,864.34,🟠 C 低一致,🟡 共振但估值分歧,共振目標,748.0,767.0,🔴 過熱,656.3089738808625,642.063876017473,9.552059870282626,11.98262771918246,False,NO,🔴 不追,等待回到合理價格區,
6692,進能服,23.6,23.413063254282164,23.927348907260242,22.898777601304086,技術結構,2.1965756782552446,2.9712813504064193,False,23.75,24.5,0.6355932203389703,3.813559322033888,0.21391216292998716,1.2834729775799454,,,,,⚪ 基本面不足,技術目標,23.75,24.5,🟢 合理,23.270604195372467,23.413063254282164,1.415501728541435,0.7984292516001634,False,NO,🔴 不追,第一目標風報不足,
6693,廣閎科,211.5,197.67131249806607,206.24274106949466,180.2151203260459,技術結構,8.830918331758914,14.791905283193424,False,262.0,280.0,23.87706855791962,32.387706855791954,1.6141983132523683,2.1895561278769744,142.78,185.63,228.49,🟡 B 中等,🔴 基本面背離,技術目標,262.0,280.0,🔴 過熱,197.67131249806607,188.7865488974745,6.995798898269179,12.031286781380102,False,NO,🔴 不追,等待回到合理價格區,
6695,芯鼎,55.0,51.268024142198215,52.49748814181021,48.775762648738336,技術結構,4.861239603358387,11.316795184112117,False,58.2,61.5,5.818181818181833,11.818181818181817,0.514119211625399,1.0443046486140888,,,,,⚪ 基本面不足,技術目標,58.2,61.5,🔴 過熱,51.268024142198215,50.00522664835032,7.279344036061719,9.988502575489179,False,NO,🔴 不追,等待回到合理價格區,
6697,東捷資訊,41.3,41.21482410056939,41.76125312158728,40.54194975579901,技術結構,1.6326027332507334,1.8354727462493643,False,41.6,42.0,0.7263922518159882,1.6949152542373058,0.3631961259079941,0.8474576271186529,51.49,53.98,56.47,🟢 A 高一致,🔵 技術低於基本面,技術目標,41.6,42.0,🟢 合理,41.21482410056939,41.0883787768169,0.2066632608276331,0.5150391168572854,False,NO,🔴 不追,第一目標風報不足,
6698,旭暉應材,33.3,32.383085505472806,33.079514199516645,31.451151039536573,技術結構,2.877843328977206,5.552098980370645,False,33.55,34.75,0.7507507507507505,4.354354354354362,0.1352192663360321,0.7842717447489878,,,,,⚪ 基本面不足,技術目標,33.55,34.75,🔴 過熱,32.383085505472806,32.147579733580415,2.831461178621253,3.5847808014480176,False,NO,🔴 不追,等待回到合理價格區,
6703,軒郁,100.5,101.22336362908314,101.98943513939808,100.4572921187682,技術結構,0.7568129361143254,0.04249540421075204,False,101.5,103.5,0.995024875621886,2.9850746268656803,0.497512437810943,1.4925373134328401,91.64,129.35,167.05,🟡 B 中等,✅ 技術×基本面共振,共振目標,101.5,103.5,🔵 偏便宜,100.58225031227192,101.22336362908314,-0.0817741818427864,-0.7146212130766494,False,NO,🔴 不追,第一目標風報不足,
6706,惠特,150.0,146.9796260893419,155.52426894648477,131.90866783314533,技術結構,10.253773708089078,12.060888111236446,False,159.0,168.0,6.000000000000005,12.00000000000001,0.49747580316329654,0.9949516063265931,,,,,⚪ 基本面不足,技術目標,159.0,168.0,🟢 合理,146.9796260893419,140.4533106902882,2.054960943241313,6.797055379323225,False,NO,🔴 不追,第一目標風報不足,
6708,天擎,51.7,43.115417088487675,44.46273876228964,39.36614541330267,技術結構,8.69589564097272,23.85658527407608,False,54.0,57.1,4.448742746615086,10.444874274661498,0.18647860519457252,0.43781933393508293,4.72,29.26,53.8,🟠 C 低一致,🔴 基本面背離,技術目標,54.0,57.1,🔴 過熱,43.115417088487675,40.71346708710463,19.91070362115206,26.985009381269776,True,NO,🟠 高位延伸,不追，等待回踩 EMA9/EMA20 或重新整理,
6712,長聖,162.0,159.86675145819513,162.0631800296237,155.9889141562259,技術結構,2.4256684186037796,3.7105468171445133,False,163.0,165.0,0.6172839506172867,1.85185185185186,0.1663592944751802,0.4990778834255406,67.74,80.03,92.32,🟢 A 高一致,🔴 基本面背離,技術目標,163.0,165.0,🟢 合理,159.86675145819513,158.18534272765447,1.3343916244915377,2.4115112099312386,False,NO,🔴 不追,第一目標風報不足,
6715,嘉基,442.0,432.694085478874,456.694085478874,381.75484645044605,技術結構,11.77257576147641,13.630125237455646,False,459.0,479.5,3.8461538461538547,8.484162895927593,0.28218037465896545,0.6224567088065395,52.6,92.78,132.95,🟠 C 低一致,🔴 基本面背離,技術目標,459.0,479.5,🟢 合理,432.694085478874,405.75484645044605,2.150691408417771,8.932771565546904,False,NO,🔴 不追,第一目標風報不足,
6716,應廣,114.0,117.35243720653267,121.07565149224696,113.62922292081838,技術結構,3.1726774273649525,0.3252430519137032,False,122.5,133.0,7.456140350877183,16.666666666666675,3.7280701754385914,8.333333333333337,144.84,229.59,314.34,🟠 C 低一致,🔵 技術低於基本面,技術目標,122.5,133.0,🔵 偏便宜,116.279004219542,117.35243720653267,-1.959944733650365,-2.8567256772286664,False,B,🟡 B 等確認,等支撐或量價確認,
6719,力智,186.5,186.5445549758374,190.02669783298026,183.06241211869454,技術結構,1.8666547826034878,1.8432106602174054,False,191.0,196.5,2.4128686327077764,5.36193029490617,1.2064343163538882,2.680965147453085,178.19,258.39,338.59,🟡 B 中等,✅ 技術×基本面共振,共振目標,191.0,196.5,🔵 偏便宜,184.420396890213,186.5445549758374,1.1276426820754581,-0.023884361483061944,False,B,🟡 B 等確認,等支撐或量價確認,
6720,久昌,127.5,129.98296882948947,131.5633259723466,128.40261168663233,技術結構,1.2158186238462039,,True,129.5,131.5,1.5686274509803866,3.1372549019607954,,,91.45,107.32,123.18,🟢 A 高一致,🔴 基本面背離,技術目標,129.5,131.5,🔵 偏便宜,128.39249206220632,129.98296882948947,-0.6951279221014794,-1.9102262795263614,False,NO,🔴 結構失效,現價已跌破防守位，等待重新形成結構,
6721,信實,50.0,50.62076547341487,50.90469396309993,50.33683698372981,技術結構,0.5608933152821922,,True,50.5,51.1,1.0000000000000009,2.200000000000002,,,52.25,76.66,101.08,🟡 B 中等,🔵 技術低於基本面,技術目標,50.5,51.1,🔵 偏便宜,50.28974249073889,50.62076547341487,-0.5761463001968004,-1.226305978602571,False,NO,🔴 結構失效,現價已跌破防守位，等待重新形成結構,
6722,輝創,32.5,32.6318808095378,33.055095320046746,32.20866629902885,技術結構,1.2969356960425327,0.896411387603542,False,33.05,33.5,1.6923076923076819,3.076923076923066,0.8461538461538409,1.538461538461533,25.7,40.95,56.21,🟠 C 低一致,🟡 共振但估值分歧,共振目標,33.05,33.5,🔵 偏便宜,32.53694464493104,32.6318808095378,-0.11354675533984393,-0.4041471293289689,False,C,🟠 C 觀察,條件未齊，不急進,
6725,矽科宏晟,218.0,220.45444998022495,225.4365928373678,215.4723071230821,技術結構,2.259942068572336,1.1594921453751885,False,232.0,241.5,6.422018348623859,10.779816513761475,3.2110091743119296,5.389908256880737,244.6,289.14,333.69,🟢 A 高一致,🔵 技術低於基本面,技術目標,232.0,241.5,🔵 偏便宜,217.22934955041868,220.45444998022495,0.3547635028030349,-1.1133592360894173,False,B,🟡 B 等確認,等支撐或量價確認,
6727,亞泰金屬,485.0,487.5693306970136,508.6764735541564,466.46218783987075,技術結構,4.3290546653065185,3.822229311366856,False,508.0,554.0,4.742268041237119,14.226804123711334,1.2407073607892067,3.722122082367614,170.16,281.27,392.38,🟠 C 低一致,🔴 基本面背離,技術目標,508.0,554.0,🔵 偏便宜,485.8962122236003,487.5693306970136,-0.18444519653671998,-0.526967250655519,False,B,🟡 B 等確認,等支撐或量價確認,
6728,上洋,109.0,108.22278746336683,108.97278746336683,107.24247956717339,技術結構,0.9058239204245866,1.6124040668134034,False,110.0,111.0,0.917431192660545,1.83486238532109,0.4587155963302725,0.917431192660545,132.74,154.81,176.87,🟢 A 高一致,🔵 技術低於基本面,技術目標,110.0,111.0,🔴 過熱,108.22278746336683,107.99247956717339,0.7181597839514664,0.9329542546524294,False,NO,🔴 不追,等待回到合理價格區,
6730,常廣,32.0,32.30800008255347,32.56514300100396,32.05085716410298,技術結構,0.7959109749704056,,True,32.4,33.0,1.2499999999999956,3.125,,,28.1,32.64,37.19,🟢 A 高一致,✅ 技術×基本面共振,共振目標,32.4,33.0,🔵 偏便宜,32.07461901571539,32.30800008255347,-0.2326419393441026,-0.9533245071389973,False,NO,🔴 結構失效,現價已跌破防守位，等待重新形成結構,
6732,昇佳電子,151.5,149.84788931243406,151.66931788386265,148.02646074100548,技術結構,1.215518336485134,2.2927651874551294,False,154.0,157.0,1.650165016501659,3.630363036303641,0.7197270028045354,1.583399406169974,166.38,230.66,294.94,🟡 B 中等,🔵 技術低於基本面,技術目標,154.0,157.0,🟢 合理,149.63378097555506,149.84788931243406,1.2471909833982053,1.1025251641157752,False,NO,🔴 不追,第一目標風報不足,
6733,博晟生醫,24.95,25.485292391713187,25.820113820284615,25.15047096314176,技術結構,1.3137829593051786,,True,25.75,26.8,3.206412825651306,7.414829659318634,,,,,,,⚪ 基本面不足,技術目標,25.75,26.8,🔵 偏便宜,25.21724468290574,25.485292391713187,-1.0597695595462864,-2.1003972938024584,False,NO,🔴 結構失效,現價已跌破防守位，等待重新形成結構,
6735,美達科技,67.3,64.07153285073659,65.79117607572525,61.72310386092493,技術結構,3.665323561530275,8.286621306203665,False,67.9,70.5,0.8915304606240904,4.754829123328386,0.10758672656570638,0.5737958750170891,26.67,42.51,58.35,🟠 C 低一致,🔴 基本面背離,技術目標,67.9,70.5,🔴 過熱,64.07153285073659,63.442747085913595,5.038847996323992,6.07989579780166,False,NO,🔴 不追,等待回到合理價格區,
6739,竹陞科技,1135.0,1114.0704527445828,1171.3918813160114,1053.1269507493762,技術結構,5.47034542071091,7.213484515473463,False,1180.0,1250.0,3.96475770925111,10.13215859030836,0.5496314160994465,1.4046136189208036,195.38,626.99,1058.6,🟠 C 低一致,🔴 基本面背離,技術目標,1180.0,1250.0,🟢 合理,1114.0704527445828,1110.4483793208049,1.8786556275553368,2.2109646100084257,False,NO,🔴 不追,第一目標風報不足,
6741,91APP*-KY,55.1,57.40223021972115,58.24330164829258,56.561158791149715,技術結構,1.4652243046167794,,True,56.3,58.5,2.177858439201441,6.170598911070768,,,96.31,99.79,103.27,🟢 A 高一致,🔵 技術低於基本面,技術目標,56.3,58.5,🔵 偏便宜,56.56184667476054,57.40223021972115,-2.584510161357323,-4.010698209649332,False,NO,🔴 結構失效,現價已跌破防守位，等待重新形成結構,
6742,澤米,56.3,53.043887748069594,55.347459054025755,47.840360613940355,技術結構,9.809852473188315,15.02600246191766,False,57.8,62.1,2.6642984014209503,10.301953818827725,0.17731252262026617,0.6856084207983659,,,,,⚪ 基本面不足,技術目標,57.8,62.1,🔴 過熱,53.043887748069594,50.14393191989652,6.138524889795427,12.276795704687892,False,NO,🔴 不追,等待回到合理價格區,
6743,安普新,31.85,30.382138963542975,31.016960494293794,28.879518375824002,技術結構,4.945736669567738,9.326472917350076,False,33.0,33.8,3.610675039246458,6.122448979591821,0.38714260699020575,0.6564592031573055,33.13,33.13,33.13,🟠 C 低一致,🟡 共振但估值分歧,共振目標,33.13,33.13,🔴 過熱,30.382138963542975,29.514339906574822,4.8313288219054895,7.913645030918914,False,NO,🔴 不追,等待回到合理價格區,
6751,智聯服務,44.575,43.647915630728335,44.060415630728336,42.4356977545105,技術結構,2.7772640656508876,4.799332014558616,False,45.85,46.85,2.8603477285473966,5.103757711721824,0.5959887167361261,1.063430847509558,37.2,72.44,107.68,🟠 C 低一致,🟡 共振但估值分歧,共振目標,45.85,46.85,🔴 過熱,43.647915630728335,42.8481977545105,2.124006051319882,4.030046386974884,False,NO,🔴 不追,等待回到合理價格區,
6752,叡揚,96.0,96.60345692445154,98.623100517286,94.58381333161707,技術結構,2.090653540912026,1.4751944462322233,False,97.3,98.8,1.3541666666666563,2.9166666666666563,0.6770833333333282,1.4583333333333282,90.11,96.06,102.02,🟢 A 高一致,✅ 技術×基本面共振,共振目標,97.3,98.8,🔵 偏便宜,96.34944308223193,96.60345692445154,-0.3626830327744468,-0.6246742545905626,False,NO,🔴 不追,第一目標風報不足,
6753,龍德造船,133.5,134.66132108399452,136.8845353697088,132.43810679828024,技術結構,1.650967232326167,0.7954256192657341,False,136.0,138.5,1.8726591760299671,3.7453183520599342,0.9363295880149836,1.8726591760299671,66.66,129.72,192.78,🟠 C 低一致,🟡 共振但估值分歧,共振目標,136.0,138.5,🔵 偏便宜,133.1686258397638,134.66132108399452,0.24883801131576622,-0.8624013745343828,False,C,🟠 C 觀察,條件未齊，不急進,
6754,匯僑設計,41.5,41.822591714724794,42.38777000005107,41.25741342939852,技術結構,1.3513707834784647,0.5845459532565827,False,42.4,42.9,2.168674698795181,3.3734939759036076,1.0843373493975905,1.6867469879518038,16.66,24.25,31.85,🟡 B 中等,🔴 基本面背離,技術目標,42.4,42.9,🔵 偏便宜,41.683470408462796,41.822591714724794,-0.4401514717103483,-0.7713336297406337,False,B,🟡 B 等確認,等支撐或量價確認,
6756,威鋒電子,98.7,97.91923385359092,99.52637777339945,96.3120899337824,技術結構,1.6412954396799377,2.4193617692174265,False,101.0,104.0,2.3302938196555267,5.369807497467072,0.963185352974016,2.219514074244467,75.11,116.11,157.11,🟠 C 低一致,🟡 共振但估值分歧,共振目標,101.0,104.0,🟢 合理,97.85893097668834,97.91923385359092,0.8594708882646795,0.7973572869008461,False,C,🟠 C 觀察,條件未齊，不急進,
6757,台灣虎航,54.0,54.31213077360321,54.92284546803506,53.70141607917136,技術結構,1.1244535718504132,0.552933186719705,False,54.7,56.3,1.2962962962963065,4.2592592592592515,0.6481481481481532,2.1296296296296258,25.22,66.33,107.43,🟠 C 低一致,🟡 共振但估值分歧,共振目標,54.7,56.3,🔵 偏便宜,53.87155384569937,54.31213077360321,0.23843038696922392,-0.5746980815470204,False,NO,🔴 不追,第一目標風報不足,
6761,穩得,165.0,168.19954666466703,172.00311809323844,164.3959752360956,技術結構,2.261344637363649,0.3660756144875098,False,168.5,188.0,2.1212121212121238,13.939393939393941,1.0606060606060619,6.969696969696971,150.33,189.75,229.18,🟡 B 中等,✅ 技術×基本面共振,共振目標,168.5,188.0,🔵 偏便宜,164.98414690912978,168.19954666466703,0.009608857073373223,-1.9022326326751826,False,B,🟡 B 等確認,等支撐或量價確認,
6763,綠界科技*,41.3,41.359026998489234,41.843848427060664,40.874205569917805,技術結構,1.1722263886651365,1.0309792495936851,False,42.0,42.45,1.6949152542373058,2.784503631961277,0.8474576271186529,1.3922518159806385,48.76,53.55,58.34,🟢 A 高一致,🔵 技術低於基本面,技術目標,42.0,42.45,🔵 偏便宜,41.322386385272225,41.359026998489234,-0.054174957524244505,-0.1427185375792117,False,C,🟠 C 觀察,條件未齊，不急進,
6767,台微醫,24.4,24.69698413608052,25.259484095208762,24.134484176952277,技術結構,2.27760586486538,1.0881796026545953,False,24.65,25.1,1.0245901639344357,2.868852459016402,0.5122950819672178,1.434426229508201,,,,,⚪ 基本面不足,技術目標,24.65,25.1,🔵 偏便宜,24.58746740557281,24.69698413608052,-0.7624510588281286,-1.202511749791546,False,NO,🔴 不追,第一目標風報不足,
6768,志強-KY,62.7,63.175223507223365,63.83415244649775,62.51629456794898,技術結構,1.043017978716041,0.2929911196985973,False,63.5,65.6,1.2759170653907415,4.625199362041443,0.6379585326953707,2.3125996810207217,59.06,75.48,91.89,🟡 B 中等,✅ 技術×基本面共振,共振目標,63.5,65.6,🔵 偏便宜,62.65776665877594,63.175223507223365,0.06740320231020114,-0.7522308285447199,False,NO,🔴 不追,第一目標風報不足,
6770,力積電,75.3,72.63123717845626,74.76873636102113,69.50765781276914,技術結構,4.300600522626966,7.692353502298617,False,77.4,79.5,2.788844621513964,5.5776892430278835,0.36254764171727233,0.7250952834345389,113.47,197.95,282.43,🟠 C 低一致,🔵 技術低於基本面,技術目標,77.4,79.5,🔴 過熱,72.63123717845626,71.645156995334,3.674400884823892,5.1013120187649585,False,NO,🔴 不追,等待回到合理價格區,
6771,平和環保-創,42.6,42.1538265563672,42.764541046440264,41.332549533207604,技術結構,1.9482858147205244,2.9752358375408376,False,43.1,44.3,1.1737089201877993,3.9906103286384775,0.39449273411479235,1.3412752959902807,39.34,42.15,44.95,🟢 A 高一致,✅ 技術×基本面共振,共振目標,43.1,44.3,🟢 合理,42.1538265563672,41.94326402328067,1.0584411430269336,1.5657722211480873,False,NO,🔴 不追,第一目標風報不足,
6776,展碁國際,52.9,52.47931457223251,52.88645759286239,52.07217155160263,技術結構,0.7758161933869961,1.5648930971594883,False,53.5,53.9,1.1342155009451904,1.8903591682419618,0.5671077504725952,0.9451795841209809,70.08,71.28,72.48,🟢 A 高一致,🔵 技術低於基本面,技術目標,53.5,53.9,🔴 過熱,52.33746019412474,52.47931457223251,1.0748320682523405,0.801621422071852,False,NO,🔴 不追,等待回到合理價格區,
6781,AES-KY,1020.0,1029.8924067697697,1047.8924067697697,1011.8924067697697,技術結構,1.747755385094694,0.7948620813951323,False,1030.0,1135.0,0.9803921568627416,11.274509803921573,0.4901960784313708,5.6372549019607865,632.24,1177.32,1722.4,🟠 C 低一致,🟡 共振但估值分歧,共振目標,1030.0,1135.0,🔵 偏便宜,1014.9005896187094,1029.8924067697697,0.5024541746700972,-0.9605281779673347,False,NO,🔴 不追,第一目標風報不足,
6782,視陽,242.0,237.77100313254775,244.84243170397633,227.16723862416274,技術結構,4.459654191925935,6.129240237949283,False,250.0,256.0,3.305785123966931,5.785123966942152,0.5393466393271898,0.9438566188225859,148.31,231.02,313.73,🟠 C 低一致,🟡 共振但估值分歧,共振目標,250.0,256.0,🟢 合理,237.77100313254775,234.23866719559132,1.7786007594436493,3.3134293741211795,False,NO,🔴 不追,第一目標風報不足,
6785,昱展新藥,95.1,96.9317696035546,99.86748421624293,93.861485258989,技術結構,3.1674696099358144,1.3023288549011443,False,97.4,99.8,2.4185068349106276,4.942166140904325,1.2092534174553138,2.4710830704521625,,,,,⚪ 基本面不足,技術目標,97.4,99.8,🔵 偏便宜,96.9317696035546,96.79719987167734,-1.8897515345551175,-1.7533563718034162,False,B,🟡 B 等確認,等支撐或量價確認,
6788,華景電,349.0,342.2026544436357,350.42586872935,333.97944015792143,技術結構,2.403024692804867,4.30388534156979,False,362.5,372.0,3.86819484240688,6.5902578796561695,0.8987680979893397,1.5312345373151721,351.38,506.59,661.8,🟡 B 中等,✅ 技術×基本面共振,共振目標,362.5,372.0,🟢 合理,340.418081512995,342.2026544436357,2.5209937289060846,1.9863509146110125,False,C,🟠 C 觀察,條件未齊，不急進,
6789,采鈺,494.0,468.6900278210587,482.538242106773,447.5954915583732,技術結構,4.50074356408948,9.393625190612708,False,504.0,533.0,2.0242914979757165,7.8947368421052655,0.2154963027478085,0.8404355807164501,162.41,176.77,191.13,🟢 A 高一致,🔴 基本面背離,技術目標,504.0,533.0,🔴 過熱,468.6900278210587,461.4437058440875,5.400151630408567,7.055312217632159,False,NO,🔴 不追,等待回到合理價格區,
6790,永豐實,37.8,37.872704588105954,38.01734699565949,37.72806218055242,技術結構,0.3819172914282935,0.19031169166025555,False,38.05,38.25,0.6613756613756516,1.1904761904762085,0.3306878306878258,0.5952380952381042,18.3,39.44,60.57,🟠 C 低一致,🟡 共振但估值分歧,共振目標,38.05,38.25,🔵 偏便宜,37.77667482509397,37.872704588105954,0.06174491273787108,-0.1919709429169969,False,NO,🔴 不追,第一目標風報不足,
6791,虎門科技,99.5,99.94996469179786,101.13924999736601,98.76067938622971,技術結構,1.1898806660266326,0.7430357927339588,False,101.0,102.0,1.5075376884422065,2.5125628140703515,0.7537688442211032,1.2562814070351758,63.75,72.41,81.06,🟢 A 高一致,🔴 基本面背離,技術目標,101.0,102.0,🔵 偏便宜,99.60704681056312,99.94996469179786,-0.10746911387374825,-0.4501899457246994,False,NO,🔴 不追,第一目標風報不足,
6792,詠業,59.6,59.13699137795395,60.063777255726684,58.11657741535446,技術結構,1.7255087531894475,2.488964068197212,False,60.0,60.7,0.6711409395973034,1.8456375838926231,0.2696466968618873,0.7415284163702056,75.1,77.48,79.86,🟢 A 高一致,🔵 技術低於基本面,技術目標,60.0,60.7,🟢 合理,59.13699137795395,59.0433632931272,0.7829424718056588,0.9427591448497141,False,NO,🔴 不追,第一目標風報不足,
6794,向榮生技,71.8,74.58352257602158,76.09959367761896,73.0674514744242,技術結構,2.032715872399394,,True,75.8,77.0,5.571030640668528,7.2423398328690824,,,,,,,⚪ 基本面不足,技術目標,75.8,77.0,🔵 偏便宜,73.76893997625997,74.58352257602158,-2.6690636694706615,-3.732087839085896,False,NO,🔴 結構失效,現價已跌破防守位，等待重新形成結構,
6796,晉弘,53.0,53.64977893732425,54.95156432463591,52.34799355001259,技術結構,2.4264506081794988,1.2302008490328509,False,59.5,60.4,12.264150943396235,13.962264150943394,6.132075471698117,6.981132075471697,34.28,34.28,34.28,🟠 C 低一致,🔴 基本面背離,技術目標,59.5,60.4,🔵 偏便宜,51.99705958402618,53.64977893732425,1.9288406382924173,-1.2111493284685193,False,B,🟡 B 等確認,等支撐或量價確認,
6799,來頡,91.7,86.39628507802905,88.41056989313613,81.88110446310905,技術結構,5.226128196185866,10.707628720709868,False,93.5,103.0,1.9629225736095934,12.322791712104685,0.18332000714715296,1.1508422670904617,130.91,134.91,138.92,🟢 A 高一致,🔵 技術低於基本面,技術目標,93.5,103.0,🔴 過熱,86.39628507802905,83.89538927821613,6.138822887096218,9.30278861440408,False,NO,🔴 不追,等待回到合理價格區,
6803,崑鼎,267.0,268.0665546298417,269.2986974869845,266.83441177269884,技術結構,0.459640651122715,0.062018062659609394,False,270.5,271.5,1.3108614232209659,1.6853932584269593,0.6554307116104829,0.8426966292134797,232.06,313.3,394.54,🟡 B 中等,✅ 技術×基本面共振,共振目標,270.5,271.5,🔵 偏便宜,267.0882622924921,268.0665546298417,-0.033046114319867925,-0.3978693393192678,False,NO,🔴 不追,第一目標風報不足,
6804,明係,18.35,18.26333038424105,18.541901996735383,17.98475877174672,技術結構,1.525305662403743,1.990415412824426,False,18.45,18.75,0.5449591280653809,2.179836512261568,0.27247956403269047,1.089918256130784,,,,,⚪ 基本面不足,技術目標,18.45,18.75,🟢 合理,18.24323934970279,18.26333038424105,0.5852066524520527,0.47455537372163015,False,NO,🔴 不追,第一目標風報不足,
6805,富世達,2455.0,2410.9724303193157,2532.5795731764583,2157.9269556347986,技術結構,10.495577282524259,12.100735004692522,False,2750.0,3035.0,12.016293279022406,23.62525458248472,0.9930217688729346,1.9523817828688197,371.46,1132.13,1892.81,🟠 C 低一致,🔴 基本面背離,技術目標,2750.0,3035.0,🟢 合理,2410.9724303193157,2279.534098491941,1.8261332700039823,7.697445790529778,False,C,🟠 C 觀察,條件未齊，不急進,
6811,宏碁資訊,240.5,244.53747802595282,252.09104945452424,232.83606857772887,技術結構,4.785119051150958,3.186665872046209,False,247.0,253.0,2.7027027027026973,5.197505197505192,0.8481286746787948,1.631016682074607,201.98,315.22,428.46,🟠 C 低一致,🟡 共振但估值分歧,共振目標,247.0,253.0,🔵 偏便宜,244.53747802595282,240.38964000630028,-1.651067173238907,0.04590879777381929,False,C,🟠 C 觀察,條件未齊，不急進,
6821,聯寶,42.8,41.21498458788656,42.147127363285904,40.28284181248722,技術結構,2.2616598907410648,5.8812107184877975,False,43.5,44.8,1.6355140186915973,4.672897196261672,0.2780913823662703,0.7945468067607663,38.57,40.29,42.02,🟢 A 高一致,🔴 基本面背離,技術目標,43.5,44.8,🔴 過熱,41.196911874044666,41.21498458788656,3.891282266148033,3.8457260823028028,False,NO,🔴 不追,等待回到合理價格區,
6823,濾能,60.8,60.58259879783263,62.109384757348884,59.05581283831638,技術結構,2.520172441943634,2.8687288843480587,False,61.3,63.1,0.8223684210526327,3.7828947368421018,0.286666483382072,1.3186658235575281,,,,,⚪ 基本面不足,技術目標,61.3,63.1,🟢 合理,60.53283609030773,60.58259879783263,0.4413536965188314,0.3588509018783492,False,NO,🔴 不追,第一目標風報不足,
6829,千附精密,208.5,218.65798998710127,226.88120427281555,210.434775701387,技術結構,3.760765516137493,,True,214.0,232.5,2.6378896882494063,11.51079136690647,,,166.57,184.35,202.12,🟢 A 高一致,🔴 基本面背離,技術目標,214.0,232.5,🔵 偏便宜,213.01188927971336,218.65798998710127,-2.118139647026296,-4.645606587575646,False,NO,🔴 結構失效,現價已跌破防守位，等待重新形成結構,
6830,汎銓,533.0,541.1337987920034,564.983318794096,512.3357952974576,技術結構,5.321789834387142,3.876961482653359,False,544.0,588.0,2.063789868667909,10.31894934333959,0.5323214785346458,2.661607392673241,150.18,150.18,150.18,🟠 C 低一致,🔴 基本面背離,技術目標,544.0,588.0,🔵 偏便宜,541.1337987920034,536.1853152995502,-1.5031030791572864,-0.5940698502290509,False,NO,🔴 不追,第一目標風報不足,
6831,邁科,471.5,535.5429305580993,555.2840019866708,515.8018591295279,技術結構,3.686179072142527,,True,548.0,638.0,16.224814422057253,35.312831389183465,,,67.19,89.35,111.51,🟡 B 中等,🔴 基本面背離,技術目標,548.0,638.0,🔵 偏便宜,507.5860883778799,535.5429305580993,-7.109353310529476,-11.95850545377548,False,NO,🔴 結構失效,現價已跌破防守位，等待重新形成結構,
6834,天二科技,109.0,109.60776118858834,115.763118413189,98.9599183301232,技術結構,9.71449716972572,9.211084100804403,False,114.5,121.0,5.045871559633031,11.009174311926607,0.5478043088535448,1.1952094011350063,53.17,85.35,117.52,🟠 C 低一致,🟡 共振但估值分歧,共振目標,114.5,117.52,🔵 偏便宜,109.60776118858834,105.11527555472387,-0.5544873665858763,3.69568021847948,False,NO,🔴 不追,第一目標風報不足,
6835,圓裕,31.2,31.08174272380398,31.625492580752834,30.485274138862263,技術結構,1.919031986854817,2.290788016467105,False,31.7,32.15,1.6025641025640969,3.044871794871784,0.6995689217178639,1.3291809512639414,50.45,50.45,50.45,🟠 C 低一致,🔵 技術低於基本面,技術目標,31.7,32.15,🟢 合理,31.08174272380398,31.029023995811116,0.3804718327632628,0.5510196009128832,False,NO,🔴 不追,第一目標風報不足,
6838,台新藥,25.8,24.96371533705681,25.526215500543838,23.82206695378341,技術結構,4.573231058995088,7.666407155878262,False,26.65,28.0,3.2945736434108364,8.52713178294573,0.4297415433883789,1.1122722299463972,,,,,⚪ 基本面不足,技術目標,26.65,28.0,🔴 過熱,24.96371533705681,24.384567117270436,3.350000797765018,5.804625835359123,False,NO,🔴 不追,等待回到合理價格區,
6840,東研信超,98.9,100.38397806162214,103.72147789813512,93.15953658052148,技術結構,7.196807319855209,5.804310838704277,False,100.0,111.5,1.1122345803842304,12.740141557128414,0.1916221600276183,2.1949447421345294,59.93,85.2,110.46,🟡 B 中等,✅ 技術×基本面共振,共振目標,100.0,110.46,🔵 偏便宜,100.38397806162214,96.49703641703445,-1.4783017073812132,2.490194178172045,False,NO,🔴 不追,第一目標風報不足,
6841,長佳智能,58.8,54.767211026048514,55.683282209389404,53.17196558925008,技術結構,2.9127746454711767,9.571487093112108,False,70.3,72.5,19.557823129251695,23.299319727891167,2.043342161880573,2.4342424015446844,4.42,18.67,32.93,🟠 C 低一致,🔴 基本面背離,技術目標,70.3,72.5,🔴 過熱,54.767211026048514,54.08803677259097,7.363509841743454,8.711655124810914,False,NO,🔴 不追,等待回到合理價格區,
6843,進典,38.55,38.73805390972638,39.313947052971535,38.16216076648123,技術結構,1.4866341623334813,1.0060680506323436,False,39.05,39.5,1.2970168612191912,2.4643320363164856,0.6485084306095956,1.2321660181582428,23.38,30.32,37.27,🟡 B 中等,🔴 基本面背離,技術目標,39.05,39.5,🔵 偏便宜,38.675432286693116,38.73805390972638,-0.32432032242927233,-0.4854500697547115,False,NO,🔴 不追,第一目標風報不足,
6844,諾貝兒,57.5,58.332620639658494,58.900477619028614,57.764763660288374,技術結構,0.9734810010988125,,True,59.9,60.4,4.17391304347825,5.043478260869572,,,55.61,93.63,131.66,🟠 C 低一致,🟡 共振但估值分歧,共振目標,59.9,60.4,🔵 偏便宜,57.53838478096511,58.332620639658494,-0.0667116067147755,-1.4273671069947147,False,NO,🔴 結構失效,現價已跌破防守位，等待重新形成結構,
6846,綠茵,58.5,58.57229272629544,59.63300725724026,57.511578195350616,技術結構,1.8109493099433078,1.68960992247758,False,59.1,59.9,1.025641025641022,2.3931623931623847,0.512820512820511,1.1965811965811923,39.53,47.1,54.66,🟢 A 高一致,🔴 基本面背離,技術目標,59.1,59.9,🔵 偏便宜,58.56094899552531,58.57229272629544,-0.10407788222482894,-0.1234247848778236,False,NO,🔴 不追,第一目標風報不足,
6854,錼創科技-KY創,93.3,91.99591793359475,94.20841842405584,89.78341744313367,技術結構,2.4049985479335367,3.7691131370485804,False,94.8,97.2,1.6077170418006492,4.180064308681675,0.42655048637239334,1.1090312645682192,,,,,⚪ 基本面不足,技術目標,94.8,97.2,🟢 合理,91.92557558566887,91.99591793359475,1.4951490981421678,1.4175434037698942,False,NO,🔴 不追,第一目標風報不足,
6856,鑫傳,41.525,41.90539393786384,42.567001080720985,41.2437867950067,技術結構,1.5788114146788736,0.677214220333052,False,42.3,43.95,1.8663455749548419,5.839855508729697,0.9331727874774209,2.9199277543648483,40.4,48.1,55.8,🟢 A 高一致,✅ 技術×基本面共振,共振目標,42.3,43.95,🔵 偏便宜,41.75571239415438,41.90539393786384,-0.5525289377811715,-0.9077445696558328,False,C,🟠 C 觀察,條件未齊，不急進,
6859,伯特光,120.5,119.60552560396737,123.19481131825307,113.58225946937381,技術結構,5.035943033716965,5.740863510893104,False,125.5,129.0,4.149377593361003,7.05394190871369,0.7227793493936396,1.2287248939691846,39.24,49.43,59.62,🟡 B 中等,🔴 基本面背離,技術目標,125.5,129.0,🟢 合理,119.60552560396737,117.17154518365952,0.7478537396293783,2.8406681939060485,False,NO,🔴 不追,第一目標風報不足,
6861,睿生光電,313.5,266.3543393530489,283.1489822101917,223.98617694493794,技術結構,15.906691256098723,28.553053606080404,False,344.5,384.0,9.888357256778303,22.488038277511958,0.34631522754794136,0.787587856197738,78.87,121.86,164.85,🟠 C 低一致,🔴 基本面背離,技術目標,344.5,384.0,🔴 過熱,266.3543393530489,240.7808198020808,17.70035388252498,30.201400700310586,True,NO,🟠 高位延伸,不追，等待回踩 EMA9/EMA20 或重新整理,
6862,三集瑞-KY,138.0,137.40611556744952,140.62040128173524,134.1918298531638,技術結構,2.339259574445872,2.759543584663916,False,141.5,144.0,2.53623188405796,4.347826086956519,0.9190765814147658,1.57555985385389,95.29,115.89,136.5,🟡 B 中等,🔴 基本面背離,技術目標,141.5,144.0,🟢 合理,137.3650361822563,137.40611556744952,0.4622455869346842,0.43221106287583133,False,C,🟠 C 觀察,條件未齊，不急進,
6863,永道-KY,95.3,99.2074277879774,101.30207129906834,97.11278427688644,技術結構,2.1113777040642043,,True,98.9,109.0,3.7775445960126053,14.375655823714585,,,93.72,140.84,187.96,🟡 B 中等,✅ 技術×基本面共振,共振目標,98.9,109.0,🔵 偏便宜,96.57869178966432,99.2074277879774,-1.32398955294315,-3.9386443889344758,False,NO,🔴 結構失效,現價已跌破防守位，等待重新形成結構,
6865,偉康科技,29.15,27.789160489928435,28.740053204020143,26.129005777192763,技術結構,5.974108909613725,10.363616544793262,False,29.55,31.8,1.3722126929674117,9.090909090909104,0.1324067411252126,0.8771946599545337,,,,,⚪ 基本面不足,技術目標,29.55,31.8,🔴 過熱,27.789160489928435,27.07989849128447,4.897015548795625,7.644421227730147,False,NO,🔴 不追,等待回到合理價格區,
6869,雲豹能源,71.9,69.34865442289927,70.87008254473852,66.38486294604795,技術結構,4.273754842851959,7.670566139015382,False,73.6,75.0,2.364394993045882,4.311543810848395,0.3082425664801559,0.5620893859344048,,,,,⚪ 基本面不足,技術目標,73.6,75.0,🔴 過熱,69.34865442289927,67.9062910678872,3.6790123735382263,5.881206099329184,False,NO,🔴 不追,等待回到合理價格區,
6870,騰雲,323.5,319.87910698977174,333.40589270405746,293.2670677246741,技術結構,8.319405263923208,9.345574119111555,False,334.5,366.5,3.4003091190108137,13.292117465224118,0.3638416512108372,1.422290091096912,114.68,150.9,187.13,🟡 B 中等,🔴 基本面背離,技術目標,334.5,366.5,🟢 合理,319.87910698977174,306.79385343895984,1.131956708364834,5.445398065761453,False,NO,🔴 不追,第一目標風報不足,
6872,浩宇生醫,24.05,23.070100026673128,24.503135802266478,20.211405900431572,技術結構,12.391338238396878,15.960890226895753,False,25.0,27.05,3.950103950103956,12.474012474012476,0.24748644304611667,0.7815361359351042,,,,,⚪ 基本面不足,技術目標,25.0,27.05,🟢 合理,23.070100026673128,21.644441676024922,4.2474890537706145,11.113977250980156,False,NO,🔴 不追,現價風險過高,
6873,泓德能源,68.4,69.04086230686295,70.3319332449733,67.7497913687526,技術結構,1.8700098680285655,0.9505974141043992,False,69.5,71.8,1.6081871345029253,4.9707602339181145,0.8040935672514626,2.4853801169590573,96.01,96.01,96.01,🟠 C 低一致,🔵 技術低於基本面,技術目標,69.5,71.8,🔵 偏便宜,68.56061220448792,69.04086230686295,-0.2342630838955695,-0.9282362436531133,False,C,🟠 C 觀察,條件未齊，不急進,
6874,倍力,69.8,70.54448159756775,71.60519539282096,69.48376780231455,技術結構,1.5036098802231166,0.4530547244777241,False,72.5,77.0,3.86819484240688,10.315186246418339,1.93409742120344,5.157593123209169,73.26,93.05,112.84,🟡 B 中等,✅ 技術×基本面共振,共振目標,73.26,77.0,🔵 偏便宜,69.62473885593397,70.54448159756775,0.251722515510866,-1.0553364071973381,False,A,🟢 A 可執行候選,等回踩或突破確認分批,
6875,國邑*,31.35,32.5088156724907,33.41685140721229,31.600779937769104,技術結構,2.7931984476751737,,True,33.0,33.75,5.263157894736836,7.655502392344493,,,,,,,⚪ 基本面不足,技術目標,33.0,33.75,🔵 偏便宜,32.21355268546467,32.5088156724907,-2.6807123507812225,-3.5646197762636334,False,NO,🔴 結構失效,現價已跌破防守位，等待重新形成結構,
6877,鏵友益,126.0,122.42607302965628,125.85464445822771,116.32390490135793,技術結構,4.984369732107773,7.67944055447783,False,127.0,130.0,0.7936507936507908,3.1746031746031855,0.10334747538191677,0.41338990152766997,,,,,⚪ 基本面不足,技術目標,127.0,130.0,🔴 過熱,122.42607302965628,119.75247632992937,2.9192531312165704,5.2170308803119125,False,NO,🔴 不追,等待回到合理價格區,
6881,潤德,214.5,214.3644246733369,215.32871038762264,212.78312511657955,技術結構,0.7376688362199324,0.8004078710584825,False,216.0,218.0,0.6993006993007089,1.631701631701632,0.34965034965035446,0.815850815850816,89.45,206.01,322.58,🟠 C 低一致,🟡 共振但估值分歧,共振目標,216.0,218.0,🟢 合理,214.3644246733369,213.74741083086528,0.06324525483634158,0.3520927651049943,False,NO,🔴 不追,第一目標風報不足,
6884,海柏特,30.775,31.283897710907226,31.81157626189992,30.541322661969154,技術結構,2.373665378272768,0.7593089781668378,False,31.0,31.55,0.7311129163281915,2.5182778229082103,0.36555645816409577,1.2591389114541052,27.56,38.63,49.69,🟡 B 中等,✅ 技術×基本面共振,共振目標,31.0,31.55,🔵 偏便宜,31.283897710907226,31.069001212961847,-1.6267081410696438,-0.9462847258803864,False,NO,🔴 不追,第一目標風報不足,
6885,全福生技,32.0,30.22462880089465,31.60409314791657,26.732663628928464,技術結構,11.55337653596865,16.46042615959855,False,33.0,36.25,3.125,13.28125,0.1898492766651562,0.8068594258269138,,,,,⚪ 基本面不足,技術目標,33.0,36.25,🔴 過熱,30.22462880089465,28.112127975950383,5.873922259891584,13.829874520262742,False,NO,🔴 不追,等待回到合理價格區,
6887,寶綠特-KY,38.1,38.296700081021676,39.32794995840641,36.98515033676069,技術結構,3.4247069368541716,2.926114601677984,False,38.3,39.45,0.5249343832020914,3.543307086614167,0.17939638553495724,1.2109256023609782,54.89,61.02,67.15,🟢 A 高一致,🔵 技術低於基本面,技術目標,38.3,39.45,🔵 偏便宜,38.296700081021676,38.01640021414542,-0.513621488550009,0.2199045290550039,False,NO,🔴 不追,第一目標風報不足,
6890,來億-KY,148.0,153.10415185946454,155.75593757375026,150.45236614517881,技術結構,1.732014241338025,,True,150.0,166.0,1.3513513513513598,12.162162162162172,,,110.54,119.41,128.27,🟢 A 高一致,🔴 基本面背離,技術目標,150.0,166.0,🔵 偏便宜,148.60791062859354,153.10415185946454,-0.4090701672758601,-3.333777560878737,False,NO,🔴 結構失效,現價已跌破防守位，等待重新形成結構,
6894,衛司特,361.0,362.8428384681563,371.60176703958484,348.7261842036671,技術結構,3.8905699018579565,3.39994897405343,False,365.0,374.0,1.1080332409972193,3.6011080332410073,0.3258970206474065,1.0591653171040842,192.03,335.98,479.94,🟠 C 低一致,🟡 共振但估值分歧,共振目標,365.0,374.0,🔵 偏便宜,362.8428384681563,357.4851127750957,-0.5078888909414214,0.9832261818174315,False,NO,🔴 不追,第一目標風報不足,
6895,宏碩系統,151.0,146.1613494029014,149.9113494029014,141.82749347825307,技術結構,2.9651176199132045,6.074507630295977,False,155.0,169.5,2.6490066225165476,12.25165562913908,0.43608581694834025,2.0168969033860815,78.21,78.21,78.21,🟠 C 低一致,🔴 基本面背離,技術目標,155.0,169.5,🔴 過熱,146.1613494029014,145.57749347825307,3.3104857179175218,3.7248247597812645,False,NO,🔴 不追,等待回到合理價格區,
6899,創為精密,49.8,49.846027569139416,50.59067063064106,49.101384507637775,技術結構,1.4938864696264444,1.4028423541410087,False,50.4,51.0,1.2048192771084265,2.4096385542168752,0.6024096385542133,1.2048192771084376,66.67,89.33,111.99,🟡 B 中等,🔵 技術低於基本面,技術目標,50.4,51.0,🔵 偏便宜,49.724819709537556,49.846027569139416,0.15119268586913925,-0.0923394930028798,False,NO,🔴 不追,第一目標風報不足,
6901,鑽石投資,16.85,16.02950584134912,16.385755882220877,15.472806191064022,技術結構,3.472968261124163,8.173257026326288,False,16.95,17.5,0.5934718100890191,3.857566765578624,0.07261142139265042,0.4719742390522278,20.48,63.29,106.09,🟠 C 低一致,🔵 技術低於基本面,技術目標,16.95,17.5,🔴 過熱,16.02950584134912,15.829056231935779,5.118649113526419,6.44980820779717,False,NO,🔴 不追,等待回到合理價格區,
6902,GOGOLOOK,159.0,155.4624697420814,161.54282688493853,138.3685658759129,技術結構,10.99551801443009,12.975744732130249,False,183.0,197.5,15.094339622641506,24.213836477987428,1.1632734717156727,1.8660845275438926,83.35,134.59,185.83,🟠 C 低一致,🟡 共振但估值分歧,共振目標,183.0,185.83,🟢 合理,155.4624697420814,144.44892301877005,2.275488266581327,10.073510191099967,False,C,🟠 C 觀察,條件未齊，不急進,
6903,巨漢,315.5,307.31758654734637,314.25508654734637,300.38008654734637,技術結構,2.257436705117162,4.792365595135858,False,319.0,331.0,1.1093502377178988,4.912836767036444,0.23148280649620387,1.0251381430546245,244.26,684.44,1124.61,🟠 C 低一致,🟡 共振但估值分歧,共振目標,319.0,331.0,🔴 過熱,306.9334625915808,307.31758654734637,2.791007971593573,2.6625269137967145,False,NO,🔴 不追,等待回到合理價格區,
6906,現觀科,83.6,82.71659845426693,84.96659861775396,79.10353209372431,技術結構,4.368006455850867,5.378550127124023,False,84.5,88.7,1.0765550239234534,6.1004784688995395,0.20015710525674707,1.1342235964548946,29.7,42.33,54.95,🟡 B 中等,🔴 基本面背離,技術目標,84.5,88.7,🟢 合理,82.71659845426693,81.35353225721134,1.067985824177109,2.761364725610327,False,NO,🔴 不追,第一目標風報不足,
6907,雅特力-KY,188.0,183.23,188.53,178.0335714285714,ATR/EMA校正,2.836014065070449,5.301291793313082,False,192.0,195.5,2.127659574468077,3.9893617021276695,0.40134738049164814,0.7525263384218449,133.46,201.93,270.4,🟡 B 中等,✅ 技術×基本面共振,共振目標,192.0,195.5,🟢 合理,184.18640107661096,184.5953663494481,2.070510581181728,1.8443765506587884,False,NO,🔴 不追,第一目標風報不足,
6908,宏碁遊戲-創,26.65,29.685833052245705,30.202797256216478,29.168868848274933,技術結構,1.7414508902645218,,True,30.1,30.5,12.945590994371493,14.446529080675429,,,8.56,30.51,52.45,🟠 C 低一致,🟡 共振但估值分歧,共振目標,30.1,30.5,🔵 偏便宜,28.832977593847275,29.685833052245705,-7.571113967476972,-10.226538183728174,False,NO,🔴 結構失效,現價已跌破防守位，等待重新形成結構,
6909,創控,42.85,41.93842644444042,43.135747873011844,40.4039047606113,技術結構,3.6589872675886816,5.708506976403043,False,43.35,61.5,1.1668611435239118,43.52392065344224,0.2044074130674281,7.624396507415126,9.43,29.86,50.28,🟠 C 低一致,🟡 共振但估值分歧,共振目標,43.35,50.28,🟢 合理,41.93842644444042,41.601226189182725,2.173599805341353,3.001771642831974,False,NO,🔴 不追,第一目標風報不足,
6910,德鴻,26.775,25.877460547239806,26.340853281767394,24.98405055199676,技術結構,3.452463944876314,6.688886827276337,False,27.85,28.95,4.014939309056964,8.12324929971988,0.6002402810411753,1.2144396383856302,27.66,31.97,36.29,🟢 A 高一致,✅ 技術×基本面共振,共振目標,27.85,28.95,🔴 過熱,25.877460547239806,25.447443286524347,3.4684216835021875,5.216856949156301,False,NO,🔴 不追,等待回到合理價格區,
6913,鴻呈,128.5,132.27574666659254,134.33824666659254,130.21324666659254,技術結構,1.559242757630113,,True,132.0,153.0,2.7237354085603016,19.06614785992218,,,125.64,196.1,266.56,🟠 C 低一致,🟡 共振但估值分歧,共振目標,132.0,153.0,🔵 偏便宜,128.86401421108175,132.27574666659254,-0.2824793355307831,-2.854451221590526,False,NO,🔴 結構失效,現價已跌破防守位，等待重新形成結構,
6914,阜爾運通,119.0,121.69996450770348,122.47675022198919,120.92317879341778,技術結構,0.638279326890468,,True,121.5,123.0,2.1008403361344463,3.3613445378151363,,,87.95,121.05,154.15,🟡 B 中等,✅ 技術×基本面共振,共振目標,121.5,123.0,🔵 偏便宜,120.1702438998322,121.69996450770348,-0.9738216898416696,-2.2185417379744443,False,NO,🔴 結構失效,現價已跌破防守位，等待重新形成結構,
6916,華凌,18.7,18.40799051452871,18.7374545141407,18.078526514916717,技術結構,1.7897879692623637,3.323387620766214,False,18.8,19.05,0.5347593582887722,1.8716577540107027,0.16090791063531804,0.5631776872236132,,,,,⚪ 基本面不足,技術目標,18.8,19.05,🟢 合理,18.372525673123164,18.40799051452871,1.7824132223469569,1.586319186990126,False,NO,🔴 不追,第一目標風報不足,
6918,愛派司,74.3,74.80882240493557,75.76775097636414,73.849893833507,技術結構,1.281838880229862,0.6057956480390319,False,75.0,75.8,0.9421265141319024,2.0188425302826385,0.4710632570659512,1.0094212651413192,71.97,90.53,109.1,🟡 B 中等,✅ 技術×基本面共振,共振目標,75.0,75.8,🔵 偏便宜,74.5586768682692,74.80882240493557,-0.34694401662497265,-0.6801636338844452,False,NO,🔴 不追,第一目標風報不足,
6919,康霈*,79.0,84.89227753137588,87.82263434725897,81.9619207154928,技術結構,3.4518532204534593,,True,86.3,89.5,9.240506329113929,13.291139240506332,,,,,,,⚪ 基本面不足,技術目標,86.3,89.5,🔵 偏便宜,81.19962502792603,84.89227753137588,-2.7089103270729886,-6.940887560942299,False,NO,🔴 結構失效,現價已跌破防守位，等待重新形成結構,
6921,嘉雨思-創,68.0,65.53969395070388,67.3932656653776,63.0233577772067,技術結構,3.839407879124152,7.318591504107797,False,68.5,69.8,0.7352941176470562,2.6470588235294024,0.10046934812994393,0.3616896532677981,,,,,⚪ 基本面不足,技術目標,68.5,69.8,🔴 過熱,65.53969395070388,64.87692949188042,3.753917513174021,4.813838343737342,False,NO,🔴 不追,等待回到合理價格區,
6922,宸曜,221.0,208.21825332896918,214.59325332896918,196.05659640407757,技術結構,5.840821700524552,11.286607961955852,False,232.0,246.5,4.977375565610864,11.538461538461542,0.44099835684806904,1.0223143726932504,104.24,191.18,278.12,🟠 C 低一致,🟡 共振但估值分歧,共振目標,232.0,246.5,🔴 過熱,208.21825332896918,202.43159640407757,6.13862928282114,9.172680513202923,False,NO,🔴 不追,等待回到合理價格區,
6923,中台,75.2,76.03600769215704,77.18243634532912,74.88957903898496,技術結構,1.507744406852034,0.41279383113702206,False,75.8,76.6,0.7978723404255206,1.8617021276595702,0.3989361702127603,0.9308510638297851,60.36,71.11,81.85,🟢 A 高一致,✅ 技術×基本面共振,共振目標,75.8,76.6,🔵 偏便宜,75.81905961855882,76.03600769215704,-0.8164960389554721,-1.0994891993037603,False,NO,🔴 不追,第一目標風報不足,
6924,榮惠-KY創,135.0,133.92534223815562,138.98784223815562,124.87472179784834,技術結構,6.757959538541125,7.500206075667898,False,139.0,144.0,2.9629629629629672,6.666666666666665,0.39505087367870934,0.8888644657770945,82.31,199.44,316.57,🟠 C 低一致,🟡 共振但估值分歧,共振目標,139.0,144.0,🟢 合理,133.92534223815562,129.93722179784834,0.8024304764764789,3.8963263429074635,False,NO,🔴 不追,第一目標風報不足,
6925,意藍,73.8,64.8051582474389,67.59355110458175,56.706425361051444,技術結構,12.497049780304355,23.162025256027853,False,78.5,85.0,6.368563685636852,15.176151761517609,0.27495711688594465,0.6552169593877831,36.95,44.99,53.02,🟡 B 中等,🔴 基本面背離,技術目標,78.5,85.0,🔴 過熱,64.8051582474389,59.494818218194304,13.879823760659637,24.044416321001517,True,NO,🟠 高位延伸,不追，等待回踩 EMA9/EMA20 或重新整理,
6928,攸泰科技,46.0,46.804479947591595,47.87322953887403,45.73573035630916,技術結構,2.2834343902103917,0.5744992254148653,False,47.45,48.8,3.1521739130434767,6.0869565217391175,1.5760869565217384,3.0434782608695587,,,,,⚪ 基本面不足,技術目標,47.45,48.8,🔵 偏便宜,46.19321697384177,46.804479947591595,-0.41827996944050483,-1.718809713284697,False,B,🟡 B 等確認,等支撐或量價確認,
6931,青松健康,38.9,39.55940128295369,40.020115813898514,39.09868675200886,技術結構,1.1646145189344685,,True,39.6,40.7,1.799485861182526,4.6272493573264795,,,41.22,70.36,99.5,🟠 C 低一致,🔵 技術低於基本面,技術目標,39.6,40.7,🔵 偏便宜,39.078807632296915,39.55940128295369,-0.4575565200948928,-1.6668636571045004,False,NO,🔴 結構失效,現價已跌破防守位，等待重新形成結構,
6933,AMAX-KY,371.0,350.62152368704415,371.353666544187,301.285725519121,技術結構,14.070955384917847,18.790909563579245,False,406.0,454.0,9.433962264150942,22.371967654986523,0.5020492612255426,1.1905739623348583,172.53,224.44,276.35,🟡 B 中等,🔴 基本面背離,技術目標,406.0,454.0,🟢 合理,350.62152368704415,322.01786837626383,5.8121007799695645,15.210998032724898,False,NO,🔴 不追,現價風險過高,
6934,心誠鎂,75.3,74.94764545599634,76.99943100679502,72.65674248408754,技術結構,3.056671037456193,3.5103021459660724,False,76.4,78.5,1.4608233731739917,4.249667994687911,0.4161531721287079,1.21062740982895,,,,,⚪ 基本面不足,技術目標,76.4,78.5,🟢 合理,74.94764545599634,74.70852803488623,0.47013424085555755,0.7917060885439753,False,NO,🔴 不追,第一目標風報不足,
6936,永鴻生技,32.0,32.042744727843456,32.2811375032428,31.80435195244411,技術結構,0.7439836300670999,0.6114001486121512,False,32.4,33.0,1.2499999999999956,3.125,0.6249999999999978,1.5625,31.12,32.72,34.33,🟢 A 高一致,✅ 技術×基本面共振,共振目標,32.4,33.0,🔵 偏便宜,31.89257568393281,32.042744727843456,0.3368317351718497,-0.13339908365063158,False,NO,🔴 不追,第一目標風報不足,
6937,天虹,308.0,300.5340643141607,309.8287071713035,284.28269865813047,技術結構,5.407495384297595,7.700422513594003,False,310.5,332.5,0.8116883116883189,7.954545454545459,0.10540828250078464,1.0330011685076808,161.67,180.96,200.25,🟢 A 高一致,🔴 基本面背離,技術目標,310.5,332.5,🟢 合理,300.5340643141607,293.5773415152733,2.484222779496603,4.912728758386264,False,NO,🔴 不追,第一目標風報不足,
6944,兆聯實業,775.0,740.1429243919068,755.1429243919068,711.5425432717672,技術結構,3.8641700376501507,8.188058932675206,False,812.0,834.0,4.774193548387107,7.6129032258064555,0.5830678049146967,0.9297567699991095,259.73,437.57,615.4,🟠 C 低一致,🔴 基本面背離,技術目標,812.0,834.0,🔴 過熱,740.1429243919068,726.5425432717672,4.709506023682031,6.669596595131133,False,NO,🔴 不追,等待回到合理價格區,
6945,圓祥生技,148.5,133.31953714770145,139.1373942088151,115.67864360569686,技術結構,13.232039294031358,22.10192349784723,False,158.5,172.0,6.734006734006726,15.82491582491583,0.30467966892848175,0.7159972219819333,,,,,⚪ 基本面不足,技術目標,158.5,172.0,🔴 過熱,133.31953714770145,121.49650066681049,11.386525318851426,22.22574245759008,False,NO,🔴 不追,等待回到合理價格區,
6947,台鎔科技,68.4,68.61646344964467,69.54324883695634,67.689678062333,技術結構,1.3506749557149715,1.0384823650102397,False,69.8,71.0,2.0467836257309857,3.801169590643272,1.0233918128654929,1.900584795321636,46.88,48.18,49.47,🟢 A 高一致,🔴 基本面背離,技術目標,69.8,71.0,🔵 偏便宜,67.82066511614234,68.61646344964467,0.8542158689620161,-0.3154686772854687,False,B,🟡 B 等確認,等支撐或量價確認,
6949,沛爾生醫*-創,50.6,209.89675234244802,212.99585948530517,206.79764519959087,技術結構,1.476491231174904,,True,58.5,81.9,15.612648221343871,61.85770750988142,,,,,,,⚪ 基本面不足,技術目標,58.5,81.9,🔵 偏便宜,66.91527387295568,209.89675234244802,-24.381987741590372,-75.89290952084588,False,NO,🔴 結構失效,現價已跌破防守位，等待重新形成結構,
6951,青新-創,69.2,70.05145144501179,70.453237077554,69.64966581246959,技術結構,0.5735578981651642,,True,70.4,71.5,1.7341040462427681,3.3236994219653093,,,55.72,79.59,103.45,🟡 B 中等,✅ 技術×基本面共振,共振目標,70.4,71.5,🔵 偏便宜,69.49370051792631,70.05145144501179,-0.4226289803786587,-1.2154658146950048,False,NO,🔴 結構失效,現價已跌破防守位，等待重新形成結構,
6952,大武山,38.8,38.71814228589,39.29671391882022,37.94517209334594,技術結構,1.9964030991893884,2.2031647078712853,False,39.35,39.9,1.4175257731958935,2.8350515463917647,0.6434043574370424,1.2868087148740746,13.7,20.55,27.4,🟡 B 中等,🔴 基本面背離,技術目標,39.35,39.9,🟢 合理,38.71814228589,38.52374372627615,0.21141952913330542,0.7171065088760198,False,NO,🔴 不追,第一目標風報不足,
6953,家碩,245.0,238.34437599902546,244.77294742759688,229.54228507356186,技術結構,3.6930138957839698,6.309271398546181,False,247.0,252.0,0.8163265306122547,2.857142857142847,0.12938522993326257,0.45284830476641197,282.68,307.64,332.59,🟢 A 高一致,🔵 技術低於基本面,技術目標,247.0,252.0,🔴 過熱,238.34437599902546,235.97085650213327,2.7924401291523404,3.826380779265892,False,NO,🔴 不追,等待回到合理價格區,
6955,邦睿生技-創,96.0,98.03205673597343,98.99634334943778,97.06777012250907,技術結構,0.9836441727030523,,True,100.5,109.5,4.6875,14.0625,,,55.75,67.05,78.34,🟢 A 高一致,🔴 基本面背離,技術目標,100.5,109.5,🔵 偏便宜,95.7883459985688,98.03205673597343,0.22096007528344952,-2.0728492328242143,False,NO,🔴 結構失效,現價已跌破防守位，等待重新形成結構,
6957,裕慶-KY,371.0,306.7798600788142,319.28878865024274,262.1758925657692,技術結構,14.539405390427484,29.332643513269762,False,392.0,421.5,5.660377358490565,13.611859838274931,0.19297194799131803,0.46405158921721723,57.17,72.93,88.7,🟡 B 中等,🔴 基本面背離,技術目標,392.0,421.5,🔴 過熱,306.7798600788142,274.68482113719773,20.93362318657006,35.063888300801096,True,NO,🟠 高位延伸,不追，等待回踩 EMA9/EMA20 或重新整理,
6958,日盛台駿,17.5,18.16278258265513,18.939568501299625,17.05400332290212,技術結構,6.104677269064811,2.5485524405593196,False,17.6,18.25,0.5714285714285783,4.285714285714293,0.2242169171544178,1.681626878658116,,,,,⚪ 基本面不足,技術目標,17.6,18.25,🔵 偏便宜,18.16278258265513,17.830789241546615,-3.649124684716898,-1.8551575988339342,False,NO,🔴 不追,第一目標風報不足,
6961,旅天下,48.025,48.70110274957011,49.04663850472758,48.35556699441264,技術結構,0.7095029386383264,,True,50.4,51.5,4.945340968245704,7.2358146798542355,,,46.88,57.01,67.14,🟡 B 中等,✅ 技術×基本面共振,共振目標,50.4,51.5,🔵 偏便宜,47.91988787536577,48.70110274957011,0.21934968818710932,-1.3882698982131014,False,NO,🔴 結構失效,現價已跌破防守位，等待重新形成結構,
6962,奕力-KY,32.45,31.61134757717456,32.05331178114533,31.036354500591443,技術結構,1.8189451594221127,4.356380583693558,False,33.85,34.3,4.314329738058542,5.701078582434493,0.9903472975266631,1.3086732145888027,29.68,73.56,117.43,🟠 C 低一致,🟡 共振但估值分歧,共振目標,33.85,34.3,🔴 過熱,31.61134757717456,31.478318704562216,2.65301066579966,3.0868271731963937,False,NO,🔴 不追,等待回到合理價格區,
6965,中傑-KY,63.7,69.85642966944873,71.20642966944872,68.50642966944874,技術結構,1.9325350671198247,,True,71.0,75.1,11.459968602825743,17.896389324960737,,,88.41,88.41,88.41,🟠 C 低一致,🔵 技術低於基本面,技術目標,71.0,75.1,🔵 偏便宜,67.56657353021042,69.85642966944873,-5.72261301437994,-8.812974981086386,False,NO,🔴 結構失效,現價已跌破防守位，等待重新形成結構,
6967,汎瑋材料,70.2,67.67033348628338,69.1060483033305,66.23461866923627,技術結構,2.1216310650192516,5.648691354364293,False,71.5,73.3,1.8518518518518379,4.415954415954415,0.3278373229617263,0.7817659239856608,100.47,134.8,169.14,🟡 B 中等,🔵 技術低於基本面,技術目標,71.5,73.3,🔴 過熱,67.16827700740862,67.67033348628338,4.5136232871612725,3.7382208471447465,False,NO,🔴 不追,等待回到合理價格區,
6968,萬達寵物,41.45,41.702745268622394,41.973280819421085,41.4322097178237,技術結構,0.6487236009429931,0.042919860497707726,False,41.75,42.15,0.7237635705669376,1.6887816646562026,0.3618817852834688,0.8443908323281013,41.21,42.17,43.13,🟢 A 高一致,✅ 技術×基本面共振,共振目標,41.75,42.15,🔵 偏便宜,41.54166703191088,41.702745268622394,-0.2206628632415386,-0.6060638622094716,False,NO,🔴 不追,第一目標風報不足,
6969,成信實業*-創,31.35,32.637014402038666,33.53701458596157,31.73701421811576,技術結構,2.757605744313081,,True,34.0,36.0,8.452950558213711,14.832535885167463,,,15.34,15.34,15.34,🟠 C 低一致,🔴 基本面背離,技術目標,34.0,36.0,🔵 偏便宜,31.99626766865123,32.637014402038666,-2.019822047195896,-3.943419536433679,False,NO,🔴 結構失效,現價已跌破防守位，等待重新形成結構,
6971,惠民實業,23.5,24.592755041145804,24.919541123277327,24.26596895901428,技術結構,1.3287900505038244,,True,23.95,24.7,1.9148936170212627,5.106382978723412,,,32.67,41.5,50.33,🟡 B 中等,🔵 技術低於基本面,技術目標,23.95,24.7,🔵 偏便宜,24.000857225970687,24.592755041145804,-2.0868305713211077,-4.443402291925125,False,NO,🔴 結構失效,現價已跌破防守位，等待重新形成結構,
6982,大井泵浦,44.1,44.9273979011666,45.71489814639714,44.13989765593606,技術結構,1.7528285233943877,,True,45.0,48.55,2.0408163265306145,10.090702947845799,,,,,,,⚪ 基本面不足,技術目標,45.0,48.55,🔵 偏便宜,44.020121897026314,44.9273979011666,0.18145815943113597,-1.8416332568085725,False,NO,🔴 結構失效,現價已跌破防守位，等待重新形成結構,
6983,華洋精機,348.0,348.3265030426792,355.6657887569649,337.2729063736253,技術結構,3.173343564873538,3.08249816849848,False,356.5,362.0,2.4425287356321768,4.022988505747116,0.7923861109127472,1.3051065356209959,59.54,107.07,154.61,🟠 C 低一致,🔴 基本面背離,技術目標,356.5,362.0,🔵 偏便宜,348.3265030426792,344.612192087911,-0.0937347689099588,0.9830783674724897,False,NO,🔴 不追,第一目標風報不足,
6986,和迅,44.05,43.436691872563834,44.534906771354464,41.689889703394854,技術結構,4.0214898830090755,5.357798630204638,False,45.0,45.8,2.156640181611813,3.9727582292849117,0.40252356060075395,0.7414907695277033,40.38,44.44,48.5,🟢 A 高一致,✅ 技術×基本面共振,共振目標,45.0,45.8,🟢 合理,43.436691872563834,42.788104602185484,1.4119586483139823,2.9491733965473665,False,NO,🔴 不追,第一目標風報不足,
6988,威力暘-創,11.7,11.843273615200054,12.046845023335605,11.639702207064504,技術結構,1.7188778605459223,0.51536575158543,False,11.8,12.1,0.8547008547008739,3.418803418803429,0.42735042735043693,1.7094017094017144,,,,,⚪ 基本面不足,技術目標,11.8,12.1,🔵 偏便宜,11.77731423121882,11.843273615200054,-0.6564674228855982,-1.2097467292841446,False,NO,🔴 不追,第一目標風報不足,
6994,富威電力,26.5,29.69836766970675,30.705510302054947,28.691225037358556,技術結構,3.3912390187542587,,True,28.3,36.2,6.792452830188678,36.603773584905674,,,61.93,61.93,61.93,🟠 C 低一致,🔵 技術低於基本面,技術目標,28.3,36.2,🔵 偏便宜,27.547574506873286,29.69836766970675,-3.8027830966094966,-10.76950661153402,False,NO,🔴 結構失效,現價已跌破防守位，等待重新形成結構,
6996,力領科技,169.25,171.90630048064256,174.15630048064256,169.65630048064256,技術結構,1.3088525514824634,,True,173.0,178.0,2.215657311669128,5.169867060561306,,,331.92,430.95,529.98,🟡 B 中等,🔵 技術低於基本面,技術目標,173.0,178.0,🔵 偏便宜,170.00878484393354,171.90630048064256,-0.4463209619609332,-1.5452025162635996,False,NO,🔴 結構失效,現價已跌破防守位，等待重新形成結構,
6997,博弘,67.0,67.71231732053128,68.66588956653784,66.75874507452473,技術結構,1.4082699924337438,0.36008197832130556,False,68.0,68.9,1.4925373134328401,2.8358208955223896,0.7462686567164201,1.4179104477611948,65.39,65.39,65.39,🟠 C 低一致,🔴 基本面背離,技術目標,68.0,68.9,🔵 偏便宜,67.36257602263541,67.71231732053128,-0.5382454829423011,-1.051975990068943,False,NO,🔴 不追,第一目標風報不足,
7402,邑錡,101.0,102.01898274319677,103.78684013128445,100.2511253551091,技術結構,1.732871021207637,0.7414600444464396,False,104.0,106.0,2.970297029702973,4.950495049504955,1.4851485148514865,2.4752475247524774,,,,,⚪ 基本面不足,技術目標,104.0,106.0,🔵 偏便宜,100.44372782284715,102.01898274319677,0.5538147470332211,-0.9988168042821655,False,B,🟡 B 等確認,等支撐或量價確認,
7547,碩網,64.8,57.19738671635532,58.833994267930024,52.48221542227023,技術結構,8.24368308550154,19.00892681748421,False,67.6,71.4,4.320987654320985,10.185185185185208,0.22731360354055263,0.5358106369170186,49.66,62.31,74.96,🟡 B 中等,✅ 技術×基本面共振,共振目標,67.6,71.4,🔴 過熱,57.19738671635532,54.118822973844935,13.291889227992915,19.736528695971757,True,NO,🟠 高位延伸,不追，等待回踩 EMA9/EMA20 或重新整理,
7556,意德士,264.5,259.77041467728566,266.5739861058571,247.48817708947578,技術結構,4.728112553951985,6.431691081483636,False,274.0,284.0,3.5916824196597252,7.372400756143671,0.5584351571237484,1.1462616383066453,317.96,332.26,346.57,🟢 A 高一致,🔵 技術低於基本面,技術目標,274.0,284.0,🟢 合理,259.77041467728566,254.2917485180472,1.820678974774692,4.014385657986974,False,NO,🔴 不追,第一目標風報不足,
7584,樂意,28.5,27.984302347426624,28.830730734932292,26.700713707773176,技術結構,4.5868166506980454,6.313285235883595,False,28.8,29.7,1.0526315789473717,4.210526315789465,0.166732776932745,0.6669311077309764,,,,,⚪ 基本面不足,技術目標,28.8,29.7,🟢 合理,27.984302347426624,27.547142095278843,1.8428104662784328,3.4590082028308267,False,NO,🔴 不追,第一目標風報不足,
7610,聯友金屬-創,1735.0,1804.4490670676112,1896.5919242104683,1708.1117315662002,技術結構,5.338878068637738,1.5497561056945126,False,1820.0,1945.0,4.899135446685876,12.103746397694515,2.449567723342938,6.051873198847257,150.93,548.58,946.22,🟠 C 低一致,🔴 基本面背離,技術目標,1820.0,1945.0,🔵 偏便宜,1804.4490670676112,1800.2545887090573,-3.8487684875734396,-3.624742251364055,False,B,🟡 B 等確認,等支撐或量價確認,
7631,聚賢研發-創,140.5,139.66129524611432,142.2327238175429,137.08986667468574,技術結構,1.8411891189303045,2.4271411568073042,False,143.0,146.5,1.7793594306049876,4.270462633451966,0.7331091665659785,1.7594619997583465,137.64,223.77,309.9,🟠 C 低一致,🟡 共振但估值分歧,共振目標,143.0,146.5,🟢 合理,138.80411881153756,139.66129524611432,1.2217801625649338,0.6005276926636549,False,NO,🔴 不追,第一目標風報不足,
7642,昶瑞機電,68.5,71.94378838985601,73.85093222792102,70.036644551791,技術結構,2.650880473141606,,True,73.0,77.3,6.569343065693434,12.846715328467152,,,47.88,48.22,48.56,🟢 A 高一致,🔴 基本面背離,技術目標,73.0,77.3,🔵 偏便宜,69.82713539108194,71.94378838985601,-1.9006012256539417,-4.78677654726003,False,NO,🔴 結構失效,現價已跌破防守位，等待重新形成結構,
7689,大鵬科CLMX,159.5,162.76507825176392,165.68472110890679,159.84543539462106,技術結構,1.7937771962526123,,True,166.5,174.0,4.3887147335423204,9.090909090909083,,,83.24,224.76,366.28,🟠 C 低一致,🟡 共振但估值分歧,共振目標,166.5,174.0,🔵 偏便宜,159.41097060577889,162.76507825176392,0.05584897569019809,-2.0060066242916785,False,NO,🔴 結構失效,現價已跌破防守位，等待重新形成結構,
7703,銳澤,201.5,200.2291730171672,204.56845873145292,192.29835720414678,技術結構,3.9608692846873246,4.566572107123185,False,204.0,216.0,1.2406947890818865,7.196029776674928,0.2716906160633233,1.5758055731672722,255.49,267.25,279.02,🟢 A 高一致,🔵 技術低於基本面,技術目標,204.0,216.0,🟢 合理,200.2291730171672,196.6376429184325,0.6346862266288555,2.472749881152936,False,NO,🔴 不追,第一目標風報不足,
7704,明遠精密,61.45,61.60623483947491,62.634806308918094,60.48300548001207,技術結構,1.823239745765339,1.5736281854970464,False,63.0,64.5,2.522375915378361,4.963384865744502,1.2611879576891805,2.481692432872251,98.8,116.39,133.97,🟢 A 高一致,🔵 技術低於基本面,技術目標,63.0,64.5,🔵 偏便宜,61.60623483947491,61.511576949455254,-0.2536023178205893,-0.10010627675153261,False,B,🟡 B 等確認,等支撐或量價確認,
7705,三商餐飲,29.85,30.020383516525634,30.175740781998044,29.865026251053223,技術結構,0.5175059318842131,,True,30.05,30.2,0.670016750418756,1.1725293132328174,,,27.42,30.21,33.01,🟢 A 高一致,✅ 技術×基本面共振,共振目標,30.05,30.2,🔵 偏便宜,29.908048277325825,30.020383516525634,-0.19408915214915723,-0.5675594265204476,False,NO,🔴 結構失效,現價已跌破防守位，等待重新形成結構,
7708,全家餐飲,92.2,91.98352127385017,92.32637808973327,91.64066445796708,技術結構,0.3727372154653159,0.6066546009033904,False,93.0,93.5,0.8676789587852562,1.4099783080260275,0.4338394793926281,0.7049891540130138,101.8,121.72,141.64,🟢 A 高一致,🔵 技術低於基本面,技術目標,93.0,93.5,🟢 合理,91.93049926564439,91.98352127385017,0.293157044189285,0.23534511742091535,False,NO,🔴 不追,第一目標風報不足,
7709,榮田,86.3,85.5429525890049,88.93402434455038,79.49532082009611,技術結構,7.069701928532809,7.884912143573448,False,90.6,93.5,4.982618771726521,8.342989571263049,0.6319181090416557,1.0580954383953352,83.94,84.76,85.57,🟢 A 高一致,🔴 基本面背離,技術目標,90.6,93.5,🟢 合理,85.5429525890049,82.8863925756416,0.8849909759748087,4.118417171121513,False,NO,🔴 不追,第一目標風報不足,
7711,永擎,560.0,547.1186358892118,572.8864930320689,512.6767951703307,技術結構,6.295132071841055,8.450572291012374,False,584.0,675.0,4.285714285714293,20.535714285714278,0.5071507748975029,2.4300974630505303,220.52,485.03,749.54,🟠 C 低一致,🟡 共振但估值分歧,共振目標,584.0,675.0,🟢 合理,547.1186358892118,538.4446523131878,2.354400538715451,4.003261541220482,False,NO,🔴 不追,第一目標風報不足,
7712,博盛半導體,161.0,159.22585394613802,163.8865682318523,151.36491650825403,技術結構,4.936973012274214,5.984523907916754,False,170.0,208.5,5.590062111801242,29.503105590062106,0.9340863530357545,4.929900196577592,222.39,252.88,283.37,🟢 A 高一致,🔵 技術低於基本面,技術目標,170.0,208.5,🟢 合理,159.22585394613802,156.0256307939683,1.1142324000109394,3.188174392065335,False,C,🟠 C 觀察,條件未齊，不急進,
7713,威力德生醫,74.19999999999999,73.9819927161819,74.44806349080523,73.20805031170113,技術結構,1.0461226794064105,1.3368594181925335,False,74.9,76.0,0.9433962264151274,2.42587601078168,0.4716981132075637,1.21293800539084,63.93,92.81,121.7,🟡 B 中等,✅ 技術×基本面共振,共振目標,74.9,76.0,🟢 合理,73.9819927161819,73.67412108632445,0.29467614457807656,0.7137905494106533,False,NO,🔴 不追,第一目標風報不足,
7714,創泓科技,172.0,168.76256835590257,175.70006835590257,161.82506835590257,技術結構,4.110804941869302,5.915657932614783,False,178.5,183.5,3.779069767441867,6.686046511627897,0.6388249304623803,1.130228723125746,99.21,139.45,179.69,🟡 B 中等,✅ 技術×基本面共振,共振目標,178.5,179.69,🟢 合理,168.57051630363523,168.76256835590257,2.034450490848272,1.9183351353541989,False,NO,🔴 不追,第一目標風報不足,
7715,裕山,28.4,28.49672286147677,29.152972984092038,27.8404727388615,技術結構,2.3028968131013383,1.970166412459502,False,28.95,32.6,1.936619718309851,14.7887323943662,0.9683098591549255,7.3943661971831,18.55,31.32,44.09,🟠 C 低一致,🟡 共振但估值分歧,共振目標,28.95,32.6,🔵 偏便宜,27.946974813326158,28.49672286147677,1.6210169068382463,-0.33941749002839305,False,C,🟠 C 觀察,條件未齊，不急進,
7716,昱臺國際,23.9,23.812854471207576,24.040533226559052,23.564867578877383,技術結構,1.04139926874385,1.4022277034419066,False,24.1,24.55,0.8368200836820217,2.7196652719665426,0.4184100418410108,1.3598326359832713,24.48,25.98,27.49,🟡 B 中等,✅ 技術×基本面共振,共振目標,24.48,24.55,🟢 合理,23.812854471207576,23.79254633422886,0.36596002758841895,0.4516274309679602,False,NO,🔴 不追,第一目標風報不足,
7717,萊德光電-KY,604.0,578.8167739719971,609.7542739719971,505.8377268693978,技術結構,12.60831585819419,16.252031975265268,False,624.0,697.0,3.31125827814569,15.39735099337749,0.2037442630672429,0.9474108232626814,133.93,184.18,234.43,🟡 B 中等,🔴 基本面背離,技術目標,624.0,697.0,🟢 合理,578.8167739719971,536.7752268693978,4.350811372515828,12.523821846748273,False,NO,🔴 不追,現價風險過高,
7718,友鋮,45.8,46.29023181692671,46.68398185779847,45.896481776054955,技術結構,0.8506115122278943,,True,46.5,46.95,1.5283842794759916,2.510917030567694,,,69.69,101.61,133.53,🟡 B 中等,🔵 技術低於基本面,技術目標,46.5,46.95,🔵 偏便宜,46.05487308526019,46.29023181692671,-0.5534117633726909,-1.0590394510563983,False,NO,🔴 結構失效,現價已跌破防守位，等待重新形成結構,
7721,微程式,62.2,61.499093773143116,62.82766528345806,59.940841914722064,技術結構,2.5337801954758987,3.6320869538230522,False,63.0,64.0,1.2861736334405016,2.893890675241151,0.3541142185725219,0.7967569917881804,33.5,55.31,77.13,🟠 C 低一致,🟡 共振但估值分歧,共振目標,63.0,64.0,🟢 合理,61.499093773143116,61.26941342503701,1.1397017156746791,1.5188436169730313,False,NO,🔴 不追,第一目標風報不足,
7722,LINEPAY,259.0,266.5803376312994,269.90176620272797,263.25890905987086,技術結構,1.2459390669773778,,True,266.5,285.5,2.895752895752901,10.231660231660221,,,181.26,310.95,440.64,🟠 C 低一致,🟡 共振但估值分歧,共振目標,266.5,285.5,🔵 偏便宜,261.6011617157664,266.5803376312994,-0.9943234573983273,-2.843547164301208,False,NO,🔴 結構失效,現價已跌破防守位，等待重新形成結構,
7723,築間,18.375,18.752451200700822,19.08727238404171,18.417630017359933,技術結構,1.785479560818033,,True,19.05,19.3,3.6734693877551017,5.034013605442178,,,,,,,⚪ 基本面不足,技術目標,19.05,19.3,🔵 偏便宜,18.502327896502372,18.752451200700822,-0.6881723057477585,-2.0128099343445616,False,NO,🔴 結構失效,現價已跌破防守位，等待重新形成結構,
7728,光焱科技,667.0,615.34975910009,638.1711876715185,591.8210584230629,技術結構,3.8236304360362885,11.271205633723698,False,688.0,719.0,3.148425787106457,7.796101949025491,0.2793335415411371,0.6916830552447185,204.8,216.88,228.96,🟢 A 高一致,🔴 基本面背離,技術目標,688.0,719.0,🔴 過熱,615.34975910009,614.6424869944915,8.39363957425534,8.518368663632225,False,NO,🔴 不追,等待回到合理價格區,
7730,暉盛-創,179.5,173.9241643413392,177.59380719848207,169.13876754733562,技術結構,2.7514272166413223,5.772274346888235,False,181.0,184.0,0.8356545961002881,2.506963788300842,0.14477042251998637,0.43431126755995525,30.46,59.19,87.91,🟠 C 低一致,🔴 基本面背離,技術目標,181.0,184.0,🔴 過熱,173.9241643413392,172.80841040447848,3.205900502541903,3.872259214617535,False,NO,🔴 不追,等待回到合理價格區,
7732,金興精密,33.5,34.07795953106368,34.46099549057993,33.69492357154742,技術結構,1.12399910319484,,True,34.5,34.8,2.9850746268656803,3.8805970149253577,,,27.52,30.82,34.12,🟢 A 高一致,🔴 基本面背離,技術目標,34.5,34.8,🔵 偏便宜,33.87369806418273,34.07795953106368,-1.1032101174033637,-1.6959921867881755,False,NO,🔴 結構失效,現價已跌破防守位，等待重新形成結構,
7734,印能科技,2665.0,2714.031956806321,2836.9783853777494,2591.0855282348925,技術結構,4.530028773725384,2.773526145032175,False,2735.0,3130.0,2.6266416510319024,17.448405253283305,0.9470405230311724,6.291054902992771,1211.3,1550.14,1888.98,🟡 B 中等,🔴 基本面背離,技術目標,2735.0,3130.0,🔵 偏便宜,2653.38391361035,2714.031956806321,0.4377838551770097,-1.8066094131042654,False,C,🟠 C 觀察,條件未齊，不急進,
7736,虎山,68.5,68.97097143435857,69.80668629227745,68.1352565764397,技術結構,1.2116907164548845,0.5324721511829177,False,69.9,70.9,2.0437956204379715,3.50364963503651,1.0218978102189857,1.751824817518255,61.57,67.01,72.44,🟢 A 高一致,✅ 技術×基本面共振,共振目標,69.9,70.9,🔵 偏便宜,68.68523663163128,68.97097143435857,-0.26968915114136127,-0.6828545757207594,False,B,🟡 B 等確認,等支撐或量價確認,
7738,東聯互動,155.5,161.6107568433828,164.82504255766852,158.39647112909708,技術結構,1.9889057987648007,,True,165.5,170.0,6.430868167202575,9.324758842443725,,,229.6,238.66,247.73,🟢 A 高一致,🔵 技術低於基本面,技術目標,165.5,170.0,🔵 偏便宜,158.3633086598448,161.6107568433828,-1.808063170740526,-3.781157246423106,False,NO,🔴 結構失效,現價已跌破防守位，等待重新形成結構,
7740,熙特爾-創,104.5,121.07346555970226,125.70739413113083,116.43953698827369,技術結構,3.8273692340486805,,True,127.0,135.0,21.53110047846889,29.186602870813406,,,65.94,141.13,216.32,🟠 C 低一致,🟡 共振但估值分歧,共振目標,127.0,135.0,🔵 偏便宜,113.34961932075609,121.07346555970226,-7.807365718373949,-13.688767793245127,False,NO,🔴 結構失效,現價已跌破防守位，等待重新形成結構,
7743,金利食安,25.0,24.492363362136615,25.24772068891666,22.78821332124905,技術結構,6.957883221355663,8.847146715003802,False,25.3,27.1,1.200000000000001,8.400000000000007,0.13563695038140727,0.9494586526698509,12.14,18.13,24.12,🟡 B 中等,🔴 基本面背離,技術目標,25.3,27.1,🟢 合理,24.492363362136615,23.543570648029096,2.0726323154594217,6.186102243131186,False,NO,🔴 不追,第一目標風報不足,
7744,崴寶,523.0,523.8802202307837,538.6927202307837,501.0083646724404,技術結構,4.365855910396396,4.204901592267611,False,526.0,546.0,0.5736137667303964,4.397705544933084,0.13641550322728457,1.0458521914091923,265.81,569.39,872.98,🟠 C 低一致,🟡 共振但估值分歧,共振目標,526.0,546.0,🔵 偏便宜,523.8802202307837,515.8208646724404,-0.16801936717442123,1.391788471394717,False,NO,🔴 不追,第一目標風報不足,
7747,昕奇雲端,111.5,112.9964954520405,114.25542402346908,111.73756688061194,技術結構,1.1141306342221036,,True,113.5,114.5,1.7937219730941756,2.6905829596412634,,,104.34,105.52,106.69,🟢 A 高一致,🔴 基本面背離,技術目標,113.5,114.5,🔵 偏便宜,112.44095482748509,112.9964954520405,-0.8368435050456147,-1.3243733321584905,False,NO,🔴 結構失效,現價已跌破防守位，等待重新形成結構,
7749,意騰-KY,391.0,381.04808463117075,390.2623703454565,362.5891122257753,技術結構,4.844263270149361,7.26621170696284,False,408.0,450.0,4.347826086956519,15.089514066496168,0.5983621538015771,2.076668651429005,342.47,443.34,544.21,🟡 B 中等,✅ 技術×基本面共振,共振目標,408.0,450.0,🔴 過熱,381.04808463117075,371.803397940061,2.6117216619687467,5.163105599974549,False,NO,🔴 不追,等待回到合理價格區,
7750,新代,1915.0,2050.7321347924126,2113.678563363841,1987.785706220984,技術結構,3.069461267197653,,True,2030.0,2160.0,6.005221932114879,12.79373368146215,,,390.12,1381.29,2372.45,🟠 C 低一致,🟡 共振但估值分歧,共振目標,2030.0,2160.0,🔵 偏便宜,1966.7647449757392,2050.7321347924126,-2.6319744193084804,-6.6187159448863,False,NO,🔴 結構失效,現價已跌破防守位，等待重新形成結構,
7751,竑騰,1625.0,1509.9717789609188,1571.8467789609188,1443.6757464044758,技術結構,4.390547789049693,11.15841560587841,False,1695.0,1985.0,4.307692307692301,22.153846153846146,0.38604874202955375,1.9853935304377073,453.15,694.71,936.26,🟡 B 中等,🔴 基本面背離,技術目標,1695.0,1985.0,🔴 過熱,1509.9717789609188,1505.5507464044758,7.6179053570284205,7.933924105898815,False,NO,🔴 不追,等待回到合理價格區,
7753,星亞,35.6,36.062251239803125,36.381001771135956,35.74350070847029,技術結構,0.8838897195109546,,True,36.1,36.55,1.404494382022481,2.668539325842678,,,36.94,78.3,119.65,🟠 C 低一致,🔵 技術低於基本面,技術目標,36.1,36.55,🔵 偏便宜,35.679261045069794,36.062251239803125,-0.22214878545178118,-1.2818147062680363,False,NO,🔴 結構失效,現價已跌破防守位，等待重新形成結構,
7757,金色三麥,89.94999999999999,89.67215280605247,91.24715288779598,87.84213923503664,技術結構,2.040782465626618,2.3433693885084477,False,90.7,91.8,0.8337965536409309,2.056698165647597,0.35581097787218324,0.8776670787513714,97.59,99.23,100.87,🟢 A 高一致,🔵 技術低於基本面,技術目標,90.7,91.8,🟢 合理,89.67215280605247,89.41713931678015,0.30984780141105617,0.5959267846090022,False,NO,🔴 不追,第一目標風報不足,
7760,享溫馨,32.775,32.96496233726169,33.538176786463,32.39174788806038,技術結構,1.7388597121295073,1.1693428281910574,False,33.0,33.4,0.6864988558352492,1.9069412662090057,0.3432494279176246,0.9534706331045029,12.68,23.76,34.84,🟠 C 低一致,🟡 共振但估值分歧,共振目標,33.0,33.4,🔵 偏便宜,32.93898480633598,32.96496233726169,-0.49784414213166484,-0.5762552837712986,False,NO,🔴 不追,第一目標風報不足,
7765,中華資安,237.0,237.3334222884683,244.29770800275404,226.26564230993674,技術結構,4.663388692503316,4.529264848127959,False,244.5,260.0,3.164556962025311,9.704641350210963,0.6986910830205235,2.142652654596274,155.57,234.14,312.72,🟡 B 中等,✅ 技術×基本面共振,共振目標,244.5,260.0,🔵 偏便宜,237.3334222884683,233.22992802422246,-0.14048686664243082,1.6164614926202692,False,NO,🔴 不追,第一目標風報不足,
7767,仁大資訊,46.35,46.31677115900814,46.9248065463198,45.41861067458626,技術結構,1.9391690352042086,2.0094699577426964,False,46.75,47.2,0.8629989212513456,1.8338727076591121,0.42946594843387487,0.9126151404219854,79.67,88.01,96.35,🟢 A 高一致,🔵 技術低於基本面,技術目標,46.75,47.2,🟢 合理,46.31677115900814,46.02664606189792,0.07174256788708977,0.7025363909141324,False,NO,🔴 不追,第一目標風報不足,
7768,頌勝科技,299.5,291.82420336720696,300.2081319386355,277.0070009525653,技術結構,5.07744122786037,7.510183321347143,False,303.0,312.0,1.1686143572620988,4.173622704507518,0.15560397226794698,0.5557284723855279,164.74,177.41,190.08,🟢 A 高一致,🔴 基本面背離,技術目標,303.0,312.0,🟢 合理,291.82420336720696,285.39092952399386,2.6302810199517523,4.943769761547356,False,NO,🔴 不追,第一目標風報不足,
7769,鴻勁,5505.0,6069.0799817109055,6315.508553139477,5822.651410282334,技術結構,4.06039419765732,,True,6540.0,6710.0,18.80108991825613,21.88919164396004,,,1358.52,2697.21,4035.9,🟠 C 低一致,🔴 基本面背離,技術目標,6540.0,6710.0,🔵 偏便宜,5884.302176253767,6069.0799817109055,-6.446000985205169,-9.29432440189869,False,NO,🔴 結構失效,現價已跌破防守位，等待重新形成結構,
7770,君曜,42.075,40.16129430444252,41.187186957226594,37.89929856045794,技術結構,5.632278000896905,9.924424098733356,False,42.7,43.7,1.485442661913261,3.862150920974461,0.14967545190887666,0.38915617496307753,13.25,36.52,59.79,🟠 C 低一致,🟡 共振但估值分歧,共振目標,42.7,43.7,🔴 過熱,40.16129430444252,38.925191213242016,4.7650498538484465,8.091954563569237,False,NO,🔴 不追,等待回到合理價格區,
7772,耀穎,176.0,165.76503605726452,176.53289320012166,134.97781086908304,技術結構,18.57280999688369,23.308062006202814,False,199.0,224.5,13.068181818181813,27.556818181818187,0.5606721749197366,1.182286977548141,9.92,81.41,152.89,🟠 C 低一致,🔴 基本面背離,技術目標,199.0,224.5,🟢 合理,165.76503605726452,145.74566801194018,6.174380427968984,20.75830616494292,False,NO,🔴 不追,現價風險過高,
7777,能率亞洲,38.0,36.97551218391867,37.843369858108645,36.10765450972869,技術結構,2.3471146792320154,4.979856553345554,False,38.4,40.65,1.0526315789473717,6.97368421052631,0.21137789164633577,1.400378532156969,16.04,18.11,20.19,🟢 A 高一致,🔴 基本面背離,技術目標,38.4,40.65,🔴 過熱,36.42016356273738,36.97551218391867,4.33780709013345,2.7707197428002095,False,NO,🔴 不追,等待回到合理價格區,
7780,大研生醫*,16.25,16.35849095848498,16.513848152431816,16.20313376453814,技術結構,0.9497037003052872,0.2884076028422118,False,16.5,16.65,1.538461538461533,2.4615384615384484,0.7692307692307665,1.2307692307692242,11.34,12.16,12.98,🟢 A 高一致,🔴 基本面背離,技術目標,16.5,16.65,🔵 偏便宜,16.203547896060435,16.35849095848498,0.2866785980301101,-0.6632088421866689,False,NO,🔴 不追,第一目標風報不足,
7786,東方風能,119.5,118.49920337161521,120.80277480018664,116.19563194304378,技術結構,1.9439552022534679,2.7651615539382606,False,120.5,129.0,0.8368200836819994,7.949790794979084,0.3026297260968947,2.8749823979205313,129.86,156.38,182.89,🟢 A 高一致,🔵 技術低於基本面,技術目標,120.5,129.0,🟢 合理,118.37557596085625,118.49920337161521,0.9498784103196822,0.8445597944201078,False,NO,🔴 不追,第一目標風報不足,
7788,松川精密,294.0,291.55759321122036,303.5040217826489,278.7457661925686,技術結構,4.394269714447172,5.1885149004868625,False,304.0,330.0,3.401360544217691,12.244897959183664,0.6555557051399284,2.360000538503738,238.81,322.13,405.44,🟡 B 中等,✅ 技術×基本面共振,共振目標,304.0,330.0,🟢 合理,291.55759321122036,290.6921947639972,0.8377098884233991,1.13790645073506,False,NO,🔴 不追,第一目標風報不足,
7791,皇家可口,55.25,55.94770991649592,56.59056689586603,55.3048529371258,技術結構,1.1490318018907373,,True,56.5,57.4,2.262443438914019,3.891402714932135,,,60.67,79.66,98.66,🟡 B 中等,🔵 技術低於基本面,技術目標,56.5,57.4,🔵 偏便宜,55.618942032060126,55.94770991649592,-0.663338816922221,-1.2470750233338879,False,NO,🔴 結構失效,現價已跌破防守位，等待重新形成結構,
7792,安葆,424.0,386.29759600664784,402.9315245780764,334.03563736602445,技術結構,13.528937063259386,21.218010055182916,False,453.0,492.0,6.839622641509435,16.03773584905661,0.3223498633340841,0.7558548519557835,314.31,429.56,544.81,🟡 B 中等,✅ 技術×基本面共振,共振目標,453.0,492.0,🔴 過熱,386.29759600664784,350.669565937453,9.75993751529931,20.911547846050183,False,NO,🔴 不追,等待回到合理價格區,
7795,長廣,488.0,500.45166646284724,522.3623807485616,478.54095217713297,技術結構,4.378187895861647,1.9383294718989825,False,523.0,587.0,7.172131147540983,20.28688524590163,3.5860655737704916,10.143442622950815,53.85,72.71,91.56,🟡 B 中等,🔴 基本面背離,技術目標,523.0,587.0,🔵 偏便宜,493.3136603298329,500.45166646284724,-1.0771362638286042,-2.488085722814082,False,B,🟡 B 等確認,等支撐或量價確認,
7799,禾榮科,539.0,496.7926499915099,521.5694357057956,434.3906338763427,技術結構,12.560978129655028,19.4080456630162,False,558.0,616.0,3.5250463821892453,14.28571428571428,0.18162809606876298,0.7360717577523537,,,,,⚪ 基本面不足,技術目標,558.0,616.0,🔴 過熱,496.7926499915099,459.1674195906284,8.495969094794663,17.3863773872603,False,NO,🔴 不追,等待回到合理價格區,
7803,雲象科技-創,17.95,18.707512489429224,19.235190938242525,18.179834040615923,技術結構,2.820676715364849,,True,19.8,21.6,10.30640668523677,20.334261838440113,,,,,,,⚪ 基本面不足,技術目標,19.8,21.6,🔵 偏便宜,18.29309021178198,18.707512489429224,-1.8755180661658155,-4.049242195386804,False,NO,🔴 結構失效,現價已跌破防守位，等待重新形成結構,
7805,威聯通,494.0,507.50541369662375,513.0768422680524,501.9339851251952,技術結構,1.0978067269956335,,True,505.0,509.0,2.2267206477732726,3.0364372469635637,,,812.46,913.9,1015.35,🟢 A 高一致,🔵 技術低於基本面,技術目標,505.0,509.0,🔵 偏便宜,497.83379577309626,507.50541369662375,-0.7700955229732243,-2.661136873053538,False,NO,🔴 結構失效,現價已跌破防守位，等待重新形成結構,
7810,捷創科技,235.0,226.15193757095287,233.57158042809573,214.0320402948121,技術結構,5.359183479176812,8.922536044760806,False,240.0,257.5,2.127659574468077,9.57446808510638,0.23845906184009313,1.073065778280423,241.59,293.85,346.11,🟡 B 中等,✅ 技術×基本面共振,共振目標,241.59,257.5,🔴 過熱,226.15193757095287,221.45168315195497,3.9124415753772457,6.117956140684866,False,NO,🔴 不追,等待回到合理價格區,
7811,民盛,73.5,73.19969708646312,73.4675538206027,72.74857121648651,技術結構,0.6162947224272524,1.0223520864129108,False,74.2,79.8,0.952380952380949,8.571428571428562,0.4761904761904745,4.285714285714281,57.97,60.65,63.32,🟡 B 中等,🔴 基本面背離,技術目標,74.2,79.8,🔴 過熱,73.19969708646312,73.0164279506261,0.4102515795689321,0.6622784254810332,False,NO,🔴 不追,等待回到合理價格區,
7814,海昌生技,28.4,28.838707183385324,29.224421448663733,28.452992918106915,技術結構,1.3374880601465673,,True,28.7,29.55,1.0563380281690238,4.049295774647899,,,13.5,13.5,13.5,🟠 C 低一致,🔴 基本面背離,技術目標,28.7,29.55,🔵 偏便宜,28.468797906875857,28.838707183385324,-0.24166073713720593,-1.5212442797646442,False,NO,🔴 結構失效,現價已跌破防守位，等待重新形成結構,
7818,溢泰實業,60.1,60.46665868546686,61.03451537873468,59.89880199219904,技術結構,0.9391236519644255,0.33477205956898737,False,60.5,61.0,0.6655574043261225,1.4975041597337757,0.33277870216306127,0.7487520798668879,42.69,67.46,92.23,🟠 C 低一致,🟡 共振但估值分歧,共振目標,60.5,61.0,🔵 偏便宜,60.08641185783432,60.46665868546686,0.02261433449850525,-0.6063815885282042,False,NO,🔴 不追,第一目標風報不足,
7819,精誠金融,34.075,34.545262611958734,34.8693702044052,34.22115501951227,技術結構,0.9382114013348635,,True,35.0,35.6,2.7146001467351244,4.475421863536311,,,9.87,27.71,45.55,🟠 C 低一致,🟡 共振但估值分歧,共振目標,35.0,35.6,🔵 偏便宜,34.320118279548765,34.545262611958734,-0.7142116398090259,-1.3612940716100863,False,NO,🔴 結構失效,現價已跌破防守位，等待重新形成結構,
7820,立盈,110.0,110.29114894143645,113.02329179857931,107.55900608429359,技術結構,2.477209534369438,2.219085377914922,False,112.5,120.0,2.2727272727272707,9.090909090909083,1.0241729747517652,4.096691899007061,66.54,71.53,76.52,🟢 A 高一致,🔴 基本面背離,技術目標,112.5,120.0,🔵 偏便宜,108.16736758211057,110.29114894143645,1.6942562797400695,-0.2639821456489222,False,B,🟡 B 等確認,等支撐或量價確認,
7821,神數,35.9,38.119409210283095,38.601552026554195,37.637266394011995,技術結構,1.264822373325338,,True,39.1,39.6,8.913649025069637,10.30640668523677,,,40.78,47.96,55.15,🟢 A 高一致,🔵 技術低於基本面,技術目標,39.1,39.6,🔵 偏便宜,37.241787858203914,38.119409210283095,-3.6029093536344203,-5.822255004110577,False,NO,🔴 結構失效,現價已跌破防守位，等待重新形成結構,
7822,倍利科,998.0,913.3042574226604,940.6256859940889,868.0344280488101,技術結構,4.9567084578803415,13.022602399918826,False,1020.0,1205.0,2.2044088176352616,20.74148296593186,0.16927559868133596,1.5927294966834853,569.07,648.3,727.53,🟢 A 高一致,🔴 基本面背離,技術目標,1020.0,1205.0,🔴 過熱,913.3042574226604,895.3558566202387,9.273551709520177,11.46406120212573,False,NO,🔴 不追,等待回到合理價格區,
7823,奧義賽博-KY創,80.2,81.1617401247368,82.62424020648031,79.69924004299328,技術結構,1.8019575227142859,0.6243889738238421,False,81.5,84.0,1.6209476309226867,4.738154613466339,0.8104738154613433,2.3690773067331694,,,,,⚪ 基本面不足,技術目標,81.5,84.0,🔵 偏便宜,80.57825682204415,81.1617401247368,-0.4694279039561766,-1.1849673543946948,False,C,🟠 C 觀察,條件未齊，不急進,
7825,和亞智慧,84.4,86.51707502957778,94.18850368274987,78.8456463764057,技術結構,8.866953315919936,6.58098770568046,False,90.0,101.0,6.635071090047395,19.66824644549763,1.0082181257260596,2.988646586973676,25.77,36.08,46.38,🟡 B 中等,🔴 基本面背離,技術目標,90.0,101.0,🔵 偏便宜,84.57239152420331,86.51707502957778,-0.20383900832929847,-2.447002547016308,False,B,🟡 B 等確認,等支撐或量價確認,
7827,漢康-KY創,165.0,160.82100178246284,164.41028749674857,154.55657769544646,技術結構,3.8952773689906843,6.329346851244567,False,167.5,178.0,1.5151515151515138,7.878787878787885,0.2393851294235175,1.2448026730022932,,,,,⚪ 基本面不足,技術目標,167.5,178.0,🔴 過熱,160.82100178246284,158.1458634097322,2.5985400981334283,4.334059988979777,False,NO,🔴 不追,等待回到合理價格區,
7828,創新服務,1885.0,1942.8594795681392,2049.466622425282,1807.116105388997,技術結構,6.986782914908253,4.131771597400685,False,1920.0,2010.0,1.8567639257294433,6.6312997347480085,0.44938687484505224,1.6049531244466144,263.71,416.05,568.38,🟠 C 低一致,🔴 基本面背離,技術目標,1920.0,2010.0,🔵 偏便宜,1942.8594795681392,1913.72324824614,-2.978057866593642,-1.5009091974225508,False,NO,🔴 不追,第一目標風報不足,
7839,達人網,43.2,43.612665653391396,44.41355806094493,42.81177324583786,技術結構,1.836375730661752,0.8986730420419913,False,43.9,44.5,1.6203703703703498,3.009259259259256,0.8101851851851749,1.504629629629628,39.52,41.56,43.6,🟢 A 高一致,🔴 基本面背離,技術目標,43.9,44.5,🔵 偏便宜,43.2817209831597,43.612665653391396,-0.188811769272057,-0.9462059867448191,False,C,🟠 C 觀察,條件未齊，不急進,
7842,天能綠電,96.9,97.79299984902156,100.2412138895053,95.34478580853781,技術結構,2.503465528476927,1.604968205843342,False,98.9,101.5,2.063983488132104,4.747162022703821,1.031991744066052,2.3735810113519107,128.18,144.0,159.81,🟢 A 高一致,🔵 技術低於基本面,技術目標,98.9,101.5,🔵 偏便宜,97.60677688163125,97.79299984902156,-0.7241063625001765,-0.9131531402045256,False,B,🟡 B 等確認,等支撐或量價確認,
8011,台通,16.1,15.91222839999909,16.161335532638294,15.630477635343215,技術結構,1.7706556088391199,2.916287979234696,False,16.25,16.65,0.9316770186335255,3.416149068322971,0.319473599749919,1.1714031990830516,6.28,17.82,29.37,🟠 C 低一致,🟡 共振但估值分歧,共振目標,16.25,16.65,🟢 合理,15.91222839999909,15.879584767982418,1.1800459073407987,1.3880415340708385,False,NO,🔴 不追,第一目標風報不足,
8016,矽創,284.0,284.1600035156773,288.33857494424876,279.9814320871059,技術結構,1.4704994991812457,1.4149887017232843,False,289.0,304.5,1.760563380281699,7.2183098591549255,0.8802816901408494,3.6091549295774628,482.82,682.81,882.81,🟡 B 中等,🔵 技術低於基本面,技術目標,289.0,304.5,🔵 偏便宜,282.4905455481166,284.1600035156773,0.5343380426961364,-0.05630754282718309,False,C,🟠 C 觀察,條件未齊，不急進,
8021,尖點,486.0,470.1733593183135,485.7626450325992,439.7332293461868,技術結構,6.474235379107965,9.519911657163206,False,532.0,623.0,9.465020576131678,28.189300411522634,0.9942340766376518,2.961088445638227,126.37,142.17,157.98,🟢 A 高一致,🔴 基本面背離,技術目標,532.0,623.0,🔴 過熱,470.1733593183135,455.32251506047254,3.366128762512832,6.737528658220016,False,NO,🔴 不追,等待回到合理價格區,
8024,佑華,12.55,12.86495227787375,13.298880900392017,12.431023655355482,技術結構,3.3729516685777035,0.948018682426447,False,13.4,13.8,6.7729083665338585,9.960159362549792,3.3864541832669293,4.980079681274896,,,,,⚪ 基本面不足,技術目標,13.4,13.8,🔵 偏便宜,12.674638975017377,12.86495227787375,-0.9833729801933533,-2.448141828053496,False,B,🟡 B 等確認,等支撐或量價確認,
8027,鈦昇,222.0,190.57740808479298,198.1309795133644,176.2247792546462,技術結構,7.531128151223945,20.619468804213426,False,258.0,276.0,16.216216216216207,24.32432432432432,0.7864516962193784,1.1796775443290681,48.55,48.55,48.55,🟠 C 低一致,🔴 基本面背離,技術目標,258.0,276.0,🔴 過熱,190.57740808479298,183.7783506832176,16.488099104184627,20.79768872377454,True,NO,🟠 高位延伸,不追，等待回踩 EMA9/EMA20 或重新整理,
8028,昇陽半導體,282.5,264.7568955775905,274.53368129187623,245.73473029302042,技術結構,7.1847667057251,13.014254763532595,False,286.0,311.0,1.2389380530973382,10.088495575221245,0.09519854003234837,0.7751881116919844,143.6,191.14,238.67,🟡 B 中等,🔴 基本面背離,技術目標,286.0,311.0,🔴 過熱,264.7568955775905,255.51151600730614,6.701659038455388,10.562531354524985,False,NO,🔴 不追,等待回到合理價格區,
8032,光菱,36.2,35.75121428244509,36.2949646502909,35.14720340512473,技術結構,1.6894835306809426,2.9082778863957874,False,36.6,37.95,1.104972375690605,4.834254143646399,0.37994043858717746,1.6622394188189022,77.57,93.84,110.12,🟢 A 高一致,🔵 技術低於基本面,技術目標,36.6,37.95,🟢 合理,35.75121428244509,35.69095377297054,1.255302026972771,1.4262612040784939,False,NO,🔴 不追,第一目標風報不足,
8033,雷虎,174.5,173.5623528517263,177.47306713744058,169.65163856601202,技術結構,2.253204235514822,2.7784306211965473,False,176.0,180.5,0.8595988538681931,3.4383954154727725,0.3093828751059481,1.2375315004237923,17.12,21.82,26.53,🟡 B 中等,🔴 基本面背離,技術目標,176.0,180.5,🟢 合理,170.9711794485706,173.5623528517263,2.0639856160616254,0.5402364815108918,False,NO,🔴 不追,第一目標風報不足,
8034,榮群,20.35,20.34153961730034,20.74332541332957,19.705910606948304,技術結構,3.12478318903373,3.1650584425144817,False,20.5,21.3,0.7371007371007376,4.668304668304657,0.23288692783667772,1.474950542965621,8.57,16.3,24.04,🟠 C 低一致,🟡 共振但估值分歧,共振目標,20.5,21.3,🟢 合理,20.34153961730034,20.10769640297753,0.04159165362520589,1.205029120026846,False,NO,🔴 不追,第一目標風報不足,
8038,長園科,34.6,32.64691650330284,33.581737870566634,31.218549188490435,技術結構,4.375198235545153,9.772979224016087,False,38.0,40.0,9.826589595375722,15.606936416184958,1.0054855709943487,1.5969476715792583,1.39,9.41,17.42,🟠 C 低一致,🔴 基本面背離,技術目標,38.0,40.0,🔴 過熱,32.64691650330284,32.15337055575423,5.9824439974279775,7.609247186086754,False,NO,🔴 不追,等待回到合理價格區,
8039,台虹,300.5,300.5,309.14,281.64,Entry,6.276206322795345,6.276206322795345,False,306.0,327.5,1.830282861896837,8.985024958402654,0.29162248144220526,1.4316012725344622,73.26,78.02,82.78,🟢 A 高一致,🔴 基本面背離,技術目標,306.0,327.5,🟢 合理,274.4431878301222,275.8452856998475,9.49442847384745,8.937877708368646,False,NO,🔴 不追,第一目標風報不足,
8040,九暘,98.5,90.23623605045428,94.02373629568481,80.61919474988028,技術結構,10.657626826540916,18.15310177677129,False,105.0,120.0,6.598984771573613,21.8274111675127,0.36351830407394475,1.2024066980907393,21.91,67.53,113.16,🟠 C 低一致,🟡 共振但估值分歧,共振目標,105.0,113.16,🔴 過熱,90.23623605045428,84.40669499511081,9.157921818597536,16.696904203754848,False,NO,🔴 不追,等待回到合理價格區,
8042,金山電,111.5,111.92666878845955,116.44169161124833,107.0683123605623,技術結構,4.340660255939093,3.9746077483746167,False,115.0,121.5,3.1390134529148073,8.968609865470857,0.7897668528922083,2.256476722549161,108.94,146.57,184.19,🟡 B 中等,✅ 技術×基本面共振,共振目標,115.0,121.5,🔵 偏便宜,111.92666878845955,111.58333518335108,-0.3812038659579464,-0.0746842556858085,False,NO,🔴 不追,第一目標風報不足,
8043,蜜望實,130.5,134.56237485559862,138.79451771274148,130.33023199845576,技術結構,3.1451160561668536,0.13009042263926557,False,137.5,144.5,5.363984674329503,10.727969348659006,2.6819923371647514,5.363984674329503,110.26,111.03,111.81,🟢 A 高一致,🔴 基本面背離,技術目標,137.5,144.5,🔵 偏便宜,132.2209472548138,134.56237485559862,-1.3015692978641469,-3.018953002247493,False,B,🟡 B 等確認,等支撐或量價確認,
8044,網家,24.3,24.0860391187771,24.511932016791715,23.66014622076249,技術結構,1.7682147567492472,2.633143124434207,False,24.5,24.8,0.8230452674897082,2.0576131687242816,0.31257141317244536,0.7814285329311176,,,,,⚪ 基本面不足,技術目標,24.5,24.8,🟢 合理,23.960791687989047,24.0860391187771,1.4156807355450995,0.8883190804755303,False,NO,🔴 不追,第一目標風報不足,
8045,達運光電,53.9,53.05985858185998,54.9991443778892,50.506799741235234,技術結構,4.811657831100174,6.295362261159118,False,54.3,56.6,0.7421150278293043,5.009276437847876,0.11788281548275256,0.7957090045085913,11.14,26.84,42.54,🟠 C 低一致,🔴 基本面背離,技術目標,54.3,56.6,🟢 合理,53.05985858185998,52.44608553726446,1.5833842015313015,2.772207778409874,False,NO,🔴 不追,第一目標風報不足,
8046,南電,1340.0,1204.4216810486084,1260.1359667628942,1107.8622145770469,技術結構,8.017081391916973,17.323715330071128,False,1380.0,1510.0,2.9850746268656803,12.686567164179108,0.17231145686653487,0.7323236916827713,232.39,319.28,406.18,🟡 B 中等,🔴 基本面背離,技術目標,1380.0,1510.0,🔴 過熱,1204.4216810486084,1163.5765002913326,11.256715242235815,15.16217452522417,False,NO,🔴 不追,等待回到合理價格區,
8047,星雲,50.8,48.03491896654781,49.64206170107539,45.17400738243765,技術結構,5.955899678112363,11.074788617248714,False,52.0,55.8,2.3622047244094446,9.842519685039374,0.21329569403522233,0.888732058480095,,,,,⚪ 基本面不足,技術目標,52.0,55.8,🔴 過熱,48.03491896654781,46.781150116965236,5.756397830873472,8.590746215060063,False,NO,🔴 不追,等待回到合理價格區,
8048,德勝,50.6,50.14746573941241,51.09032308662834,49.204608392196484,技術結構,1.8801694827719022,2.757690924512881,False,51.0,52.5,0.7905138339920903,3.754940711462451,0.2866578799550304,1.3616249297864025,64.28,72.29,80.3,🟢 A 高一致,🔵 技術低於基本面,技術目標,51.0,52.5,🟢 合理,49.93135490573118,50.14746573941241,1.3391286808283054,0.9024070387507743,False,NO,🔴 不追,第一目標風報不足,
8049,晶采,24.6,24.571089766138392,24.729125357808837,24.41305417446795,技術結構,0.6431769741374441,0.7599423802115978,False,26.25,26.45,6.7073170731707155,7.520325203252032,3.3536585365853577,3.760162601626016,37.72,46.45,55.18,🟡 B 中等,🔵 技術低於基本面,技術目標,26.25,26.45,🟢 合理,24.506833868440502,24.571089766138392,0.3801638843256683,0.11765955086555646,False,B,🟡 B 等確認,等支撐或量價確認,
8050,廣積,63.6,60.92994772434722,62.34959094933589,57.84224298335139,技術結構,5.067630707587174,9.05307707020222,False,65.0,69.4,2.2012578616352085,9.119496855345922,0.2431502399201423,1.007336708240596,79.45,94.16,108.86,🟢 A 高一致,🔵 技術低於基本面,技術目標,65.0,69.4,🔴 過熱,60.92994772434722,59.26188620834006,4.382167350171295,7.320242518790154,False,NO,🔴 不追,等待回到合理價格區,
8054,安國,88.6,85.44055833423744,87.43877253820821,82.30950484836264,技術結構,3.664598578144048,7.099881660990246,False,92.0,98.2,3.8374717832957206,10.835214446952612,0.540497992294775,1.526111978244069,,,,,⚪ 基本面不足,技術目標,92.0,98.2,🔴 過熱,85.44055833423744,84.30771905233341,3.6978242269942063,5.091207538187792,False,NO,🔴 不追,等待回到合理價格區,
8059,凱碩,17.15,19.445287395516427,19.88259969878704,19.007975092245815,技術結構,2.248937207127344,,True,17.3,17.95,0.8746355685131268,4.664723032069973,,,,,,,⚪ 基本面不足,技術目標,17.3,17.95,🔵 偏便宜,18.867309670962765,19.445287395516427,-9.102037868206224,-11.803823460308749,False,NO,🔴 結構失效,現價已跌破防守位，等待重新形成結構,
8064,東捷,145.5,135.23496588816656,143.13675160245228,118.75939075513747,技術結構,12.182925491809321,18.378425597843663,False,147.0,160.0,1.0309278350515427,9.965635738831624,0.05609445866638878,0.5422464337750939,24.47,28.54,32.61,🟢 A 高一致,🔴 基本面背離,技術目標,147.0,160.0,🔴 過熱,135.23496588816656,126.66117646942318,7.590517766183469,14.873400086509236,False,NO,🔴 不追,等待回到合理價格區,
8066,來思達,15.15,14.983906413398556,15.257120658241085,14.588338220308646,技術結構,2.6399537088418654,3.7073384798109186,False,15.35,15.65,1.320132013201314,3.300330033003296,0.35608618430455347,0.8902154607613867,,,,,⚪ 基本面不足,技術目標,15.35,15.65,🟢 合理,14.983906413398556,14.861552465151176,1.1084798717971411,1.9408977327584287,False,NO,🔴 不追,第一目標風報不足,
8067,志旭,12.3,12.069349396223434,12.444349488184885,11.694349304261982,技術結構,3.107044792976094,4.923989396244057,False,12.6,12.9,2.4390243902439046,4.878048780487809,0.49533502084800485,0.9906700416960097,1.1,4.33,7.57,🟠 C 低一致,🔴 基本面背離,技術目標,12.6,12.9,🟢 合理,11.965129607147109,12.069349396223434,2.798719310594544,1.9110442179156584,False,NO,🔴 不追,第一目標風報不足,
8068,全達,17.75,17.292465314672878,17.70228694760309,16.630889816525208,技術結構,3.8258020826348833,6.304846104083335,False,18.8,19.4,5.915492957746493,9.295774647887312,0.9382454163179847,1.4743856542139706,,,,,⚪ 基本面不足,技術目標,18.8,19.4,🔴 過熱,17.292465314672878,17.04071144945542,2.6458615183047263,4.162317709846852,False,NO,🔴 不追,等待回到合理價格區,
8069,元太,144.0,148.75052102739926,152.0183781702564,145.48266388454212,技術結構,2.196871056508913,,True,148.0,151.0,2.777777777777768,4.861111111111116,,,124.85,239.63,354.42,🟠 C 低一致,🟡 共振但估值分歧,共振目標,148.0,151.0,🔵 偏便宜,145.0611056809405,148.75052102739926,-0.7314887584507934,-3.1936163951481134,False,NO,🔴 結構失效,現價已跌破防守位，等待重新形成結構,
8070,長華*,50.2,49.87665460981564,50.59719040584486,49.12383603820243,技術結構,1.5093605966609036,2.1437529119473626,False,50.6,51.2,0.7968127490039834,1.9920318725099584,0.3716905733693754,0.9292264334234385,33.96,55.89,77.82,🟠 C 低一致,🟡 共振但估值分歧,共振目標,50.6,51.2,🟢 合理,49.87665460981564,49.84437183423165,0.648290052157452,0.7134770741039187,False,NO,🔴 不追,第一目標風報不足,
8071,能率網通,22.05,22.28241007164692,22.68151719406818,21.883302949225655,技術結構,1.7911308567519095,0.7559956951217492,False,22.45,23.5,1.814058956916087,6.575963718820854,0.9070294784580435,3.287981859410427,,,,,⚪ 基本面不足,技術目標,22.45,23.5,🔵 偏便宜,21.92970409968788,22.28241007164692,0.5485523186509189,-1.043020350579782,False,C,🟠 C 觀察,條件未齊，不急進,
8072,陞泰,27.85,27.4654981197521,28.135140792972056,26.37091847552431,技術結構,3.985289614829938,5.31088518662726,False,28.45,29.3,2.154398563734272,5.206463195691202,0.40565715281494313,0.9803381193027876,16.05,33.93,51.81,🟠 C 低一致,🟡 共振但估值分歧,共振目標,28.45,29.3,🟢 合理,27.4654981197521,27.040561148744263,1.3999450458587637,2.9934247547718895,False,NO,🔴 不追,第一目標風報不足,
8074,鉅橡,51.6,51.77530968496665,52.76102397068094,50.78959539925236,技術結構,1.9038307867436999,1.5705515518365087,False,52.0,56.4,0.7751937984496138,9.302325581395344,0.3875968992248069,4.651162790697672,49.77,54.32,58.87,🟢 A 高一致,✅ 技術×基本面共振,共振目標,52.0,56.4,🔵 偏便宜,51.03851356341615,51.77530968496665,1.100123019621635,-0.3385970765473756,False,NO,🔴 不追,第一目標風報不足,
8076,伍豐,21.8,21.86489791729473,22.127397958166487,21.602397876422973,技術結構,1.2005546143626133,0.9064317595276493,False,22.05,23.5,1.1467889908256979,7.7981651376146655,0.5733944954128489,3.8990825688073327,14.07,21.38,28.69,🟡 B 中等,✅ 技術×基本面共振,共振目標,22.05,23.5,🔵 偏便宜,21.61121955671462,21.86489791729473,0.8735298014531878,-0.2968132645311705,False,NO,🔴 不追,第一目標風報不足,
8080,泰霖,27.85,28.45011267498262,28.897434144425805,28.002791205539435,技術結構,1.5723012226820945,,True,28.0,28.3,0.538599640933568,1.6157989228007263,,,,,,,⚪ 基本面不足,技術目標,28.0,28.3,🔵 偏便宜,28.293926863225316,28.45011267498262,-1.5689828611323065,-2.1093507847873005,False,NO,🔴 結構失效,現價已跌破防守位，等待重新形成結構,
8081,致新,251.5,252.37222014161082,255.58650585589655,249.1579344273251,技術結構,1.2736289725081968,0.9312387962922059,False,254.0,260.0,0.994035785288272,3.379721669980129,0.497017892644136,1.6898608349900646,383.8,501.23,618.66,🟡 B 中等,🔵 技術低於基本面,技術目標,254.0,260.0,🔵 偏便宜,251.98448490400673,252.37222014161082,-0.1922677517988025,-0.3456086177477835,False,NO,🔴 不追,第一目標風報不足,
8083,瑞穎,156.0,156.84821427928975,157.91964285071833,155.77678570786117,技術結構,0.6830989924569738,0.14308608470438106,False,158.5,159.5,1.6025641025640969,2.2435897435897356,0.8012820512820484,1.1217948717948678,62.83,194.28,325.73,🟠 C 低一致,🟡 共振但估值分歧,共振目標,158.5,159.5,🔵 偏便宜,156.11994162550226,156.84821427928975,-0.0768265887454489,-0.5407866982657383,False,C,🟠 C 觀察,條件未齊，不急進,
8084,巨虹,26.85,39.537130998079064,40.97552369173489,38.098738304423236,技術結構,3.6380806025751173,,True,43.9,49.0,63.500931098696455,82.49534450651768,,,,,,,⚪ 基本面不足,技術目標,43.9,49.0,🔵 偏便宜,35.35396406634966,39.537130998079064,-24.053778100781177,-32.089154366550964,False,NO,🔴 結構失效,現價已跌破防守位，等待重新形成結構,
8085,福華,14.4,14.362132355599622,14.656775151434843,14.019589842302565,技術結構,2.385039385627881,2.6417372062321873,False,14.95,16.6,3.819444444444442,15.27777777777779,1.4458078704550539,5.7832314818202235,,,,,⚪ 基本面不足,技術目標,14.95,16.6,🟢 合理,14.362132355599622,14.314232638137788,0.26366310700105533,0.5991754083533696,False,B,🟡 B 等確認,等支撐或量價確認,
8086,宏捷科,114.5,111.26288685109739,114.1021725653831,108.42360113681168,技術結構,2.5518713334173246,5.306898570470145,False,122.5,126.0,6.986899563318771,10.043668122270732,1.3165692674431109,1.8925683219494716,173.86,184.64,195.43,🟢 A 高一致,🔵 技術低於基本面,技術目標,122.5,126.0,🔴 過熱,110.65026934277057,111.26288685109739,3.479187786975735,2.9094276092573645,False,NO,🔴 不追,等待回到合理價格區,
8087,麗升能源,22.8,24.76562353674675,25.502230454809233,24.02901661868427,技術結構,2.9743120215387195,,True,24.8,27.0,8.771929824561408,18.421052631578938,,,,,,,⚪ 基本面不足,技術目標,24.8,27.0,🔵 偏便宜,23.83572249883376,24.76562353674675,-4.345253217662837,-7.9369030778901895,False,NO,🔴 結構失效,現價已跌破防守位，等待重新形成結構,
8088,品安,44.4,43.17117789288357,44.001535117484224,42.340820668282916,技術結構,1.9234064603493983,4.637791287651087,False,46.85,47.7,5.518018018018034,7.432432432432434,1.1897943818021093,1.6025801877334493,77.06,85.73,94.39,🟢 A 高一致,🔵 技術低於基本面,技術目標,46.85,47.7,🔴 過熱,42.72918776669242,43.17117789288357,3.910236352795793,2.8463946713832566,False,NO,🔴 不追,等待回到合理價格區,
8089,康全電訊,19.5,19.0334955022215,19.537067155587586,18.102821044226275,技術結構,4.889666524399576,7.165020286019104,False,20.05,21.6,2.8205128205128327,10.769230769230775,0.3936503607695874,1.5030286502111463,,,,,⚪ 基本面不足,技術目標,20.05,21.6,🟢 合理,19.0334955022215,18.606392697592362,2.4509659706177134,4.802689682687755,False,NO,🔴 不追,第一目標風報不足,
8091,翔名,217.0,215.80626681025052,219.6901953816791,211.92233823882194,技術結構,1.7997292798005537,2.339936295473762,False,219.0,222.0,0.9216589861751112,2.304147465437789,0.3938820847208171,0.9847052118020474,387.52,391.49,395.46,🟢 A 高一致,🔵 技術低於基本面,技術目標,219.0,222.0,🟢 合理,215.72063106543254,215.80626681025052,0.5930674911568401,0.5531503822356898,False,NO,🔴 不追,第一目標風報不足,
8092,建暐,12.6,12.814063588622838,13.084599241600918,12.543527935644759,技術結構,2.1112401316494056,0.4481909869463536,False,13.2,13.65,4.761904761904767,8.333333333333348,2.3809523809523836,4.166666666666674,24.06,24.06,24.06,🟠 C 低一致,🔵 技術低於基本面,技術目標,13.2,13.65,🔵 偏便宜,12.734089529359117,12.814063588622838,-1.0529965966547317,-1.6705363380036475,False,B,🟡 B 等確認,等支撐或量價確認,
8093,保銳,23.65,24.68820334459512,25.548024793602426,23.828381895587814,技術結構,3.482721836846597,,True,26.5,27.2,12.050739957716704,15.010570824524327,,,,,,,⚪ 基本面不足,技術目標,26.5,27.2,🔵 偏便宜,24.19957369932378,24.68820334459512,-2.27100570510933,-4.205260828842006,False,NO,🔴 結構失效,現價已跌破防守位，等待重新形成結構,
8096,擎亞,88.3,93.24860355927824,96.46288943705098,90.0343176815055,技術結構,3.4470069846455273,,True,91.0,115.5,3.05775764439411,30.804077010192522,,,37.81,121.29,204.78,🟠 C 低一致,🟡 共振但估值分歧,共振目標,91.0,115.5,🔵 偏便宜,87.9164344614302,93.24860355927824,0.4362842293588187,-5.306892940367103,False,NO,🔴 結構失效,現價已跌破防守位，等待重新形成結構,
8097,常珵,48.5,48.894789715370905,49.687647348689126,48.101932082052684,技術結構,1.6215585299244522,0.8207585937058054,False,48.95,49.5,0.9278350515463885,2.0618556701030855,0.46391752577319423,1.0309278350515427,,,,,⚪ 基本面不足,技術目標,48.95,49.5,🔵 偏便宜,48.609929059014235,48.894789715370905,-0.22614527760527192,-0.8074269624004482,False,NO,🔴 不追,第一目標風報不足,
8099,大世科,59.6,59.89030572255395,60.709948702312076,58.90726394374449,技術結構,1.641403841488918,1.162308819220658,False,59.9,60.9,0.503355704697972,2.1812080536912637,0.251677852348986,1.0906040268456318,39.5,40.44,41.37,🟢 A 高一致,🔴 基本面背離,技術目標,59.9,60.9,🔵 偏便宜,59.89030572255395,59.72690692350262,-0.48472907100993723,-0.21247864662597982,False,NO,🔴 不追,第一目標風報不足,
8101,華冠,10.8,11.634113455794953,11.993042047659403,11.275184863930503,技術結構,3.0851391747917605,,True,11.45,12.0,6.018518518518512,11.111111111111093,,,,,,,⚪ 基本面不足,技術目標,11.45,12.0,🔵 偏便宜,11.274897919878983,11.634113455794953,-4.211993077486587,-7.169548921490709,False,NO,🔴 結構失效,現價已跌破防守位，等待重新形成結構,
8103,瀚荃,121.5,121.56647872307859,127.37897872307859,112.01240104574465,技術結構,7.859138290167615,7.808723419140204,False,127.5,132.0,4.938271604938271,8.64197530864197,0.6324044712396806,1.1067078246694404,158.52,180.25,201.99,🟢 A 高一致,🔵 技術低於基本面,技術目標,127.5,132.0,🔵 偏便宜,121.56647872307859,117.82490104574465,-0.05468507747931062,3.1191190670540214,False,NO,🔴 不追,第一目標風報不足,
8104,錸寶,32.1,31.036040195536437,31.56371888958028,30.2993776439926,技術結構,2.373571328373853,5.609415439275396,False,32.4,35.0,0.9345794392523255,9.034267912772576,0.16660906102776568,1.610554256601752,,,,,⚪ 基本面不足,技術目標,32.4,35.0,🔴 過熱,31.036040195536437,30.827056338036442,3.428142887302288,4.129306567597624,False,NO,🔴 不追,等待回到合理價格區,
8105,凌巨,16.35,15.176731363919792,15.522267119077263,14.758508139288498,技術結構,2.7556870751863727,9.73389517254742,False,16.8,17.45,2.752293577981657,6.727828746177367,0.28275356670616014,0.691175385281723,21.67,24.66,27.64,🟢 A 高一致,🔵 技術低於基本面,技術目標,16.8,17.45,🔴 過熱,15.176731363919792,15.104043894445969,7.7307070142222045,8.249155751011772,False,NO,🔴 不追,等待回到合理價格區,
8107,大億金茂,12.0,12.18759430566658,12.353665642276557,12.021522969056605,技術結構,1.362626064216477,,True,12.15,12.4,1.2499999999999956,3.3333333333333437,,,26.09,29.64,33.19,🟢 A 高一致,🔵 技術低於基本面,技術目標,12.15,12.4,🔵 偏便宜,12.128367875191739,12.18759430566658,-1.0584101382207556,-1.539223418188107,False,NO,🔴 結構失效,現價已跌破防守位，等待重新形成結構,
8109,博大,135.0,132.5001589036763,134.6162303322477,129.26061416506343,技術結構,2.4449364932218063,4.25139691476783,False,136.0,139.0,0.7407407407407307,2.9629629629629672,0.17423467053091718,0.6969386821236792,115.93,182.49,249.05,🟠 C 低一致,🟡 共振但估值分歧,共振目標,136.0,139.0,🔴 過熱,132.5001589036763,131.37668559363485,1.8866702628945742,2.7579584535817325,False,NO,🔴 不追,等待回到合理價格區,
8110,華東,49.2,47.78455587573321,49.405091549147166,44.70647277084972,技術結構,6.441585672342004,9.133185425102198,False,53.1,57.2,7.92682926829269,16.260162601626014,0.8679150700812571,1.7803386052948844,151.83,163.47,175.1,🟢 A 高一致,🔵 技術低於基本面,技術目標,53.1,57.2,🟢 合理,47.78455587573321,46.327008444263676,2.9621372393786594,6.201547762776105,False,C,🟠 C 觀察,條件未齊，不急進,
8111,立碁,79.3,76.64550520211915,79.80086209974576,70.3359662376685,技術結構,8.232105650307856,11.303951780998105,False,82.8,90.2,4.41361916771752,13.745271122320313,0.39044922105354296,1.215970431281037,18.93,20.06,21.19,🟢 A 高一致,🔴 基本面背離,技術目標,82.8,90.2,🟢 合理,76.64550520211915,73.4913231352951,3.463340467103415,7.903894795867683,False,NO,🔴 不追,第一目標風報不足,
8112,至上,82.8,81.90977816523632,86.9695999207818,76.84995640969083,技術結構,6.177311023036009,7.186042983465174,False,83.9,90.6,1.328502415458943,9.420289855072461,0.1848725951842731,1.310914765852112,100.63,198.96,297.3,🟠 C 低一致,🔵 技術低於基本面,技術目標,83.9,90.6,🟢 合理,77.39266608884813,81.90977816523632,6.9868815540534035,1.0868321886647436,False,NO,🔴 不追,第一目標風報不足,
8114,振樺電,179.0,182.43633836433952,185.06133836433952,179.81133836433952,技術結構,1.4388580825151573,,True,180.0,199.0,0.5586592178770999,11.17318435754191,,,250.34,267.13,283.91,🟢 A 高一致,🔵 技術低於基本面,技術目標,180.0,199.0,🔵 偏便宜,178.42006542971473,182.43633836433952,0.325038873227923,-1.8835821827759336,False,NO,🔴 結構失效,現價已跌破防守位，等待重新形成結構,
8121,越峰,31.5,29.40288730066439,30.22520883141521,27.798532282509296,技術結構,5.456453992934366,11.750691166637155,False,32.6,55.0,3.492063492063502,74.60317460317461,0.29717941204839526,6.348832893761155,23.29,23.29,23.29,🟠 C 低一致,🔴 基本面背離,技術目標,32.6,55.0,🔴 過熱,29.40288730066439,28.620853813260116,7.132335943375967,10.059609701112304,False,NO,🔴 不追,等待回到合理價格區,
8131,福懋科,62.6,61.45954409563823,62.798829809923944,60.120258381352514,技術結構,2.1791338253365993,3.9612485920886384,False,63.8,64.9,1.9169329073482455,3.6741214057508076,0.4839213855895645,0.9275159890466662,122.52,127.38,132.24,🟢 A 高一致,🔵 技術低於基本面,技術目標,63.8,64.9,🟢 合理,61.39425140718704,61.45954409563823,1.9639437979559915,1.855620507999678,False,NO,🔴 不追,第一目標風報不足,
8147,正淩,158.5,141.644386074494,145.28724321735115,132.61316870062404,技術結構,6.375979750528369,16.33238567783972,False,165.0,173.5,4.100946372239744,9.46372239747635,0.2510929176626066,0.5794451946060163,79.23,88.56,97.9,🟢 A 高一致,🔴 基本面背離,技術目標,165.0,173.5,🔴 過熱,141.644386074494,136.25602584348118,11.899951980194423,16.325130590606474,False,NO,🔴 不追,等待回到合理價格區,
8150,南茂,114.5,103.63258731114092,108.57187245322206,92.89316687521122,技術結構,10.36297627471776,18.87059661553605,False,116.0,123.0,1.3100436681222627,7.423580786026207,0.06942248275519342,0.39339406894609874,122.93,126.85,130.77,🟢 A 高一致,✅ 技術×基本面共振,共振目標,122.93,123.0,🔴 過熱,103.63258731114092,97.83245201729234,10.486482071736125,17.03682943545317,False,NO,🔴 不追,等待回到合理價格區,
8155,博智,316.0,329.758631346171,340.87470277474245,318.64255991759956,技術結構,3.370972090462772,,True,334.0,345.0,5.696202531645578,9.177215189873422,,,193.7,313.8,433.89,🟠 C 低一致,🟡 共振但估值分歧,共振目標,334.0,345.0,🔵 偏便宜,326.09472665552056,329.758631346171,-3.095642410122257,-4.172333955294594,False,NO,🔴 結構失效,現價已跌破防守位，等待重新形成結構,
8162,微矽電子-創,66.8,63.30286710572225,65.17786755531156,60.13018358493542,技術結構,5.011911254332479,9.984755112372117,False,67.7,71.9,1.3473053892215647,7.634730538922163,0.13493624771549156,0.7646387370544485,31.75,46.05,60.36,🟡 B 中等,🔴 基本面背離,技術目標,67.7,71.9,🔴 過熱,63.30286710572225,62.005184034524746,5.524446291567142,7.732927561033409,False,NO,🔴 不追,等待回到合理價格區,
8163,達方,30.25,30.315941382926486,30.690941464669997,29.940941301182974,技術結構,1.23697323796353,1.0216816489819036,False,30.6,32.05,1.1570247933884392,5.950413223140494,0.5785123966942196,2.975206611570247,15.53,48.15,80.78,🟠 C 低一致,🟡 共振但估值分歧,共振目標,30.6,32.05,🔵 偏便宜,30.09253118657022,30.315941382926486,0.5232820478061173,-0.2175138884640493,False,NO,🔴 不追,第一目標風報不足,
8171,天宇,20.8,20.43170290882233,20.73438164373793,19.902041980389534,技術結構,2.592348424389489,4.317105863511861,False,21.1,21.5,1.4423076923076872,3.3653846153846034,0.3340913421878436,0.7795464651049684,,,,,⚪ 基本面不足,技術目標,21.1,21.5,🔴 過熱,20.43170290882233,20.204720715305132,1.8025765782774705,2.946238619591224,False,NO,🔴 不追,等待回到合理價格區,
8176,智捷,9.76,9.825872065297768,9.955514902004747,9.696229228590788,技術結構,1.3194028565143034,0.6533890513238929,False,9.95,10.2,1.9467213114753967,4.508196721311464,0.9733606557376984,2.254098360655732,20.7,20.7,20.7,🟠 C 低一致,🔵 技術低於基本面,技術目標,9.95,10.2,🔵 偏便宜,9.796755387702783,9.825872065297768,-0.37517919196921046,-0.6703940867539893,False,C,🟠 C 觀察,條件未齊，不急進,
8182,加高,41.4,40.19365629822016,41.34812050219094,38.63425389752795,技術結構,3.8797226834058063,6.680546141236837,False,42.0,43.35,1.449275362318847,4.710144927536231,0.2169396530880824,0.7050538725362645,14.66,44.55,74.44,🟠 C 低一致,🟡 共振但估值分歧,共振目標,42.0,43.35,🔴 過熱,40.19365629822016,39.78871810149872,3.001328599790143,4.049594898712217,False,NO,🔴 不追,等待回到合理價格區,
8201,無敵,16.05,13.377397379812098,13.835433094097812,12.17784628578947,技術結構,8.966999035499073,24.1255683128382,False,16.85,17.9,4.984423676012462,11.526479750778806,0.20660336831775467,0.4777702892348072,,,,,⚪ 基本面不足,技術目標,16.85,17.9,🔴 過熱,13.377397379812098,12.635882000075183,19.978494652638055,27.019229840105385,True,NO,🟠 高位延伸,不追，等待回踩 EMA9/EMA20 或重新整理,
8210,勤誠,836.0,910.0637258430673,926.0815829859245,894.0458687002102,技術結構,1.7600808259903387,,True,920.0,1010.0,10.047846889952151,20.813397129186594,,,289.88,614.04,938.21,🟠 C 低一致,🟡 共振但估值分歧,共振目標,920.0,938.21,🔵 偏便宜,883.0667958070164,910.0637258430673,-5.329924761127847,-8.138301059572061,False,NO,🔴 結構失效,現價已跌破防守位，等待重新形成結構,
8213,志超,34.5,33.24305163685127,33.72251565689914,32.506256460833946,技術結構,2.2163885074875522,5.778966780191461,False,36.5,37.0,5.797101449275366,7.246376811594213,1.0031380469508953,1.25392255868862,54.76,104.45,154.15,🟠 C 低一致,🔵 技術低於基本面,技術目標,36.5,37.0,🔴 過熱,33.24305163685127,32.98572048088182,3.781085975137599,4.590712275015618,False,NO,🔴 不追,等待回到合理價格區,
8215,明基材,29.65,27.919110748275383,28.888753564546484,25.928667149062104,技術結構,7.129323054589884,12.550869649031684,False,31.0,33.3,4.553119730185506,12.310286677908945,0.36277324659624566,0.9808313704268851,,,,,⚪ 基本面不足,技術目標,31.0,33.3,🔴 過熱,27.919110748275383,26.898309965333205,6.199657529678082,10.229973698024896,False,NO,🔴 不追,等待回到合理價格區,
8222,寶一,35.8,35.96860141436982,36.44806574095586,35.48913708778378,技術結構,1.3330079784377973,0.8683321570285354,False,38.15,42.6,6.56424581005588,18.99441340782124,3.28212290502794,9.49720670391062,20.38,26.64,32.89,🟡 B 中等,🔴 基本面背離,技術目標,38.15,42.6,🔵 偏便宜,35.425399517006014,35.96860141436982,1.0574347448478516,-0.46874609448246396,False,B,🟡 B 等確認,等支撐或量價確認,
8227,巨有科技,370.5,305.74888631580365,322.7846006015179,243.93738929146764,技術結構,20.216425894186838,34.15994890918552,False,399.0,439.0,7.692307692307687,18.48852901484481,0.2251849882082009,0.5412340944653256,156.55,187.45,218.35,🟢 A 高一致,🔴 基本面背離,技術目標,399.0,439.0,🔴 過熱,305.74888631580365,260.9731035771819,21.177873929298908,41.9686530609948,True,NO,🟠 高位延伸,不追，等待回踩 EMA9/EMA20 或重新整理,
8234,新漢,62.6,63.45084459440058,64.52227369716198,62.37941549163917,技術結構,1.688597070078967,0.35237141910675646,False,63.0,67.5,0.6389776357827559,7.8274760383386655,0.31948881789137795,3.9137380191693327,,,,,⚪ 基本面不足,技術目標,63.0,67.5,🔵 偏便宜,62.21832497210581,63.45084459440058,0.6134447175575763,-1.3409507782590868,False,NO,🔴 不追,第一目標風報不足,
8240,華宏,57.3,52.95500491291562,54.68536185141398,49.284176028429684,技術結構,6.931977233356139,13.989221590873147,False,60.2,64.3,5.061082024432828,12.21640488656195,0.3617843917587796,0.8732726697625679,47.45,52.85,58.26,🟢 A 高一致,🔴 基本面背離,技術目標,60.2,64.3,🔴 過熱,52.95500491291562,51.014532966928044,8.205069745965865,12.320934187806309,False,NO,🔴 不追,等待回到合理價格區,
8249,菱光,39.5,39.44512834318647,40.06923585388942,38.82102083248352,技術結構,1.5822169604139562,1.7189346013075462,False,39.75,42.45,0.6329113924050667,7.468354430379764,0.31645569620253333,3.734177215189882,28.62,65.18,101.74,🟠 C 低一致,🟡 共振但估值分歧,共振目標,39.75,42.45,🟢 合理,39.16767139934161,39.44512834318647,0.848476789110264,0.13910883071828195,False,NO,🔴 不追,第一目標風報不足,
8255,朋程,147.0,141.58378697829787,144.39628697829787,138.45466587419608,技術結構,2.210084340081552,5.813152466533278,False,148.0,154.5,0.6802721088435382,5.102040816326525,0.1170229256431707,0.8776719423237783,135.12,143.21,151.31,🟢 A 高一致,✅ 技術×基本面共振,共振目標,148.0,151.31,🔴 過熱,141.58378697829787,141.26716587419608,3.8254472050054167,4.058150448710229,False,NO,🔴 不追,等待回到合理價格區,
8261,富鼎,176.0,176.11267044742283,181.63052759027997,170.5948133045657,技術結構,3.1331403520477847,3.0711288042240397,False,184.5,192.0,4.829545454545459,9.090909090909083,1.5725636280389437,2.9601197704262416,163.95,169.64,175.33,🟢 A 高一致,🔴 基本面背離,技術目標,184.5,192.0,🔵 偏便宜,175.28141740881003,176.11267044742283,0.4099593680909175,-0.06397634374436523,False,B,🟡 B 等確認,等支撐或量價確認,
8271,宇瞻,202.0,208.42986434215427,212.58165005644,204.27807862786855,技術結構,1.9919341824596857,,True,205.5,211.0,1.7326732673267342,4.455445544554459,,,315.61,1434.21,2552.81,🟠 C 低一致,🔵 技術低於基本面,技術目標,205.5,211.0,🔵 偏便宜,203.04179277464902,208.42986434215427,-0.5130927778032812,-3.08490549684336,False,NO,🔴 結構失效,現價已跌破防守位，等待重新形成結構,
8272,全景軟體,64.5,64.59992355980073,66.22849547883324,62.75421140520137,技術結構,2.85714293901721,2.7066489841839267,False,65.8,67.4,2.0155038759689825,4.496124031007764,0.7446491538970912,1.6611404202319853,36.1,53.73,71.36,🟡 B 中等,✅ 技術×基本面共振,共振目標,65.8,67.4,🔵 偏便宜,64.59992355980073,64.38278332423387,-0.1546806161592862,0.18206214412295196,False,NO,🔴 不追,第一目標風報不足,
8277,商丞,15.5,16.45489068339601,16.902849762457244,15.773002195464397,技術結構,4.143986739575727,,True,18.7,19.7,20.645161290322566,27.09677419354839,,,,,,,⚪ 基本面不足,技術目標,18.7,19.7,🔵 偏便宜,16.45489068339601,16.22096127452563,-5.803081295213664,-4.44462730860391,False,NO,🔴 結構失效,現價已跌破防守位，等待重新形成結構,
8279,生展,78.0,79.42094636367116,80.08523289539201,78.75665983195032,技術結構,0.8364122591527143,,True,79.2,79.9,1.538461538461533,2.4358974358974494,,,117.89,136.25,154.61,🟢 A 高一致,🔵 技術低於基本面,技術目標,79.2,79.9,🔵 偏便宜,78.48528019554746,79.42094636367116,-0.6183072728266681,-1.7891330042387077,False,NO,🔴 結構失效,現價已跌破防守位，等待重新形成結構,
8284,三竹,68.0,68.22084555526398,68.89048865763738,67.06123092942646,技術結構,1.699795152638713,1.3805427508434447,False,68.8,69.4,1.17647058823529,2.0588235294117796,0.588235294117645,1.0294117647058898,91.43,100.65,109.86,🟢 A 高一致,🔵 技術低於基本面,技術目標,68.8,69.4,🔵 偏便宜,68.22084555526398,67.73087403179986,-0.32372151571337104,0.39734607303869574,False,NO,🔴 不追,第一目標風報不足,
8289,泰藝,46.4,44.771181732271295,46.110467364813495,43.18415074698214,技術結構,3.544760097643824,6.930709597021245,False,47.4,50.0,2.155172413793105,7.758620689655182,0.31095984958298906,1.1194554584987613,33.52,47.7,61.89,🟡 B 中等,✅ 技術×基本面共振,共振目標,47.4,50.0,🔴 過熱,44.771181732271295,44.52343637952434,3.638095320934198,4.214777144512283,False,NO,🔴 不追,等待回到合理價格區,
8291,尚茂,28.55,30.684298100498953,31.750369488198626,29.61822671279928,技術結構,3.474322222421432,,True,31.7,33.0,11.033274956217154,15.586690017513138,,,,,,,⚪ 基本面不足,技術目標,31.7,33.0,🔵 偏便宜,29.549608474515864,30.684298100498953,-3.3828146162340644,-6.95566864038597,False,NO,🔴 結構失效,現價已跌破防守位，等待重新形成結構,
8299,群聯,2150.0,2118.506307312887,2190.0241644557445,2017.5883519598945,技術結構,4.7636372383992125,6.158681304190956,False,2195.0,2325.0,2.0930232558139528,8.139534883720923,0.33984925545500455,1.3216359934361281,2383.3,7526.78,12670.27,🟠 C 低一致,🔵 技術低於基本面,技術目標,2195.0,2325.0,🟢 合理,2118.506307312887,2089.1062091027516,1.4865989578789263,2.9148250401017872,False,NO,🔴 不追,第一目標風報不足,
8341,日友,74.4,74.84254955584451,75.24433559710428,74.44076351458475,技術結構,0.5368417346070925,,True,75.1,76.5,0.9408602150537515,2.8225806451612767,,,78.83,84.62,90.4,🟢 A 高一致,🔵 技術低於基本面,技術目標,75.1,76.5,🔵 偏便宜,74.55236847818134,74.84254955584451,-0.20437778341800827,-0.5913074293578124,False,NO,🔴 結構失效,現價已跌破防守位，等待重新形成結構,
8342,益張,83.5,84.68051880147696,85.6555190467075,83.70551855624643,技術結構,1.15138671683897,,True,85.3,87.0,2.1556886227544814,4.191616766467066,,,60.95,106.69,152.43,🟠 C 低一致,🟡 共振但估值分歧,共振目標,85.3,87.0,🔵 偏便宜,83.82655100099703,84.68051880147696,-0.38955557290332177,-1.3940854616686371,False,NO,🔴 結構失效,現價已跌破防守位，等待重新形成結構,
8349,恒耀,40.4,39.988049646815824,41.06751372817133,38.297181312853695,技術結構,4.228434116933157,5.204996750362137,False,40.65,43.2,0.6188118811881083,6.930693069306937,0.11888804371396668,1.3315460895964506,32.42,37.44,42.46,🟢 A 高一致,✅ 技術×基本面共振,共振目標,40.65,42.46,🟢 合理,39.988049646815824,39.3766453942092,1.0301836594247993,2.598887222478563,False,NO,🔴 不追,第一目標風報不足,
8354,冠好,16.9,17.10377354234599,17.401095338763227,16.806451745928754,技術結構,1.738340347415843,0.5535399649186049,False,17.0,17.25,0.591715976331364,2.071005917159763,0.295857988165682,1.0355029585798814,42.55,43.12,43.69,🟢 A 高一致,🔵 技術低於基本面,技術目標,17.0,17.25,🔵 偏便宜,17.040468290016296,17.10377354234599,-0.824321771125236,-1.1913952312422982,False,NO,🔴 不追,第一目標風報不足,
8358,金居,495.0,498.08946228399117,516.1698194268483,473.7266466089083,技術結構,4.891252981616409,4.297647149715493,False,530.0,564.0,7.070707070707072,13.939393939393941,1.6452507207752403,3.2434942780997593,115.88,194.79,273.7,🟠 C 低一致,🔴 基本面背離,技術目標,530.0,564.0,🔵 偏便宜,498.08946228399117,491.8070037517655,-0.6202625267004103,0.6492376529566801,False,B,🟡 B 等確認,等支撐或量價確認,
8367,建新國際,40.45,40.55734744858737,40.8948476120744,40.21984728510034,技術結構,0.8321554162654785,0.5689807537692455,False,40.75,41.0,0.7416563658837916,1.3597033374536327,0.3708281829418958,0.6798516687268163,20.93,29.35,37.77,🟡 B 中等,🔴 基本面背離,技術目標,40.75,41.0,🔵 偏便宜,40.46967388384577,40.55734744858737,-0.04861389271936245,-0.26468064442194406,False,NO,🔴 不追,第一目標風報不足,
8374,羅昇,77.6,78.05600405050393,79.13814747985138,76.97386062115648,技術結構,1.3863679578668715,0.8068806428395858,False,78.4,81.0,1.030927835051565,4.381443298969079,0.5154639175257825,2.1907216494845394,,,,,⚪ 基本面不足,技術目標,78.4,81.0,🔵 偏便宜,76.90406835347845,78.05600405050393,0.9049347601778335,-0.5842011207861653,False,NO,🔴 不追,第一目標風報不足,
8383,千附,68.4,67.07808925190447,68.65309011021135,65.25429221848293,技術結構,2.718916197169049,4.5989879846740855,False,69.3,71.8,1.3157894736842035,4.9707602339181145,0.2861041337940023,1.0808378387773447,174.44,177.13,179.82,🟢 A 高一致,🔵 技術低於基本面,技術目標,69.3,71.8,🟢 合理,67.07808925190447,66.82929307678981,1.9707042386541973,2.3503270061608905,False,NO,🔴 不追,第一目標風報不足,
8390,金益鼎,90.4,92.80060920395273,94.1184665102969,91.48275189760857,技術結構,1.42009553347634,,True,91.4,92.9,1.106194690265494,2.765486725663724,,,108.57,181.94,255.31,🟠 C 低一致,🔵 技術低於基本面,技術目標,91.4,92.9,🔵 偏便宜,90.94913715436208,92.80060920395273,-0.6037848972993087,-2.5868463844636813,False,NO,🔴 結構失效,現價已跌破防守位，等待重新形成結構,
8401,白紗科,22.625,22.735269749927635,22.917412464019346,22.553127035835924,技術結構,0.8011460435488813,0.3176705598412182,False,22.85,23.0,0.9944751381215422,1.6574585635359185,0.4972375690607711,0.8287292817679592,32.41,36.07,39.72,🟢 A 高一致,🔵 技術低於基本面,技術目標,22.85,23.0,🔵 偏便宜,22.692093151319863,22.735269749927635,-0.29566752997380874,-0.48501623750466516,False,NO,🔴 不追,第一目標風報不足,
8403,盛弘,18.95,19.001215644046077,19.119072868646732,18.883358419445422,技術結構,0.620261496993142,0.3516706097866885,False,19.05,19.15,0.5277044854881341,1.055408970976246,0.26385224274406704,0.527704485488123,16.9,28.75,40.6,🟠 C 低一致,🟡 共振但估值分歧,共振目標,19.05,19.15,🔵 偏便宜,18.973440885534963,19.001215644046077,-0.123545780000478,-0.2695387758631429,False,NO,🔴 不追,第一目標風報不足,
8404,百和興業-KY,13.25,14.263111632397727,14.541683101840913,13.984540162954541,技術結構,1.9530904379268064,,True,13.85,16.55,4.528301886792452,24.905660377358487,,,2.2,10.35,18.51,🟠 C 低一致,🟡 共振但估值分歧,共振目標,13.85,16.55,🔵 偏便宜,13.621148485962545,14.263111632397727,-2.7247958301389708,-7.103019723245452,False,NO,🔴 結構失效,現價已跌破防守位，等待重新形成結構,
8409,商之器,18.05,18.116524601849147,18.18884598954882,18.044203214149473,技術結構,0.399201222580472,0.03211515706663654,False,18.15,18.3,0.5540166204986097,1.3850415512465464,0.27700831024930483,0.6925207756232732,22.73,22.73,22.73,🟠 C 低一致,🔵 技術低於基本面,技術目標,18.15,18.3,🔵 偏便宜,18.081394748735498,18.116524601849147,-0.17363012738657035,-0.3672039936531535,False,NO,🔴 不追,第一目標風報不足,
8410,森田,27.8,29.185829434517782,29.576900924396845,28.794757944638718,技術結構,1.339936186348528,,True,29.75,30.5,7.014388489208634,9.712230215827343,,,29.36,52.36,75.37,🟠 C 低一致,🟡 共振但估值分歧,共振目標,29.75,30.5,🔵 偏便宜,28.476835221766994,29.185829434517782,-2.3767922822042986,-4.748295530291746,False,NO,🔴 結構失效,現價已跌破防守位，等待重新形成結構,
8411,福貞-KY,11.9,12.505251126853196,12.700786738959518,12.309715514746873,技術結構,1.5636280321187506,,True,12.45,12.65,4.621848739495782,6.302521008403361,,,5.93,22.4,38.88,🟠 C 低一致,🟡 共振但估值分歧,共振目標,12.45,12.65,🔵 偏便宜,12.260361917984575,12.505251126853196,-2.9392437221283374,-4.839975788678941,False,NO,🔴 結構失效,現價已跌破防守位，等待重新形成結構,
8415,大國鋼,35.2,35.695293550487364,36.13190065247275,35.258686448501976,技術結構,1.2231503331604525,,True,35.45,36.8,0.7102272727272707,4.545454545454519,,,41.98,59.07,76.17,🟡 B 中等,🔵 技術低於基本面,技術目標,35.45,36.8,🔵 偏便宜,35.212484111493325,35.695293550487364,-0.03545365176109705,-1.3875598187386151,False,NO,🔴 結構失效,現價已跌破防守位，等待重新形成結構,
8416,實威,169.0,169.19245863763692,169.94245863763692,168.44245863763692,技術結構,0.44328216874387466,0.3299061315757883,False,170.0,171.5,0.591715976331364,1.4792899408283988,0.295857988165682,0.7396449704141994,193.17,216.34,239.51,🟢 A 高一致,🔵 技術低於基本面,技術目標,170.0,171.5,🔵 偏便宜,169.1590093565095,169.19245863763692,-0.09399993362125825,-0.11375130971358338,False,NO,🔴 不追,第一目標風報不足,
8421,旭源,12.95,12.964112846264555,13.218577091107084,12.709648601422026,技術結構,1.9628357748818084,1.8559953558144622,False,13.2,13.8,1.9305019305019266,6.563706563706573,0.9652509652509633,3.2818532818532864,8.38,15.12,21.85,🟠 C 低一致,🟡 共振但估值分歧,共振目標,13.2,13.8,🔵 偏便宜,12.870267589467483,12.964112846264555,0.6195085687089152,-0.10886087179210469,False,C,🟠 C 觀察,條件未齊，不急進,
8422,可寧衛*,25.9,26.053553408545664,26.356231796051333,25.750875021039995,技術結構,1.1617547240461603,0.5757721195366924,False,26.35,26.8,1.737451737451745,3.47490347490349,0.8687258687258725,1.737451737451745,17.8,19.16,20.51,🟢 A 高一致,🔴 基本面背離,技術目標,26.35,26.8,🔵 偏便宜,25.835447810097644,26.053553408545664,0.2498589936464235,-0.589376067585845,False,C,🟠 C 觀察,條件未齊，不急進,
8423,保綠-KY,18.05,17.997562153217274,18.28149086769699,17.692021620171978,技術結構,1.69767733231957,1.9832597220389059,False,18.3,18.9,1.3850415512465464,4.709141274238204,0.6925207756232732,2.354570637119102,23.63,27.86,32.08,🟢 A 高一致,🔵 技術低於基本面,技術目標,18.3,18.9,🟢 合理,17.997562153217274,17.975950334651696,0.291360831741061,0.41193741621303737,False,NO,🔴 不追,第一目標風報不足,
8424,惠普,70.7,69.68302371668862,70.0419516341691,68.94841895452784,技術結構,1.0542090784514166,2.4774837984047586,False,71.3,72.2,0.8486562942008335,2.121640735502117,0.34254766660725683,0.8563691665181555,42.12,62.13,82.14,🟡 B 中等,✅ 技術×基本面共振,共振目標,71.3,72.2,🔴 過熱,69.68302371668862,69.30734687200831,1.4594319090487806,2.0093874471396767,False,NO,🔴 不追,等待回到合理價格區,
8426,紅木-KY,20.625,20.678008452334183,20.948544044004628,20.407472860663738,技術結構,1.3083251817701338,1.0546770392061193,False,20.8,21.0,0.848484848484854,1.8181818181818077,0.424242424242427,0.9090909090909038,30.97,30.97,30.97,🟠 C 低一致,🔵 技術低於基本面,技術目標,20.8,21.0,🔵 偏便宜,20.610746913059312,20.678008452334183,0.06915366532231904,-0.25635182641682297,False,NO,🔴 不追,第一目標風報不足,
8429,金麗-KY,5.91,5.931123428078395,5.979873368814348,5.882373487342442,技術結構,0.8219343489829783,0.46745368286899974,False,5.98,6.05,1.1844331641285955,2.368866328257191,0.5922165820642977,1.1844331641285955,0.84,23.18,45.52,🟠 C 低一致,🟡 共振但估值分歧,共振目標,5.98,6.05,🔵 偏便宜,5.898120923701467,5.931123428078395,0.2014044210385313,-0.35614548128261037,False,NO,🔴 不追,第一目標風報不足,
8431,匯鑽科,66.8,64.25416091140356,67.37201809513246,58.45510995333246,技術結構,9.025175764207836,12.49235036926278,False,68.6,75.9,2.6946107784431073,13.622754491017975,0.2157008648327021,1.0904877055431086,,,,,⚪ 基本面不足,技術目標,68.6,75.9,🟢 合理,64.25416091140356,61.57296713706136,3.962138875499055,8.489168389925506,False,NO,🔴 不追,第一目標風報不足,
8432,東生華,50.7,50.47766737768723,50.93034627608986,49.957837353050195,技術結構,1.0298218036652378,1.4638316507885758,False,51.0,51.4,0.591715976331364,1.380670611439827,0.295857988165682,0.6903353057199135,85.69,87.02,88.35,🟢 A 高一致,🔵 技術低於基本面,技術目標,51.0,51.4,🟢 合理,50.47766737768723,50.41051625145282,0.4404574019817975,0.5742526958129268,False,NO,🔴 不追,第一目標風報不足,
8433,弘帆,52.95,53.583518427881266,53.90494683582281,53.26209001993972,技術結構,0.5998643190520625,,True,53.6,53.9,1.227573182247399,1.7941454202077267,,,78.92,82.46,86.01,🟢 A 高一致,🔵 技術低於基本面,技術目標,53.6,53.9,🔵 偏便宜,53.126461837585296,53.583518427881266,-0.33215431911268745,-1.1823009135428886,False,NO,🔴 結構失效,現價已跌破防守位，等待重新形成結構,
8435,鉅邁,53.4,53.14851537497363,53.41637219085672,52.880658559090534,技術結構,0.5039779831916437,0.9725495148117309,False,53.7,53.9,0.5617977528090012,0.9363295880149725,0.2808988764045006,0.46816479400748623,55.05,85.02,114.99,🟠 C 低一致,🔵 技術低於基本面,技術目標,53.7,53.9,🟢 合理,53.08175792924092,53.14851537497363,0.5995318979135966,0.47317337700234496,False,NO,🔴 不追,第一目標風報不足,
8436,大江,106.5,108.39955496952916,109.9531263981006,106.84598354095773,技術結構,1.433189858582109,,True,117.0,119.0,9.859154929577475,11.737089201877925,,,138.61,140.68,142.75,🟢 A 高一致,🔵 技術低於基本面,技術目標,117.0,119.0,🔵 偏便宜,105.76754620619153,108.39955496952916,0.6925127981891377,-1.752364177198995,False,NO,🔴 結構失效,現價已跌破防守位，等待重新形成結構,
8437,大地-KY,10.2,9.752553782044657,10.025768108630698,9.212183915407461,技術結構,5.54080375985279,9.684471417573901,False,10.45,10.65,2.450980392156854,4.4117647058823595,0.2530835485465101,0.4555503873837205,,,,,⚪ 基本面不足,技術目標,10.45,10.65,🔴 過熱,9.752553782044657,9.485398241993503,4.587990263423425,7.533703275027825,False,NO,🔴 不追,等待回到合理價格區,
8438,昶昕,80.8,75.31521364596442,77.66699886978905,70.08517892200167,技術結構,6.944194234842994,13.2609171757405,False,96.7,110.5,19.678217821782184,36.757425742574256,1.4839258522616734,2.7718614976208604,67.23,73.9,80.56,🟢 A 高一致,🔴 基本面背離,技術目標,96.7,110.5,🔴 過熱,75.31521364596442,72.43696414582631,7.282441473004386,11.545260010258929,False,NO,🔴 不追,等待回到合理價格區,
8440,綠電,20.35,20.285361426045437,20.60678999747401,19.86402709448777,技術結構,2.077036354978094,2.388073245760348,False,20.5,21.0,0.7371007371007376,3.1941031941031817,0.30865918305032947,1.3375231265514214,25.0,26.11,27.22,🟢 A 高一致,🔵 技術低於基本面,技術目標,20.5,21.0,🟢 合理,20.285361426045437,20.185455665916344,0.31864640021435076,0.8151628420333124,False,NO,🔴 不追,第一目標風報不足,
8442,威宏-KY,45.6,45.58309087895484,46.18309136941592,44.983090388493764,技術結構,1.316278643882156,1.352871955057538,False,46.05,47.1,0.9868421052631415,3.289473684210531,0.49342105263157077,1.6447368421052655,37.47,53.53,69.58,🟡 B 中等,✅ 技術×基本面共振,共振目標,46.05,47.1,🟢 合理,45.44853204654803,45.58309087895484,0.3332735880156479,0.03709516120804501,False,NO,🔴 不追,第一目標風報不足,
8443,阿瘦,11.15,11.23003412188939,11.28360543806349,11.176462805715293,技術結構,0.47703609439331957,,True,11.25,11.4,0.8968609865470878,2.2421524663677195,,,,,,,⚪ 基本面不足,技術目標,11.25,11.4,🔵 偏便宜,11.196330976514117,11.23003412188939,-0.4138049921112774,-0.7126792405144133,False,NO,🔴 結構失效,現價已跌破防守位，等待重新形成結構,
8444,綠河-KY,4.35,4.645641587409576,4.796713036416882,4.494570138402269,技術結構,3.251896345528127,,True,5.0,5.28,14.942528735632198,21.37931034482761,,,,,,,⚪ 基本面不足,技術目標,5.0,5.28,🔵 偏便宜,4.501934104367827,4.645641587409576,-3.3748629110412542,-6.363848390948013,False,NO,🔴 結構失效,現價已跌破防守位，等待重新形成結構,
8446,華研,84.8,84.94816762835484,85.45709636327044,84.43923889343924,技術結構,0.5991050179471138,0.4254258332084417,False,85.7,86.3,1.0613207547169878,1.7688679245283057,0.5306603773584939,0.8844339622641528,108.73,135.65,162.56,🟡 B 中等,🔵 技術低於基本面,技術目標,85.7,86.3,🔵 偏便宜,84.69373219579225,84.94816762835484,0.12547304440673201,-0.17442121765718355,False,NO,🔴 不追,第一目標風報不足,
8450,霹靂,14.2,14.369563049965954,14.605277315244361,14.133848784687547,技術結構,1.6403718363514574,0.4658536289609292,False,14.45,14.65,1.760563380281699,3.169014084507049,0.8802816901408494,1.5845070422535246,,,,,⚪ 基本面不足,技術目標,14.45,14.65,🔵 偏便宜,14.283734471626301,14.369563049965954,-0.5862225441997326,-1.180015351728858,False,C,🟠 C 觀察,條件未齊，不急進,
8454,富邦媒,240.5,243.92177447924294,248.39498876495722,239.44856019352866,技術結構,1.8338724762331275,0.43718910871989025,False,245.5,252.0,2.079002079002068,4.7817047817047875,1.039501039501034,2.3908523908523938,114.07,191.35,268.64,🟠 C 低一致,🟡 共振但估值分歧,共振目標,245.5,252.0,🔵 偏便宜,241.53957968020583,243.92177447924294,-0.43039723824236376,-1.402816327713341,False,B,🟡 B 等確認,等支撐或量價確認,
8455,大拓-KY,22.1,22.896827402170594,23.253077708708766,22.540577095632422,技術結構,1.5558937501725667,,True,23.7,24.2,7.239819004524883,9.502262443438902,,,27.25,50.01,72.76,🟠 C 低一致,🔵 技術低於基本面,技術目標,23.7,24.2,🔵 偏便宜,22.49788105816155,22.896827402170594,-1.7685268098490914,-3.480077777478696,False,NO,🔴 結構失效,現價已跌破防守位，等待重新形成結構,
8462,柏文,158.5,162.12369958978334,164.13262816121193,160.11477101835476,技術結構,1.2391331905894785,,True,162.5,168.0,2.5236593059936974,5.993690851735023,,,55.7,121.29,186.89,🟠 C 低一致,🟡 共振但估值分歧,共振目標,162.5,168.0,🔵 偏便宜,159.50245904464256,162.12369958978334,-0.6284912788472985,-2.2351448918031647,False,NO,🔴 結構失效,現價已跌破防守位，等待重新形成結構,
8463,潤泰材,21.25,21.21396920406057,21.45504065306788,20.972897755053264,技術結構,1.1363806871236715,1.304010564455228,False,21.4,21.6,0.7058823529411784,1.6470588235294237,0.3529411764705892,0.8235294117647118,21.92,25.17,28.43,🟢 A 高一致,🔵 技術低於基本面,技術目標,21.4,21.6,🟢 合理,21.161396533740557,21.21396920406057,0.41870330305548986,0.1698446697685041,False,NO,🔴 不追,第一目標風報不足,
8464,億豐,366.5,372.0308606727294,378.35228924415793,365.7094321013008,技術結構,1.6991677948430821,0.21570747577058122,False,373.5,380.0,1.9099590723056004,3.683492496589369,0.9549795361528002,1.8417462482946845,129.05,234.12,339.18,🟠 C 低一致,🔴 基本面背離,技術目標,373.5,380.0,🔵 偏便宜,371.64693462930205,372.0308606727294,-1.38489898603249,-1.4866671713008262,False,C,🟠 C 觀察,條件未齊，不急進,
8466,美吉吉-KY,15.1,15.17648445994161,15.610412980280486,14.698501774904976,技術結構,3.149495433532526,2.6589286430134016,False,15.7,16.1,3.9735099337748325,6.622516556291402,1.4944026212270207,2.4906710353783734,,,,,⚪ 基本面不足,技術目標,15.7,16.1,🔵 偏便宜,15.17648445994161,15.132430295243852,-0.5039669110688427,-0.21430989346136187,False,B,🟡 B 等確認,等支撐或量價確認,
8467,波力-KY,87.7,89.48304934793696,91.48126314319016,87.48483555268375,技術結構,2.2330640381772775,0.24534144505844335,False,91.6,93.5,4.446978335233731,6.613454960091225,2.2234891676168655,3.3067274800456126,53.97,59.32,64.67,🟢 A 高一致,🔴 基本面背離,技術目標,91.6,93.5,🔵 偏便宜,88.25004555067166,89.48304934793696,-0.6232807555389019,-1.9926112944630647,False,B,🟡 B 等確認,等支撐或量價確認,
8472,納維康,69.5,75.1045251724202,77.98666884699819,71.90659355210066,技術結構,4.257974620008486,,True,70.2,72.9,1.0071942446043147,4.8920863309352525,,,,,,,⚪ 基本面不足,技術目標,70.2,72.9,🔵 偏便宜,75.1045251724202,74.78873722667865,-7.462300253618115,-7.071569092882147,False,NO,🔴 結構失效,現價已跌破防守位，等待重新形成結構,
8473,山林水,39.75,39.76178083067037,40.24660230011355,39.276959361227185,技術結構,1.2193152804393879,1.1900393428246925,False,42.1,42.65,5.91194968553459,7.295597484276728,2.955974842767295,3.647798742138364,65.25,65.4,65.54,🟢 A 高一致,🔵 技術低於基本面,技術目標,42.1,42.65,🔵 偏便宜,39.19669032737778,39.76178083067037,1.4116234508599446,-0.02962852876368105,False,B,🟡 B 等確認,等支撐或量價確認,
8476,台境*,20.1,19.726703925162976,20.155275415042038,19.298132435283915,技術結構,2.172544848368635,3.9893908692342626,False,20.3,20.75,0.995024875621886,3.233830845771135,0.24941774527419885,0.8106076721411476,2.58,9.12,15.67,🟠 C 低一致,🔴 基本面背離,技術目標,20.3,20.75,🟢 合理,19.72200910091131,19.726703925162976,1.9165942838512473,1.8923388126733887,False,NO,🔴 不追,第一目標風報不足,
8477,創業家,14.225,14.891717385501371,15.087253058915328,14.696181712087414,技術結構,1.313049854171496,,True,15.45,15.7,8.611599297012296,10.36906854130053,,,,,,,⚪ 基本面不足,技術目標,15.45,15.7,🔵 偏便宜,14.551691221127781,14.891717385501371,-2.2450395363904807,-4.4771020577552,False,NO,🔴 結構失效,現價已跌破防守位，等待重新形成結構,
8478,東哥遊艇,141.0,141.30000295250562,142.53214580964848,140.06786009536276,技術結構,0.8720048346757745,0.6610921309483966,False,142.0,143.5,0.7092198581560183,1.773049645390068,0.35460992907800915,0.886524822695034,136.46,147.12,157.78,🟢 A 高一致,✅ 技術×基本面共振,共振目標,142.0,143.5,🔵 偏便宜,140.4076247350489,141.30000295250562,0.421896792335108,-0.21231631014647645,False,NO,🔴 不追,第一目標風報不足,
8481,政伸,40.95,40.966948992921395,41.22409205442303,40.70980593141976,技術結構,0.6276841888959513,0.5865545020274588,False,41.35,41.8,0.9768009768009733,2.0757020757020683,0.48840048840048667,1.0378510378510342,36.94,42.06,47.19,🟢 A 高一致,✅ 技術×基本面共振,共振目標,41.35,41.8,🔵 偏便宜,40.94677173811245,40.966948992921395,0.007884044945472013,-0.041372358298685796,False,NO,🔴 不追,第一目標風報不足,
8482,商億-KY,49.2,48.016296336567095,48.70736801036906,47.32522466276513,技術結構,1.4392440203174828,3.810518978119659,False,49.8,50.5,1.21951219512193,2.6422764227642226,0.3200383470399907,0.6934164185866571,26.59,31.31,36.04,🟢 A 高一致,🔴 基本面背離,技術目標,49.8,50.5,🔴 過熱,47.87364565710571,48.016296336567095,2.7705313115159003,2.4652123419428573,False,NO,🔴 不追,等待回到合理價格區,
8487,愛爾達-創,70.8,70.95527412395083,71.62491689935017,70.28563134855149,技術結構,0.9437533483833055,0.7265093947012808,False,71.5,72.5,0.9887005649717562,2.4011299435028333,0.4943502824858781,1.2005649717514166,81.07,126.84,172.6,🟠 C 低一致,🔵 技術低於基本面,技術目標,71.5,72.5,🔵 偏便宜,70.77227133542853,70.95527412395083,0.039180125278237554,-0.21883380181095813,False,NO,🔴 不追,第一目標風報不足,
8488,吉源-KY,9.91,9.97855106430328,10.148372527615702,9.808729600990858,技術結構,1.7018649523168943,1.0219010999913392,False,10.0,10.25,0.908173562058523,3.4308779011099855,0.4540867810292615,1.7154389505549927,,,,,⚪ 基本面不足,技術目標,10.0,10.25,🔵 偏便宜,9.926744945487771,9.97855106430328,-0.16868515892898284,-0.6869841509205776,False,NO,🔴 不追,第一目標風報不足,
8489,三貝德,22.45,22.28680272747118,22.667159870328323,21.843159740697338,技術結構,1.9906084878967327,2.7030746516822326,False,22.9,23.2,2.0044543429843964,3.340757238307357,0.7415460545038752,1.235910090839803,27.65,28.85,30.05,🟢 A 高一致,🔵 技術低於基本面,技術目標,22.9,23.2,🟢 合理,22.28680272747118,22.22351688355448,0.7322596898462264,1.0191146506299154,False,NO,🔴 不追,第一目標風報不足,
8499,鼎炫-KY,258.0,256.20352178064826,259.92673606636254,252.48030749493398,技術結構,1.4532252561703474,2.1394156996379916,False,259.5,267.0,0.5813953488372103,3.488372093023262,0.2717542686704541,1.6305256120227247,167.06,345.77,524.49,🟠 C 低一致,🟡 共振但估值分歧,共振目標,259.5,267.0,🟢 合理,255.17567810069716,256.20352178064826,1.1068146934396728,0.701191852034655,False,NO,🔴 不追,第一目標風報不足,
8905,裕國,34.7,34.824698170951834,35.087198375310614,34.40297658001527,技術結構,1.2109841953729614,0.8559752737312177,False,35.0,35.25,0.8645533141210304,1.5850144092218965,0.4322766570605152,0.7925072046109483,17.05,26.21,35.36,🟡 B 中等,✅ 技術×基本面共振,共振目標,35.0,35.25,🔵 偏便宜,34.824698170951834,34.66547678437405,-0.3580739460818827,0.09958961718798953,False,NO,🔴 不追,第一目標風報不足,
8906,花王,28.6,29.05021695948279,29.575216918611034,28.351867396103007,技術結構,2.4039392351313293,0.8675965171223589,False,29.2,29.6,2.0979020979020824,3.4965034965035002,1.0489510489510412,1.7482517482517501,,,,,⚪ 基本面不足,技術目標,29.2,29.6,🔵 偏便宜,29.05021695948279,28.87686735523125,-1.5497886301872321,-0.9587859784974007,False,B,🟡 B 等確認,等支撐或量價確認,
8908,欣雄,40.2,40.187658815589224,40.59212318304702,39.698037693881815,技術結構,1.218337012250833,1.2486624530303172,False,40.5,41.0,0.746268656716409,1.990049751243772,0.3731343283582045,0.995024875621886,34.32,41.54,48.76,🟠 C 低一致,🟡 共振但估值分歧,共振目標,40.5,41.0,🟢 合理,40.187658815589224,40.102502061339614,0.030708891173314434,0.24312183442134483,False,NO,🔴 不追,第一目標風報不足,
8916,光隆,41.05,41.00212825896128,41.342306871261606,40.66194964666095,技術結構,0.8296608657770818,0.9453114575859847,False,41.3,41.55,0.6090133982947554,1.218026796589533,0.3045066991473777,0.6090133982947665,49.62,56.04,62.46,🟢 A 高一致,🔵 技術低於基本面,技術目標,41.3,41.55,🟢 合理,40.97401442371507,41.00212825896128,0.18544820992925093,0.11675428342736716,False,NO,🔴 不追,第一目標風報不足,
8917,欣泰,53.7,53.92351844081449,54.61994684875604,52.8245525173209,技術結構,2.0380085633688627,1.6302560198865914,False,54.0,54.5,0.5586592178770999,1.4897579143389184,0.27932960893854997,0.7448789571694592,38.89,50.56,62.24,🟠 C 低一致,🟡 共振但估值分歧,共振目標,54.0,54.5,🔵 偏便宜,53.92351844081449,53.52098092526245,-0.4145101196610823,0.33448391946988565,False,NO,🔴 不追,第一目標風報不足,
8924,大田,49.45,50.08512074940957,50.51637054505079,49.65387095376835,技術結構,0.8610337545134208,,True,50.3,50.8,1.7189079878665137,2.7300303336703635,,,37.22,37.22,37.22,🟠 C 低一致,🔴 基本面背離,技術目標,50.3,50.8,🔵 偏便宜,49.67240848644188,50.08512074940957,-0.4477505585471775,-1.268082695831485,False,NO,🔴 結構失效,現價已跌破防守位，等待重新形成結構,
8926,台汽電,59.2,58.68641517657023,59.62391517657023,57.52003891176469,技術結構,1.9874723329006396,2.8377721085055896,False,60.1,64.3,1.520270270270263,8.614864864864845,0.5357266940899136,3.035784599842851,61.5,98.85,136.2,🟠 C 低一致,🟡 共振但估值分歧,共振目標,61.5,64.3,🟢 合理,58.68641517657023,58.45753891176469,0.8751340866272939,1.2700861207242564,False,NO,🔴 不追,第一目標風報不足,
8927,北基,18.75,19.10354969999165,19.42765706764345,18.779442332339848,技術結構,1.6965819061990541,,True,19.2,19.8,2.400000000000002,5.600000000000005,,,23.57,25.89,28.21,🟠 C 低一致,🔵 技術低於基本面,技術目標,19.2,19.8,🔵 偏便宜,18.920237224935413,19.10354969999165,-0.8997626346410326,-1.850701600194249,False,NO,🔴 結構失效,現價已跌破防守位，等待重新形成結構,
8928,鉅明,22.95,23.32806884245761,23.689675780955973,22.96646190395925,技術結構,1.550093755897312,,True,23.4,23.85,1.9607843137254832,3.9215686274509887,,,14.64,17.16,19.69,🟡 B 中等,🔴 基本面背離,技術目標,23.4,23.85,🔵 偏便宜,23.12326929146496,23.32806884245761,-0.7493286925863818,-1.6206606942513746,False,NO,🔴 結構失效,現價已跌破防守位，等待重新形成結構,
8929,富堡,13.2,13.029182154827964,13.139003583399393,12.919360726256535,技術結構,0.8428881204238505,2.126055104117153,False,13.4,13.9,1.5151515151515138,5.3030303030303205,0.7126586287520907,2.494305200632328,4.15,12.71,21.27,🟠 C 低一致,🟡 共振但估值分歧,共振目標,13.4,13.9,🔴 過熱,12.982288200238695,13.029182154827964,1.6769909618652656,1.311040425578347,False,NO,🔴 不追,等待回到合理價格區,
8930,青鋼,28.75,29.1709553811427,29.478991095428416,28.862919666856985,技術結構,1.0559671778348478,,True,29.1,29.5,1.2173913043478368,2.60869565217392,,,21.95,29.13,36.31,🟡 B 中等,✅ 技術×基本面共振,共振目標,29.1,29.5,🔵 偏便宜,28.897596774984294,29.1709553811427,-0.5107579572570686,-1.4430634020811794,False,NO,🔴 結構失效,現價已跌破防守位，等待重新形成結構,
8931,大汽電,43.150000000000006,42.93080400928163,43.55491143824107,41.806294167133565,技術結構,2.6193542564563805,3.114034375125007,False,43.95,45.45,1.8539976825028948,5.330243337195828,0.5953684061141649,1.711684167578226,28.51,31.81,35.12,🟠 C 低一致,🔴 基本面背離,技術目標,43.95,45.45,🟢 合理,42.93080400928163,42.430401596093006,0.5105797475187801,1.6959500189441146,False,NO,🔴 不追,第一目標風報不足,
8932,智通*,92.6,92.70305426532123,95.05483957088938,90.35126895975307,技術結構,2.536901641705589,2.4284352486467857,False,95.5,99.4,3.1317494600431983,7.343412526997861,1.2896162093629324,3.02392766333378,24.95,37.98,51.02,🟡 B 中等,🔴 基本面背離,技術目標,95.5,99.4,🔵 偏便宜,92.53526878201446,92.70305426532123,0.06995302314194429,-0.11116598707340275,False,B,🟡 B 等確認,等支撐或量價確認,
8933,愛地雅,4.5,4.525019178181007,4.637519202704061,4.4125191536579536,技術結構,2.4861778501517207,1.944018807601032,False,4.6,4.72,2.2222222222222143,4.888888888888876,1.1111111111111072,2.444444444444438,,,,,⚪ 基本面不足,技術目標,4.6,4.72,🔵 偏便宜,4.514429641959396,4.525019178181007,-0.31963377666315296,-0.55290767167675,False,B,🟡 B 等確認,等支撐或量價確認,
8935,邦泰,19.65,18.248788044430302,18.72557406525419,17.56186353343661,技術結構,3.764219899542024,10.626648684800955,False,23.4,25.0,19.083969465648853,27.226463104325703,1.7958596385090064,2.56209308427285,,,,,⚪ 基本面不足,技術目標,23.4,25.0,🔴 過熱,18.248788044430302,18.0386495542605,7.678383639276021,8.932766507229584,False,NO,🔴 不追,等待回到合理價格區,
8936,國統,52.6,51.98967135602244,52.5200285806231,51.130688131791565,技術結構,1.6522189924006356,2.7933685707384717,False,52.9,53.4,0.5703422053231932,1.520912547528508,0.20417721144919096,0.5444725638645066,53.18,64.34,75.51,🟢 A 高一致,✅ 技術×基本面共振,共振目標,53.18,53.4,🔴 過熱,51.98967135602244,51.66104535639222,1.1739421082277435,1.8175293146514004,False,NO,🔴 不追,等待回到合理價格區,
8937,合騏*,26.2,27.590470730937422,28.833328159896862,26.347613301977983,技術結構,4.5046619214285935,,True,26.4,28.45,0.7633587786259444,8.587786259541975,,,9.95,9.95,9.95,🟠 C 低一致,🔴 基本面背離,技術目標,26.4,28.45,🔵 偏便宜,27.146989289824017,27.590470730937422,-3.4883768498740864,-5.039677446960978,False,NO,🔴 結構失效,現價已跌破防守位，等待重新形成結構,
8938,明安,52.6,52.30224229127456,53.01474229127456,51.47776095441361,技術結構,1.5763785657015597,2.1335343071984605,False,52.9,54.3,0.5703422053231932,3.2319391634980876,0.2673227252071275,1.5148287761737191,29.53,43.0,56.48,🟡 B 中等,✅ 技術×基本面共振,共振目標,52.9,54.3,🟢 合理,52.30224229127456,52.19026095441361,0.5693019948689981,0.7850871754488509,False,NO,🔴 不追,第一目標風報不足,
8940,新天地,15.075,15.005900235949118,15.21750740946008,14.794293062438157,技術結構,1.4101598050346957,1.8620692375578234,False,15.4,15.8,2.1558872305140975,4.809286898839149,1.0779436152570487,2.4046434494195745,13.81,18.18,22.55,🟡 B 中等,✅ 技術×基本面共振,共振目標,15.4,15.8,🟢 合理,14.97126315047133,15.005900235949118,0.6929064601032264,0.460483962737146,False,B,🟡 B 等確認,等支撐或量價確認,
8941,關中,43.8,44.10311952786801,44.577226956827445,43.629012098908575,技術結構,1.0749974923199135,0.3903833358251647,False,44.15,44.7,0.7990867579908745,2.0547945205479534,0.39954337899543724,1.0273972602739767,45.19,54.26,63.33,🟢 A 高一致,🔵 技術低於基本面,技術目標,44.15,44.7,🔵 偏便宜,44.01742837946059,44.10311952786801,-0.49395975063833975,-0.6872972504280095,False,NO,🔴 不追,第一目標風報不足,
8942,森鉅,40.2,41.01118878247938,41.34868870073587,40.67368886422289,技術結構,0.8229459527412574,,True,40.45,41.55,0.6218905472636926,3.3582089552238736,,,94.2,119.12,144.05,🟡 B 中等,🔵 技術低於基本面,技術目標,40.45,41.55,🔵 偏便宜,40.644209309695626,41.01118878247938,-1.0929215188094643,-1.9779694433679218,False,NO,🔴 結構失效,現價已跌破防守位，等待重新形成結構,
8996,高力,1605.0,1504.1807205761859,1586.4128634333288,1318.6787843332677,技術結構,12.332423471819299,17.839328078924133,False,1620.0,1815.0,0.9345794392523255,13.08411214953271,0.05238871302313583,0.7334419823239103,114.55,299.65,484.75,🟠 C 低一致,🔴 基本面背離,技術目標,1620.0,1815.0,🔴 過熱,1504.1807205761859,1400.9109271904106,6.7026041515273915,14.56831186397405,False,NO,🔴 不追,等待回到合理價格區,
9103,美德醫療-DR,4.98,5.017564463711018,5.060421685246292,4.974707242175744,技術結構,0.8541439147465748,0.1062802775955127,False,5.03,5.15,1.0040160642570184,3.4136546184738936,0.5020080321285092,1.7068273092369468,,,,,⚪ 基本面不足,技術目標,5.03,5.15,🔵 偏便宜,4.981577145371943,5.017564463711018,-0.03165955933067677,-0.7486593143485987,False,NO,🔴 不追,第一目標風報不足,
9105,泰金寶-DR,8.53,8.484426742465773,8.642998156732087,8.32585532819946,技術結構,1.8689702802505352,2.393255237989918,False,8.58,8.74,0.5861664712778492,2.4618991793669442,0.2449243448727045,1.0286822484653497,,,,,⚪ 基本面不足,技術目標,8.58,8.74,🟢 合理,8.480910043424938,8.484426742465773,0.5788288794917662,0.5371400911051039,False,NO,🔴 不追,第一目標風報不足,
9110,越南控-DR,2.895,2.944840277291874,3.0707331231949984,2.8189474313887497,技術結構,4.275031378574377,2.62703173095856,False,3.03,3.14,4.663212435233155,8.462867012089802,1.775087974872548,3.221455954398329,,,,,⚪ 基本面不足,技術目標,3.03,3.14,🔵 偏便宜,2.891770426197322,2.944840277291874,0.11168154198619717,-1.6924611387653221,False,B,🟡 B 等確認,等支撐或量價確認,
9136,巨騰-DR,9.14,9.868509544486349,10.12725953426841,9.609759554704288,技術結構,2.6219763847381317,,True,9.78,9.97,7.002188183807423,9.08096280087527,,,,,,,⚪ 基本面不足,技術目標,9.78,9.97,🔵 偏便宜,9.393087119588204,9.868509544486349,-2.6943976603859943,-7.382163853642676,False,NO,🔴 結構失效,現價已跌破防守位，等待重新形成結構,
9802,鈺齊-KY,64.8,66.38818834385526,67.73283071053704,65.04354597717348,技術結構,2.025424100620512,,True,65.6,73.0,1.2345679012345734,12.654320987654334,,,45.99,72.19,98.39,🟠 C 低一致,🟡 共振但估值分歧,共振目標,65.6,73.0,🔵 偏便宜,64.74539485868935,66.38818834385526,0.0843382628676892,-2.3922754686862335,False,NO,🔴 結構失效,現價已跌破防守位，等待重新形成結構,
9902,台火,13.2,13.389049580929063,13.55244244828986,13.225656713568267,技術結構,1.220347018458488,,True,13.6,13.75,3.0303030303030276,4.166666666666674,,,12.68,16.23,19.79,🟡 B 中等,✅ 技術×基本面共振,共振目標,13.6,13.75,🔵 偏便宜,13.266997078118386,13.389049580929063,-0.504990524411042,-1.4119716249190728,False,NO,🔴 結構失效,現價已跌破防守位，等待重新形成結構,
9904,寶成,24.95,24.772628475329096,25.00298539339158,24.444603228483288,技術結構,1.3241438920076094,2.0256383627924297,False,25.25,25.45,1.2024048096192397,2.004008016032066,0.5935930281067904,0.9893217135113174,51.86,65.24,78.62,🟡 B 中等,🔵 技術低於基本面,技術目標,25.25,25.45,🟢 合理,24.772628475329096,24.67496014654577,0.7159980009692868,1.1146516623360414,False,NO,🔴 不追,第一目標風報不足,
9905,大華,21.35,21.286558727378758,21.40977293134953,21.163344523407986,技術結構,0.578835712943557,0.8742645273630709,False,21.5,21.6,0.7025761124121788,1.1709601873536313,0.3512880562060894,0.5854800936768156,25.12,31.96,38.79,🟡 B 中等,🔵 技術低於基本面,技術目標,21.5,21.6,🟢 合理,21.26062538169693,21.286558727378758,0.4203762434006997,0.29803442366493904,False,NO,🔴 不追,第一目標風報不足,
9906,欣巴巴,39.45,39.78322902638118,41.11960781873522,38.44685023402714,技術結構,3.3591511424772893,2.542838443530708,False,39.9,40.95,1.1406844106463865,3.802281368821303,0.4485870557559121,1.4952901858530463,16.58,29.46,42.34,🟠 C 低一致,🟡 共振但估值分歧,共振目標,39.9,40.95,🔵 偏便宜,39.64880669306482,39.78322902638118,-0.5014191085342068,-0.8376118141647182,False,NO,🔴 不追,第一目標風報不足,
9907,統一實,14.9,15.000120558117846,15.126013384606885,14.874227731628807,技術結構,0.8392787644690493,0.1729682441019706,False,15.05,15.4,1.0067114093959662,3.3557046979865834,0.5033557046979831,1.6778523489932917,7.51,10.66,13.81,🟡 B 中等,🔴 基本面背離,技術目標,15.05,15.4,🔵 偏便宜,14.899170282093223,15.000120558117846,0.005568886663276373,-0.6674650228971735,False,NO,🔴 不追,第一目標風報不足,
9908,大台北,29.0,29.0106909206913,29.1178332669372,28.9035485744454,技術結構,0.3693202155674402,0.3325911226020738,False,29.15,29.25,0.5172413793103292,0.8620689655172376,0.2586206896551646,0.4310344827586188,30.76,41.12,51.48,🟡 B 中等,🔵 技術低於基本面,技術目標,29.15,29.25,🔵 偏便宜,28.98060642063893,29.0106909206913,0.06691916338663617,-0.0368516583094336,False,NO,🔴 不追,第一目標風報不足,
9910,豐泰,68.8,68.92248056150046,69.88140937815957,67.91001752222533,技術結構,1.468988102324173,1.2935791828120144,False,69.3,70.6,0.7267441860465018,2.6162790697674465,0.3633720930232509,1.3081395348837233,40.16,45.5,50.83,🟢 A 高一致,🔴 基本面背離,技術目標,69.3,70.6,🔵 偏便宜,68.92248056150046,68.86894633888444,-0.17770770944782743,-0.10011237654947713,False,NO,🔴 不追,第一目標風報不足,
9911,櫻花,81.5,81.74961285188427,82.07639799396539,81.42282770980314,技術結構,0.3997390699246462,0.09468992662190907,False,82.0,83.0,0.6134969325153339,1.8404907975460016,0.30674846625766694,0.9202453987730008,37.81,70.65,103.49,🟠 C 低一致,🟡 共振但估值分歧,共振目標,82.0,83.0,🔵 偏便宜,81.55998847764391,81.74961285188427,-0.07355135620250586,-0.3053382678845473,False,NO,🔴 不追,第一目標風報不足,
9912,偉聯,13.1,12.98743613695779,13.169578983882708,12.777419638986272,技術結構,1.6170743459818282,2.462445503921585,False,13.2,13.4,0.7633587786259444,2.2900763358778775,0.3100002730660443,0.9300008191981508,,,,,⚪ 基本面不足,技術目標,13.2,13.4,🟢 合理,12.98743613695779,12.95956248591119,0.8667135056925623,1.0836593769387282,False,NO,🔴 不追,第一目標風報不足,
9914,美利達,68.3,71.58093432756785,73.16664771410349,69.9952209410322,技術結構,2.2152733845008523,,True,78.5,80.9,14.934114202049775,18.44802342606151,,,40.81,55.34,69.87,🟡 B 中等,🔴 基本面背離,技術目標,78.5,80.9,🔵 偏便宜,68.24315415081821,71.58093432756785,0.08329897685583898,-4.583531017566322,False,NO,🔴 結構失效,現價已跌破防守位，等待重新形成結構,
9917,中保科,105.5,106.34204820837489,107.1188339226606,105.56526249408918,技術結構,0.7304596134575232,,True,106.5,107.5,0.9478672985782088,1.8957345971563955,,,44.32,76.13,107.95,🟠 C 低一致,🟡 共振但估值分歧,共振目標,106.5,107.5,🔵 偏便宜,106.05106679059719,106.34204820837489,-0.5196239955655435,-0.7918299699521625,False,NO,🔴 結構失效,現價已跌破防守位，等待重新形成結構,
9918,欣天然,43.15,42.98909634360152,43.35606038408527,42.622132303117766,技術結構,0.8536212009452244,1.2233318583597508,False,43.4,43.65,0.5793742757821629,1.1587485515643037,0.28968713789108147,0.5793742757821518,43.3,56.36,69.42,🟡 B 中等,✅ 技術×基本面共振,共振目標,43.4,43.65,🟢 合理,42.928621151663016,42.98909634360152,0.5156905635400388,0.37428945961650584,False,NO,🔴 不追,第一目標風報不足,
9919,康那香,13.85,13.925463534978537,14.0727850248576,13.778142045099473,技術結構,1.0579288043734798,0.5188299992817782,False,13.95,14.1,0.7220216606498076,1.8050541516245522,0.3610108303249038,0.9025270758122761,,,,,⚪ 基本面不足,技術目標,13.95,14.1,🔵 偏便宜,13.893971328855468,13.925463534978537,-0.3164777572568278,-0.5419103988099527,False,NO,🔴 不追,第一目標風報不足,
9921,巨大,93.1,93.52808047091271,96.15308120660433,90.9030797352211,技術結構,2.806644509835729,2.3597424970772245,False,110.0,113.5,18.15252416756177,21.911922663802375,7.692586877612906,9.285726171793096,23.89,65.42,106.95,🟠 C 低一致,🔴 基本面背離,技術目標,110.0,113.5,🔵 偏便宜,92.06046818737639,93.52808047091271,1.1291837127177962,-0.45770261589603844,False,B,🟡 B 等確認,等支撐或量價確認,
9924,福興,38.2,38.117705444466324,38.38288405676665,37.852526832166,技術結構,0.6956835654409037,0.9096156226021033,False,38.6,38.95,1.0471204188481575,1.963350785340312,0.5235602094240788,0.981675392670156,26.94,35.62,44.31,🟡 B 中等,✅ 技術×基本面共振,共振目標,38.6,38.95,🟢 合理,37.965731592783996,38.117705444466324,0.617052266314122,0.21589587981252212,False,NO,🔴 不追,第一目標風報不足,
9925,新保,39.55,39.654373232712004,39.81240882438245,39.496337641041556,技術結構,0.3985325672480423,0.13568232353588078,False,39.8,40.05,0.6321112515802696,1.2642225031605614,0.3160556257901348,0.6321112515802807,46.13,47.44,48.74,🟢 A 高一致,🔵 技術低於基本面,技術目標,39.8,40.05,🔵 偏便宜,39.58576751566929,39.654373232712004,-0.09035448322464168,-0.26320736958693747,False,NO,🔴 不追,第一目標風報不足,
9926,新海,49.1,49.16264948334443,49.43854246310256,48.886756503586305,技術結構,0.5611841157006691,0.43430447334765016,False,49.4,49.7,0.6109979633401208,1.2219959266802416,0.3054989816700604,0.6109979633401208,48.85,50.25,51.64,🟡 B 中等,✅ 技術×基本面共振,共振目標,49.4,49.7,🔵 偏便宜,49.10108455648776,49.16264948334443,-0.002208823893723455,-0.12743308996325808,False,NO,🔴 不追,第一目標風報不足,
9927,泰銘,70.1,70.03006363274618,70.36756330577212,69.52320005142354,技術結構,0.723779981096038,0.8228244630191877,False,70.5,71.3,0.5706134094151327,1.711840228245376,0.28530670470756636,0.855920114122688,73.04,75.06,77.08,🟢 A 高一致,🔵 技術低於基本面,技術目標,70.5,71.3,🟢 合理,70.03006363274618,69.86069972444949,0.09986620549222724,0.3425391908388642,False,NO,🔴 不追,第一目標風報不足,
9928,中視,17.7,17.7615962375745,17.91963201316785,17.603560461981154,技術結構,0.8897611086273001,0.544856146999128,False,17.8,18.1,0.5649717514124353,2.259887005649719,0.28248587570621764,1.1299435028248594,,,,,⚪ 基本面不足,技術目標,17.8,18.1,🔵 偏便宜,17.684535169198078,17.7615962375745,0.087448330724893,-0.34679449273932184,False,NO,🔴 不追,第一目標風報不足,
9929,秋雨,11.1,11.0970650410139,11.24438646958533,10.949743612442472,技術結構,1.3275711012501066,1.353661149166919,False,11.3,11.4,1.8018018018018056,2.7027027027027195,0.9009009009009028,1.3513513513513598,10.47,10.61,10.75,🟢 A 高一致,🔴 基本面背離,技術目標,11.3,11.4,🟢 合理,11.02881238621135,11.0970650410139,0.6454694421826668,0.026448065098771956,False,C,🟠 C 觀察,條件未齊，不急進,
9930,中聯資源,60.2,61.41606669325667,61.89285228492711,60.939281101586225,技術結構,0.7763206231551001,,True,61.5,63.3,2.1594684385382035,5.149501661129552,,,51.74,61.47,71.21,🟢 A 高一致,✅ 技術×基本面共振,共振目標,61.5,63.3,🔵 偏便宜,60.741499331340314,61.41606669325667,-0.8914816678898152,-1.980046523217327,False,NO,🔴 結構失效,現價已跌破防守位，等待重新形成結構,
9931,欣高,34.2,33.97734455255182,34.111273083108635,33.843416021995004,技術結構,0.3941700928089653,1.042643210540931,False,34.45,35.75,0.7309941520467822,4.532163742690054,0.3654970760233911,2.266081871345027,48.16,56.66,65.16,🟡 B 中等,🔵 技術低於基本面,技術目標,34.45,35.75,🔴 過熱,33.96651941728206,33.97734455255182,0.6873844795506123,0.6553056172586169,False,NO,🔴 不追,等待回到合理價格區,
9933,中鼎,40.7,41.021573943540915,41.82514565821464,40.160466988205606,技術結構,2.099156303754881,1.325633935612769,False,40.95,41.75,0.6142506142506221,2.5798525798525818,0.30712530712531105,1.2899262899262909,38.29,61.19,84.09,🟠 C 低一致,🟡 共振但估值分歧,共振目標,40.95,41.75,🔵 偏便宜,41.021573943540915,40.96403870287933,-0.7839142008141953,-0.6445621848823357,False,NO,🔴 不追,第一目標風報不足,
9934,成霖,9.87,10.172277509104248,10.286384654004978,10.058170364203518,技術結構,1.1217462834513086,,True,9.93,10.35,0.6079027355623046,4.863221884498481,,,12.8,13.82,14.85,🟢 A 高一致,🔵 技術低於基本面,技術目標,9.93,10.35,🔵 偏便宜,9.909809072562377,10.172277509104248,-0.40171381982119225,-2.971581426418113,False,NO,🔴 結構失效,現價已跌破防守位，等待重新形成結構,
9935,慶豐富,18.3,18.657728341833728,18.87469246406099,18.440764219606468,技術結構,1.1628646223816574,,True,18.4,19.0,0.5464480874316724,3.825136612021862,,,18.39,25.97,33.55,🟡 B 中等,✅ 技術×基本面共振,共振目標,18.4,19.0,🔵 偏便宜,18.317776403818648,18.657728341833728,-0.09704455075093543,-1.9173199184792544,False,NO,🔴 結構失效,現價已跌破防守位，等待重新形成結構,
9937,全國,54.5,54.635194301062164,55.09055128043228,54.17983732169205,技術結構,0.8334499130009742,0.5874544556109209,False,55.2,55.7,1.2844036697247763,2.2018348623853212,0.6422018348623881,1.1009174311926606,39.65,43.1,46.56,🟡 B 中等,🔴 基本面背離,技術目標,55.2,55.7,🔵 偏便宜,54.387995738513595,54.635194301062164,0.2059356296652215,-0.2474491082015473,False,NO,🔴 不追,第一目標風報不足,
9938,百和,38.25,39.16669269426827,39.565800041484195,38.767585347052346,技術結構,1.0189968050948823,,True,38.9,42.85,1.6993464052287521,12.026143790849675,,,31.54,40.53,49.52,🟡 B 中等,✅ 技術×基本面共振,共振目標,38.9,42.85,🔵 偏便宜,38.34146871324051,39.16669269426827,-0.23856340487270478,-2.3404904300291407,False,NO,🔴 結構失效,現價已跌破防守位，等待重新形成結構,
9939,宏全,126.0,127.28300966649864,128.7026525236415,125.86336680935578,技術結構,1.1153435645987215,0.10843904019382414,False,127.0,129.5,0.7936507936507908,2.777777777777768,0.3968253968253954,1.388888888888884,105.44,158.83,212.21,🟡 B 中等,✅ 技術×基本面共振,共振目標,127.0,129.5,🔵 偏便宜,125.78497194915951,127.28300966649864,0.17094891981801474,-1.007997587313758,False,NO,🔴 不追,第一目標風報不足,
9940,信義,20.1,20.256865341191762,20.505972361433635,20.00775832094989,技術結構,1.2297412064803557,0.45891382611995873,False,20.65,21.0,2.736318407960181,4.477611940298498,1.3681592039800905,2.238805970149249,17.81,20.77,23.73,🟢 A 高一致,✅ 技術×基本面共振,共振目標,20.65,21.0,🔵 偏便宜,20.17457282006145,20.256865341191762,-0.3696376658210765,-0.7743811223979491,False,B,🟡 B 等確認,等支撐或量價確認,
9941,裕融,77.9,77.91798296888993,81.91441235775363,73.92155358002623,技術結構,5.129020588814965,5.107119922944516,False,81.8,84.7,5.006418485237463,8.729139922978169,0.9802821474282135,1.7092098980799675,80.64,93.87,107.11,🟢 A 高一致,✅ 技術×基本面共振,共振目標,81.8,84.7,🔵 偏便宜,74.65353302341833,77.91798296888993,4.348711769024072,-0.02307935627273716,False,C,🟠 C 觀察,條件未齊，不急進,
9942,茂順,114.5,114.28022428395894,115.03022428395894,113.53022428395894,技術結構,0.6562815261338917,0.8469656908655511,False,116.0,118.0,1.3100436681222627,3.056768558951961,0.6550218340611313,1.5283842794759805,82.92,122.27,161.63,🟡 B 中等,✅ 技術×基本面共振,共振目標,116.0,118.0,🟢 合理,114.04911237261359,114.28022428395894,0.3953451438651223,0.1923129897741349,False,NO,🔴 不追,第一目標風報不足,
9943,好樂迪,50.4,50.7480096762291,51.04800955361383,50.448009798844375,技術結構,0.5911559473932456,,True,51.2,51.7,1.5873015873016039,2.5793650793650924,,,43.0,61.03,79.06,🟡 B 中等,✅ 技術×基本面共振,共振目標,51.2,51.7,🔵 偏便宜,50.499174773792724,50.7480096762291,-0.19638889989187502,-0.6857602464597101,False,NO,🔴 結構失效,現價已跌破防守位，等待重新形成結構,
9944,新麗,17.2,17.255004561842128,17.410361582084,17.099647541600255,技術結構,0.9003591954152855,0.5834445255799067,False,17.4,17.55,1.1627906976744207,2.034883720930236,0.5813953488372103,1.017441860465118,25.06,31.62,38.17,🟡 B 中等,🔵 技術低於基本面,技術目標,17.4,17.55,🔵 偏便宜,17.205505679007985,17.255004561842128,-0.03199951870466178,-0.31877454245226033,False,NO,🔴 不追,第一目標風報不足,
9945,潤泰新,29.45,29.117477598848517,29.580870537734885,28.29524870067732,技術結構,2.823832852210086,3.921057043540508,False,29.65,30.2,0.679117147707986,2.5466893039049143,0.17319746695008015,0.649490501062792,93.49,109.19,124.89,🟢 A 高一致,🔵 技術低於基本面,技術目標,29.65,30.2,🟢 合理,29.117477598848517,28.758641639563688,1.1420027714373004,2.4040021399522438,False,NO,🔴 不追,第一目標風報不足,
9946,三發地產,17.0,17.24837081524063,17.569799366233323,16.926942264247938,技術結構,1.86352992080086,0.4297513867768371,False,17.75,18.0,4.4117647058823595,5.882352941176472,2.2058823529411797,2.941176470588236,25.36,49.34,73.32,🟠 C 低一致,🔵 技術低於基本面,技術目標,17.75,18.0,🔵 偏便宜,17.063923925261786,17.24837081524063,-0.37461445293454076,-1.43996681136499,False,B,🟡 B 等確認,等支撐或量價確認,
9949,琉園,24.3,24.106516097556476,24.366337321769123,23.806893649651663,技術結構,1.2429106167489041,2.029244240116617,False,24.45,24.8,0.6172839506172867,2.0576131687242816,0.3041940139161427,1.0139800463871387,31.81,31.81,31.81,🟠 C 低一致,🔵 技術低於基本面,技術目標,24.45,24.8,🟢 合理,24.106516097556476,24.06671487386431,0.8026207588874179,0.9693268373284658,False,NO,🔴 不追,第一目標風報不足,
9950,萬國通,10.2,10.26683910592732,10.360589197888771,10.173089013965868,技術結構,0.9131349093347276,0.2638331964130556,False,10.4,10.5,1.9607843137255054,2.941176470588247,0.9803921568627527,1.4705882352941235,,,,,⚪ 基本面不足,技術目標,10.4,10.5,🔵 偏便宜,10.238249331933341,10.26683910592732,-0.3735925029100584,-0.6510193179976143,False,C,🟠 C 觀察,條件未齊，不急進,
9951,皇田,47.0,49.163805703494646,49.50398439753849,48.8236270094508,技術結構,0.6919291319623416,,True,48.7,53.2,3.6170212765957555,13.191489361702136,,,99.03,110.38,121.73,🟢 A 高一致,🔵 技術低於基本面,技術目標,48.7,53.2,🔵 偏便宜,47.93281177827473,49.163805703494646,-1.9460819085466707,-4.4012168556366245,False,NO,🔴 結構失效,現價已跌破防守位，等待重新形成結構,
9955,佳龍,23.1,23.489640538810697,23.811069151111024,23.16821192651037,技術結構,1.3683845513482735,,True,23.7,24.5,2.5974025974025983,6.060606060606055,,,30.35,33.26,36.18,🟢 A 高一致,🔵 技術低於基本面,技術目標,23.7,24.5,🔵 偏便宜,23.191888877912753,23.489640538810697,-0.3962112719514743,-1.6587760811703878,False,NO,🔴 結構失效,現價已跌破防守位，等待重新形成結構,
9958,世紀鋼,93.0,92.72712838874136,94.16284316491672,91.291413612566,技術結構,1.5483222667657628,1.837189663907523,False,94.0,103.0,1.0752688172043001,10.752688172043001,0.5376344086021501,5.376344086021501,87.47,116.03,144.59,🟡 B 中等,✅ 技術×基本面共振,共振目標,94.0,103.0,🟢 合理,92.0283460591549,92.72712838874136,1.0558202797869898,0.29427376432349384,False,NO,🔴 不追,第一目標風報不足,
9960,邁達康,41.5,36.902660124812655,38.515159920453875,32.6703439142403,技術結構,11.468864835916333,21.276279724722173,False,44.2,47.95,6.506024096385543,15.542168674698797,0.3057876743755069,0.730492777674822,19.5,20.53,21.56,🟡 B 中等,🔴 基本面背離,技術目標,44.2,47.95,🔴 過熱,36.902660124812655,34.28284370988152,12.458017551141731,21.051801744317512,True,NO,🟠 高位延伸,不追，等待回踩 EMA9/EMA20 或重新整理,
9962,有益,10.35,10.114846055842166,10.225738937508078,9.994484387755918,技術結構,1.1899505679251499,3.4349334516336394,False,10.45,10.6,0.9661835748792313,2.4154589371980784,0.28128159933337826,0.7032039983334456,6.04,9.58,13.13,🟠 C 低一致,🟡 共振但估值分歧,共振目標,10.45,10.6,🔴 過熱,10.114846055842166,10.10537726942183,2.3248395760013807,2.420718435900282,False,NO,🔴 不追,等待回到合理價格區,
