Date,Code,BREADTH_5D,DIST_HIGH20,RANGE20_PCT,RS_ACCEL,RS_ACCEL_PCTL
2026-10-02,0050,0.5756646216768916,-0.8351648351648366,7.003547452020308,-0.2044989775051123,0.20961145194274028
2026-10-02,0051,0.5756646216768916,-0.1328903654485014,6.320691949434464,-0.0462678936605317,0.4166666666666667
2026-10-02,0052,0.5756646216768916,-0.2269288956126991,6.974981046247149,-0.1633435582822086,0.25306748466257667
2026-10-02,0053,0.5756646216768916,-0.05866249511145,7.454512269033686,-0.1411042944785274,0.2837423312883436
2026-10-02,0055,0.5756646216768916,-4.961092315522652,8.679634961037456,-0.6878834355828221,0.00894683026584867
2026-10-02,0056,0.5756646216768916,-1.3828841749736087,5.872039393726721,-0.2213701431492842,0.1901840490797546
2026-10-02,0057,0.5756646216768916,-0.3264094955489627,6.281633254991255,-0.2195807770961145,0.19146216768916155
2026-10-02,0061,0.5756646216768916,-5.453052164539695,6.027751039238686,-0.2050102249488752,0.2091002044989775
2026-10-02,1101,0.5756646216768916,-0.2298850574712685,45.50691244239631,0.0051124744376277,0.5204498977505112
2026-10-02,1102,0.5756646216768916,-1.3850373829780716,4.213483146067416,-0.2620143149284253,0.1526073619631902
2026-10-02,1103,0.5756646216768916,-1.4925345091331366,3.40908946412981,-0.0616053169734152,0.4013292433537832
2026-10-02,1104,0.5756646216768916,-4.838708376302792,5.084747199509327,-0.2170245398773005,0.19325153374233128
2026-10-02,1108,0.5756646216768916,-4.700853147276085,6.726457399103139,0.3461145194274029,0.8905930470347648
2026-10-02,1109,0.5756646216768916,-2.573532144503543,2.641512312979082,-0.1117075664621676,0.3261758691206544
2026-10-02,1110,0.5756646216768916,-12.76596149266198,15.331015769612913,-0.1285787321063394,0.30086912065439675
2026-10-02,1201,0.5756646216768916,-5.714285714285705,6.493506493506493,-0.1009713701431492,0.3445807770961145
2026-10-02,1203,0.5756646216768916,-8.431160304739361,11.072261072261073,-0.1032719836400817,0.34049079754601225
2026-10-02,1210,0.5756646216768916,-2.462119802736795,2.718445120505919,-0.1460889570552146,0.2765848670756646
2026-10-02,1213,0.5756646216768916,-12.37623679639077,16.666664242070947,-0.200920245398773,0.21370143149284254
2026-10-02,1215,0.5756646216768916,-6.25,7.6190476190476195,-0.0636503067484662,0.3987730061349693
2026-10-02,1216,0.5756646216768916,-5.215120087868341,5.639610657829701,-0.1860940695296523,0.2285276073619632
2026-10-02,1217,0.5756646216768916,-0.6000000000000005,1.1066363850829588,-0.177402862985685,0.24028629856850717
2026-10-02,1218,0.5756646216768916,-1.700678996659355,3.8062296936668862,0.0789877300613497,0.6446830265848671
2026-10-02,1219,0.5756646216768916,-2.9787234042553123,5.263161240962529,-0.0025562372188138,0.49846625766871167
2026-10-02,1220,0.5756646216768916,-2.7027060464839825,4.166673730920895,-0.0865286298568506,0.36554192229038857
2026-10-02,1225,0.5756646216768916,-6.0194174757281615,8.471071227522922,-0.0695296523517382,0.3890593047034765
2026-10-02,1227,0.5756646216768916,-3.1195853364625825,3.3989280195696887,-0.1293456032719837,0.299079754601227
2026-10-02,1229,0.5756646216768916,-5.54899305499884,7.124996185302734,-0.0586656441717791,0.4049079754601227
2026-10-02,1231,0.5756646216768916,-2.0987654320987703,2.3959646910466654,-0.2354294478527607,0.17561349693251535
2026-10-02,1232,0.5756646216768916,-2.5396825396825418,2.9315960912052117,-0.2903885480572596,0.12423312883435583
2026-10-02,1233,0.5756646216768916,-1.7543859649122862,3.2142843518938333,-0.1609151329243354,0.2561349693251534
2026-10-02,1234,0.5756646216768916,-2.827376539474513,3.2159218196664523,-0.2681492842535787,0.14519427402862986
2026-10-02,1235,0.5756646216768916,-21.144280103535817,26.81388253293203,-0.1229550102249488,0.3121165644171779
2026-10-02,1236,0.5756646216768916,-2.851708208431003,5.870841487279844,-0.0112474437627811,0.48006134969325154
2026-10-02,1240,0.5756646216768916,-3.052065959881578,3.518521344220197,-0.2075664621676892,0.2060327198364008
2026-10-02,1256,0.5756646216768916,-5.882352941176472,7.738095238095238,0.1814928425357873,0.7520449897750511
2026-10-02,1259,0.5756646216768916,-1.449275362318836,8.97058599135455,-0.3141615541922291,0.1032719836400818
2026-10-02,1264,0.5756646216768916,-3.1620553359683834,4.489795918367347,0.122443762781186,0.6978527607361963
2026-10-02,1268,0.5756646216768916,-2.472527472527475,7.887323943661972,0.0669734151329244,0.6293456032719836
2026-10-02,1294,0.5756646216768916,-7.69944602670628,9.24623422287218,-0.0191717791411042,0.46140081799591004
2026-10-02,1295,0.5756646216768916,-1.116751269035532,10.67761963642598,0.1252556237218813,0.6991308793456033
2026-10-02,1301,0.5756646216768916,-4.07302959626572,14.641282848173844,0.0667177914110429,0.6280674846625767
2026-10-02,1303,0.5756646216768916,-1.8867924528301885,18.076923076923077,0.0201942740286299,0.5501022494887525
2026-10-02,1304,0.5756646216768916,-2.681993759535384,8.267718037282389,0.2262269938650306,0.7939672801635992
2026-10-02,1305,0.5756646216768916,-3.088801661440599,9.9601593625498,0.2129345603271983,0.7832310838445807
2026-10-02,1307,0.5756646216768916,-0.7923906279112769,4.792332268370607,-0.0002556237218813,0.5028118609406953
2026-10-02,1308,0.5756646216768916,-3.6666666666666736,7.958474868721603,0.1515848670756645,0.7295501022494888
2026-10-02,1309,0.5756646216768916,-2.721087173164616,9.090910424719336,0.0777096114519426,0.6426380368098159
2026-10-02,1310,0.5756646216768916,-1.1316872427983626,13.215402609103682,0.3744887525562371,0.911042944785276
2026-10-02,1312,0.5756646216768916,0.0,39.60612607993495,0.0132924335378322,0.5362985685071575
2026-10-02,1313,0.5756646216768916,-1.9379844961240345,9.881425940472162,0.1137525562372188,0.6876278118609407
2026-10-02,1314,0.5756646216768916,-5.789473684210533,16.536307734484115,-0.0416666666666667,0.4215235173824131
2026-10-02,1315,0.5756646216768916,-0.4354158479462855,5.1020408163265305,-0.1964468302658487,0.21932515337423314
2026-10-02,1316,0.5756646216768916,-6.222222222222218,8.0568756537415,-0.2709611451942739,0.14059304703476483
2026-10-02,1319,0.5756646216768916,-5.903614457831329,7.042253521126761,-0.2070552147239264,0.20731083844580778
2026-10-02,1321,0.5756646216768916,-2.265856521738119,4.173101929276951,-0.2341513292433538,0.17765848670756645
2026-10-02,1323,0.5756646216768916,-2.968034839508804,4.235292322495404,-0.3231083844580777,0.09458077709611452
2026-10-02,1324,0.5756646216768916,-3.7864095486685456,4.036328867153006,-0.1273006134969324,0.3016359918200409
2026-10-02,1325,0.5756646216768916,-1.890361998174428,5.202313608746538,-0.2070552147239264,0.20731083844580778
2026-10-02,1326,0.5756646216768916,-8.31201688223121,20.083678816152915,0.2446319018404907,0.8087934560327198
2026-10-02,1336,0.5756646216768916,-2.43243243243243,14.127424879417523,-0.0350204498977505,0.4330265848670757
2026-10-02,1337,0.5756646216768916,-5.341876869841089,6.546274533928383,0.1293456032719836,0.7039877300613497
2026-10-02,1338,0.5756646216768916,-5.590064348728719,13.486843360097788,0.2323619631901841,0.7980572597137015
2026-10-02,1339,0.5756646216768916,-2.6345967598583098,4.235301298253677,-0.1688394683026585,0.24795501022494887
2026-10-02,1340,0.5756646216768916,-1.1385195662935277,4.030710904932297,-0.0682515337423312,0.391359918200409
2026-10-02,1341,0.5756646216768916,-1.6666666666666718,3.559319447662871,-0.3601738241308794,0.07413087934560328
2026-10-02,1342,0.5756646216768916,-4.761904761904767,6.599998474121094,-0.0163599182004089,0.46881390593047034
2026-10-02,1402,0.5756646216768916,-4.591835496757602,7.30837517668644,0.0664621676891616,0.6273006134969326
2026-10-02,1409,0.5756646216768916,-7.076351413316906,12.224453484605933,0.4258691206543967,0.9452965235173824
2026-10-02,1410,0.5756646216768916,-5.148514851485153,6.054282935029032,-0.1367586912065439,0.2880879345603272
2026-10-02,1413,0.5756646216768916,-4.352327825213309,6.608880354032983,-0.2446319018404907,0.16513292433537832
2026-10-02,1414,0.5756646216768916,-8.48806551241552,10.724639892578123,0.1929959100204498,0.7632924335378323
2026-10-02,1416,0.5756646216768916,-0.4201648750678521,6.751048414013024,-0.0125255623721881,0.4757157464212679
2026-10-02,1417,0.5756646216768916,-2.4009594902501874,4.797046328236109,0.1362474437627812,0.7116564417177914
2026-10-02,1418,0.5756646216768916,-2.9023785793987456,9.23913458119268,-0.1454498977505112,0.2776073619631902
2026-10-02,1419,0.5756646216768916,-4.373175715525457,5.640239250369189,-0.106083844580777,0.3369120654396728
2026-10-02,1423,0.5756646216768916,-5.248620781479718,6.12245565253166,-0.1612985685071574,0.2551124744376278
2026-10-02,1432,0.5756646216768916,-1.3201295284895551,1.6722408026755853,-0.2300613496932516,0.18098159509202455
2026-10-02,1434,0.5756646216768916,-2.150539641215432,6.3186792226938095,0.0424335378323108,0.5945807770961146
2026-10-02,1435,0.5756646216768916,-11.68032648806222,19.025523811924486,-0.1866053169734151,0.22699386503067484
2026-10-02,1436,0.5756646216768916,-10.27919129195658,12.022635151001152,0.00920245398773,0.5291411042944786
2026-10-02,1437,0.5756646216768916,-4.682775062158817,5.229786723238163,-0.476866053169734,0.04294478527607362
2026-10-02,1438,0.5756646216768916,-5.934065934065935,10.038081730637597,-0.3381901840490797,0.08895705521472393
2026-10-02,1439,0.5756646216768916,-2.5210084033613467,7.586209527377425,-0.0146983640081799,0.4729038854805726
2026-10-02,1440,0.5756646216768916,-10.437712738404128,14.661659871725238,0.2244376278118609,0.7908997955010225
2026-10-02,1441,0.5756646216768916,-4.182623145652419,17.297993366684295,-0.3535276073619632,0.07949897750511248
2026-10-02,1442,0.5756646216768916,-16.43192687816526,20.786519711383725,-0.1981083844580777,0.217280163599182
2026-10-02,1443,0.5756646216768916,-5.77319587628865,7.658643326039387,-0.0097137014314928,0.483640081799591
2026-10-02,1444,0.5756646216768916,-7.362781869335766,11.849706572604315,0.4210122699386504,0.9427402862985685
2026-10-02,1445,0.5756646216768916,-6.1032830217131355,6.4999961853027175,-0.0035787321063394,0.49335378323108386
2026-10-02,1446,0.5756646216768916,-3.5971196564905994,4.850743421867699,0.013420245398773,0.5378323108384458
2026-10-02,1447,0.5756646216768916,-7.7574067806915,12.844039030395882,0.5214723926380369,0.983640081799591
2026-10-02,1449,0.5756646216768916,-2.7559040513512323,5.263154805913146,0.1094069529652352,0.6809815950920245
2026-10-02,1451,0.5756646216768916,-1.7291087888974044,3.225813163690203,-0.1615541922290388,0.254601226993865
2026-10-02,1452,0.5756646216768916,-6.140347736437191,6.542054292197523,-0.0219836400817995,0.4542433537832311
2026-10-02,1453,0.5756646216768916,-3.524232317408371,5.479455538536332,-0.0184049079754601,0.46421267893660534
2026-10-02,1454,0.5756646216768916,-6.563705187524416,7.43801495260443,-0.3550613496932515,0.0787321063394683
2026-10-02,1455,0.5756646216768916,-3.84615031925164,8.899993896484357,0.1871165644171779,0.7571574642126789
2026-10-02,1456,0.5756646216768916,-2.2653709617216133,12.582778930664062,0.049079754601227,0.6022494887525562
2026-10-02,1457,0.5756646216768916,-1.712331335189743,2.4390270485695353,-0.1912065439672802,0.22188139059304704
2026-10-02,1459,0.5756646216768916,0.0,18.71657856007948,0.0337423312883435,0.5782208588957055
2026-10-02,1460,0.5756646216768916,-6.4856728057112285,7.096776039369638,0.0572597137014315,0.6180981595092024
2026-10-02,1463,0.5756646216768916,-3.324095636683566,6.590255693583229,-0.3779396728016359,0.06901840490797546
2026-10-02,1464,0.5756646216768916,-1.576350980724861,2.802800129841738,-0.0401329243353783,0.4245910020449898
2026-10-02,1465,0.5756646216768916,-6.048384206476021,8.154504800559097,0.1290899795501022,0.7029652351738241
2026-10-02,1466,0.5756646216768916,-10.736192140927558,13.745697912891297,0.0132924335378323,0.5370654396728016
2026-10-02,1467,0.5756646216768916,-1.260022909507463,11.948958129174754,0.0884458077709611,0.6551635991820041
2026-10-02,1468,0.5756646216768916,-2.9411791930148534,8.333336223255518,-0.1518404907975461,0.27044989775051126
2026-10-02,1470,0.5756646216768916,-1.4084522176937897,5.714284157266422,-0.0999488752556237,0.3473926380368098
2026-10-02,1471,0.5756646216768916,-5.226128836514443,7.635209618545161,0.1589979550102249,0.7356850715746421
2026-10-02,1472,0.5756646216768916,-3.74037565325116,5.714285714285714,-0.2505112474437627,0.15976482617586912
2026-10-02,1473,0.5756646216768916,-4.962777357130365,5.2219301228734984,-0.1637269938650306,0.25255623721881393
2026-10-02,1474,0.5756646216768916,-5.849059992050332,8.917839111450457,-0.0521472392638037,0.41155419222903883
2026-10-02,1475,0.5756646216768916,-4.744524221274437,6.513405576976322,-0.1428936605316973,0.2819529652351738
2026-10-02,1476,0.5756646216768916,-12.302839116719245,16.72661870503597,0.0874233128834355,0.6523517382413088
2026-10-02,1477,0.5756646216768916,-3.759398496240607,5.729166666666666,0.1195040899795501,0.6947852760736196
2026-10-02,1503,0.5756646216768916,-7.511737089201875,9.64467005076142,0.2167689161554191,0.7857873210633947
2026-10-02,1504,0.5756646216768916,-4.781416795299787,8.03443109629999,-0.0370654396728016,0.42995910020449896
2026-10-02,1506,0.5756646216768916,-2.871290797194282,6.727836912195999,0.0370654396728016,0.5835889570552147
2026-10-02,1512,0.5756646216768916,-3.291537784859744,5.34845905520348,0.1257668711656442,0.6998977505112475
2026-10-02,1513,0.5756646216768916,-1.179941002949858,4.477611940298507,-0.0143149284253578,0.4736707566462168
2026-10-02,1514,0.5756646216768916,-2.3809523809523836,5.463413145483994,0.0109918200408998,0.5316973415132924
2026-10-02,1515,0.5756646216768916,-9.876547454243068,12.842472285440524,0.1955521472392637,0.7655930470347648
2026-10-02,1516,0.5756646216768916,-9.830508474576272,14.285711417520838,0.3164621676891616,0.8721881390593047
2026-10-02,1517,0.5756646216768916,-7.589284140540609,8.695650331064117,0.031441717791411,0.5736196319018405
2026-10-02,1519,0.5756646216768916,-11.959287531806616,15.173410404624278,-0.2880879345603271,0.12678936605316973
2026-10-02,1521,0.5756646216768916,-5.494502853407601,11.627906976744184,-0.1122188139059305,0.32464212678936605
2026-10-02,1522,0.5756646216768916,-4.379560712543695,9.541984732824428,0.2754345603271983,0.8348670756646217
2026-10-02,1524,0.5756646216768916,-4.788212290224136,5.802707930367505,0.0332310838445807,0.5777096114519428
2026-10-02,1525,0.5756646216768916,-4.783260766654918,5.494507889919792,-0.1679447852760735,0.25
2026-10-02,1526,0.5756646216768916,-7.407411768057937,11.666673024495443,0.1042944785276073,0.6743353783231084
2026-10-02,1527,0.5756646216768916,-0.3021102076463111,3.0303030303030303,-0.0426891615541922,0.41922290388548056
2026-10-02,1528,0.5756646216768916,-11.290321367739898,37.1717125478417,-0.7531952965235174,0.0035787321063394683
2026-10-02,1529,0.5756646216768916,-5.309738775394457,16.199379323798908,0.5958588957055215,0.9913087934560327
2026-10-02,1530,0.5756646216768916,-8.576328134635924,10.506563741315372,-0.1255112474437628,0.3047034764826176
2026-10-02,1531,0.5756646216768916,-6.504066490482452,7.391307664954144,-0.1462167689161554,0.27607361963190186
2026-10-02,1532,0.5756646216768916,-5.1502114864958815,6.108593832853156,-0.1549079754601227,0.26482617586912066
2026-10-02,1533,0.5756646216768916,-4.538343437604508,6.721315227571082,0.2067995910020449,0.7765848670756647
2026-10-02,1535,0.5756646216768916,-1.9480535672662056,4.635766641983134,-0.0337423312883435,0.43660531697341515
2026-10-02,1536,0.5756646216768916,-9.241247830483768,11.575565971873324,0.1996421267893661,0.7704498977505112
2026-10-02,1537,0.5756646216768916,-2.553191489361706,3.4934497816593884,-0.0278629856850715,0.4458077709611452
2026-10-02,1538,0.5756646216768916,-14.1304330023565,21.772149242932283,-0.0286298568507157,0.4452965235173824
2026-10-02,1539,0.5756646216768916,-2.795033359052923,4.153358288847219,-0.0918967280163599,0.35787321063394684
2026-10-02,1540,0.5756646216768916,-4.250000000000009,4.9608394931564135,-0.0650562372188139,0.3967280163599182
2026-10-02,1541,0.5756646216768916,-5.869072870966175,7.913667235157186,-0.1771472392638036,0.24105316973415133
2026-10-02,1558,0.5756646216768916,-2.1929824561403466,8.968609865470851,-0.4256134969325152,0.053169734151329244
2026-10-02,1560,0.5756646216768916,-1.4563106796116498,34.1871921182266,-0.0672290388548056,0.3936605316973415
2026-10-02,1563,0.5756646216768916,-14.07657952947602,21.887293024425585,0.6055725971370143,0.9938650306748467
2026-10-02,1565,0.5756646216768916,-3.7623762376237546,6.069960417570891,0.0719580777096114,0.6370143149284253
2026-10-02,1568,0.5756646216768916,-3.3182548272891688,16.38066117737483,0.1168200408997954,0.6912065439672802
2026-10-02,1569,0.5756646216768916,-3.0612244897959107,35.26315560018209,-0.0817995910020449,0.37525562372188137
2026-10-02,1570,0.5756646216768916,-1.3493208237184362,5.319143138757955,0.2612474437627811,0.8215746421267893
2026-10-02,1580,0.5756646216768916,-6.086956521739129,8.333331763499068,0.2852760736196319,0.8450920245398773
2026-10-02,1582,0.5756646216768916,-5.270094131045644,10.01391457251282,0.3793456032719836,0.9176891615541922
2026-10-02,1583,0.5756646216768916,-7.092195708894444,7.742635712368803,-0.2939672801635992,0.12014314928425358
2026-10-02,1584,0.5756646216768916,-3.125003849466479,8.870975945585517,0.0541922290388547,0.6109406952965235
2026-10-02,1586,0.5756646216768916,-2.185788271785738,3.3519467827994065,-0.0529141104294478,0.4100204498977505
2026-10-02,1587,0.5756646216768916,-3.048781991217664,6.079667769138168,0.2338957055214723,0.799079754601227
2026-10-02,1590,0.5756646216768916,-16.901408450704224,24.152542372881356,-0.0782208588957055,0.37883435582822084
2026-10-02,1591,0.5756646216768916,-4.734409406885042,19.878789728338067,-0.4023517382413087,0.06058282208588957
2026-10-02,1593,0.5756646216768916,-2.0092689483156234,3.785485348866941,-0.2768404907975461,0.1329243353783231
2026-10-02,1595,0.5756646216768916,-12.857142857142856,37.57881366590233,-0.0879345603271983,0.36273006134969327
2026-10-02,1597,0.5756646216768916,-9.756097560975608,21.95945945945946,0.1935071574642126,0.7643149284253579
2026-10-02,1598,0.5756646216768916,-5.092594268717687,9.268290822098894,-0.2937116564417178,0.12065439672801637
2026-10-02,1599,0.5756646216768916,-2.3157894736842155,4.310344827586207,-0.1431492842535787,0.28067484662576686
2026-10-02,1603,0.5756646216768916,-0.8103739979850699,5.392155616112005,0.0731083844580776,0.6390593047034765
2026-10-02,1604,0.5756646216768916,-1.898737335245726,1.9354871524277557,-0.3218302658486708,0.09611451942740286
2026-10-02,1605,0.5756646216768916,-1.898734177215189,8.516127063382056,0.0181492842535786,0.5460122699386503
2026-10-02,1608,0.5756646216768916,-3.3333333333333326,6.344825481546336,-0.0935582822085889,0.3553169734151329
2026-10-02,1609,0.5756646216768916,-1.908395042291222,6.74448372015848,-0.0012781186094069,0.5010224948875256
2026-10-02,1611,0.5756646216768916,-3.8135608767887574,6.607929515418502,0.1111963190184049,0.684560327198364
2026-10-02,1612,0.5756646216768916,-1.538461538461533,3.5511363636363633,-0.2287832310838445,0.18225971370143149
2026-10-02,1614,0.5756646216768916,-1.7432622832348144,3.5483821745841735,-0.2433537832310838,0.16820040899795502
2026-10-02,1615,0.5756646216768916,-4.815232816135017,5.647062413832721,-0.1339468302658486,0.29192229038854806
2026-10-02,1616,0.5756646216768916,-4.381441418784249,8.894876649758885,0.3361451942740286,0.8859918200408998
2026-10-02,1617,0.5756646216768916,-8.88469071892114,37.966811310700855,0.2011758691206543,0.7730061349693251
2026-10-02,1618,0.5756646216768916,-2.124999999999999,4.3422752565503275,0.0580265848670757,0.6193762781186094
2026-10-02,1623,0.5756646216768916,-9.772727272727275,11.586901763224182,-0.0030674846625766,0.49616564417177916
2026-10-02,1626,0.5756646216768916,-3.4034011902695727,6.010361903689685,-0.0230061349693251,0.4527096114519427
2026-10-02,1702,0.5756646216768916,-2.500000000000002,5.731527981535162,-0.119120654396728,0.3169734151329243
2026-10-02,1707,0.5756646216768916,-7.991359175010315,8.80281690140845,-0.1232106339468302,0.3103271983640082
2026-10-02,1708,0.5756646216768916,-1.2302284710017486,16.903911875660306,0.2737730061349692,0.8333333333333334
2026-10-02,1709,0.5756646216768916,0.0,43.93162523579394,-0.0117586912065439,0.47776073619631904
2026-10-02,1710,0.5756646216768916,-3.6516853932584414,13.702625018862182,0.068762781186094,0.6303680981595092
2026-10-02,1711,0.5756646216768916,-2.824858757062143,16.744187820789424,0.3374233128834356,0.8865030674846626
2026-10-02,1712,0.5756646216768916,-3.045065189506835,3.64321799733531,-0.1165644171779141,0.3202965235173824
2026-10-02,1713,0.5756646216768916,-4.899780514730923,8.430918709176485,0.3849693251533743,0.9228016359918201
2026-10-02,1714,0.5756646216768916,-5.070422535211261,18.397628376674945,0.4394171779141104,0.9521983640081799
2026-10-02,1717,0.5756646216768916,-10.169489865974812,19.54177897574124,0.4205010224948875,0.9422290388548057
2026-10-02,1718,0.5756646216768916,-4.444444444444439,9.767443634742914,0.3118609406952966,0.8680981595092024
2026-10-02,1720,0.5756646216768916,-0.8849557522123908,1.428570066179548,-0.1322852760736196,0.2955010224948875
2026-10-02,1721,0.5756646216768916,-2.321428571428563,29.98172125389197,0.0265848670756646,0.5626278118609407
2026-10-02,1722,0.5756646216768916,-9.060773480662988,10.44957287256512,0.0245398773006134,0.5557259713701431
2026-10-02,1723,0.5756646216768916,-10.067115628933898,12.313434733680232,0.0270961145194274,0.5633946830265849
2026-10-02,1725,0.5756646216768916,-2.167625743342305,10.635150588245477,-0.3535276073619632,0.07949897750511248
2026-10-02,1726,0.5756646216768916,-2.557540954337778,2.7559015068795185,-0.2438650306748466,0.16717791411042945
2026-10-02,1727,0.5756646216768916,-1.6000000000000014,31.544717928258382,-0.0646728016359918,0.39826175869120656
2026-10-02,1730,0.5756646216768916,-1.3487504919048263,1.7578154802322388,-0.1981083844580777,0.217280163599182
2026-10-02,1731,0.5756646216768916,-1.4218027300757274,1.923075089087853,-0.2716002044989776,0.1390593047034765
2026-10-02,1732,0.5756646216768916,-0.7604533949138625,2.2988447284333096,-0.1549079754601226,0.26533742331288346
2026-10-02,1733,0.5756646216768916,-6.923076923076921,10.57851491880811,0.0026840490797546,0.5127811860940695
2026-10-02,1734,0.5756646216768916,-2.134144065069432,7.632395188756449,-0.2298057259713701,0.18149284253578732
2026-10-02,1735,0.5756646216768916,0.0,13.544019780901696,0.1753578732106339,0.7474437627811861
2026-10-02,1736,0.5756646216768916,-7.490636704119846,9.7165991902834,-0.2351738241308793,0.17638036809815952
2026-10-02,1737,0.5756646216768916,-2.912620160650603,5.333334604899089,-0.1600204498977505,0.25690184049079756
2026-10-02,1742,0.5756646216768916,-4.109589041095896,7.142857142857142,-0.275178936605317,0.13548057259713703
2026-10-02,1752,0.5756646216768916,-1.7187500000000022,2.861684001686084,-0.1160531697341513,0.3215746421267894
2026-10-02,1760,0.5756646216768916,-4.5454558186370235,6.959705562381954,0.370782208588957,0.9084867075664622
2026-10-02,1762,0.5756646216768916,-7.280223667009644,10.222224482783565,0.2714723926380368,0.8302658486707567
2026-10-02,1773,0.5756646216768916,-0.8720930232558155,9.97067448680352,0.0961145194274029,0.6661554192229039
2026-10-02,1776,0.5756646216768916,-3.439151490209502,10.684925236114085,-0.187883435582822,0.2254601226993865
2026-10-02,1777,0.5756646216768916,-1.9762865556299911,3.8978515132780993,-0.1229550102249488,0.3121165644171779
2026-10-02,1780,0.5756646216768916,-0.976563975564182,6.70611740804518,-0.0820552147239263,0.37474437627811863
2026-10-02,1781,0.5756646216768916,-4.401912130728403,6.306307451861024,0.0245398773006135,0.5564928425357873
2026-10-02,1783,0.5756646216768916,-6.083652006400186,9.041841535272226,0.3167177914110429,0.8726993865030674
2026-10-02,1784,0.5756646216768916,-3.5087731039388226,8.595042583370997,-0.0153374233128834,0.4723926380368098
2026-10-02,1785,0.5756646216768916,-2.3809523809523836,11.219512195121952,0.5109918200408998,0.9815950920245399
2026-10-02,1786,0.5756646216768916,-10.38825050863962,12.646373596906102,0.1955521472392637,0.7655930470347648
2026-10-02,1788,0.5756646216768916,-0.7751937984496138,1.171875,-0.1343302658486708,0.2908997955010225
2026-10-02,1789,0.5756646216768916,-6.297231019887628,10.483875069566952,0.0626278118609406,0.6226993865030674
2026-10-02,1795,0.5756646216768916,-4.607046070460708,7.954545454545454,0.0504856850715746,0.6048057259713702
2026-10-02,1796,0.5756646216768916,-2.764227642276429,6.52174168207175,0.1538854805725971,0.7313394683026585
2026-10-02,1799,0.5756646216768916,-4.918032786885251,7.413791788035426,0.2718558282208589,0.8312883435582822
2026-10-02,1802,0.5756646216768916,-7.03125,13.445378151260504,0.3016359918200409,0.8594069529652352
2026-10-02,1805,0.5756646216768916,-3.106797910768122,3.4068151561912887,-0.3167177914110429,0.10020449897750511
2026-10-02,1806,0.5756646216768916,-2.1039594716738663,2.6548662921119415,-0.1853271983640081,0.23006134969325154
2026-10-02,1808,0.5756646216768916,-14.939438217822795,18.67089090468008,-0.2735173824130879,0.13675869120654396
2026-10-02,1809,0.5756646216768916,-2.561475409836067,26.91903259726603,0.2395194274028631,0.8047034764826176
2026-10-02,1810,0.5756646216768916,-3.8152595706198222,6.263048016701461,0.0668456032719836,0.6288343558282209
2026-10-02,1813,0.5756646216768916,-3.84615227864179,5.3333282470702965,-0.0961145194274028,0.35429447852760737
2026-10-02,1815,0.5756646216768916,-10.370370370370374,21.841941392126163,-0.0699130879345604,0.3880368098159509
2026-10-02,1817,0.5756646216768916,-1.7262620227641912,2.0075263163376333,-0.3770449897750511,0.06952965235173825
2026-10-02,1903,0.5756646216768916,-1.251305012289372,3.8014767414161494,-0.1030163599182004,0.3412576687116564
2026-10-02,1904,0.5756646216768916,-5.283754510263783,7.024790235787378,-0.4142382413087935,0.05521472392638037
2026-10-02,1905,0.5756646216768916,-8.865250692563698,11.28405262987904,0.0253067484662576,0.5585378323108384
2026-10-02,1906,0.5756646216768916,-6.167404034739632,7.042253521126761,-0.0603271983640081,0.40362985685071573
2026-10-02,1907,0.5756646216768916,-9.268292682926838,11.111111111111118,-0.2735173824130879,0.13675869120654396
2026-10-02,1909,0.5756646216768916,-11.790391543698895,14.356433755100364,0.1086400817995909,0.6804703476482618
2026-10-02,2002,0.5756646216768916,0.0,50.3337773525508,0.0043456032719837,0.5184049079754601
2026-10-02,2006,0.5756646216768916,-2.696629213483148,9.930714173349992,-0.1947852760736197,0.22034764826175868
2026-10-02,2007,0.5756646216768916,-0.709222544427357,6.000001089913504,0.0687627811860941,0.630879345603272
2026-10-02,2008,0.5756646216768916,-3.1746031746031744,3.278688524590164,-0.2629089979550102,0.1497955010224949
2026-10-02,2009,0.5756646216768916,-6.09318654025267,9.66920925460699,-0.1230828220858895,0.310838445807771
2026-10-02,2010,0.5756646216768916,-2.380953993017776,7.095345372371292,0.0028118609406952,0.5135480572597138
2026-10-02,2012,0.5756646216768916,-2.739728568619826,5.633804160104684,0.2282719836400817,0.7955010224948875
2026-10-02,2013,0.5756646216768916,-1.77936298630601,3.8647398280636702,-0.1725460122699386,0.24386503067484663
2026-10-02,2014,0.5756646216768916,-2.005734943477988,7.309941520467836,0.0694018404907975,0.6313905930470347
2026-10-02,2015,0.5756646216768916,-2.14723468369723,3.2915336584970123,-0.2576687116564417,0.15644171779141106
2026-10-02,2017,0.5756646216768916,-2.27272485194826,7.308968409879396,0.0250511247443763,0.5577709611451943
2026-10-02,2020,0.5756646216768916,-8.03418803418804,29.36802832167388,0.0350204498977504,0.5792433537832311
2026-10-02,2022,0.5756646216768916,-4.444445635671612,7.797539968007892,0.3297546012269939,0.8819018404907976
2026-10-02,2023,0.5756646216768916,-2.112674741512277,4.676256248419233,-0.01840490797546,0.4647239263803681
2026-10-02,2024,0.5756646216768916,-1.4869874505675895,5.283017428416127,0.1212934560327196,0.6968302658486708
2026-10-02,2025,0.5756646216768916,-4.666666666666663,22.02796936035155,0.0485685071574641,0.6009713701431493
2026-10-02,2027,0.5756646216768916,-5.413384406223221,12.174814722416428,0.0751533742331288,0.641359918200409
2026-10-02,2028,0.5756646216768916,-2.3188405797101352,10.979230750562186,0.0176380368098159,0.5455010224948875
2026-10-02,2029,0.5756646216768916,-2.192979183296706,10.089686098654708,0.0398773006134969,0.5879345603271984
2026-10-02,2030,0.5756646216768916,-4.0000000000000036,46.61458233992259,0.0005112474437628,0.5071574642126789
2026-10-02,2031,0.5756646216768916,-1.0604453870625696,8.467308118029036,-0.0794989775051123,0.3773006134969325
2026-10-02,2032,0.5756646216768916,-4.523809523809518,23.69077306733167,0.0322085889570551,0.5751533742331288
2026-10-02,2033,0.5756646216768916,0.0,52.24609225988388,-0.0030674846625767,0.49514314928425357
2026-10-02,2034,0.5756646216768916,-4.0000000000000036,20.62500317891439,-0.006262781186094,0.488241308793456
2026-10-02,2035,0.5756646216768916,-4.129265226994006,6.741577319884569,-0.3420245398773006,0.08537832310838446
2026-10-02,2038,0.5756646216768916,-2.631580343725737,11.969113441968055,0.2112730061349692,0.7811860940695297
2026-10-02,2049,0.5756646216768916,-12.844036697247708,20.451127819548873,0.165644171779141,0.74079754601227
2026-10-02,2059,0.5756646216768916,-14.47183098591549,20.872787155207902,-0.2333844580777095,0.17842535787321062
2026-10-02,2061,0.5756646216768916,0.0,32.15339233038348,0.4585889570552147,0.9642126789366053
2026-10-02,2062,0.5756646216768916,-8.163267093517012,9.166664547390408,0.0513803680981594,0.6071063394683026
2026-10-02,2063,0.5756646216768916,-2.6748940636558416,4.439743074251784,-0.0920245398773005,0.35736196319018404
2026-10-02,2064,0.5756646216768916,-6.976741435228129,9.999998410542792,0.1395705521472392,0.7157464212678937
2026-10-02,2065,0.5756646216768916,-2.595624354445847,5.049086218963666,-0.1152862985685071,0.3231083844580777
2026-10-02,2066,0.5756646216768916,-4.021939181452449,8.571428571428571,0.2530674846625766,0.8139059304703476
2026-10-02,2067,0.5756646216768916,-13.451328894499914,22.29039166846402,-0.2443762781186094,0.1656441717791411
2026-10-02,2069,0.5756646216768916,-5.807619896076844,27.55298504250587,-0.1592535787321063,0.25869120654396727
2026-10-02,2070,0.5756646216768916,-7.069221528735115,15.213949744561583,0.2474437627811861,0.8098159509202454
2026-10-02,2072,0.5756646216768916,-5.000000000000004,10.526315789473683,0.4853016359918199,0.9749488752556237
2026-10-02,2073,0.5756646216768916,-3.7593998764238856,7.8125,-0.1807259713701431,0.23568507157464214
2026-10-02,2101,0.5756646216768916,-8.00628053666621,9.385666830954694,-0.0391104294478527,0.4274028629856851
2026-10-02,2102,0.5756646216768916,-9.214095895075769,13.13433291307136,0.114519427402863,0.6886503067484663
2026-10-02,2103,0.5756646216768916,-2.931034482758621,13.676733149093169,-0.0769427402862985,0.37934560327198363
2026-10-02,2104,0.5756646216768916,-5.5793960499053945,15.272721377286029,-0.3734662576687116,0.07004089979550102
2026-10-02,2105,0.5756646216768916,-2.247189814133621,4.433498789719955,0.1347137014314928,0.7085889570552147
2026-10-02,2106,0.5756646216768916,-4.5845313923338455,6.306313179634714,0.1078732106339468,0.6779141104294478
2026-10-02,2107,0.5756646216768916,-1.2820485232300394,3.5250421357729884,-0.208077709611452,0.20501022494887525
2026-10-02,2108,0.5756646216768916,-8.870967741935488,13.097347833413997,-0.0665899795501023,0.3946830265848671
2026-10-02,2109,0.5756646216768916,-4.966889818030118,6.271780990972764,-0.3358895705521473,0.09049079754601227
2026-10-02,2114,0.5756646216768916,-0.3322292819700645,2.333340115017345,-0.1818762781186094,0.23466257668711657
2026-10-02,2115,0.5756646216768916,-3.042594848425373,4.393302247115259,-0.2098670756646216,0.2034764826175869
2026-10-02,2201,0.5756646216768916,-9.905658215832458,10.994761734940832,-0.2684049079754601,0.1444274028629857
2026-10-02,2204,0.5756646216768916,-6.17059631266228,6.57639936967329,-0.0365541922290388,0.4312372188139059
2026-10-02,2206,0.5756646216768916,-2.786375412752029,3.980891719745224,-0.3335889570552147,0.09253578732106339
2026-10-02,2207,0.5756646216768916,-6.386861313868608,8.187134502923977,-0.446319018404908,0.04856850715746421
2026-10-02,2208,0.5756646216768916,-4.31472451787166,5.305039787798408,-0.2236707566462168,0.18609406952965235
2026-10-02,2211,0.5756646216768916,-5.588583304870509,6.675057207006652,0.0245398773006135,0.5564928425357873
2026-10-02,2221,0.5756646216768916,-5.05050505050505,60.797873963700965,-0.0178936605316973,0.4662576687116564
2026-10-02,2227,0.5756646216768916,-8.074532709449988,9.34684512851475,-0.0547034764826175,0.40797546012269936
2026-10-02,2228,0.5756646216768916,-4.097309265865645,6.275029303394108,-0.1260224948875256,0.30316973415132925
2026-10-02,2230,0.5756646216768916,-3.0567669440651257,8.783778628787479,0.325920245398773,0.8801124744376279
2026-10-02,2231,0.5756646216768916,-5.43589743589743,9.761388286334055,0.242842535787321,0.8072597137014315
2026-10-02,2233,0.5756646216768916,-2.298850574712641,11.76470588235294,0.5258179959100204,0.9841513292433538
2026-10-02,2235,0.5756646216768916,-2.430552970847888,8.00711743772242,-0.168200408997955,0.24948875255623723
2026-10-02,2236,0.5756646216768916,-16.666666666666664,25.116279069767444,0.0130368098159509,0.5357873210633947
2026-10-02,2237,0.5756646216768916,-5.13274336283186,5.783582089552242,0.1767638036809816,0.75
2026-10-02,2239,0.5756646216768916,-6.419753086419755,9.234828496042216,0.0894683026584867,0.6569529652351738
2026-10-02,2241,0.5756646216768916,-8.663885999328802,34.514290945870535,-0.1025051124744377,0.34202453987730064
2026-10-02,2243,0.5756646216768916,-5.714285714285716,24.81060317068389,0.0051124744376278,0.5214723926380368
2026-10-02,2247,0.5756646216768916,-3.609341825902334,5.726872246696035,-0.2530674846625766,0.15899795501022496
2026-10-02,2248,0.5756646216768916,-2.400000000000002,5.901636842821465,-0.2422034764826175,0.1689672801635992
2026-10-02,2250,0.5756646216768916,-5.1020395850102425,7.526883087705113,0.0559815950920245,0.6155419222903885
2026-10-02,2254,0.5756646216768916,-0.736842105263158,35.63096338719098,-0.0513803680981596,0.4130879345603272
2026-10-02,2258,0.5756646216768916,-4.468415189054397,8.548392018964215,0.0704243353783231,0.6336912065439673
2026-10-02,2301,0.5756646216768916,-13.517665130568355,19.36056838365897,-0.111963190184049,0.32566462167689164
2026-10-02,2302,0.5756646216768916,-2.9227557411273475,16.774196829847106,-0.020577709611452,0.4583333333333333
2026-10-02,2303,0.5756646216768916,-4.154302670623144,28.173374613003094,-0.0700408997955009,0.38752556237218816
2026-10-02,2305,0.5756646216768916,-16.965517241379303,72.17608100156056,-0.5030674846625767,0.03783231083844581
2026-10-02,2308,0.5756646216768916,-4.071246819338425,21.485411140583555,-0.1910787321063395,0.2223926380368098
2026-10-02,2312,0.5756646216768916,-8.456975366225073,11.993519490889636,0.1876278118609406,0.7586912065439673
2026-10-02,2313,0.5756646216768916,-12.4031007751938,19.91150442477876,0.0801380368098159,0.6462167689161554
2026-10-02,2314,0.5756646216768916,-6.779662523760033,13.181816447864865,0.2924335378323108,0.8522494887525562
2026-10-02,2316,0.5756646216768916,-0.8720930232558155,11.436950146627565,0.3931492842535786,0.9274028629856851
2026-10-02,2317,0.5756646216768916,-3.0888030888030937,6.175298804780876,-0.3656697341513292,0.07259713701431493
2026-10-02,2321,0.5756646216768916,-8.20257734730927,18.026429403220213,-0.169478527607362,0.24642126789366053
2026-10-02,2324,0.5756646216768916,-14.014248664991811,16.71270507475289,-0.2704498977505112,0.1416155419222904
2026-10-02,2327,0.5756646216768916,-3.2457496136012343,21.72523961661342,0.4440184049079754,0.9565439672801636
2026-10-02,2328,0.5756646216768916,-1.2358377888552765,7.716372811135459,0.0902351738241309,0.658997955010225
2026-10-02,2329,0.5756646216768916,-0.6622499825896577,9.777772691514755,0.1970858895705521,0.7671267893660532
2026-10-02,2330,0.5756646216768916,-0.5964214711729587,5.6000000000000005,-0.1683282208588956,0.24897750511247443
2026-10-02,2331,0.5756646216768916,-5.223882395732316,8.923888519367209,0.1587423312883435,0.7349182004089979
2026-10-02,2332,0.5756646216768916,-3.309690927450326,12.224938875305623,-0.0109918200408997,0.4815950920245399
2026-10-02,2337,0.5756646216768916,-6.153846153846154,13.114754098360656,0.2819529652351737,0.8404907975460123
2026-10-02,2338,0.5756646216768916,-8.899082568807337,33.7361530715005,-0.3627300613496932,0.0736196319018405
2026-10-02,2340,0.5756646216768916,-3.072033898305093,36.06557210286459,0.041155419222904,0.5920245398773006
2026-10-02,2342,0.5756646216768916,-3.207547169811331,31.578948855632465,0.1965746421267893,0.766359918200409
2026-10-02,2344,0.5756646216768916,-6.7708333333333375,18.71508379888268,0.0704243353783231,0.6336912065439673
2026-10-02,2345,0.5756646216768916,-10.273972602739722,21.374045801526716,0.6566973415132924,0.9979550102249489
2026-10-02,2347,0.5756646216768916,-2.9000000000000026,14.212155563087348,-0.0869120654396727,0.36451942740286297
2026-10-02,2348,0.5756646216768916,-51.45569620253164,106.1277705345502,-0.0010224948875255,0.5015337423312883
2026-10-02,2349,0.5756646216768916,-6.666666666666665,10.952377319335922,0.4654907975460123,0.9683026584867076
2026-10-02,2351,0.5756646216768916,-17.704280155642028,25.059101654846337,-0.4059304703476483,0.05828220858895705
2026-10-02,2352,0.5756646216768916,-2.504176106290834,5.993150684931507,0.0219836400817995,0.5521472392638037
2026-10-02,2353,0.5756646216768916,-4.99243351028682,7.32483833458773,-0.2043711656441718,0.21037832310838445
2026-10-02,2354,0.5756646216768916,-5.46762589928057,9.436835255615604,-0.2673824130879346,0.14621676891615543
2026-10-02,2355,0.5756646216768916,-2.696629213483148,9.815242494226329,0.4833844580777096,0.9739263803680982
2026-10-02,2356,0.5756646216768916,-13.489732199290538,15.59321516651218,-0.0950920245398773,0.35480572597137017
2026-10-02,2357,0.5756646216768916,-6.601941747572814,13.513513513513514,-0.0549591002044989,0.4074642126789366
2026-10-02,2359,0.5756646216768916,-15.181518151815176,20.622568093385212,0.0904907975460122,0.6595092024539877
2026-10-02,2360,0.5756646216768916,-13.779527559055117,25.799086757990867,-0.5286298568507157,0.03169734151329243
2026-10-02,2362,0.5756646216768916,-6.513028910817587,7.824226207671825,-0.3504601226993865,0.0815439672801636
2026-10-02,2363,0.5756646216768916,-1.7322834645669305,22.115383392725235,0.2088445807770961,0.778118609406953
2026-10-02,2364,0.5756646216768916,-5.072463768115942,11.29771225325024,-0.0053680981595092,0.4892638036809816
2026-10-02,2365,0.5756646216768916,-7.491858976485688,12.852118048869388,0.2778629856850716,0.8379345603271984
2026-10-02,2367,0.5756646216768916,-0.4410143329658278,12.846070349810532,0.4460633946830266,0.9580777096114519
2026-10-02,2368,0.5756646216768916,-7.14285714285714,21.71945701357466,0.1390593047034765,0.7152351738241309
2026-10-02,2369,0.5756646216768916,-4.910709967418403,15.17996392526164,0.3347392638036811,0.8839468302658486
2026-10-02,2371,0.5756646216768916,-1.582279669094322,13.826370239257812,-0.020577709611452,0.4583333333333333
2026-10-02,2373,0.5756646216768916,-2.6022291020705968,2.67175426919952,-0.2758179959100204,0.13496932515337423
2026-10-02,2374,0.5756646216768916,-6.545964974917573,9.090918187057564,0.2589468302658486,0.8190184049079755
2026-10-02,2375,0.5756646216768916,-3.4482758620689613,12.698412698412698,0.4533486707566463,0.9611451942740287
2026-10-02,2376,0.5756646216768916,-3.7371134020618535,12.583668005354752,-0.0736196319018405,0.38164621676891614
2026-10-02,2377,0.5756646216768916,-5.487804878048785,12.580645161290322,-0.1200153374233129,0.3159509202453988
2026-10-02,2379,0.5756646216768916,-5.037783375314864,15.119363395225465,-0.0373210633946829,0.4291922290388548
2026-10-02,2380,0.5756646216768916,-12.46753246753246,19.881307901897497,0.3499488752556237,0.8946830265848671
2026-10-02,2382,0.5756646216768916,-5.5476529160739645,7.078313253012049,-0.2195807770961145,0.19146216768916155
2026-10-02,2383,0.5756646216768916,-8.148804251550047,19.47926711668274,0.2561349693251534,0.8174846625766872
2026-10-02,2385,0.5756646216768916,-6.278026905829592,9.090909090909092,-0.0311860940695296,0.44171779141104295
2026-10-02,2387,0.5756646216768916,-2.5367176063707197,4.65753633682042,-0.0690184049079755,0.39008179959100203
2026-10-02,2388,0.5756646216768916,-11.807228915662648,18.579232888143572,0.2553680981595092,0.8164621676891616
2026-10-02,2390,0.5756646216768916,-1.9323707642349583,5.320196668502749,0.2249488752556237,0.7919222903885481
2026-10-02,2392,0.5756646216768916,-13.116477073950373,17.632857612941578,-0.2980572597137014,0.11503067484662577
2026-10-02,2393,0.5756646216768916,-1.6541353383458524,8.40978593272171,0.3119887525562372,0.8686094069529653
2026-10-02,2395,0.5756646216768916,-5.03978779840849,15.223463687150836,-0.1998977505112474,0.21523517382413088
2026-10-02,2397,0.5756646216768916,-0.9345747301606644,8.647792744186688,0.0186605316973413,0.5465235173824131
2026-10-02,2399,0.5756646216768916,-1.348747591522148,14.941406249999996,0.0214723926380367,0.5506134969325154
2026-10-02,2401,0.5756646216768916,-0.7272727272727209,13.919411124763908,0.3555725971370143,0.8977505112474438
2026-10-02,2402,0.5756646216768916,-1.1705685618728978,11.50592216582064,0.4560327198364008,0.962678936605317
2026-10-02,2404,0.5756646216768916,-5.166051660516602,28.249027237354085,-0.04780163599182,0.4148773006134969
2026-10-02,2405,0.5756646216768916,-2.2292981752687013,7.491854192379632,0.2763292433537831,0.83640081799591
2026-10-02,2406,0.5756646216768916,-2.500000000000002,19.71153723887908,0.369120654396728,0.906441717791411
2026-10-02,2408,0.5756646216768916,-2.592592592592591,14.163498098859314,-0.0930470347648262,0.3558282208588957
2026-10-02,2409,0.5756646216768916,-0.9791921664626612,35.84672340798584,0.0002556237218813,0.5056237218813906
2026-10-02,2412,0.5756646216768916,-0.3412969283276501,6.8493150684931505,-0.2937116564417177,0.12116564417177914
2026-10-02,2413,0.5756646216768916,-10.445207819345349,32.21797760768329,-0.5907464212678937,0.02147239263803681
2026-10-02,2414,0.5756646216768916,-1.3084112149532756,3.59848773840702,-0.0074130879345603,0.4867075664621677
2026-10-02,2415,0.5756646216768916,-6.643953513202916,10.036496350364963,0.4496421267893661,0.9596114519427403
2026-10-02,2417,0.5756646216768916,-11.76470740538882,16.410260322766426,0.3348670756646216,0.8844580777096115
2026-10-02,2419,0.5756646216768916,-4.40456651005664,13.993175363377905,-0.1045501022494888,0.33819018404907975
2026-10-02,2420,0.5756646216768916,-2.184873949579824,11.340203563781948,0.1822597137014314,0.7525562372188139
2026-10-02,2421,0.5756646216768916,-7.262569832402232,12.650602409638552,-0.0186605316973416,0.46267893660531695
2026-10-02,2423,0.5756646216768916,-6.143790849673203,8.635093242677142,-0.3026584867075664,0.11247443762781185
2026-10-02,2424,0.5756646216768916,-4.85875706214689,13.657959509915235,0.0153374233128834,0.5429447852760736
2026-10-02,2425,0.5756646216768916,-1.6817632605879318,8.947372436523438,0.1352249488752556,0.7096114519427403
2026-10-02,2426,0.5756646216768916,-6.726457399103136,20.0961553133451,0.019683026584867,0.5485685071574642
2026-10-02,2427,0.5756646216768916,-4.684314756818875,11.752136752136751,-0.2972903885480572,0.11605316973415133
2026-10-02,2428,0.5756646216768916,-1.8656716417910448,8.935361216730039,0.1889059304703476,0.7602249488752556
2026-10-02,2429,0.5756646216768916,-5.692307692307697,8.156606851549755,0.1457055214723926,0.7239263803680982
2026-10-02,2430,0.5756646216768916,-1.6438356164383603,3.3426205095806494,-0.274284253578732,0.1359918200408998
2026-10-02,2431,0.5756646216768916,-2.4038425740404157,6.896549844976699,0.176124744376278,0.7494887525562373
2026-10-02,2432,0.5756646216768916,-1.9572967046378345,4.355719647693115,-0.0127811860940696,0.47494887525562374
2026-10-02,2433,0.5756646216768916,-4.191616766467066,4.499998092651367,-0.0971370143149283,0.3532719836400818
2026-10-02,2434,0.5756646216768916,-13.6986301369863,23.492062281048486,-0.2689161554192228,0.14263803680981596
2026-10-02,2436,0.5756646216768916,-1.9354838709677469,17.631580955103825,0.0135480572597137,0.5391104294478528
2026-10-02,2438,0.5756646216768916,-13.043478260869568,22.5,0.0938139059304702,0.6625766871165644
2026-10-02,2439,0.5756646216768916,-4.53972624617448,6.472921434450337,-0.1203987730061349,0.315439672801636
2026-10-02,2440,0.5756646216768916,-4.901961969837332,11.340210118244617,0.1623210633946829,0.7377300613496932
2026-10-02,2441,0.5756646216768916,-3.802281368821292,17.391304347826086,0.1007157464212679,0.6712678936605317
2026-10-02,2442,0.5756646216768916,-21.800327067498195,28.934109378868428,0.2096114519427403,0.7791411042944786
2026-10-02,2444,0.5756646216768916,0.0,34.54545338948567,-0.0112474437627811,0.48006134969325154
2026-10-02,2449,0.5756646216768916,-10.45454545454545,26.057529610829107,-0.2891104294478528,0.1252556237218814
2026-10-02,2450,0.5756646216768916,-0.8787372802643967,1.418445127230164,-0.2269938650306747,0.18353783231083845
2026-10-02,2451,0.5756646216768916,-3.3333333333333326,10.344827586206897,0.0010224948875254,0.5086912065439673
2026-10-02,2453,0.5756646216768916,-4.804271754956879,8.411214953271028,-0.3228527607361963,0.09534764826175869
2026-10-02,2454,0.5756646216768916,-9.671532846715325,24.04040404040404,-0.4844069529652352,0.041922290388548056
2026-10-02,2455,0.5756646216768916,-1.6949152542372836,17.06896551724138,-0.0622443762781186,0.3997955010224949
2026-10-02,2457,0.5756646216768916,-4.264395438826007,10.91314371019801,0.4000511247443762,0.9309815950920245
2026-10-02,2458,0.5756646216768916,-1.0752688172043,10.869565217391305,0.4930981595092025,0.9769938650306749
2026-10-02,2459,0.5756646216768916,-3.4277176250729013,4.012343324260947,-0.2763292433537831,0.13420245398773006
2026-10-02,2460,0.5756646216768916,-8.469543526430689,18.019484235094737,0.1002044989775051,0.6702453987730062
2026-10-02,2461,0.5756646216768916,-6.720432020609202,8.357350901842812,-0.1520961145194274,0.26993865030674846
2026-10-02,2462,0.5756646216768916,-2.7027045265834215,8.333331406718553,0.1267893660531697,0.7011758691206544
2026-10-02,2464,0.5756646216768916,-12.72321428571429,26.08695652173913,0.0051124744376278,0.5214723926380368
2026-10-02,2465,0.5756646216768916,-13.5813953488372,21.636166280001177,0.2144683026584867,0.7842535787321063
2026-10-02,2466,0.5756646216768916,0.0,32.83688159699135,0.011758691206544,0.5337423312883436
2026-10-02,2467,0.5756646216768916,-13.343799058084771,22.10144927536232,0.4125766871165643,0.9376278118609407
2026-10-02,2468,0.5756646216768916,-8.29120465052089,38.14773811920738,-0.4363496932515336,0.05112474437627812
2026-10-02,2471,0.5756646216768916,-4.814814814814817,9.630351678870532,-0.349437627811861,0.08231083844580778
2026-10-02,2472,0.5756646216768916,-2.7600849256900206,13.31877729257642,0.4192229038854806,0.9412065439672802
2026-10-02,2474,0.5756646216768916,-2.8169014084507005,5.314009661835748,-0.2979294478527607,0.11554192229038855
2026-10-02,2476,0.5756646216768916,-0.3952569169960451,9.126984126984128,0.2236707566462168,0.7898773006134969
2026-10-02,2477,0.5756646216768916,-2.9850777832201136,8.791208791208792,-0.3149284253578732,0.10250511247443762
2026-10-02,2478,0.5756646216768916,-3.053435114503822,13.385826771653544,0.3821574642126789,0.9202453987730062
2026-10-02,2480,0.5756646216768916,-3.293413173652693,8.359133126934983,-0.2556237218813906,0.15695296523517382
2026-10-02,2481,0.5756646216768916,-3.5911602209944715,20.057306590257877,0.0651840490797545,0.6252556237218814
2026-10-02,2482,0.5756646216768916,-3.571424192311623,8.024686648521895,-0.0871676891615542,0.36349693251533743
2026-10-02,2483,0.5756646216768916,-3.645833333333326,23.78378275278452,0.5299079754601228,0.9851738241308794
2026-10-02,2484,0.5756646216768916,-2.8089887640449396,28.092489077176666,0.2939672801635991,0.852760736196319
2026-10-02,2485,0.5756646216768916,-4.398149836537579,13.68039110382302,0.5437116564417177,0.9867075664621677
2026-10-02,2486,0.5756646216768916,-20.32520325203252,32.44897959183673,0.4179447852760735,0.9396728016359919
2026-10-02,2488,0.5756646216768916,-1.9076290193064227,3.3776821109143103,-0.1211656441717792,0.31339468302658485
2026-10-02,2489,0.5756646216768916,-9.56043956043956,22.60024115932089,-0.1863496932515337,0.22750511247443764
2026-10-02,2491,0.5756646216768916,-21.644614736499612,34.49940422619496,0.2129345603271984,0.7837423312883436
2026-10-02,2492,0.5756646216768916,0.0,25.311203319502074,0.4406952965235174,0.9534764826175869
2026-10-02,2493,0.5756646216768916,-4.842615012106533,19.84732824427481,0.1045501022494886,0.6748466257668712
2026-10-02,2495,0.5756646216768916,-4.477613753179033,11.197914679845177,0.0999488752556236,0.6692229038854806
2026-10-02,2496,0.5756646216768916,-1.6071428571428514,3.085299455535395,-0.0158486707566462,0.4703476482617587
2026-10-02,2497,0.5756646216768916,-4.239130434782612,8.626558994462082,0.4013292433537831,0.9314928425357873
2026-10-02,2498,0.5756646216768916,-8.431160304739361,17.8321624969269,0.141359918200409,0.7167689161554193
2026-10-02,2501,0.5756646216768916,-8.75273675308833,9.83213612215696,-0.0030674846625766,0.49616564417177916
2026-10-02,2504,0.5756646216768916,-3.00633028481484,3.752040396312324,-0.1244887525562372,0.3062372188139059
2026-10-02,2505,0.5756646216768916,-4.225352112676061,6.176466100356158,-0.284381390593047,0.1303680981595092
2026-10-02,2506,0.5756646216768916,-4.118990624093644,6.443913625931113,-0.1840490797546012,0.23210633946830267
2026-10-02,2509,0.5756646216768916,-9.03225806451613,10.638297872340424,-0.372443762781186,0.0705521472392638
2026-10-02,2511,0.5756646216768916,-3.9443142699883023,4.106282036085636,-0.2786298568507157,0.13190184049079753
2026-10-02,2514,0.5756646216768916,-4.219412366024877,4.845818338940331,-0.1032719836400818,0.3399795501022495
2026-10-02,2515,0.5756646216768916,-4.799999999999994,6.722690678444229,0.071319018404908,0.6359918200408998
2026-10-02,2516,0.5756646216768916,-3.833863470640897,11.627906976744184,-0.1830265848670755,0.23261758691206544
2026-10-02,2520,0.5756646216768916,-6.691915596544495,10.284165729527867,-0.3001022494887526,0.11451942740286299
2026-10-02,2524,0.5756646216768916,-8.533333333333337,12.682211294813689,-0.1899284253578732,0.2229038854805726
2026-10-02,2527,0.5756646216768916,-2.843137254901962,17.55802373953472,-0.1165644171779141,0.3202965235173824
2026-10-02,2528,0.5756646216768916,-6.779659294879526,8.31168633002739,-0.3587678936605317,0.07515337423312883
2026-10-02,2530,0.5756646216768916,-5.647058823529405,9.97506234413965,-0.3425357873210635,0.08486707566462168
2026-10-02,2534,0.5756646216768916,-3.7463998108262064,4.491020248321707,-0.308282208588957,0.10940695296523517
2026-10-02,2535,0.5756646216768916,-3.6996751571559794,4.406781385173905,-0.3384458077709611,0.08844580777096114
2026-10-02,2536,0.5756646216768916,-6.9306965844674995,8.2446869383467,-0.2446319018404908,0.16462167689161555
2026-10-02,2537,0.5756646216768916,-8.677688829479102,9.502265895653643,-0.294861963190184,0.11912065439672802
2026-10-02,2538,0.5756646216768916,-1.4444444444444482,6.087936435772575,0.1848159509202454,0.7551124744376279
2026-10-02,2539,0.5756646216768916,-5.817170534304905,6.617642570944389,-0.0375766871165643,0.4284253578732106
2026-10-02,2540,0.5756646216768916,-10.83333333333334,15.368642836716315,-0.3578732106339468,0.07566462167689161
2026-10-02,2542,0.5756646216768916,-20.756648689483804,27.870975617439512,-0.0705521472392637,0.38650306748466257
2026-10-02,2543,0.5756646216768916,-5.074261011019376,8.344200164118522,-0.2625255623721881,0.15030674846625766
2026-10-02,2545,0.5756646216768916,-6.215471589831944,9.572901325478645,-0.0316973415132924,0.4401840490797546
2026-10-02,2546,0.5756646216768916,-4.109589041095896,8.571428571428571,-0.507924335378323,0.036298568507157465
2026-10-02,2547,0.5756646216768916,-3.8423609181055696,5.635238084636715,0.0089468302658486,0.5283742331288344
2026-10-02,2548,0.5756646216768916,-6.186611124260944,7.78378213418496,-0.1574642126789365,0.2602249488752556
2026-10-02,2596,0.5756646216768916,-5.3061224489796,7.902298850574713,-0.3394683026584867,0.08793456032719836
2026-10-02,2597,0.5756646216768916,-5.428571428571427,6.646525679758309,-0.3131390593047035,0.10506134969325154
2026-10-02,2603,0.5756646216768916,-2.2403258655804503,7.708333333333334,-0.5113752556237219,0.03578732106339468
2026-10-02,2605,0.5756646216768916,-7.503237804368911,10.629379165756118,-0.6354805725971371,0.014314928425357873
2026-10-02,2606,0.5756646216768916,-7.099139736708359,11.330696276839385,-0.5015337423312884,0.03834355828220859
2026-10-02,2607,0.5756646216768916,-0.92592592592593,2.9906513534973715,-0.3466257668711656,0.08384458077709611
2026-10-02,2608,0.5756646216768916,-1.706482082184202,3.1249986754523382,-0.2103783231083844,0.20245398773006135
2026-10-02,2609,0.5756646216768916,-5.3882702953083506,11.055273825998482,-0.5191717791411042,0.03425357873210634
2026-10-02,2610,0.5756646216768916,-1.452782683158349,3.6855036855036856,0.0028118609406952,0.5135480572597138
2026-10-02,2611,0.5756646216768916,-4.347824866608385,8.741258741258742,0.0250511247443762,0.5572597137014315
2026-10-02,2612,0.5756646216768916,-5.128209495109015,8.903024306547472,-0.3029141104294479,0.1114519427402863
2026-10-02,2613,0.5756646216768916,-4.935619204791131,6.772009029345373,-0.1841768916155419,0.23159509202453987
2026-10-02,2614,0.5756646216768916,-2.284263959390864,10.649352631011563,0.0253067484662576,0.5585378323108384
2026-10-02,2615,0.5756646216768916,-9.599999999999998,16.371681415929203,-0.5460122699386503,0.02965235173824131
2026-10-02,2616,0.5756646216768916,-2.2222222222222254,2.6515151515151487,-0.1572085889570551,0.2607361963190184
2026-10-02,2617,0.5756646216768916,-9.208633093525176,12.361331220285257,-0.6023773006134969,0.019938650306748466
2026-10-02,2618,0.5756646216768916,-1.9675943239071736,5.549001862617142,-0.2934560327198364,0.12167689161554192
2026-10-02,2630,0.5756646216768916,-9.126213592233013,11.645300775511652,0.2829754601226993,0.8415132924335378
2026-10-02,2633,0.5756646216768916,-2.0912519126065843,3.3009649480430823,-0.0902351738241308,0.3604294478527607
2026-10-02,2634,0.5756646216768916,-2.7982348795010714,9.090909090909092,-0.0038343558282208,0.49130879345603273
2026-10-02,2636,0.5756646216768916,-2.074692930073596,5.508476731467383,-0.2443762781186093,0.1661554192229039
2026-10-02,2637,0.5756646216768916,-5.904761904761912,10.121457489878544,-0.6901840490797546,0.0081799591002045
2026-10-02,2640,0.5756646216768916,-11.07954545454546,14.376996805111824,-0.3021472392638037,0.11298568507157464
2026-10-02,2641,0.5756646216768916,-6.182797623033476,7.736391870886686,-0.0976482617586911,0.35173824130879344
2026-10-02,2642,0.5756646216768916,-2.6442271982422993,3.7037037037037033,-0.1513292433537832,0.2719836400817996
2026-10-02,2643,0.5756646216768916,-1.5873015873015928,1.9354838709677464,-0.3565950920245399,0.07668711656441718
2026-10-02,2645,0.5756646216768916,-3.3426183844011192,5.475504322766571,0.3100715746421267,0.8652862985685071
2026-10-02,2646,0.5756646216768916,-8.219176483488322,9.452734420548625,-0.13420245398773,0.29141104294478526
2026-10-02,2701,0.5756646216768916,-2.3809523809523836,2.9268311291206177,-0.0832055214723926,0.37372188139059304
2026-10-02,2702,0.5756646216768916,-5.791504403950231,7.377046053526833,-0.2620143149284253,0.1526073619631902
2026-10-02,2704,0.5756646216768916,-2.915765138889992,3.8932146829810903,-0.3269427402862986,0.09355828220858896
2026-10-02,2705,0.5756646216768916,-4.7318634916031606,5.629141599137274,0.0276073619631901,0.5644171779141104
2026-10-02,2706,0.5756646216768916,-3.968256875651033,4.1322345576010635,-0.0337423312883435,0.43660531697341515
2026-10-02,2707,0.5756646216768916,-2.777777777777779,2.857142857142857,-0.2597137014314928,0.15465235173824132
2026-10-02,2712,0.5756646216768916,-8.219180480246868,10.07462971246066,0.0019171779141104,0.5117586912065439
2026-10-02,2718,0.5756646216768916,-5.730994152046787,8.560795937815021,0.1587423312883435,0.7349182004089979
2026-10-02,2719,0.5756646216768916,-3.194105008772397,6.345177664974619,0.2845092024539877,0.8440695296523517
2026-10-02,2722,0.5756646216768916,-3.174599824402813,4.918029213398346,0.0485685071574643,0.6017382413087935
2026-10-02,2723,0.5756646216768916,-7.75656660506705,9.702457956015524,-0.2671267893660531,0.1467280163599182
2026-10-02,2724,0.5756646216768916,-3.7878773976510622,24.40944431334967,-0.0388548057259713,0.4279141104294479
2026-10-02,2726,0.5756646216768916,-4.5238051879431085,6.109722831897308,-0.0250511247443762,0.4488752556237219
2026-10-02,2727,0.5756646216768916,-0.8474576271186418,4.273504273504273,0.091002044989775,0.6600204498977505
2026-10-02,2729,0.5756646216768916,-4.307692307692312,8.360128617363344,-0.2272494887525562,0.18302658486707565
2026-10-02,2731,0.5756646216768916,-1.0344827586206915,4.181184668989547,-0.1565695296523516,0.2612474437627812
2026-10-02,2732,0.5756646216768916,-4.6616541353383445,7.4132504147309985,-0.1366308793456032,0.2888548057259714
2026-10-02,2734,0.5756646216768916,-3.999999999999993,4.861111111111106,-0.0989263803680981,0.3502044989775051
2026-10-02,2736,0.5756646216768916,-3.8626577962673214,4.0178537368774325,-0.1091513292433538,0.33077709611451944
2026-10-02,2739,0.5756646216768916,-5.736632494537575,6.362376866004279,-0.2162576687116564,0.19376278118609408
2026-10-02,2740,0.5756646216768916,-5.132197348577883,14.754103363537402,-0.2537065439672801,0.1579754601226994
2026-10-02,2743,0.5756646216768916,-13.322367333391682,18.595823979242024,0.2120398773006135,0.7822085889570553
2026-10-02,2745,0.5756646216768916,-4.0677966101694825,6.007065340543102,0.2760736196319018,0.8358895705521472
2026-10-02,2748,0.5756646216768916,-2.2556428357406677,3.974366799379007,-0.0999488752556237,0.3473926380368098
2026-10-02,2752,0.5756646216768916,-2.209944751381221,4.519774011299435,-0.2926891615541922,0.12269938650306748
2026-10-02,2753,0.5756646216768916,0.0,4.594594594594595,-0.0212167689161554,0.4570552147239264
2026-10-02,2754,0.5756646216768916,-3.1294494399069728,4.698976581142171,-0.2597137014314928,0.15465235173824132
2026-10-02,2755,0.5756646216768916,-3.707317073170724,4.660586093334442,0.0894683026584867,0.6569529652351738
2026-10-02,2756,0.5756646216768916,-3.432134986725932,4.846526655896607,-0.3588957055214724,0.07464212678936605
2026-10-02,2762,0.5756646216768916,-5.186974000882961,6.74300642717279,-0.1684560327198364,0.24846625766871167
2026-10-02,2801,0.5756646216768916,-7.226890756302517,14.67391027920488,-0.705521472392638,0.0066462167689161555
2026-10-02,2812,0.5756646216768916,-4.822338711410801,5.066670735677083,-0.2914110429447852,0.12321063394683027
2026-10-02,2816,0.5756646216768916,-4.106283727589344,7.304789737730243,-0.5324642126789365,0.031186094069529654
2026-10-02,2820,0.5756646216768916,-5.1136384202428715,5.988026236345659,-0.4427402862985685,0.050102249488752554
2026-10-02,2832,0.5756646216768916,-5.025126841877348,6.878309569451334,-0.3647750511247444,0.07310838445807771
2026-10-02,2834,0.5756646216768916,-7.180847297053539,11.174778542067738,-0.5881901840490797,0.02198364008179959
2026-10-02,2836,0.5756646216768916,0.0,49.89561586638831,0.0040899795501022,0.5173824130879345
2026-10-02,2838,0.5756646216768916,-0.952380952380949,61.63461391742413,0.0017893660531698,0.5112474437627812
2026-10-02,2845,0.5756646216768916,-6.859208341544587,7.364344042400991,-0.4461912065439672,0.049079754601226995
2026-10-02,2849,0.5756646216768916,-5.8282164510816585,13.029309748050055,-0.7392638036809815,0.004601226993865031
2026-10-02,2850,0.5756646216768916,-2.7607361963190136,5.047318611987381,-0.1793200408997954,0.23721881390593047
2026-10-02,2851,0.5756646216768916,-5.257731958762879,8.81392652243862,-0.575920245398773,0.024028629856850715
2026-10-02,2852,0.5756646216768916,-3.508771929824561,4.181818181818177,-0.3560838445807771,0.07719836400817996
2026-10-02,2855,0.5756646216768916,-3.517589172700797,17.36111111111111,-0.2712167689161554,0.14008179959100203
2026-10-02,2880,0.5756646216768916,-7.142855676099813,12.597542276882145,-0.7229038854805726,0.006134969325153374
2026-10-02,2881,0.5756646216768916,-66.90095846645367,202.3166023166023,-0.0002556237218813,0.5028118609406953
2026-10-02,2882,0.5756646216768916,-49.743589743589745,98.9795918367347,-0.0040899795501022,0.49028629856850714
2026-10-02,2883,0.5756646216768916,-78.82352901577536,372.22221339190446,-0.0002556237218813,0.5028118609406953
2026-10-02,2884,0.5756646216768916,-4.223861749888291,14.994485638501756,-0.6975971370143149,0.007157464212678937
2026-10-02,2885,0.5756646216768916,-6.834026717991815,8.083823198329904,-0.4133435582822086,0.05623721881390593
2026-10-02,2886,0.5756646216768916,-7.655957295006177,9.314230349803283,-0.544478527607362,0.03016359918200409
2026-10-02,2887,0.5756646216768916,-51.11607059608308,106.39269058018516,-0.0051124744376278,0.4897750511247444
2026-10-02,2889,0.5756646216768916,-7.9999999999999964,9.316770186335404,-0.6156697341513293,0.01789366053169734
2026-10-02,2890,0.5756646216768916,-4.962240668476547,9.534612822343218,-0.67280163599182,0.010736196319018405
2026-10-02,2891,0.5756646216768916,-15.97222222222222,19.173553719008265,-0.1071063394683026,0.33486707566462165
2026-10-02,2892,0.5756646216768916,-5.8608076147131705,12.58106949109821,-0.755879345603272,0.003067484662576687
2026-10-02,2897,0.5756646216768916,0.0,10.126585497634837,-0.0715746421267894,0.38496932515337423
2026-10-02,2901,0.5756646216768916,-6.529848085370649,17.964071856287426,0.0933026584867074,0.6620654396728016
2026-10-02,2903,0.5756646216768916,-3.5398246370193176,3.8990843186684705,-0.2254601226993864,0.18456032719836402
2026-10-02,2904,0.5756646216768916,-1.945528202709168,3.1746077159094575,0.0826942740286298,0.647239263803681
2026-10-02,2905,0.5756646216768916,-6.315789473684208,7.5842718060097,-0.6620654396728017,0.011247443762781187
2026-10-02,2906,0.5756646216768916,-4.9645415782376245,6.343286428878569,-0.0911298568507157,0.3588957055214724
2026-10-02,2908,0.5756646216768916,-2.212391031106742,4.524886877828054,-0.3085378323108384,0.108640081799591
2026-10-02,2910,0.5756646216768916,-4.91803130037326,6.034481114354627,-0.3156952965235174,0.10148261758691207
2026-10-02,2911,0.5756646216768916,-8.939392623603604,9.983359478079342,-0.0245398773006134,0.4498977505112474
2026-10-02,2912,0.5756646216768916,-3.8812785388127824,4.275534441805226,-0.0828220858895705,0.37423312883435583
2026-10-02,2913,0.5756646216768916,-2.2222222222222254,3.6363601684570153,-0.2225204498977504,0.18865030674846625
2026-10-02,2915,0.5756646216768916,-4.801326908305414,7.652176566745923,-0.4447852760736196,0.04959100204498978
2026-10-02,2916,0.5756646216768916,-0.2453987730061335,2.091017156509456,-0.1982361963190184,0.21625766871165644
2026-10-02,2923,0.5756646216768916,-15.221238938053094,24.008350730688935,-0.0848670756646216,0.37142126789366053
2026-10-02,2924,0.5756646216768916,-1.8372664098570968,15.508019350429269,-0.2590746421267893,0.1554192229038855
2026-10-02,2926,0.5756646216768916,-2.442999167103743,5.342238335458186,-0.0313139059304703,0.44120654396728015
2026-10-02,2929,0.5756646216768916,-5.691058373008384,11.034480456648202,-0.2437372188139059,0.16768916155419222
2026-10-02,2937,0.5756646216768916,0.0,3.2258064516129092,-0.039877300613497,0.42535787321063395
2026-10-02,2938,0.5756646216768916,-25.553321062340206,36.486488548485,0.0715746421267893,0.6365030674846626
2026-10-02,2939,0.5756646216768916,-1.5283842794759694,16.186252771618616,0.0403885480572596,0.5892126789366053
2026-10-02,2941,0.5756646216768916,-11.061950905861162,13.930350789185583,-0.2252044989775051,0.18507157464212678
2026-10-02,2945,0.5756646216768916,-2.4390243902439046,5.874996185302734,-0.0971370143149285,0.35276073619631904
2026-10-02,2947,0.5756646216768916,-2.564102564102566,3.947368421052629,0.1274284253578732,0.7019427402862985
2026-10-02,2948,0.5756646216768916,-4.947920443696963,6.301378223994007,-0.2731339468302658,0.13752556237218813
2026-10-02,2949,0.5756646216768916,-7.386365643710102,14.263808361591735,-0.0751533742331288,0.3803680981595092
2026-10-02,3002,0.5756646216768916,-7.728338885191821,23.85787189309367,0.174079754601227,0.7461656441717791
2026-10-02,3003,0.5756646216768916,-12.917273336396162,22.333335876464844,0.4836400817995909,0.9744376278118609
2026-10-02,3004,0.5756646216768916,-5.813953488372093,12.34567901234568,0.3158231083844581,0.8701431492842536
2026-10-02,3005,0.5756646216768916,-2.083333333333337,6.808510638297872,-0.2531952965235174,0.15848670756646216
2026-10-02,3006,0.5756646216768916,-10.501567398119128,19.61471103327496,-0.1625766871165643,0.25408997955010226
2026-10-02,3008,0.5756646216768916,-19.61661341853035,33.147853736089026,0.0329754601226993,0.5769427402862985
2026-10-02,3010,0.5756646216768916,-3.0303030303030276,7.421875,0.0855061349693251,0.6503067484662577
2026-10-02,3011,0.5756646216768916,-6.000000000000005,13.171227869654135,0.378323108384458,0.9161554192229039
2026-10-02,3013,0.5756646216768916,-1.6967126193001003,13.80798274002157,0.4066973415132924,0.9335378323108384
2026-10-02,3014,0.5756646216768916,-1.7241379310344862,11.578947368421051,-0.04780163599182,0.4148773006134969
2026-10-02,3015,0.5756646216768916,-1.8050568562020364,9.00735574610093,0.325920245398773,0.8801124744376279
2026-10-02,3016,0.5756646216768916,-0.8241758241758212,46.81440443213297,0.0035787321063395,0.5158486707566462
2026-10-02,3017,0.5756646216768916,-4.444444444444439,14.534883720930234,-0.3243865030674846,0.09406952965235174
2026-10-02,3018,0.5756646216768916,-3.614456354692086,12.5,-0.1154141104294478,0.3220858895705521
2026-10-02,3019,0.5756646216768916,-14.723926380368102,23.021582733812952,0.3087934560327199,0.8634969325153374
2026-10-02,3021,0.5756646216768916,-9.03225806451613,38.65248091677402,-0.0718302658486707,0.38445807770961143
2026-10-02,3022,0.5756646216768916,-7.200809922917584,18.0327868852459,0.0524028629856851,0.6088957055214724
2026-10-02,3023,0.5756646216768916,-10.344827586206897,13.942307692307692,-0.1036554192229038,0.3389570552147239
2026-10-02,3024,0.5756646216768916,-10.256412450927044,13.571432658604229,-0.4184560327198363,0.0541922290388548
2026-10-02,3025,0.5756646216768916,-7.512520868113526,18.050538761951433,0.287321063394683,0.8461145194274029
2026-10-02,3026,0.5756646216768916,-5.221339387060164,29.820359281437124,0.2622699386503067,0.8220858895705522
2026-10-02,3027,0.5756646216768916,-4.61538461538461,11.290324631557668,0.0296523517382413,0.5702965235173824
2026-10-02,3028,0.5756646216768916,-4.6616541353383445,9.463722397476342,0.4475971370143149,0.9585889570552147
2026-10-02,3029,0.5756646216768916,-6.349206349206349,14.83050847457627,-0.5552147239263804,0.028118609406952964
2026-10-02,3030,0.5756646216768916,-2.1207177814029365,16.166666666666664,0.2543456032719835,0.815439672801636
2026-10-02,3031,0.5756646216768916,-2.0895522388059806,32.621953545547115,0.1173312883435582,0.6927402862985685
2026-10-02,3032,0.5756646216768916,-5.023921711459389,17.254404216929707,-0.1244887525562373,0.3057259713701431
2026-10-02,3033,0.5756646216768916,-5.777777777777782,11.202830188679243,0.4189672801635992,0.9406952965235174
2026-10-02,3034,0.5756646216768916,-5.291005291005291,8.938547486033519,-0.3553169734151329,0.07822085889570553
2026-10-02,3035,0.5756646216768916,-0.691244239631339,24.12993039443155,0.1127300613496933,0.6866053169734151
2026-10-02,3036,0.5756646216768916,-1.157407407407407,13.114754098360656,0.0089468302658486,0.5283742331288344
2026-10-02,3037,0.5756646216768916,0.0,33.10344827586207,-0.0109918200408998,0.4810838445807771
2026-10-02,3038,0.5756646216768916,-1.6666666666666718,5.8111417091498945,0.0644171779141103,0.6242331288343558
2026-10-02,3040,0.5756646216768916,-6.986301369863002,10.014732034989414,-0.0408997955010224,0.4233128834355828
2026-10-02,3041,0.5756646216768916,-1.9762816290054497,13.508058363391504,0.2607361963190184,0.8205521472392638
2026-10-02,3042,0.5756646216768916,-0.8602150537634357,27.114967462039047,0.0516359918200409,0.6083844580777096
2026-10-02,3043,0.5756646216768916,-3.0373814491446938,7.710845211902296,-0.0166155419222903,0.4680470347648262
2026-10-02,3044,0.5756646216768916,-0.9140767824497242,13.284132841328416,-0.2763292433537831,0.13420245398773006
2026-10-02,3045,0.5756646216768916,-2.7888446215139417,8.19672131147541,-0.5966257668711656,0.020961145194274028
2026-10-02,3046,0.5756646216768916,-6.097563471842282,10.20408163265306,0.1050613496932516,0.6763803680981595
2026-10-02,3047,0.5756646216768916,-4.248367206743431,13.993175363377905,0.0728527607361963,0.6385480572597138
2026-10-02,3048,0.5756646216768916,-2.3636363636363567,10.614526560408663,0.3997955010224948,0.9304703476482618
2026-10-02,3049,0.5756646216768916,-6.7415756985217845,12.449800728794097,0.1449386503067485,0.7234151329243353
2026-10-02,3050,0.5756646216768916,-3.3333333333333326,9.482761909221797,0.1754856850715747,0.7484662576687117
2026-10-02,3051,0.5756646216768916,-0.8403361344537785,12.499998383602856,0.2884713701431493,0.8476482617586912
2026-10-02,3052,0.5756646216768916,-1.4150978874675424,4.306227396549825,0.0097137014314928,0.5299079754601227
2026-10-02,3054,0.5756646216768916,-0.6655548823238822,10.217752887975031,0.0316973415132924,0.5741308793456033
2026-10-02,3055,0.5756646216768916,-4.424778761061942,45.370370370370374,-0.0618609406952965,0.40081799591002043
2026-10-02,3056,0.5756646216768916,-8.361202844233217,10.948905109489052,-0.1561860940695296,0.261758691206544
2026-10-02,3057,0.5756646216768916,-10.02865722880728,12.420387025092058,0.0305470347648261,0.5715746421267893
2026-10-02,3058,0.5756646216768916,-2.5029837274069267,5.867976722624016,-0.0373210633946829,0.4291922290388548
2026-10-02,3059,0.5756646216768916,-4.326330605518336,9.948326327696018,0.3747443762781186,0.9118098159509203
2026-10-02,3060,0.5756646216768916,-1.700678996659355,13.494808368616864,0.4158997955010225,0.9386503067484663
2026-10-02,3062,0.5756646216768916,-2.370692865743551,13.686535900528597,0.1201431492842536,0.6955521472392638
2026-10-02,3064,0.5756646216768916,-16.622694649701085,20.25316938569274,-0.0357873210633946,0.4325153374233129
2026-10-02,3066,0.5756646216768916,-5.691056910569103,27.241377994931977,0.0883179959100204,0.65439672801636
2026-10-02,3071,0.5756646216768916,-9.999999999999998,11.98257080610022,0.1526073619631901,0.7300613496932515
2026-10-02,3073,0.5756646216768916,-9.450549450549438,13.349514563106796,0.1618098159509202,0.7367075664621677
2026-10-02,3078,0.5756646216768916,-4.270833333333323,10.88139281828074,0.4394171779141104,0.9521983640081799
2026-10-02,3081,0.5756646216768916,-16.068866571018646,30.76923076923077,0.2740286298568507,0.8338445807770961
2026-10-02,3083,0.5756646216768916,-2.061855670103097,10.947370027240954,0.3041922290388547,0.8604294478527608
2026-10-02,3086,0.5756646216768916,-11.250000000000004,17.2535197835573,0.0040899795501022,0.5173824130879345
2026-10-02,3088,0.5756646216768916,-4.693140794223827,14.015151515151514,0.2001533742331289,0.7719836400817995
2026-10-02,3090,0.5756646216768916,-5.191256830601088,14.985590778097984,0.4092535787321064,0.9355828220858896
2026-10-02,3092,0.5756646216768916,-4.200000000000004,14.196240578414503,0.466002044989775,0.9688139059304703
2026-10-02,3093,0.5756646216768916,-2.7368421052631486,9.74025974025974,0.4422290388548057,0.9560327198364008
2026-10-02,3094,0.5756646216768916,-3.698630136986303,46.79943318048208,0.0053680981595092,0.5224948875255624
2026-10-02,3095,0.5756646216768916,-12.549534123148709,17.67371140217853,0.0306748466257668,0.5720858895705522
2026-10-02,3105,0.5756646216768916,0.0,28.934010152284262,0.0051124744376278,0.5214723926380368
2026-10-02,3114,0.5756646216768916,0.0,26.60781744900447,0.2962678936605317,0.8558282208588958
2026-10-02,3115,0.5756646216768916,-9.297297297297291,19.904649300285403,0.2955010224948875,0.8537832310838446
2026-10-02,3118,0.5756646216768916,-1.7160663031297818,4.126981704954117,-0.1071063394683026,0.33486707566462165
2026-10-02,3122,0.5756646216768916,-5.283754510263783,10.950411646819312,0.2774795501022494,0.8374233128834356
2026-10-02,3128,0.5756646216768916,-7.499999999999996,11.30220755312308,-0.0025562372188139,0.4976993865030675
2026-10-02,3130,0.5756646216768916,-0.4750593824228044,1.1933174224343674,-0.0416666666666666,0.4222903885480573
2026-10-02,3131,0.5756646216768916,-11.475409836065577,20.37037037037037,0.3445807770961145,0.8900817995910021
2026-10-02,3135,0.5756646216768916,-11.1731843575419,14.779874213836475,0.0563650306748466,0.6160531697341514
2026-10-02,3138,0.5756646216768916,-11.946902654867252,27.1356783919598,0.2400306748466257,0.8052147239263804
2026-10-02,3141,0.5756646216768916,-20.818181818181824,31.572904707233068,-0.1825153374233128,0.2333844580777096
2026-10-02,3147,0.5756646216768916,-3.1135531135531136,21.928166351606805,0.0017893660531697,0.5107361963190185
2026-10-02,3149,0.5756646216768916,-3.011292346298622,27.554978621113968,0.25,0.8118609406952966
2026-10-02,3150,0.5756646216768916,-9.677415313157567,13.31168335753602,0.2870654396728016,0.84560327198364
2026-10-02,3152,0.5756646216768916,-3.877551020408166,11.8895966029724,0.5125255623721882,0.9821063394683026
2026-10-02,3158,0.5756646216768916,-4.972375690607733,8.37208947470022,-0.3172290388548057,0.09867075664621677
2026-10-02,3162,0.5756646216768916,-2.60869565217392,26.785714285714285,0.0779652351738241,0.6431492842535788
2026-10-02,3163,0.5756646216768916,-9.746835443037972,22.30014025245442,0.3489263803680981,0.8936605316973415
2026-10-02,3164,0.5756646216768916,-0.9009009009008916,6.363634051698607,-0.0125255623721881,0.4757157464212679
2026-10-02,3167,0.5756646216768916,-2.38805970149254,29.1539245667686,-0.0161042944785276,0.46932515337423314
2026-10-02,3168,0.5756646216768916,-1.8223268748801869,4.872395101666727,-0.1030163599182004,0.3412576687116564
2026-10-02,3169,0.5756646216768916,-4.958677685950407,18.782607368800953,0.0485685071574641,0.6009713701431493
2026-10-02,3171,0.5756646216768916,-11.12852558301639,12.87477819587398,-0.0274795501022494,0.44683026584867075
2026-10-02,3176,0.5756646216768916,-6.125000000000003,14.647137150466047,-0.5682515337423313,0.024539877300613498
2026-10-02,3178,0.5756646216768916,-12.49999836379403,35.5742264862488,-0.0843558282208589,0.37244376278118607
2026-10-02,3188,0.5756646216768916,-7.968128888739945,8.874460525842968,-0.2231595092024539,0.18737218813905931
2026-10-02,3189,0.5756646216768916,-1.869158878504673,28.952380952380953,0.0109918200408997,0.5311860940695297
2026-10-02,3191,0.5756646216768916,-2.513964402906632,9.169056627333678,0.270577709611452,0.8282208588957055
2026-10-02,3205,0.5756646216768916,-1.6666666666666607,4.661018565549688,0.1569529652351738,0.733640081799591
2026-10-02,3206,0.5756646216768916,-5.292483134044634,10.14706106746898,-0.2142126789366052,0.19631901840490798
2026-10-02,3207,0.5756646216768916,-4.904306220095689,14.3396264801985,0.5705521472392637,0.9902862985685071
2026-10-02,3209,0.5756646216768916,-4.455958549222794,8.893706017616255,0.324642126789366,0.8785787321063395
2026-10-02,3211,0.5756646216768916,-2.2167487684729092,14.357682619647354,0.2658486707566462,0.8246421267893661
2026-10-02,3213,0.5756646216768916,-8.550185873605953,12.195121951219512,-0.0085633946830265,0.48466257668711654
2026-10-02,3217,0.5756646216768916,-5.494505494505497,8.914728682170542,0.2515337423312883,0.8128834355828221
2026-10-02,3218,0.5756646216768916,-5.653710247349819,6.741573033707865,0.0549591002044989,0.6119631901840491
2026-10-02,3219,0.5756646216768916,-4.460966542750933,41.40077583520792,0.0061349693251534,0.5240286298568507
2026-10-02,3221,0.5756646216768916,-3.114186851211065,24.10714421953473,0.2267382413087935,0.7949897750511248
2026-10-02,3224,0.5756646216768916,-10.71428571428571,14.720001220703123,-0.0219836400817995,0.4542433537832311
2026-10-02,3226,0.5756646216768916,-2.923076923076917,19.809825673534075,-0.0544478527607361,0.40848670756646216
2026-10-02,3227,0.5756646216768916,-4.580152671755721,9.066666666666666,0.3752556237218813,0.9130879345603272
2026-10-02,3228,0.5756646216768916,-6.648936170212771,15.954415954415952,0.3100715746421267,0.8652862985685071
2026-10-02,3229,0.5756646216768916,-19.34156547427989,41.66666666666667,-0.5598159509202454,0.02607361963190184
2026-10-02,3230,0.5756646216768916,-5.624298582743437,10.131108462455304,0.4297034764826176,0.9468302658486708
2026-10-02,3231,0.5756646216768916,-6.982543640897754,12.064343163538874,-0.1232106339468303,0.309560327198364
2026-10-02,3232,0.5756646216768916,-9.471368681403714,15.815085158150852,-0.5337423312883436,0.03067484662576687
2026-10-02,3234,0.5756646216768916,-15.186915887850471,28.650137741046834,0.2001533742331288,0.7714723926380368
2026-10-02,3236,0.5756646216768916,0.0,22.378275724832484,0.4038854805725972,0.9320040899795501
2026-10-02,3252,0.5756646216768916,-2.857142857142858,8.823531905030904,0.0368098159509202,0.5823108384458078
2026-10-02,3257,0.5756646216768916,-0.7889561280477242,9.642151667630934,0.3847137014314928,0.9217791411042945
2026-10-02,3259,0.5756646216768916,-6.20437825619744,37.35408708743084,0.8348670756646217,0.9994887525562373
2026-10-02,3260,0.5756646216768916,-10.747663551401864,14.267015706806282,-0.0621165644171779,0.4003067484662577
2026-10-02,3264,0.5756646216768916,-15.371329879101904,28.367346938775512,-0.3123721881390593,0.10608384458077709
2026-10-02,3265,0.5756646216768916,-5.05050505050505,20.47872340425532,0.0311860940695296,0.5731083844580777
2026-10-02,3266,0.5756646216768916,-2.120138704013852,4.332125832457823,-0.2043711656441718,0.21037832310838445
2026-10-02,3268,0.5756646216768916,-1.5909090909090984,24.71131815921352,0.1081288343558282,0.6784253578732107
2026-10-02,3272,0.5756646216768916,-9.615386825576532,14.539008444928122,0.1252556237218813,0.6991308793456033
2026-10-02,3276,0.5756646216768916,-0.3436426116838587,6.896550408725085,0.2779907975460123,0.8384458077709611
2026-10-02,3284,0.5756646216768916,-4.964537292995175,10.447763091889186,0.3778118609406953,0.9141104294478528
2026-10-02,3285,0.5756646216768916,-6.473212692962593,15.513126491646778,-0.1211656441717791,0.314161554192229
2026-10-02,3287,0.5756646216768916,-6.555555555555559,25.445899555147335,-0.1334355828220859,0.2929447852760736
2026-10-02,3288,0.5756646216768916,-8.874460379291538,18.527314102281583,-0.2773517382413087,0.13241308793456033
2026-10-02,3289,0.5756646216768916,-1.038062283737029,10.48951048951049,0.378323108384458,0.9161554192229039
2026-10-02,3290,0.5756646216768916,-4.007636383067236,15.40755467196819,0.4537321063394683,0.9616564417177914
2026-10-02,3293,0.5756646216768916,-3.4188034188034178,16.68773704171934,0.0403885480572596,0.5892126789366053
2026-10-02,3294,0.5756646216768916,-9.266947121650116,23.01829617197921,-0.0189161554192228,0.4621676891615542
2026-10-02,3296,0.5756646216768916,-7.915993537964461,27.71930092259457,-0.1382924335378323,0.28732106339468305
2026-10-02,3297,0.5756646216768916,-16.452445436592576,39.230775099534256,-0.5535531697341514,0.028629856850715747
2026-10-02,3303,0.5756646216768916,-6.513411328057606,9.93852928036549,0.3057259713701431,0.8614519427402862
2026-10-02,3305,0.5756646216768916,-5.286343612334798,14.418604651162791,0.6035276073619632,0.9928425357873211
2026-10-02,3306,0.5756646216768916,-3.0895968293147336,8.926675372878753,0.0564928425357873,0.6165644171779141
2026-10-02,3308,0.5756646216768916,-2.553191489361706,11.79039634471377,-0.0368098159509201,0.43047034764826175
2026-10-02,3310,0.5756646216768916,-3.977274808509257,6.508877996862288,-0.2967791411042945,0.11707566462167689
2026-10-02,3311,0.5756646216768916,0.0,36.75730187607195,0.0140593047034764,0.5414110429447853
2026-10-02,3312,0.5756646216768916,-9.548608714967532,20.9213007892162,0.5322085889570551,0.9856850715746421
2026-10-02,3313,0.5756646216768916,-9.482761597378133,11.428578694661493,0.1619376278118609,0.7372188139059305
2026-10-02,3317,0.5756646216768916,-10.547945205479458,30.168454460856744,0.1513292433537831,0.7287832310838446
2026-10-02,3321,0.5756646216768916,-3.9267034894792663,12.80654158839088,0.1651329243353783,0.739519427402863
2026-10-02,3322,0.5756646216768916,-2.991452991452992,11.013217539514208,0.2252044989775051,0.7929447852760736
2026-10-02,3323,0.5756646216768916,-0.3284072249589376,13.014827018121908,0.4317484662576688,0.9473415132924335
2026-10-02,3324,0.5756646216768916,-14.000000000000002,33.88704318936877,-0.4322597137014315,0.0516359918200409
2026-10-02,3325,0.5756646216768916,-7.450980392156859,14.83050847457627,-0.0106083844580777,0.48261758691206547
2026-10-02,3332,0.5756646216768916,-1.0769230769230864,8.86469792059013,0.1170756646216768,0.6922290388548057
2026-10-02,3338,0.5756646216768916,-3.899725533074694,12.608702286430026,-0.0086912065439671,0.4841513292433538
2026-10-02,3339,0.5756646216768916,-5.622488513969337,18.936165342939663,-0.1526073619631902,0.26942740286298567
2026-10-02,3346,0.5756646216768916,-7.692307692307687,32.083336512247726,0.1513292433537831,0.7287832310838446
2026-10-02,3349,0.5756646216768916,-16.666663878145183,19.999995984529196,0.0902351738241308,0.6582310838445807
2026-10-02,3354,0.5756646216768916,-14.851481473088302,38.70431133282936,-0.3888036809815951,0.06390593047034765
2026-10-02,3356,0.5756646216768916,-10.605898701430505,15.756424315675291,0.1045501022494887,0.6753578732106339
2026-10-02,3357,0.5756646216768916,-2.488687782805432,12.296983758700696,0.380879345603272,0.9192229038854806
2026-10-02,3360,0.5756646216768916,-0.3205128205128082,10.289389067524112,0.3688650306748467,0.9059304703476483
2026-10-02,3362,0.5756646216768916,-17.6056338028169,29.059829059829063,0.0751533742331288,0.641359918200409
2026-10-02,3363,0.5756646216768916,-21.058823529411764,32.93591654247392,0.0554703476482618,0.6134969325153374
2026-10-02,3372,0.5756646216768916,-0.8797653958944385,17.455619044557828,0.3320552147239264,0.8829243353783232
2026-10-02,3373,0.5756646216768916,-3.3434695284547344,4.088053913236414,-0.1007157464212679,0.3456032719836401
2026-10-02,3374,0.5756646216768916,-5.7459677419354875,22.032085561497325,-0.3801124744376278,0.06646216768916155
2026-10-02,3376,0.5756646216768916,-17.924528301886788,23.850574712643677,0.0375766871165644,0.5843558282208589
2026-10-02,3379,0.5756646216768916,-6.554621848739495,13.489208633093524,0.3324386503067485,0.8834355828220859
2026-10-02,3380,0.5756646216768916,-5.192880484631813,15.02347776027912,0.1232106339468303,0.6983640081799591
2026-10-02,3388,0.5756646216768916,-7.75109016636828,13.964491624098557,0.2609918200408997,0.8210633946830266
2026-10-02,3390,0.5756646216768916,-1.7543826773922189,7.1428503308977405,0.3001022494887526,0.8583844580777096
2026-10-02,3402,0.5756646216768916,-0.3571428571428559,15.053763440860216,0.1418711656441718,0.7183026584867076
2026-10-02,3406,0.5756646216768916,-15.701754385964916,28.199791883454733,-0.089723926380368,0.3609406952965235
2026-10-02,3413,0.5756646216768916,-1.3513513513513489,8.39041095890411,0.2597137014314928,0.8195296523517382
2026-10-02,3416,0.5756646216768916,-4.871060171919773,9.939759036144578,0.4230572597137014,0.9432515337423313
2026-10-02,3419,0.5756646216768916,-2.8000000000000025,15.63785694263598,0.4668967280163598,0.9698364008179959
2026-10-02,3430,0.5756646216768916,-4.621848739495793,16.82819248821242,0.3939161554192229,0.9284253578732107
2026-10-02,3432,0.5756646216768916,-5.095540248306419,10.738251193257774,0.2763292433537833,0.8369120654396728
2026-10-02,3434,0.5756646216768916,-8.63836425788559,16.82692919021998,-0.4744376278118609,0.0434560327198364
2026-10-02,3437,0.5756646216768916,-8.84773376363539,30.69977082194378,-0.0455010224948875,0.4176891615541922
2026-10-02,3438,0.5756646216768916,-9.090905022983277,12.096768040810865,0.2445040899795501,0.808282208588957
2026-10-02,3441,0.5756646216768916,-5.1685393258426915,46.91943127962085,-0.0697852760736195,0.3885480572597137
2026-10-02,3443,0.5756646216768916,-7.548273844353426,36.265822784810126,-0.4800613496932516,0.04243353783231084
2026-10-02,3444,0.5756646216768916,-7.126436781609202,12.376237623762377,0.1349693251533742,0.7091002044989775
2026-10-02,3447,0.5756646216768916,-8.5667227307752,13.333336082664696,0.2957566462167689,0.8542944785276073
2026-10-02,3450,0.5756646216768916,-10.396039603960396,21.54696132596685,0.1372699386503067,0.7131901840490797
2026-10-02,3455,0.5756646216768916,-5.0847457627118615,26.071428571428573,0.0552147239263804,0.6124744376278118
2026-10-02,3465,0.5756646216768916,0.0,5.990016638935111,0.1114519427402863,0.6850715746421268
2026-10-02,3466,0.5756646216768916,-4.158415841584162,7.644629675494738,0.1428936605316973,0.7198364008179959
2026-10-02,3467,0.5756646216768916,-17.56757040049336,53.68852875923198,-0.6822597137014315,0.009713701431492843
2026-10-02,3479,0.5756646216768916,-2.857142857142858,13.23529411764706,-0.0035787321063395,0.49233128834355827
2026-10-02,3481,0.5756646216768916,-4.86486486486487,17.518939393939394,0.357361963190184,0.8987730061349694
2026-10-02,3483,0.5756646216768916,-3.229663305504593,12.731761955949668,0.3430470347648262,0.8885480572597138
2026-10-02,3484,0.5756646216768916,-0.3058103975535187,11.349693251533736,0.4939928425357872,0.9775051124744376
2026-10-02,3485,0.5756646216768916,-1.594533029612755,15.046296296296296,0.6064672801635991,0.9943762781186094
2026-10-02,3489,0.5756646216768916,-3.7344413577757862,13.362070609783306,0.1168200408997954,0.6912065439672802
2026-10-02,3490,0.5756646216768916,-1.3618677042801508,22.189346102802944,-0.0002556237218813,0.5028118609406953
2026-10-02,3491,0.5756646216768916,-8.895705521472397,21.548821548821547,-0.4739263803680981,0.04396728016359918
2026-10-02,3492,0.5756646216768916,-3.9225677372911605e-06,4.113116423697582,0.2021983640081799,0.7745398773006135
2026-10-02,3494,0.5756646216768916,-7.922075641237624,11.283493849050847,-0.0467791411042944,0.4161554192229039
2026-10-02,3498,0.5756646216768916,-8.510638297872342,28.604651162790695,-0.0186605316973414,0.46344580777096117
2026-10-02,3499,0.5756646216768916,-7.382547964378904,19.56521600916764,0.0725971370143149,0.6377811860940695
2026-10-02,3501,0.5756646216768916,-6.575680613471491,7.436916964304241,-0.0339979550102249,0.4353271983640082
2026-10-02,3504,0.5756646216768916,-16.2133877840144,23.22097187780411,0.0444785276073619,0.5971370143149284
2026-10-02,3508,0.5756646216768916,-7.039713751735377,27.766996217005463,-0.1104294478527607,0.3292433537832311
2026-10-02,3511,0.5756646216768916,-1.9851098069621151,11.898736108707476,0.4188394683026585,0.9401840490797546
2026-10-02,3512,0.5756646216768916,-3.045689034023802,3.6649254604159847,0.0025562372188139,0.5122699386503068
2026-10-02,3515,0.5756646216768916,-7.87234042553191,15.704387990762124,0.175357873210634,0.7479550102249489
2026-10-02,3516,0.5756646216768916,-7.142854547824906,10.453647410375831,-0.0444785276073619,0.418200408997955
2026-10-02,3518,0.5756646216768916,-1.7718748590082822,36.865845070616366,0.0263292433537831,0.560838445807771
2026-10-02,3520,0.5756646216768916,-3.3707823751549237,4.941851593727289,-0.2176635991820041,0.19222903885480572
2026-10-02,3521,0.5756646216768916,-4.065042138060249,5.932205006227657,-0.0869120654396728,0.36400817995910023
2026-10-02,3522,0.5756646216768916,-8.118082474176013,14.859440815017884,-0.5035787321063395,0.037321063394683024
2026-10-02,3523,0.5756646216768916,-9.779181982114247,18.881124216359837,-0.2653374233128834,0.14826175869120656
2026-10-02,3526,0.5756646216768916,-4.188481675392675,8.925318761384334,0.378323108384458,0.9161554192229039
2026-10-02,3527,0.5756646216768916,-3.2015038097404247,9.63034425728052,0.3248977505112475,0.8793456032719836
2026-10-02,3528,0.5756646216768916,0.0,13.288288288288284,0.2730061349693251,0.8325664621676891
2026-10-02,3529,0.5756646216768916,-12.792297111416785,41.16719242902208,-0.4532208588957054,0.04703476482617587
2026-10-02,3530,0.5756646216768916,-2.298853022662062,9.747904288668591,0.2103783231083844,0.7796523517382413
2026-10-02,3531,0.5756646216768916,-1.398604905682732,3.3096962786735373,0.0273517382413087,0.5639059304703476
2026-10-02,3532,0.5756646216768916,-4.422110552763813,25.55205047318612,-0.0981595092024539,0.3512269938650307
2026-10-02,3533,0.5756646216768916,-0.536193029490617,19.946091644204852,0.3162065439672801,0.8711656441717791
2026-10-02,3535,0.5756646216768916,-2.0042194092826926,14.747041470267924,0.3353783231083844,0.8849693251533742
2026-10-02,3537,0.5756646216768916,-4.377104377104379,14.612678742744553,0.3749999999999999,0.9125766871165644
2026-10-02,3540,0.5756646216768916,-3.5051546391752675,11.324784694573818,0.187883435582822,0.75920245398773
2026-10-02,3541,0.5756646216768916,-4.844958426452117,17.515271841387158,-0.2384969325153374,0.17229038854805726
2026-10-02,3543,0.5756646216768916,-3.041825095057038,22.745098039215687,0.0613496932515338,0.621676891615542
2026-10-02,3545,0.5756646216768916,-3.558055190238374,11.067962646484377,0.2341513292433538,0.8006134969325154
2026-10-02,3546,0.5756646216768916,-4.199471228871232,7.260267701867508,-0.1073619631901839,0.3338445807770961
2026-10-02,3548,0.5756646216768916,-12.965047738336011,16.450773249018376,-0.0115030674846625,0.4785276073619632
2026-10-02,3550,0.5756646216768916,-6.010931574060773,24.224806201550383,0.326687116564417,0.880879345603272
2026-10-02,3551,0.5756646216768916,-1.7241379310344862,17.543859649122805,0.1674335378323108,0.7436094069529653
2026-10-02,3552,0.5756646216768916,-2.553191489361706,17.903931796811033,0.1904396728016359,0.7607361963190185
2026-10-02,3555,0.5756646216768916,-21.5962441314554,29.34131736526946,-0.0733640081799591,0.3831799591002045
2026-10-02,3556,0.5756646216768916,-6.782336628373287,14.55161131779756,0.593558282208589,0.99079754601227
2026-10-02,3557,0.5756646216768916,-3.543307086614167,12.24489951620296,0.2479550102249488,0.8103271983640081
2026-10-02,3558,0.5756646216768916,-1.5037593984962403,12.595419847328245,0.1873721881390593,0.7579243353783232
2026-10-02,3563,0.5756646216768916,-7.878787878787874,24.47368421052632,-0.0705521472392638,0.38599182004089977
2026-10-02,3564,0.5756646216768916,0.0,17.023174265489224,0.1538854805725971,0.7313394683026585
2026-10-02,3567,0.5756646216768916,-1.132075471698113,6.488552530303257,0.2427147239263803,0.8067484662576687
2026-10-02,3570,0.5756646216768916,-1.162790697674421,5.88235294117647,-0.2041155419222904,0.2116564417177914
2026-10-02,3576,0.5756646216768916,-3.731345110625739,20.93023847239886,0.0173824130879346,0.5447341513292433
2026-10-02,3577,0.5756646216768916,-8.399999999999997,19.21397379912664,-0.0677402862985685,0.39289366053169733
2026-10-02,3580,0.5756646216768916,-6.465517241379315,31.612906038486464,-0.0023006134969324,0.49897750511247446
2026-10-02,3581,0.5756646216768916,-7.78210116731517,30.126579703157972,0.3888036809815951,0.9248466257668712
2026-10-02,3583,0.5756646216768916,-7.207207207207212,15.672676837725383,0.5020449897750512,0.9790388548057259
2026-10-02,3587,0.5756646216768916,-9.090909090909092,16.53061224489796,0.5697852760736196,0.9892638036809815
2026-10-02,3588,0.5756646216768916,-3.161397670549082,16.32302667676788,0.410659509202454,0.9366053169734151
2026-10-02,3591,0.5756646216768916,-1.0489510489510523,18.727917890245426,0.0063905930470347,0.5247955010224948
2026-10-02,3592,0.5756646216768916,-1.035196687370599,10.251046025104603,0.3133946830265848,0.869120654396728
2026-10-02,3593,0.5756646216768916,-9.361702127659576,33.0516474907387,0.5154652351738241,0.9826175869120655
2026-10-02,3594,0.5756646216768916,-4.747474747474756,9.331922642373078,0.3266871165644172,0.8813905930470347
2026-10-02,3596,0.5756646216768916,-5.230769230769228,7.142857142857142,0.3567229038854805,0.8982617586912065
2026-10-02,3597,0.5756646216768916,-3.4843231231922567,10.288810041406956,-0.3072597137014315,0.10991820040899795
2026-10-02,3605,0.5756646216768916,-10.498687664041997,45.16129032258064,-0.4918200408997956,0.03987730061349693
2026-10-02,3607,0.5756646216768916,-1.0638324639115626,5.017926616053453,0.1988752556237218,0.7694274028629857
2026-10-02,3609,0.5756646216768916,-11.240307452780185,35.80785526458874,-0.1232106339468303,0.309560327198364
2026-10-02,3611,0.5756646216768916,0.0,2.168021680216802,0.0662065439672801,0.6267893660531697
2026-10-02,3615,0.5756646216768916,-3.846153846153843,31.11111280653211,0.294478527607362,0.8532719836400818
2026-10-02,3617,0.5756646216768916,-4.133858267716539,8.213552361396303,-0.1293456032719835,0.3001022494887526
2026-10-02,3622,0.5756646216768916,-14.33892114253662,22.17391470204229,0.5501022494887525,0.9872188139059305
2026-10-02,3623,0.5756646216768916,-1.4516129032258074,25.20458514873798,-0.1105572597137013,0.3287321063394683
2026-10-02,3624,0.5756646216768916,-5.714285714285716,48.95622690117319,0.0370654396728016,0.5835889570552147
2026-10-02,3625,0.5756646216768916,-17.407407407407405,29.596414266680387,0.013803680981595,0.5398773006134969
2026-10-02,3628,0.5756646216768916,-8.184139639389143,15.041776354266409,-0.5580265848670757,0.026584867075664622
2026-10-02,3629,0.5756646216768916,-31.615926280395968,46.23287932513512,-0.2906441717791411,0.12372188139059305
2026-10-02,3630,0.5756646216768916,-7.426600021689089,11.940301354251693,-0.024284253578732,0.4511758691206544
2026-10-02,3631,0.5756646216768916,-1.437125748502999,12.272173115578486,-0.0736196319018405,0.38164621676891614
2026-10-02,3632,0.5756646216768916,-4.710630369111113,5.2259870841678255,0.0636503067484662,0.6232106339468303
2026-10-02,3645,0.5756646216768916,-2.631578947368418,12.432428308435387,0.2632924335378322,0.8231083844580777
2026-10-02,3646,0.5756646216768916,-0.9940342835873306,6.024096385542169,-0.3412576687116564,0.0869120654396728
2026-10-02,3652,0.5756646216768916,-0.8522727272727404,9.742122529912482,-0.1385480572597137,0.28655419222903883
2026-10-02,3653,0.5756646216768916,-5.027932960893855,28.676470588235293,-0.054959100204499,0.4069529652351738
2026-10-02,3661,0.5756646216768916,-10.87719298245614,26.64041994750656,0.4956543967280163,0.9785276073619632
2026-10-02,3663,0.5756646216768916,-5.539356499482462,18.3641939987371,0.3857361963190184,0.9233128834355828
2026-10-02,3664,0.5756646216768916,-9.378408605657418,32.12996481701496,-0.3944274028629856,0.06339468302658487
2026-10-02,3665,0.5756646216768916,-5.400372439478584,34.44881889763779,-0.0017893660531698,0.5
2026-10-02,3666,0.5756646216768916,-0.3936992914650217,2.7667938956158906,-0.1802147239263803,0.2361963190184049
2026-10-02,3669,0.5756646216768916,-7.777777777777772,12.048192771084336,0.2972903885480572,0.8568507157464212
2026-10-02,3672,0.5756646216768916,-5.769230769230771,12.244897959183673,0.2346625766871166,0.8011247443762781
2026-10-02,3673,0.5756646216768916,0.0,25.558312655086844,0.1418711656441718,0.7183026584867076
2026-10-02,3675,0.5756646216768916,-4.887714663143994,34.02777777777778,0.3780674846625768,0.9151329243353783
2026-10-02,3679,0.5756646216768916,-2.26244343891403,4.62962962962963,-0.2404141104294479,0.17075664621676892
2026-10-02,3680,0.5756646216768916,-3.6649214659685847,15.307971014492756,-0.0264570552147239,0.44785276073619634
2026-10-02,3685,0.5756646216768916,-4.0000000000000036,11.11111111111111,0.0529141104294478,0.6094069529652352
2026-10-02,3686,0.5756646216768916,-5.654757620255502,17.66561032845771,0.1834100204498978,0.7540899795501023
2026-10-02,3687,0.5756646216768916,-5.999999999999995,8.346969679412592,0.2661042944785275,0.8251533742331288
2026-10-02,3689,0.5756646216768916,-8.870967741935488,16.371681415929203,0.4348159509202453,0.9498977505112475
2026-10-02,3691,0.5756646216768916,-13.409961685823756,35.39823008849557,0.0063905930470347,0.5247955010224948
2026-10-02,3693,0.5756646216768916,-11.363636363636363,17.345399698340874,-0.7691717791411042,0.002556237218813906
2026-10-02,3694,0.5756646216768916,-0.5769230769230749,6.769825918762089,0.3356339468302659,0.885480572597137
2026-10-02,3701,0.5756646216768916,0.0,30.505415162454874,0.0388548057259714,0.5858895705521472
2026-10-02,3702,0.5756646216768916,-0.8333333333333304,15.546218487394958,-0.0649284253578731,0.39775051124744376
2026-10-02,3703,0.5756646216768916,-5.326874764410105,6.1381054656280005,-0.3103271983640082,0.10787321063394684
2026-10-02,3704,0.5756646216768916,-5.146198830409365,9.61775961992332,0.2157464212678935,0.7852760736196319
2026-10-02,3705,0.5756646216768916,-1.916378914002248,4.085262969374445,-0.2492331288343558,0.16129856850715746
2026-10-02,3706,0.5756646216768916,-6.159492571110947,11.114836032393526,0.4084867075664622,0.9350715746421268
2026-10-02,3707,0.5756646216768916,0.0,32.27699440969548,0.1083844580777095,0.6794478527607362
2026-10-02,3708,0.5756646216768916,-2.1674876847290636,8.257801559156295,0.2878323108384458,0.8466257668711656
2026-10-02,3709,0.5756646216768916,-2.529757478339667,10.229002974415554,0.3473926380368097,0.8916155419222904
2026-10-02,3710,0.5756646216768916,-7.517081469749032,15.763543509497431,-0.3006134969325153,0.11375255623721882
2026-10-02,3711,0.5756646216768916,-1.3831258644536604,20.336605890603085,-0.0884458077709612,0.3619631901840491
2026-10-02,3712,0.5756646216768916,-4.1860465116279055,6.310675908060907,-0.2548568507157464,0.1574642126789366
2026-10-02,3713,0.5756646216768916,-10.967741935483865,17.028988271519772,-0.1630879345603271,0.25357873210633947
2026-10-02,3714,0.5756646216768916,-2.074692930073596,17.372885666324596,-0.0692740286298567,0.3895705521472393
2026-10-02,3715,0.5756646216768916,-6.159420289855078,17.374517374517374,0.2493609406952965,0.8113496932515337
2026-10-02,3716,0.5756646216768916,-3.0042939628569743,4.277288386252074,-0.0235173824130879,0.45194274028629855
2026-10-02,3717,0.5756646216768916,-8.318892026813419,30.05671365950644,0.0656952965235173,0.626278118609407
2026-10-02,4102,0.5756646216768916,-5.6265947825476115,7.046066325531419,-0.1260224948875255,0.30368098159509205
2026-10-02,4104,0.5756646216768916,-0.1369863013698569,3.2921831630712015,-0.2139570552147239,0.19683026584867075
2026-10-02,4105,0.5756646216768916,-0.5044174481263708,3.802281368821293,-0.2714723926380367,0.13957055214723926
2026-10-02,4106,0.5756646216768916,-1.8292698150065736,2.898552304222477,-0.3346114519427403,0.09151329243353783
2026-10-02,4107,0.5756646216768916,-3.083700440528636,3.1818181818181817,-0.0999488752556236,0.348159509202454
2026-10-02,4108,0.5756646216768916,-3.404255319148941,6.607929515418502,-0.2584355828220859,0.15593047034764826
2026-10-02,4109,0.5756646216768916,-2.654868899744267,4.090907356955772,-0.1233384458077709,0.30879345603271985
2026-10-02,4111,0.5756646216768916,0.0,2.0689668326542296,-0.059943762781186,0.4043967280163599
2026-10-02,4113,0.5756646216768916,-12.391932761949596,16.447368421052623,-0.5646728016359919,0.02556237218813906
2026-10-02,4114,0.5756646216768916,-2.49169558792246,2.725727919622418,-0.140081799591002,0.2847648261758691
2026-10-02,4116,0.5756646216768916,-2.073170731707319,4.35865504358655,-0.0793711656441717,0.3778118609406953
2026-10-02,4119,0.5756646216768916,-8.401978087046869,15.287769784172662,-0.6234662576687117,0.016359918200409
2026-10-02,4120,0.5756646216768916,-2.4338624338624326,5.748376411884829,-0.0161042944785275,0.46983640081799594
2026-10-02,4121,0.5756646216768916,-0.7692307692307665,3.488370614458424,0.157336400817996,0.7341513292433538
2026-10-02,4123,0.5756646216768916,-0.95238095238096,6.891024418366261,0.0132924335378323,0.5370654396728016
2026-10-02,4126,0.5756646216768916,-0.3831456450384851,1.9230769230769231,-0.1449386503067485,0.27862985685071573
2026-10-02,4127,0.5756646216768916,-35.31914893617021,55.70175438596491,0.0035787321063394,0.5153374233128835
2026-10-02,4128,0.5756646216768916,-0.9708725638636118,8.823525671865413,0.2793967280163599,0.8399795501022495
2026-10-02,4129,0.5756646216768916,-1.7899797101813442,3.2806859995585893,-0.1426380368098159,0.282719836400818
2026-10-02,4131,0.5756646216768916,-5.521467970466287,9.415576984355976,-0.4056748466257669,0.058793456032719835
2026-10-02,4133,0.5756646216768916,-1.6826887014348202,3.6674816625916873,-0.1076175869120654,0.33307770961145194
2026-10-02,4137,0.5756646216768916,-6.765071150435709,8.839056171024694,0.0368098159509202,0.5823108384458078
2026-10-02,4138,0.5756646216768916,-5.975397952023853,9.345794392523365,-0.6007157464212678,0.02044989775051125
2026-10-02,4139,0.5756646216768916,-2.4418604651162745,7.389746064650998,-0.1515848670756645,0.2714723926380368
2026-10-02,4142,0.5756646216768916,-1.9073589874317731,7.222228580050999,-0.0668456032719836,0.3941717791411043
2026-10-02,4147,0.5756646216768916,-7.6691729323308255,12.54071785495025,-0.0038343558282208,0.49130879345603273
2026-10-02,4148,0.5756646216768916,-11.888111888111885,15.396826607840405,-0.5769427402862985,0.023517382413087935
2026-10-02,4153,0.5756646216768916,-4.103347912665001,5.546757234068567,-0.337678936605317,0.08946830265848671
2026-10-02,4154,0.5756646216768916,-13.461538461538458,17.333331637912327,-0.0864008179959099,0.3670756646216769
2026-10-02,4155,0.5756646216768916,-3.5714261828193594,9.427606858789709,-0.1457055214723926,0.2770961145194274
2026-10-02,4157,0.5756646216768916,-6.788790421327773,7.51444645699738,-0.2947341513292433,0.1196319018404908
2026-10-02,4160,0.5756646216768916,-3.841384219915656,7.613948940001812,-0.3168456032719837,0.09918200408997956
2026-10-02,4161,0.5756646216768916,-5.869565217391315,6.466512702078515,-0.1781697341513292,0.2387525562372188
2026-10-02,4162,0.5756646216768916,-5.2991452991453025,8.30324634317887,0.1128578732106339,0.6871165644171779
2026-10-02,4163,0.5756646216768916,-1.7921146953404965,9.854014598540148,0.0708077709611452,0.6352249488752556
2026-10-02,4164,0.5756646216768916,-1.6393469961101248,8.703705116554543,-0.0322085889570551,0.4386503067484663
2026-10-02,4166,0.5756646216768916,-4.873292932243323,8.401636217461258,0.2193251533742332,0.787321063394683
2026-10-02,4167,0.5756646216768916,-2.005016278909233,6.3938618925831205,-0.2121676891615541,0.19913087934560328
2026-10-02,4168,0.5756646216768916,-2.60869565217392,8.705360548836845,0.3085378323108385,0.8629856850715747
2026-10-02,4169,0.5756646216768916,-4.113924050632911,11.22112211221122,0.2708333333333333,0.8287321063394683
2026-10-02,4171,0.5756646216768916,-3.5398273506354716,5.504596488556001,0.0001278118609406,0.504601226993865
2026-10-02,4173,0.5756646216768916,-0.5714285714285783,3.448278054423716,0.0394938650306748,0.5874233128834356
2026-10-02,4174,0.5756646216768916,-7.8947368421052655,50.71428753080822,0.0127811860940695,0.5350204498977505
2026-10-02,4178,0.5756646216768916,-1.9073569482288888,13.055555555555564,0.2305725971370142,0.7960122699386503
2026-10-02,4183,0.5756646216768916,-0.692040211661582,10.104528287561928,-0.0290132924335377,0.4447852760736196
2026-10-02,4188,0.5756646216768916,-11.32075258940576,21.98581154464829,-0.473159509202454,0.04447852760736196
2026-10-02,4190,0.5756646216768916,-6.896553084909818,8.024692927858963,-0.2106339468302658,0.20168711656441718
2026-10-02,4195,0.5756646216768916,-8.357350718092004,28.61635340084819,0.3599182004089979,0.8997955010224948
2026-10-02,4198,0.5756646216768916,-6.666666666666665,14.897957626654176,-0.5805214723926381,0.023006134969325152
2026-10-02,4205,0.5756646216768916,-2.145924882882244,2.4853868094104072,-0.1469836400817995,0.2745398773006135
2026-10-02,4207,0.5756646216768916,-6.280196690943751,8.247424646751169,-0.1353527607361963,0.2893660531697341
2026-10-02,4303,0.5756646216768916,-13.03780618790672,15.89205168533897,-0.0038343558282208,0.49130879345603273
2026-10-02,4304,0.5756646216768916,-21.896161183103835,45.95375612291986,0.3228527607361963,0.8770449897750511
2026-10-02,4306,0.5756646216768916,-5.86319452184636,6.920415224913495,0.0283742331288343,0.5669734151329243
2026-10-02,4401,0.5756646216768916,-2.7874590302189306,5.734768392364624,0.1071063394683026,0.6774028629856851
2026-10-02,4402,0.5756646216768916,-5.666666666666664,11.307423190598788,0.2234151329243353,0.7888548057259713
2026-10-02,4406,0.5756646216768916,-3.301890272396379,7.317073170731707,-0.2116564417177914,0.19989775051124745
2026-10-02,4413,0.5756646216768916,-5.14018522494637,13.793099689953433,-0.4010736196319017,0.061860940695296525
2026-10-02,4414,0.5756646216768916,-4.142009670596369,4.938266895435475,-0.2016871165644171,0.21267893660531698
2026-10-02,4416,0.5756646216768916,-11.724137931034472,33.203125,-0.3123721881390593,0.10608384458077709
2026-10-02,4417,0.5756646216768916,-2.2772277227722793,7.598784194528875,-0.4504089979550101,0.04805725971370143
2026-10-02,4419,0.5756646216768916,-0.4980094803584411,11.01101101101101,-0.0061349693251533,0.4887525562372188
2026-10-02,4420,0.5756646216768916,-11.250000000000004,14.084507042253522,-0.1500511247443762,0.2724948875255624
2026-10-02,4426,0.5756646216768916,-5.9627351473521495,7.926028817301539,-0.1883946830265848,0.22443762781186094
2026-10-02,4430,0.5756646216768916,-2.209944751381232,6.214689265536731,-0.0143149284253578,0.4736707566462168
2026-10-02,4432,0.5756646216768916,-2.2012555152666313,4.1800618555001385,-0.0580265848670756,0.4054192229038855
2026-10-02,4433,0.5756646216768916,-5.51180723943464,7.499991522894965,-0.0070296523517382,0.48773006134969327
2026-10-02,4438,0.5756646216768916,-4.23728813559322,6.371678715258573,0.137142126789366,0.712678936605317
2026-10-02,4439,0.5756646216768916,-3.232323232323231,6.0542829350290175,-0.3417689161554191,0.08640081799591003
2026-10-02,4440,0.5756646216768916,-2.240898447738815,2.865329512893983,-0.2405419222903886,0.16998977505112475
2026-10-02,4441,0.5756646216768916,-3.1339031339031376,3.823529411764706,-0.0745143149284253,0.38087934560327197
2026-10-02,4442,0.5756646216768916,-9.764312082301895,17.53731627962482,-0.6463445807770961,0.01278118609406953
2026-10-02,4502,0.5756646216768916,-4.804802623778626,7.570976714606541,-0.1611707566462167,0.2556237218813906
2026-10-02,4503,0.5756646216768916,-2.8225776556254245,10.995849039544703,0.3724437627811861,0.9100204498977505
2026-10-02,4506,0.5756646216768916,-4.471544715447151,5.106382978723404,-0.1111963190184049,0.32719836400818
2026-10-02,4510,0.5756646216768916,-10.010321334503114,16.3990860685296,0.0391104294478528,0.5869120654396728
2026-10-02,4513,0.5756646216768916,-4.117647058823525,11.656439377486327,-0.0626278118609406,0.3992842535787321
2026-10-02,4523,0.5756646216768916,-4.400000000000004,6.903764094268928,-0.0347648261758691,0.4340490797546012
2026-10-02,4526,0.5756646216768916,-7.04607430451043,20.991255868628144,0.2730061349693251,0.8325664621676891
2026-10-02,4528,0.5756646216768916,-2.6315777255557338,4.7297284409806535,-0.1881390593047034,0.2249488752556237
2026-10-02,4529,0.5756646216768916,-17.53086808141694,24.550903343155,0.3072597137014314,0.8619631901840491
2026-10-02,4530,0.5756646216768916,-19.327731092436977,32.29166666666667,-0.1446830265848671,0.2791411042944785
2026-10-02,4532,0.5756646216768916,-3.3203139406395854,9.292933916804763,-0.0273517382413088,0.44734151329243355
2026-10-02,4533,0.5756646216768916,-3.5781516548387016,9.765625,0.3686094069529652,0.9054192229038854
2026-10-02,4534,0.5756646216768916,-13.793101558314824,25.166664123535153,-0.0421779141104294,0.4199897750511247
2026-10-02,4535,0.5756646216768916,-4.973355728249096,7.289715348003066,-0.0764314928425358,0.37985685071574643
2026-10-02,4536,0.5756646216768916,-3.8922155688622784,4.361370716510903,-0.245398773006135,0.16411042944785276
2026-10-02,4538,0.5756646216768916,-3.888888888888886,5.202309933701002,-0.079243353783231,0.3783231083844581
2026-10-02,4540,0.5756646216768916,-4.088048013364398,13.442617947938013,-0.1558026584867076,0.2632924335378323
2026-10-02,4541,0.5756646216768916,-7.396592272884583,16.170695253362826,0.3104550102249488,0.8665644171779141
2026-10-02,4542,0.5756646216768916,-5.742296918767509,32.09509658246657,0.2635480572597136,0.8236196319018405
2026-10-02,4543,0.5756646216768916,-1.4658004943201353,10.57851491880811,0.4644683026584868,0.967280163599182
2026-10-02,4545,0.5756646216768916,-3.0674846625766916,24.050632911392405,0.0925357873210634,0.6605316973415133
2026-10-02,4549,0.5756646216768916,-5.027751889550958,9.713238581846577,0.1175869120654397,0.6932515337423313
2026-10-02,4550,0.5756646216768916,-2.620967741935487,6.418219461697726,-0.1334355828220858,0.2934560327198364
2026-10-02,4551,0.5756646216768916,-1.0638297872340383,19.35483870967742,0.4780163599182003,0.9723926380368099
2026-10-02,4552,0.5756646216768916,-7.121663823755098,11.82108869948707,0.2699386503067484,0.8277096114519428
2026-10-02,4554,0.5756646216768916,-6.644519455557796,7.651244194057913,0.1359918200408997,0.7106339468302658
2026-10-02,4555,0.5756646216768916,-9.539124073576469,13.270147603834976,0.3663087934560327,0.9038854805725971
2026-10-02,4556,0.5756646216768916,-6.530612244897959,49.34497816593886,0.0260736196319018,0.5600715746421268
2026-10-02,4557,0.5756646216768916,-1.3725490196078494,3.9761431411530817,-0.1035276073619632,0.3394683026584867
2026-10-02,4558,0.5756646216768916,-5.352112676056331,8.3333310626802,-0.1671779141104294,0.2505112474437628
2026-10-02,4560,0.5756646216768916,-0.1672240802675473,4.522615621237694,0.2213701431492843,0.7883435582822086
2026-10-02,4561,0.5756646216768916,-2.242149121824155,12.844033197525444,0.1058282208588956,0.6768916155419223
2026-10-02,4562,0.5756646216768916,-5.015672845340269,10.726072607260726,0.1827709611451943,0.7530674846625767
2026-10-02,4563,0.5756646216768916,-2.2058850959922216,20.958649484734785,-0.025562372188139,0.4483640081799591
2026-10-02,4564,0.5756646216768916,-2.1020998591540385,7.3619620200315135,0.2837423312883436,0.8430470347648262
2026-10-02,4566,0.5756646216768916,-1.8134676212238745,19.261211707283763,0.0172546012269938,0.5439672801635992
2026-10-02,4568,0.5756646216768916,-3.5846742536231324,5.000001956255009,-0.3159509202453987,0.10071574642126789
2026-10-02,4569,0.5756646216768916,-14.986376021798364,20.192307692307693,0.2338957055214723,0.799079754601227
2026-10-02,4571,0.5756646216768916,-5.810397553516822,11.03896103896104,0.2404141104294478,0.8057259713701431
2026-10-02,4572,0.5756646216768916,-4.123711340206182,5.376344086021505,-0.1124744376278118,0.32413087934560325
2026-10-02,4576,0.5756646216768916,-9.302325581395356,16.666666666666664,0.0554703476482617,0.6129856850715747
2026-10-02,4577,0.5756646216768916,-6.026559176630142,17.065222366996434,0.0945807770961144,0.6630879345603272
2026-10-02,4580,0.5756646216768916,-2.721893491124261,5.352799909828352,-0.0112474437627811,0.48006134969325154
2026-10-02,4581,0.5756646216768916,-1.0309278350515427,2.9166698455810547,-0.1851993865030674,0.2305725971370143
2026-10-02,4582,0.5756646216768916,-6.722686085506602,8.108104671443906,0.1109406952965235,0.683282208588957
2026-10-02,4583,0.5756646216768916,-14.213197969543144,18.698224852071004,0.204243353783231,0.7755623721881391
2026-10-02,4584,0.5756646216768916,-4.642405382581128,9.210526315789473,0.2061605316973415,0.7760736196319018
2026-10-02,4585,0.5756646216768916,-4.3973941368078195,7.155025553662692,-0.1439161554192228,0.28016359918200406
2026-10-02,4588,0.5756646216768916,-3.645830780819548,13.87386837521115,-0.1293456032719836,0.2995910020449898
2026-10-02,4590,0.5756646216768916,-7.030433197487939,9.593679458239263,-0.1747188139059304,0.24233128834355827
2026-10-02,4609,0.5756646216768916,-2.0576131687242927,17.01680271565414,0.1812372188139058,0.7515337423312883
2026-10-02,4702,0.5756646216768916,-5.010222355316252,6.781486700117544,-0.0230061349693251,0.4527096114519427
2026-10-02,4706,0.5756646216768916,-19.30232558139534,30.547546034931106,-0.1559304703476483,0.26226993865030673
2026-10-02,4707,0.5756646216768916,-6.220844264249948,23.051412149052915,0.6538854805725972,0.9974437627811861
2026-10-02,4711,0.5756646216768916,-2.3809479477722606,4.573170731707318,-0.0191717791411042,0.46140081799591004
2026-10-02,4714,0.5756646216768916,-4.633203228588966,19.838055135750096,-0.0894683026584868,0.3614519427402863
2026-10-02,4716,0.5756646216768916,0.0,13.984172891501068,0.4382668711656441,0.950920245398773
2026-10-02,4720,0.5756646216768916,0.0,14.79713421732827,0.3494376278118609,0.8941717791411042
2026-10-02,4721,0.5756646216768916,-3.677346310242125,18.965519120540524,0.2459100204498978,0.8093047034764826
2026-10-02,4722,0.5756646216768916,0.0,23.043478260869566,0.3903374233128833,0.9258691206543967
2026-10-02,4726,0.5756646216768916,-4.722794100425864,9.698275862068966,0.4418456032719837,0.9550102249488752
2026-10-02,4728,0.5756646216768916,-2.832512315270941,4.055766793409378,-0.2149795501022495,0.19478527607361965
2026-10-02,4729,0.5756646216768916,-6.413298270736956,14.720810246346566,0.2356850715746421,0.8031697341513292
2026-10-02,4735,0.5756646216768916,-6.005220059730387,8.472220102945965,-0.0843558282208589,0.37244376278118607
2026-10-02,4736,0.5756646216768916,-3.7174721189591087,8.880308880308881,-0.5150817995910021,0.034764826175869123
2026-10-02,4737,0.5756646216768916,-7.401314627513322,13.499109190268374,-0.4135991820040899,0.05572597137014315
2026-10-02,4739,0.5756646216768916,-1.334818137387317,17.023673589764478,0.4913087934560327,0.976482617586912
2026-10-02,4741,0.5756646216768916,-2.6869158878504606,14.8859580453275,0.6377811860940695,0.9964212678936605
2026-10-02,4743,0.5756646216768916,-0.736842105263158,9.544008483563095,0.3762781186094069,0.91359918200409
2026-10-02,4744,0.5756646216768916,-9.87261037003596,17.6678445229682,-0.293200408997955,0.1221881390593047
2026-10-02,4745,0.5756646216768916,-0.4081632653061273,6.147540983606558,0.193762781186094,0.7648261758691206
2026-10-02,4746,0.5756646216768916,-3.024190565053586,9.563406391104143,0.0575153374233128,0.6186094069529653
2026-10-02,4747,0.5756646216768916,-11.389960084863027,14.379081642965346,0.003323108384458,0.5145705521472392
2026-10-02,4749,0.5756646216768916,-4.848484848484846,15.796178343949045,0.4575664621676891,0.9631901840490797
2026-10-02,4754,0.5756646216768916,-2.179487179487183,5.373523557170503,-0.0416666666666667,0.4215235173824131
2026-10-02,4755,0.5756646216768916,-2.008032128514059,12.704918032786884,0.2839979550102249,0.843558282208589
2026-10-02,4760,0.5756646216768916,0.0,22.239747634069403,0.2640593047034765,0.8241308793456033
2026-10-02,4763,0.5756646216768916,-11.86915887850467,18.239657421253646,0.3502044989775051,0.8951942740286298
2026-10-02,4764,0.5756646216768916,-16.25514403292181,33.415233415233416,0.4642126789366053,0.9667689161554193
2026-10-02,4766,0.5756646216768916,0.0,6.373937677053824,0.0260736196319018,0.5600715746421268
2026-10-02,4767,0.5756646216768916,-2.7118644067796627,7.839721254355402,0.0457566462167688,0.5986707566462167
2026-10-02,4768,0.5756646216768916,-7.187112763320947,30.574098798397863,0.0278629856850715,0.565439672801636
2026-10-02,4770,0.5756646216768916,-5.762711864406778,28.776978417266186,-0.1857106339468301,0.22955010224948874
2026-10-02,4771,0.5756646216768916,-2.727272727272722,9.813084112149532,-0.204243353783231,0.21114519427402864
2026-10-02,4772,0.5756646216768916,-3.098106712564541,22.02486678507993,0.1431492842535787,0.7208588957055214
2026-10-02,4806,0.5756646216768916,-9.857792480154949,47.129851668628305,-0.6347137014314929,0.014826175869120654
2026-10-02,4807,0.5756646216768916,-6.065323276296796,16.225170615493067,-0.1173312883435582,0.3187627811860941
2026-10-02,4903,0.5756646216768916,-2.4757804090419944,29.3598200311724,0.0352760736196319,0.5805214723926381
2026-10-02,4904,0.5756646216768916,-1.395348837209298,5.188679245283019,-0.3366564417177914,0.08997955010224949
2026-10-02,4905,0.5756646216768916,0.0,18.27027191986909,0.0945807770961145,0.6643660531697342
2026-10-02,4906,0.5756646216768916,-4.013761467889909,20.908008425039203,0.0874233128834356,0.6528629856850716
2026-10-02,4907,0.5756646216768916,-6.806282722513091,10.449441631188554,-0.0529141104294478,0.4100204498977505
2026-10-02,4908,0.5756646216768916,-15.283018867924524,29.398663697104677,-0.3813905930470348,0.06595092024539877
2026-10-02,4909,0.5756646216768916,-5.9948997887806055,16.010858957608974,0.6388036809815951,0.9969325153374233
2026-10-02,4911,0.5756646216768916,-5.333333333333334,6.866197183098589,-0.1196319018404908,0.3164621676891616
2026-10-02,4912,0.5756646216768916,-3.6363636363636376,23.58490566037736,0.0871676891615541,0.651840490797546
2026-10-02,4915,0.5756646216768916,-3.157894736842093,10.714288083662897,-0.3476482617586911,0.08282208588957055
2026-10-02,4916,0.5756646216768916,-2.7906976744186074,14.545451625112154,0.0509969325153374,0.6058282208588958
2026-10-02,4919,0.5756646216768916,-2.39520958083832,35.58282208588957,0.1303680981595093,0.7050102249488752
2026-10-02,4923,0.5756646216768916,-4.857142857142859,30.180177889070713,-0.1306237218813906,0.29780163599182
2026-10-02,4924,0.5756646216768916,-15.200000000000005,55.22012410673705,-0.5276073619631902,0.032208588957055216
2026-10-02,4927,0.5756646216768916,0.0,16.92627206645898,0.0048568507157463,0.5194274028629857
2026-10-02,4930,0.5756646216768916,-3.3536562885576715,4.4164025821144275,-0.1002044989775051,0.34662576687116564
2026-10-02,4931,0.5756646216768916,-4.545454545454541,16.26984126984127,0.2958844580777096,0.8553169734151329
2026-10-02,4933,0.5756646216768916,-2.177855730222389,8.163261059706198,0.4072085889570552,0.9340490797546013
2026-10-02,4934,0.5756646216768916,-2.9605250981045383,13.559322033898304,0.2852760736196318,0.8445807770961146
2026-10-02,4935,0.5756646216768916,-3.008600229144154,12.998527402891892,0.2359406952965235,0.803680981595092
2026-10-02,4938,0.5756646216768916,-6.6945591802007876,8.183851370362422,-0.3202965235173823,0.09764826175869121
2026-10-02,4939,0.5756646216768916,-16.19047619047619,29.29292543969973,-0.0536809815950919,0.40899795501022496
2026-10-02,4942,0.5756646216768916,-5.263157894736848,8.41269720168341,0.2377300613496932,0.8041922290388548
2026-10-02,4943,0.5756646216768916,-18.90909090909091,25.710011811534383,-0.0120143149284253,0.47673824130879344
2026-10-02,4946,0.5756646216768916,-1.4634146341463428,15.346534653465346,0.0237730061349692,0.5541922290388548
2026-10-02,4949,0.5756646216768916,-5.243902439024383,14.157014157014157,0.3107106339468303,0.8670756646216768
2026-10-02,4950,0.5756646216768916,-2.127664113718319,6.832300506023135,0.1109406952965235,0.683282208588957
2026-10-02,4951,0.5756646216768916,-16.98630136986301,34.433446701603756,-0.2850204498977506,0.12934560327198363
2026-10-02,4952,0.5756646216768916,-1.930500486079345,11.122042738546538,0.4284253578732105,0.9458077709611452
2026-10-02,4953,0.5756646216768916,-6.3745019920318775,8.085106382978724,-0.0216002044989775,0.455521472392638
2026-10-02,4956,0.5756646216768916,-6.827307809535688,39.87068965517241,-0.0339979550102249,0.4353271983640082
2026-10-02,4958,0.5756646216768916,0.0,20.409982174688057,0.1840490797546012,0.754601226993865
2026-10-02,4960,0.5756646216768916,-1.6032094216750892,22.199595775720788,0.0994376278118609,0.6684560327198364
2026-10-02,4961,0.5756646216768916,-2.910052910052907,13.62397820163488,-0.2106339468302658,0.20168711656441718
2026-10-02,4966,0.5756646216768916,-2.0477815699658675,11.32404181184669,0.3530163599182003,0.8967280163599182
2026-10-02,4967,0.5756646216768916,-5.043478260869561,7.875457875457875,-0.2852760736196319,0.12883435582822086
2026-10-02,4968,0.5756646216768916,-1.9323671497584516,16.453198963785407,0.3438139059304703,0.8890593047034765
2026-10-02,4971,0.5756646216768916,-18.35883171070932,33.901192504258944,0.2124233128834355,0.782719836400818
2026-10-02,4972,0.5756646216768916,-4.985332991763169,5.555553200804157,-0.0228783231083844,0.4534764826175869
2026-10-02,4973,0.5756646216768916,-12.063492063492063,18.050541516245488,0.3144171779141104,0.8696319018404908
2026-10-02,4974,0.5756646216768916,-5.695364238410594,7.724719101123595,-0.153118609406953,0.26789366053169733
2026-10-02,4976,0.5756646216768916,-13.571428571428578,20.52341807972301,0.2000255623721881,0.7709611451942741
2026-10-02,4977,0.5756646216768916,-5.645161290322576,14.529914529914532,-0.14890081799591,0.27300613496932513
2026-10-02,4979,0.5756646216768916,-11.094224924012153,26.83760683760684,-0.0398773006134969,0.42586912065439675
2026-10-02,4989,0.5756646216768916,-4.341317365269459,13.302035622753444,0.4695807770961146,0.9708588957055214
2026-10-02,4991,0.5756646216768916,-4.642857142857137,26.779026217228463,0.2492331288343559,0.810838445807771
2026-10-02,4994,0.5756646216768916,-6.682030930689409,9.629633397231869,-0.244120654396728,0.16666666666666666
2026-10-02,4995,0.5756646216768916,-7.224331909421389,9.426226381395685,-0.4534764826175869,0.04652351738241309
2026-10-02,4999,0.5756646216768916,-3.513513513513511,5.602240896358543,0.0725971370143149,0.6377811860940695
2026-10-02,5007,0.5756646216768916,-1.236746454050086,2.504468177426906,-0.2144683026584867,0.19529652351738241
2026-10-02,5009,0.5756646216768916,-3.0746749017952824,7.099704800055466,0.1482617586912065,0.7259713701431493
2026-10-02,5011,0.5756646216768916,0.0,12.71393456494021,0.3726993865030674,0.9105316973415133
2026-10-02,5013,0.5756646216768916,0.0,43.32977750894227,0.0076687116564416,0.5265848670756647
2026-10-02,5014,0.5756646216768916,-2.884611822444161,7.623757466231225,0.1549079754601227,0.7321063394683026
2026-10-02,5015,0.5756646216768916,0.0,12.108562684507108,0.0498466257668711,0.6040388548057259
2026-10-02,5016,0.5756646216768916,-2.7210884353741416,18.35664469045358,0.0227505112474436,0.553680981595092
2026-10-02,5201,0.5756646216768916,-10.256412450927044,19.28571973528181,-0.7315950920245399,0.005112474437627812
2026-10-02,5202,0.5756646216768916,-11.32075258940576,30.49644848979109,-0.3352505112474438,0.09100204498977506
2026-10-02,5203,0.5756646216768916,-3.660563277831708,8.635578583765112,0.1485173824130879,0.726482617586912
2026-10-02,5205,0.5756646216768916,0.0,27.631578947368425,0.1932515337423312,0.7638036809815951
2026-10-02,5206,0.5756646216768916,-3.991593560983142,12.253825982759505,-0.0084355828220858,0.48517382413087934
2026-10-02,5209,0.5756646216768916,-3.296703296703296,17.045454545454543,-0.2157464212678936,0.19427402862985685
2026-10-02,5210,0.5756646216768916,-1.941746362257113,9.73596982043175,-0.0337423312883435,0.43660531697341515
2026-10-02,5211,0.5756646216768916,-5.530975045888187,16.627640020651892,0.04780163599182,0.5999488752556237
2026-10-02,5212,0.5756646216768916,-0.4040404040404066,6.896554819226991,-0.0483128834355828,0.41411042944785276
2026-10-02,5213,0.5756646216768916,-4.1958076033938525,6.08272506082725,-0.0296523517382412,0.44350715746421265
2026-10-02,5215,0.5756646216768916,-4.015052786413897,7.18954248366013,0.2992075664621676,0.8573619631901841
2026-10-02,5220,0.5756646216768916,-4.938268620315,22.294370642988195,0.0547034764826175,0.6114519427402862
2026-10-02,5222,0.5756646216768916,-0.9216589861751112,6.976744186046512,0.2111451942740286,0.7806748466257669
2026-10-02,5223,0.5756646216768916,-8.200000000000006,11.111107786756197,0.1416155419222904,0.717280163599182
2026-10-02,5225,0.5756646216768916,-10.0486234785649,16.39640052039344,0.3164621676891615,0.871676891615542
2026-10-02,5227,0.5756646216768916,-6.859753931086332,12.438622707235831,-0.0475460122699386,0.4156441717791411
2026-10-02,5228,0.5756646216768916,0.0,20.395421436004156,0.3921267893660531,0.9263803680981595
2026-10-02,5230,0.5756646216768916,-7.676350009073751,30.561802896221028,-0.0798824130879346,0.37678936605316976
2026-10-02,5234,0.5756646216768916,-5.167173252279634,16.346153846153847,0.3865030674846626,0.9238241308793456
2026-10-02,5236,0.5756646216768916,-2.166064981949456,6.642066420664207,0.1851993865030674,0.7556237218813906
2026-10-02,5243,0.5756646216768916,-4.670050761421319,14.270502157485524,0.2244376278118609,0.7908997955010225
2026-10-02,5244,0.5756646216768916,-2.9487179487179493,17.173051519154555,-0.0155930470347648,0.47162576687116564
2026-10-02,5245,0.5756646216768916,-11.889593748496596,15.66265060240964,0.310838445807771,0.8675869120654397
2026-10-02,5251,0.5756646216768916,-9.10470620174828,25.87646076794658,-0.6042944785276074,0.019427402862985686
2026-10-02,5258,0.5756646216768916,-11.392407915705816,15.714291163853236,0.4073364008179959,0.934560327198364
2026-10-02,5263,0.5756646216768916,-14.622641509433963,19.88950276243094,0.1201431492842536,0.6955521472392638
2026-10-02,5269,0.5756646216768916,-2.9900332225913595,14.04109589041096,-0.3209355828220859,0.09713701431492842
2026-10-02,5272,0.5756646216768916,-4.032260032730505,12.88516047288056,0.2728783231083844,0.831799591002045
2026-10-02,5274,0.5756646216768916,-13.577981651376149,24.575371549893845,-0.5580265848670756,0.0270961145194274
2026-10-02,5276,0.5756646216768916,-5.305041704151714,9.243695341906292,-0.1820040899795501,0.23415132924335377
2026-10-02,5278,0.5756646216768916,-3.6585380793232143,6.54008921691637,-0.0403885480572597,0.4238241308793456
2026-10-02,5283,0.5756646216768916,-6.749554686599579,7.8095223563057985,-0.3997955010224948,0.06237218813905931
2026-10-02,5284,0.5756646216768916,-16.97312588401697,22.31686541737649,0.1462167689161554,0.7246932515337423
2026-10-02,5285,0.5756646216768916,-2.941176470588236,22.727272727272727,0.174079754601227,0.7461656441717791
2026-10-02,5287,0.5756646216768916,-1.0791366906474864,3.636363636363636,0.0063905930470348,0.5255623721881391
2026-10-02,5288,0.5756646216768916,-2.8350515463917536,8.488063660477453,-0.1017382413087935,0.3427914110429448
2026-10-02,5289,0.5756646216768916,-10.996563573883169,16.602316602316602,0.1674335378323108,0.7436094069529653
2026-10-02,5291,0.5756646216768916,-14.127420193042706,25.32257572297127,0.3604294478527607,0.9013292433537833
2026-10-02,5292,0.5756646216768916,-1.6393442622950838,15.0,0.112346625766871,0.6860940695296524
2026-10-02,5299,0.5756646216768916,-0.9478672985781976,13.779905766391298,0.3223415132924335,0.876278118609407
2026-10-02,5302,0.5756646216768916,-4.285714285714281,9.651743950535408,0.5049846625766871,0.9800613496932515
2026-10-02,5306,0.5756646216768916,-6.8783068783068835,8.636361902410334,-0.2400306748466257,0.17177914110429449
2026-10-02,5309,0.5756646216768916,-3.3823529411764697,30.365297964900233,0.1418711656441718,0.7183026584867076
2026-10-02,5310,0.5756646216768916,-1.0033444816053394,21.959460748208528,0.0127811860940695,0.5350204498977505
2026-10-02,5312,0.5756646216768916,-2.500000000000002,3.2329988851728046,-0.217280163599182,0.19274028629856851
2026-10-02,5314,0.5756646216768916,-36.11111006958644,72.90969644501855,0.0056237218813905,0.5232617586912065
2026-10-02,5315,0.5756646216768916,-3.580558897074382,8.222807623663378,-0.0186605316973414,0.46344580777096117
2026-10-02,5321,0.5756646216768916,-20.87658314341978,33.38192086178082,-0.1935071574642127,0.22085889570552147
2026-10-02,5324,0.5756646216768916,-5.323191169860342,8.835336769441032,-0.2897494887525561,0.12474437627811862
2026-10-02,5328,0.5756646216768916,-6.487342901020499,20.135366372045528,0.7298057259713701,0.9984662576687117
2026-10-02,5340,0.5756646216768916,-6.306309526243825,14.423076923076922,-0.2502556237218815,0.1605316973415133
2026-10-02,5344,0.5756646216768916,-4.5454558186370235,10.989010989010987,0.0277351738241309,0.5649284253578732
2026-10-02,5345,0.5756646216768916,-7.641919858872859,13.47517910860391,-0.0649284253578732,0.39723926380368096
2026-10-02,5347,0.5756646216768916,-0.7957559681697646,22.192513368983956,0.0291411042944786,0.5679959100204499
2026-10-02,5348,0.5756646216768916,-3.2544356860648493,9.48011765786266,0.2080777096114519,0.7770961145194274
2026-10-02,5351,0.5756646216768916,-8.661417322834641,21.120689655172413,0.1353527607361963,0.7101226993865031
2026-10-02,5353,0.5756646216768916,-0.8650505945680953,5.759160972182455,0.0580265848670757,0.6193762781186094
2026-10-02,5355,0.5756646216768916,-0.6711409395973145,23.513512998013884,-0.0879345603271983,0.36273006134969327
2026-10-02,5356,0.5756646216768916,-2.2770412629354975,3.4951441496321296,-0.2121676891615541,0.19913087934560328
2026-10-02,5364,0.5756646216768916,-2.8070197120572793,4.211797610947371,-0.0963701431492842,0.3537832310838446
2026-10-02,5381,0.5756646216768916,-11.886792452830186,16.916491490104725,0.2349182004089979,0.8018916155419223
2026-10-02,5386,0.5756646216768916,-13.716814159292037,29.743589743589745,-0.2137014314928426,0.19734151329243355
2026-10-02,5388,0.5756646216768916,-7.5933039639272,10.72422973292784,0.0927914110429447,0.661042944785276
2026-10-02,5392,0.5756646216768916,-12.649942567380378,16.729081019331304,0.4253578732106338,0.9442740286298569
2026-10-02,5398,0.5756646216768916,-7.142855938020764,7.692309089632711,-0.0973926380368098,0.35224948875255624
2026-10-02,5403,0.5756646216768916,-3.1347931493296732,3.991366718707877,-0.2341513292433538,0.17765848670756645
2026-10-02,5410,0.5756646216768916,-9.190674054376336,13.14200087256302,0.352760736196319,0.8962167689161554
2026-10-02,5425,0.5756646216768916,-1.9230769230769271,19.21568477855009,0.3580010224948876,0.8992842535787321
2026-10-02,5426,0.5756646216768916,-0.8361204013377921,9.27487481102774,0.1009713701431493,0.6720347648261759
2026-10-02,5432,0.5756646216768916,-4.081632653061229,17.325227963525837,-0.179959100204499,0.2367075664621677
2026-10-02,5434,0.5756646216768916,-0.3418803418803406,11.49228130360206,-0.0217280163599182,0.4550102249488753
2026-10-02,5438,0.5756646216768916,-2.528085709821959,9.221893222599965,0.2172801635991821,0.7868098159509203
2026-10-02,5439,0.5756646216768916,-6.985294117647056,13.83399209486166,0.4392893660531697,0.9514314928425358
2026-10-02,5443,0.5756646216768916,-7.346938775510203,18.06167400881057,0.1050613496932515,0.6758691206543967
2026-10-02,5450,0.5756646216768916,-3.947367215750941,6.8493150684931505,-0.1398261758691206,0.28578732106339466
2026-10-02,5452,0.5756646216768916,-0.8865275041694543,9.838998211091235,0.1671779141104294,0.7428425357873211
2026-10-02,5457,0.5756646216768916,-13.628318584070795,20.286888372702677,0.3228527607361964,0.8778118609406953
2026-10-02,5460,0.5756646216768916,-2.7932940177980203,11.206895455546764,-0.085122699386503,0.3696319018404908
2026-10-02,5464,0.5756646216768916,-9.118239251995208,35.06064283545513,-0.5273517382413088,0.033231083844580775
2026-10-02,5465,0.5756646216768916,-10.419487641258652,40.48338829570666,-0.0994376278118609,0.34892638036809814
2026-10-02,5468,0.5756646216768916,-11.578947368421057,17.65873318626767,0.2152351738241308,0.7847648261758691
2026-10-02,5469,0.5756646216768916,-0.3937007874015741,6.982870189882867,0.1296012269938651,0.7044989775051125
2026-10-02,5471,0.5756646216768916,-13.848629123082778,22.8037326135368,0.6255112474437629,0.9959100204498977
2026-10-02,5474,0.5756646216768916,-5.555555555555558,15.479876160990711,-0.2686605316973415,0.14340490797546013
2026-10-02,5475,0.5756646216768916,-13.429256594724226,22.437673130193904,0.2676380368098159,0.8266871165644172
2026-10-02,5478,0.5756646216768916,-1.1144852910370815,2.254095233854715,-0.0176380368098159,0.4667689161554192
2026-10-02,5481,0.5756646216768916,-2.017933867516408,11.212809407738307,-0.497443762781186,0.03936605316973415
2026-10-02,5483,0.5756646216768916,-3.4858387799564294,26.86230248306998,0.0835889570552148,0.6487730061349694
2026-10-02,5484,0.5756646216768916,-10.229885057471266,13.57234119605774,-0.0690184049079754,0.39059304703476483
2026-10-02,5487,0.5756646216768916,-3.618419843202136,8.191124977919022,-0.2083333333333333,0.20449897750511248
2026-10-02,5488,0.5756646216768916,-3.529411764705881,10.569107241746856,0.3481595092024539,0.8923824130879345
2026-10-02,5489,0.5756646216768916,-9.227464838886345,17.848697959954013,0.1379089979550102,0.7142126789366053
2026-10-02,5490,0.5756646216768916,-5.646632859231571,9.459462405171632,0.4501533742331288,0.9606339468302658
2026-10-02,5493,0.5756646216768916,-2.975556343809227,12.486310543131331,-0.2620143149284254,0.15184049079754602
2026-10-02,5498,0.5756646216768916,-2.2847126379911376,14.118709152551007,0.4589723926380369,0.9647239263803681
2026-10-02,5508,0.5756646216768916,-10.499999999999998,15.456236940522434,0.0879345603271983,0.6538854805725971
2026-10-02,5511,0.5756646216768916,-3.2258105937081116,4.057975437330163,-0.2868098159509202,0.1273006134969325
2026-10-02,5512,0.5756646216768916,-1.9132672151591312,4.55137037021751,-0.1068507157464212,0.33588957055214724
2026-10-02,5514,0.5756646216768916,-1.6233741865126827,5.940591541453939,-0.2014314928425358,0.21319018404907975
2026-10-02,5515,0.5756646216768916,-3.9473697985402456,9.491198216865673,-0.0856339468302658,0.3675869120654397
2026-10-02,5516,0.5756646216768916,-4.858302533901016,7.234045799742368,-0.4905419222903885,0.0408997955010225
2026-10-02,5519,0.5756646216768916,-9.07440764534585,10.978043912175648,0.1319018404907975,0.706799591002045
2026-10-02,5520,0.5756646216768916,-0.5952380952380931,2.9940119760479043,-0.1333077709611451,0.29422290388548056
2026-10-02,5521,0.5756646216768916,0.0,4.205607476635508,-0.1260224948875254,0.3041922290388548
2026-10-02,5522,0.5756646216768916,-6.346747013877351,7.603303263010072,0.0258179959100204,0.5593047034764826
2026-10-02,5523,0.5756646216768916,-0.1647459006302143,0.6600685245526505,-0.2405419222903886,0.16998977505112475
2026-10-02,5525,0.5756646216768916,-4.595187588360949,5.275231107659299,-0.2969069529652353,0.1165644171779141
2026-10-02,5529,0.5756646216768916,-2.0676705773766457,15.738964996045016,-0.3195296523517382,0.09815950920245399
2026-10-02,5530,0.5756646216768916,-3.5643564356435564,5.749485086366626,-0.2356850715746421,0.17484662576687116
2026-10-02,5531,0.5756646216768916,-8.28877028733327,9.18367513762271,-0.1004601226993865,0.34611451942740284
2026-10-02,5533,0.5756646216768916,-2.4561403508771895,4.316549506976463,-0.2721114519427403,0.1385480572597137
2026-10-02,5534,0.5756646216768916,-6.887756914260301,7.8082254488174225,-0.0394938650306748,0.4268916155419223
2026-10-02,5536,0.5756646216768916,-1.9487179487179485,16.631799163179917,0.395961145194274,0.9289366053169734
2026-10-02,5538,0.5756646216768916,-5.789473684210533,9.078212290502794,0.0145705521472393,0.5424335378323109
2026-10-02,5543,0.5756646216768916,-7.094595791912129,13.090910478071732,-0.0812883435582821,0.37627811860940696
2026-10-02,5546,0.5756646216768916,-11.858976514303354,14.545454545454543,-0.1076175869120654,0.33307770961145194
2026-10-02,5547,0.5756646216768916,-0.9803903052459152,4.207922680543201,-0.1296012269938649,0.2985685071574642
2026-10-02,5548,0.5756646216768916,-2.4330864020609355,2.743138339454099,-0.1733128834355828,0.24309815950920247
2026-10-02,5601,0.5756646216768916,-1.768489950879326,7.201311826315722,-0.0904907975460122,0.35991820040899797
2026-10-02,5603,0.5756646216768916,-5.902775285052586,8.48708205557396,0.0843558282208589,0.6497955010224948
2026-10-02,5604,0.5756646216768916,-1.5673969420358036,3.503185928247537,-0.1270449897750512,0.30214723926380366
2026-10-02,5607,0.5756646216768916,-11.301372180537085,13.127419018837475,-0.189161554192229,0.22392638036809817
2026-10-02,5608,0.5756646216768916,-4.456828573462679,10.20408163265306,-0.3286042944785275,0.09304703476482618
2026-10-02,5609,0.5756646216768916,-1.763226069237045,2.0512800950270433,-0.3038087934560327,0.11094069529652352
2026-10-02,5701,0.5756646216768916,-7.28929103001934,9.82800631323962,0.0557259713701431,0.6142638036809815
2026-10-02,5704,0.5756646216768916,-5.274264652742644,6.6815144766147,-0.2231595092024539,0.18737218813905931
2026-10-02,5706,0.5756646216768916,-2.7533072331867303,4.077017104774208,0.0084355828220858,0.5276073619631901
2026-10-02,5864,0.5756646216768916,-0.889449778127116,13.58974163348858,0.1658997955010224,0.7413087934560327
2026-10-02,5871,0.5756646216768916,-13.130434782608692,15.115115115115108,-0.1306237218813906,0.29780163599182
2026-10-02,5876,0.5756646216768916,-2.0999999999999908,10.010217621815949,-0.6313905930470349,0.015337423312883436
2026-10-02,5878,0.5756646216768916,-2.3255833209216092,2.3809543993107303,-0.2073108384458077,0.2065439672801636
2026-10-02,5880,0.5756646216768916,-5.25362449793022,7.45698188504571,-0.5521472392638036,0.029141104294478526
2026-10-02,5902,0.5756646216768916,-2.5640983283365393,4.678358111465187,-0.2108895705521472,0.200920245398773
2026-10-02,5903,0.5756646216768916,-0.5347593582887722,1.881720430107527,-0.1399539877300613,0.2852760736196319
2026-10-02,5904,0.5756646216768916,-8.799999999999997,9.941520467836252,-0.1784253578732106,0.23824130879345604
2026-10-02,5905,0.5756646216768916,-5.784064237440867,7.503413243313278,0.2244376278118609,0.7908997955010225
2026-10-02,5906,0.5756646216768916,-6.542054408814158,22.5,-0.513420245398773,0.0352760736196319
2026-10-02,5907,0.5756646216768916,-4.618474260895223,5.89474125912315,-0.2121676891615542,0.1983640081799591
2026-10-02,6005,0.5756646216768916,-3.614460046275037,7.343751192092896,-0.1915899795501023,0.22137014314928424
2026-10-02,6015,0.5756646216768916,-2.465753424657535,10.674155160282435,-0.1873721881390593,0.22597137014314927
2026-10-02,6016,0.5756646216768916,-2.0491787965052133,13.389116550589208,-0.1285787321063394,0.30086912065439675
2026-10-02,6020,0.5756646216768916,-2.8368776801517837,4.136254897662902,-0.0401329243353783,0.4245910020449898
2026-10-02,6021,0.5756646216768916,-8.833148547228454,16.148325358851675,-0.6922290388548058,0.007668711656441718
2026-10-02,6023,0.5756646216768916,-4.509579578200262,7.2018872185609135,-0.1771472392638036,0.24105316973415133
2026-10-02,6024,0.5756646216768916,-5.974840511462154,6.521736578797811,-0.2354294478527607,0.17561349693251535
2026-10-02,6026,0.5756646216768916,-1.543214513368285,7.52351575510629,-0.1717791411042943,0.2448875255623722
2026-10-02,6028,0.5756646216768916,-0.1001016259774556,6.312628308374562,-0.2096114519427402,0.20398773006134968
2026-10-02,6101,0.5756646216768916,-4.303797468354443,9.25925925925926,-0.1981083844580777,0.217280163599182
2026-10-02,6103,0.5756646216768916,-17.888888888888886,42.354532120514946,0.117842535787321,0.693762781186094
2026-10-02,6104,0.5756646216768916,-6.861754368136386,10.72589547765862,0.3545501022494887,0.897239263803681
2026-10-02,6108,0.5756646216768916,-2.4667945808715452,19.260703357741065,-0.0350204498977504,0.4335378323108384
2026-10-02,6109,0.5756646216768916,-9.21052327776869,11.594201055701788,0.1421267893660531,0.7193251533742331
2026-10-02,6111,0.5756646216768916,-0.7751957545870325,14.583339293797811,0.3381901840490797,0.8870143149284253
2026-10-02,6112,0.5756646216768916,-10.2636509053333,18.88772298006296,-0.6257668711656441,0.015848670756646217
2026-10-02,6113,0.5756646216768916,-4.492187500000011,16.768916155419227,0.2308282208588957,0.7970347648261759
2026-10-02,6114,0.5756646216768916,-9.126213592233013,13.03418477376302,0.4325153374233129,0.9478527607361963
2026-10-02,6115,0.5756646216768916,-3.083703697853135,3.977272727272727,-0.0678680981595092,0.39212678936605316
2026-10-02,6116,0.5756646216768916,-2.431615467402426,17.7570117225528,0.2323619631901839,0.7975460122699386
2026-10-02,6117,0.5756646216768916,-6.886231798812414,9.807077634756205,0.3486707566462167,0.8931492842535788
2026-10-02,6118,0.5756646216768916,-6.647394727029743,15.789468960127223,-0.2124233128834355,0.19785276073619631
2026-10-02,6120,0.5756646216768916,-0.9740259740259716,23.9344262295082,0.0930470347648262,0.6615541922290389
2026-10-02,6121,0.5756646216768916,-5.896805896805901,9.660574412532636,0.3890593047034764,0.9253578732106339
2026-10-02,6122,0.5756646216768916,0.0,22.535211267605632,0.0140593047034763,0.5408997955010225
2026-10-02,6123,0.5756646216768916,-1.7123270550789216,4.181182896772467,-0.1719069529652351,0.2443762781186094
2026-10-02,6124,0.5756646216768916,-2.692999537510765,8.118083996086542,-0.0421779141104294,0.4199897750511247
2026-10-02,6125,0.5756646216768916,-7.789856346933998,15.127702874144308,0.4401840490797546,0.9529652351738241
2026-10-02,6126,0.5756646216768916,-2.647970450236503,11.67999267578125,0.1881390593047035,0.7597137014314929
2026-10-02,6127,0.5756646216768916,-2.0134228187919545,24.315065880344346,0.4665132924335378,0.9693251533742331
2026-10-02,6128,0.5756646216768916,-3.5175860901949796,5.989581346511841,0.0403885480572596,0.5892126789366053
2026-10-02,6129,0.5756646216768916,-4.8231522928323445,14.527030893274269,0.004601226993865,0.5189161554192229
2026-10-02,6130,0.5756646216768916,-14.025503300303654,18.008474576271187,-0.0529141104294478,0.4100204498977505
2026-10-02,6133,0.5756646216768916,-6.129032258064515,31.615122896699148,0.0244120654396727,0.5552147239263804
2026-10-02,6134,0.5756646216768916,-4.777595925023547,8.650519031141869,0.0432004089979549,0.5950920245398773
2026-10-02,6136,0.5756646216768916,-0.1972386587771213,5.138342936519583,-0.1528629856850716,0.2684049079754601
2026-10-02,6138,0.5756646216768916,-4.530201342281881,13.005272407732866,0.4782719836400818,0.9729038854805726
2026-10-02,6139,0.5756646216768916,-0.1288659793814428,10.451612903225808,0.2684049079754601,0.8271983640081799
2026-10-02,6140,0.5756646216768916,-16.075159249668978,39.303490178502024,-0.7696830265848671,0.002044989775051125
2026-10-02,6141,0.5756646216768916,-9.2526702710804,16.47059122721354,-0.1896728016359918,0.22341513292433537
2026-10-02,6142,0.5756646216768916,-6.734695692749493,14.332608529723185,0.0557259713701431,0.6142638036809815
2026-10-02,6143,0.5756646216768916,-9.507831522148669,12.48454693958108,0.1666666666666666,0.7418200408997955
2026-10-02,6144,0.5756646216768916,0.0,13.167261144020385,0.1551635991820041,0.7326175869120655
2026-10-02,6146,0.5756646216768916,-3.16622691292876,8.174386920980927,0.4445296523517383,0.9570552147239264
2026-10-02,6147,0.5756646216768916,-4.29184549356223,27.802690582959645,-0.131646216768916,0.29703476482617586
2026-10-02,6148,0.5756646216768916,-9.501184368402992,38.188974375487,-0.2880879345603272,0.12627811860940696
2026-10-02,6150,0.5756646216768916,-2.6988636363636465,16.934307683123297,0.0534253578732106,0.6101738241308794
2026-10-02,6151,0.5756646216768916,-1.4005623312437154,5.539774894714355,0.1860940695296523,0.7561349693251533
2026-10-02,6152,0.5756646216768916,-0.9463746237198478,16.24203943143226,-0.1866053169734152,0.22648261758691207
2026-10-02,6153,0.5756646216768916,-3.2344973678587796,9.470745713597886,0.3397239263803681,0.8875255623721882
2026-10-02,6154,0.5756646216768916,-0.6993020237835768,3.5211267605633805,-0.2422034764826175,0.1689672801635992
2026-10-02,6155,0.5756646216768916,-3.973509933774833,29.931035535088903,0.2671267893660531,0.8261758691206544
2026-10-02,6156,0.5756646216768916,-0.2232142857142682,11.856823266219232,0.3990286298568508,0.9294478527607362
2026-10-02,6158,0.5756646216768916,-4.395604395604402,9.19540010649582,0.162704498977505,0.7382413087934561
2026-10-02,6160,0.5756646216768916,-7.333333333333336,8.63309352517985,-0.0173824130879345,0.467280163599182
2026-10-02,6161,0.5756646216768916,-6.320754716981137,11.178246197503618,0.043200408997955,0.59560327198364
2026-10-02,6163,0.5756646216768916,-5.287356321839076,13.592229306119158,0.1434049079754601,0.7223926380368099
2026-10-02,6164,0.5756646216768916,-2.702701269653518,15.079362051827566,0.3803680981595092,0.9187116564417178
2026-10-02,6165,0.5756646216768916,-4.077669902912628,9.109311740890687,0.1431492842535787,0.7208588957055214
2026-10-02,6166,0.5756646216768916,-9.40766550522648,27.692307692307693,0.1319018404907975,0.706799591002045
2026-10-02,6167,0.5756646216768916,-2.857142857142869,5.58823230219824,0.082183026584867,0.6467280163599182
2026-10-02,6168,0.5756646216768916,-4.1666666666666625,44.565217391304344,-0.024284253578732,0.4511758691206544
2026-10-02,6169,0.5756646216768916,-4.7619076452737445,8.33333651224774,0.183282208588957,0.7535787321063395
2026-10-02,6170,0.5756646216768916,0.0,3.2487278662357233,-0.0656952965235173,0.39519427402862983
2026-10-02,6171,0.5756646216768916,-10.42047656935562,12.448981148856024,-0.4023517382413088,0.0598159509202454
2026-10-02,6173,0.5756646216768916,-8.45921450151057,30.85808580858086,-0.621676891615542,0.017382413087934562
2026-10-02,6174,0.5756646216768916,0.0,26.81818181818182,0.346881390593047,0.8911042944785276
2026-10-02,6175,0.5756646216768916,-0.5188067444876654,12.646673369127884,0.4585889570552146,0.9637014314928425
2026-10-02,6176,0.5756646216768916,-4.054051010355531,8.992411075149832,0.0329754601226993,0.5769427402862985
2026-10-02,6177,0.5756646216768916,-8.730161493387333,9.565220708432404,-0.3139059304703476,0.10378323108384459
2026-10-02,6179,0.5756646216768916,-12.887831334668752,36.164385651888914,-0.5227505112474438,0.03374233128834356
2026-10-02,6180,0.5756646216768916,-3.850638349771696,5.703879791556052,0.1431492842535787,0.7208588957055214
2026-10-02,6182,0.5756646216768916,-3.57142857142857,29.629629629629623,0.4093813905930471,0.9360940695296524
2026-10-02,6183,0.5756646216768916,-2.029912932793909,3.92584348322911,-0.1859662576687117,0.22903885480572597
2026-10-02,6184,0.5756646216768916,-4.404761904761911,6.600252866448085,-0.0653118609406953,0.39570552147239263
2026-10-02,6185,0.5756646216768916,-3.861002445014794,6.827304640926974,0.0976482617586911,0.6671779141104295
2026-10-02,6186,0.5756646216768916,-12.688817727302382,14.705877073083364,0.0945807770961145,0.6643660531697342
2026-10-02,6187,0.5756646216768916,-5.574912891986061,18.81918819188192,0.0999488752556237,0.6697341513292433
2026-10-02,6188,0.5756646216768916,-10.086457308316689,12.98077289874737,0.4493865030674847,0.9591002044989775
2026-10-02,6189,0.5756646216768916,-1.3833962356325058,9.218433815873937,0.05700408997955,0.6175869120654397
2026-10-02,6190,0.5756646216768916,-1.3927618513288276,8.757068612481241,0.2538343558282208,0.8144171779141104
2026-10-02,6191,0.5756646216768916,-0.3529411764705892,5.312868949232586,0.2510224948875256,0.8123721881390593
2026-10-02,6192,0.5756646216768916,-6.008583690987123,7.30593607305936,-0.0157208588957055,0.4708588957055215
2026-10-02,6194,0.5756646216768916,-1.9639910050560097,3.171949434360001,-0.2859151329243353,0.1278118609406953
2026-10-02,6195,0.5756646216768916,-0.8818355488740326,4.448398576512455,-0.2505112474437627,0.15976482617586912
2026-10-02,6196,0.5756646216768916,-0.1615508885298822,19.498381877022652,0.0214723926380369,0.5511247443762781
2026-10-02,6197,0.5756646216768916,-0.1470588235294112,14.13843888070692,0.2896216768916155,0.8502044989775052
2026-10-02,6198,0.5756646216768916,-0.9925539569060392,3.7593984962406015,0.0265848670756646,0.5626278118609407
2026-10-02,6199,0.5756646216768916,-1.49253731343284,33.48484617291075,-0.0296523517382413,0.4427402862985685
2026-10-02,6201,0.5756646216768916,-9.29520059657345,10.92342857841973,-0.1083844580777095,0.331799591002045
2026-10-02,6202,0.5756646216768916,-0.7849293563579329,16.139240506329116,0.2758179959100204,0.8353783231083844
2026-10-02,6203,0.5756646216768916,-1.147540983606565,2.9850733616261143,0.1321574642126789,0.7075664621676891
2026-10-02,6204,0.5756646216768916,-8.333333333333337,32.45454268022017,0.0708077709611452,0.6352249488752556
2026-10-02,6205,0.5756646216768916,-6.114649681528661,25.101763907734053,0.0347648261758691,0.5787321063394683
2026-10-02,6206,0.5756646216768916,-5.517241379310345,9.124087591240876,-0.3788343558282209,0.0679959100204499
2026-10-02,6207,0.5756646216768916,-6.329113924050633,37.16216216216216,0.0702965235173824,0.6329243353783232
2026-10-02,6208,0.5756646216768916,-1.9512195121951128,12.56218715686703,0.510480572597137,0.9810838445807771
2026-10-02,6209,0.5756646216768916,-2.100346572158307,12.395701902841925,0.1278118609406953,0.7024539877300614
2026-10-02,6210,0.5756646216768916,-3.7837837837837784,11.516849646407566,0.203476482617587,0.7750511247443763
2026-10-02,6212,0.5756646216768916,-8.154508442705266,13.707169862551108,-0.6431492842535789,0.013292433537832311
2026-10-02,6213,0.5756646216768916,-2.4285714285714244,31.91800878477306,0.0002556237218813,0.5056237218813906
2026-10-02,6214,0.5756646216768916,-3.3333333333333326,6.631299734748011,-0.6105572597137015,0.018404907975460124
2026-10-02,6215,0.5756646216768916,-7.29857819905213,10.736196319018406,0.2019427402862985,0.7740286298568507
2026-10-02,6216,0.5756646216768916,-4.8426132542536475,7.124679992520476,0.2900051124744376,0.8507157464212679
2026-10-02,6217,0.5756646216768916,-15.676959619952491,30.704225352112672,0.7493609406952966,0.9989775051124744
2026-10-02,6218,0.5756646216768916,-6.666666666666654,42.701863354037265,-0.1262781186094068,0.30265848670756645
2026-10-02,6219,0.5756646216768916,-6.538461538461537,9.46501743646314,-0.0316973415132924,0.4401840490797546
2026-10-02,6220,0.5756646216768916,-2.3032600945605664,4.911591355599215,0.2712167689161554,0.8297546012269938
2026-10-02,6221,0.5756646216768916,-10.76696566840132,42.64463314340134,-0.6219325153374233,0.01687116564417178
2026-10-02,6222,0.5756646216768916,-4.316548513205765,13.283206107921169,0.3183793456032719,0.873721881390593
2026-10-02,6223,0.5756646216768916,-12.376237623762377,20.05649717514125,-0.3006134969325153,0.11375255623721882
2026-10-02,6224,0.5756646216768916,-12.931037346049424,17.574263091134537,-0.4043967280163599,0.05930470347648262
2026-10-02,6225,0.5756646216768916,-14.625,56.22254981827073,-0.020961145194274,0.45756646216768915
2026-10-02,6226,0.5756646216768916,-10.251450676982598,48.060345649719245,-0.0848670756646217,0.37065439672801637
2026-10-02,6227,0.5756646216768916,-3.436426116838487,24.55516014234875,-0.159381390593047,0.2581799591002045
2026-10-02,6228,0.5756646216768916,-11.40776863083759,23.56165010635167,0.0403885480572596,0.5892126789366053
2026-10-02,6229,0.5756646216768916,-1.4256588510690893,8.05784651070587,0.1670501022494887,0.7423312883435583
2026-10-02,6230,0.5756646216768916,-6.302521008403361,12.10762331838565,-0.0461400817995909,0.4171779141104294
2026-10-02,6231,0.5756646216768916,-1.8181818181818188,17.901234567901234,0.300741308793456,0.8588957055214724
2026-10-02,6233,0.5756646216768916,-3.877551020408166,19.108280254777068,0.1986196319018405,0.7689161554192229
2026-10-02,6234,0.5756646216768916,-5.667056813680082,24.28034279910435,0.2901329243353783,0.8512269938650306
2026-10-02,6235,0.5756646216768916,-3.435582822085881,8.132149334026565,0.0585378323108384,0.6201431492842536
2026-10-02,6236,0.5756646216768916,-11.518326374506804,27.81065540200861,-0.2696830265848671,0.14212678936605316
2026-10-02,6237,0.5756646216768916,-6.803596177232696,16.253447729693956,0.1873721881390593,0.7579243353783232
2026-10-02,6239,0.5756646216768916,-2.5316455696202556,17.532467532467532,0.1679447852760737,0.7443762781186094
2026-10-02,6240,0.5756646216768916,-6.548672566371683,26.32576046567975,0.2093558282208589,0.7786298568507157
2026-10-02,6241,0.5756646216768916,-6.8767949024279185,15.076927771935097,0.2562627811860941,0.8179959100204499
2026-10-02,6242,0.5756646216768916,-1.8840579710144856,2.363365545230567,-0.1320296523517382,0.2965235173824131
2026-10-02,6243,0.5756646216768916,-1.083030674665253,12.773722627737223,-0.1234662576687117,0.30828220858895705
2026-10-02,6244,0.5756646216768916,-3.984065204269815,14.10788223456545,0.2540899795501022,0.8149284253578732
2026-10-02,6245,0.5756646216768916,-2.6490049829378526,16.439909297052154,-0.1152862985685072,0.3225971370143149
2026-10-02,6246,0.5756646216768916,-8.992803257806425,11.067190660318351,-0.0071574642126789,0.48721881390593047
2026-10-02,6248,0.5756646216768916,-0.8645554937850686,4.651169444239417,0.0833333333333333,0.6482617586912065
2026-10-02,6257,0.5756646216768916,-3.195488721804507,24.07766990291262,0.011247443762781,0.532719836400818
2026-10-02,6259,0.5756646216768916,-0.4573170731707265,15.46707503828483,0.4419734151329242,0.9555214723926381
2026-10-02,6261,0.5756646216768916,-3.4271689753134327,11.153352880054856,0.2607361963190183,0.820040899795501
2026-10-02,6263,0.5756646216768916,-2.865329512893988,13.274336283185844,0.3402351738241309,0.8880368098159509
2026-10-02,6264,0.5756646216768916,-3.3485540334855513,10.551179600512892,0.0199386503067484,0.5493353783231084
2026-10-02,6265,0.5756646216768916,-13.02083102917223,21.55688470471167,0.3923824130879346,0.9268916155419223
2026-10-02,6266,0.5756646216768916,-1.8248175182481785,11.15241777498039,0.0040899795501022,0.5173824130879345
2026-10-02,6269,0.5756646216768916,-8.827586206896566,14.372163388804845,0.1922290388548057,0.7622699386503068
2026-10-02,6270,0.5756646216768916,-1.898734177215189,12.74193671441848,0.295756646216769,0.8548057259713702
2026-10-02,6271,0.5756646216768916,-4.674796747967481,13.646055437100213,0.0828220858895705,0.6477505112474438
2026-10-02,6272,0.5756646216768916,-17.147437923445143,23.98452906359556,0.2014314928425357,0.773517382413088
2026-10-02,6274,0.5756646216768916,-3.857566765578635,25.30864197530864,0.1651329243353783,0.739519427402863
2026-10-02,6275,0.5756646216768916,-2.1472423172077426,9.090913874228546,0.1009713701431493,0.6720347648261759
2026-10-02,6277,0.5756646216768916,-5.8608076147131705,8.041510476831023,-0.2114008179959101,0.20040899795501022
2026-10-02,6278,0.5756646216768916,-2.6905829596412523,20.04608294930875,0.0111196319018405,0.5322085889570553
2026-10-02,6279,0.5756646216768916,-4.489795918367346,10.683760683760685,0.4904141104294479,0.9759713701431493
2026-10-02,6281,0.5756646216768916,-1.54739023430136,2.161104693159842,-0.1546523517382413,0.266359918200409
2026-10-02,6282,0.5756646216768916,-1.8867907912444304,7.918552036199094,0.416922290388548,0.939161554192229
2026-10-02,6283,0.5756646216768916,-5.896807660811754,13.31593286897744,0.4831288343558282,0.9734151329243353
2026-10-02,6284,0.5756646216768916,-2.682926829268295,11.15288411764274,0.3996676891615542,0.929959100204499
2026-10-02,6285,0.5756646216768916,-4.225352112676061,13.655462184873947,0.4121932515337422,0.9371165644171779
2026-10-02,6290,0.5756646216768916,-4.974271012006859,16.787003610108304,0.0416666666666666,0.593558282208589
2026-10-02,6291,0.5756646216768916,-8.53432282003711,20.79107505070994,-0.4515593047034765,0.04754601226993865
2026-10-02,6292,0.5756646216768916,-0.5610098176717981,16.502117808009736,-0.0608384458077709,0.40286298568507156
2026-10-02,6294,0.5756646216768916,-5.872480811624225,6.417109579538491,-0.2883435582822085,0.12576687116564417
2026-10-02,6405,0.5756646216768916,-15.16965809499342,30.58823529411765,0.4455521472392638,0.9575664621676891
2026-10-02,6409,0.5756646216768916,-13.137254901960782,19.63882618510158,0.3780674846625767,0.9146216768916156
2026-10-02,6411,0.5756646216768916,-3.4021907022250164,8.176100628930817,0.3849693251533742,0.9222903885480572
2026-10-02,6412,0.5756646216768916,-5.660377358490565,9.200002034505207,0.3696319018404908,0.9069529652351738
2026-10-02,6414,0.5756646216768916,-2.073170731707319,11.581569115815691,0.1909509202453987,0.7612474437627812
2026-10-02,6415,0.5756646216768916,-4.063205417607218,13.647058823529411,0.1464723926380368,0.7254601226993865
2026-10-02,6416,0.5756646216768916,-5.241935483870963,24.25531914893617,-0.4915644171779141,0.040388548057259714
2026-10-02,6417,0.5756646216768916,-3.703703703703709,7.6923076923076925,0.4141104294478528,0.9381390593047034
2026-10-02,6418,0.5756646216768916,-5.32786490551328,11.832607428920909,-0.266359918200409,0.147239263803681
2026-10-02,6419,0.5756646216768916,-3.4055727554179516,11.858974358974358,0.0014059304703476,0.5102249488752556
2026-10-02,6423,0.5756646216768916,-7.729468599033817,25.968589582992475,0.0708077709611451,0.6344580777096115
2026-10-02,6425,0.5756646216768916,-5.338081718686228,30.95238668876782,0.0263292433537832,0.5616053169734151
2026-10-02,6426,0.5756646216768916,-12.25728155339806,45.08990318118949,-0.5679959100204499,0.025051124744376277
2026-10-02,6431,0.5756646216768916,-16.216217786780163,20.821121081578767,-0.1229550102249489,0.3113496932515337
2026-10-02,6432,0.5756646216768916,-5.53191489361703,27.77777777777778,0.4284253578732107,0.946319018404908
2026-10-02,6435,0.5756646216768916,-1.0714285714285676,19.494584837545126,0.4552658486707567,0.9621676891615542
2026-10-02,6438,0.5756646216768916,-1.17647058823529,16.36904761904762,0.0993098159509202,0.6676891615541922
2026-10-02,6441,0.5756646216768916,-7.249069316666468,24.248493936114414,-0.1597648261758691,0.25766871165644173
2026-10-02,6442,0.5756646216768916,-15.364583333333336,28.000000000000004,0.2827198364008181,0.841002044989775
2026-10-02,6443,0.5756646216768916,-4.801326908305414,26.08695652173913,0.2351738241308794,0.8026584867075665
2026-10-02,6446,0.5756646216768916,-19.6551724137931,27.896995708154503,0.0667177914110429,0.6280674846625767
2026-10-02,6449,0.5756646216768916,-7.61316872427984,16.926503340757236,0.4647239263803681,0.9677914110429447
2026-10-02,6451,0.5756646216768916,-15.049504950495052,25.990675990675992,0.5531697341513292,0.9877300613496932
2026-10-02,6456,0.5756646216768916,-2.925806726782376,36.92141595518115,0.0240286298568507,0.5547034764826176
2026-10-02,6461,0.5756646216768916,-10.034012438119024,23.062383294781576,0.1717791411042944,0.7448875255623721
2026-10-02,6462,0.5756646216768916,-4.072398190045245,14.528303326300854,0.2114008179959099,0.7816973415132924
2026-10-02,6464,0.5756646216768916,-3.172592582408595,4.587159962985341,-0.3693762781186094,0.07157464212678936
2026-10-02,6465,0.5756646216768916,-10.33013990229338,15.795728089973649,0.4616564417177914,0.966002044989775
2026-10-02,6469,0.5756646216768916,-5.147058823529416,6.666665483814802,0.2556237218813906,0.8169734151329243
2026-10-02,6470,0.5756646216768916,-2.6195933619751366,5.96491941931652,-0.2226482617586911,0.18813905930470348
2026-10-02,6472,0.5756646216768916,-6.13839285714286,13.079667063020214,-0.2622699386503068,0.15107361963190183
2026-10-02,6474,0.5756646216768916,-3.247633932779359,5.454547588641827,0.1019938650306748,0.6728016359918201
2026-10-02,6477,0.5756646216768916,-7.978719669858226,11.849706572604315,0.2543456032719836,0.8159509202453987
2026-10-02,6482,0.5756646216768916,-4.536490588419683,10.12397009479113,0.1928680981595092,0.7627811860940695
2026-10-02,6485,0.5756646216768916,-3.0162412993039567,33.13397129186603,0.0902351738241308,0.6582310838445807
2026-10-02,6486,0.5756646216768916,-12.634987761248064,16.069221260815823,-0.0570040899795501,0.4059304703476483
2026-10-02,6488,0.5756646216768916,0.0,26.722689075630253,0.2418200408997954,0.806237218813906
2026-10-02,6491,0.5756646216768916,-0.9345794392523366,16.27358490566038,-0.0682515337423312,0.391359918200409
2026-10-02,6492,0.5756646216768916,-1.5736788295657722,5.232555921687636,0.1361196319018405,0.7111451942740287
2026-10-02,6494,0.5756646216768916,-5.99647392802467,14.821766465063616,0.5702965235173825,0.9897750511247444
2026-10-02,6496,0.5756646216768916,-3.036440241996974,6.889359189473512,-0.1650051124744376,0.25153374233128833
2026-10-02,6498,0.5756646216768916,-15.031055900621116,23.83041381835937,0.6082566462167689,0.9948875255623721
2026-10-02,6499,0.5756646216768916,-2.682926829268295,16.91729323308271,0.0278629856850716,0.5659509202453987
2026-10-02,6504,0.5756646216768916,-5.653264523094315,9.853530660291486,-0.0296523517382412,0.44350715746421265
2026-10-02,6505,0.5756646216768916,-2.9126213592232997,27.599998474121097,-0.0166155419222903,0.4680470347648262
2026-10-02,6506,0.5756646216768916,-1.5872996009806295,5.6451571884975635,0.0191717791411043,0.5475460122699386
2026-10-02,6508,0.5756646216768916,-9.090907901232717,17.169808441737914,-0.3402351738241309,0.08742331288343558
2026-10-02,6509,0.5756646216768916,-0.7952286282306154,11.923850753264336,0.2338957055214723,0.799079754601227
2026-10-02,6510,0.5756646216768916,-21.982210927573064,31.75895765472313,-0.4118098159509202,0.05674846625766871
2026-10-02,6512,0.5756646216768916,-4.03800127253231,5.445537000599474,-0.2006646216768916,0.2142126789366053
2026-10-02,6515,0.5756646216768916,-26.513317191283292,44.97528830313015,0.2998466257668711,0.8578732106339468
2026-10-02,6516,0.5756646216768916,-5.201339854844367,8.3185786694552,-0.1972137014314928,0.21830265848670757
2026-10-02,6517,0.5756646216768916,-8.965517241379306,17.424242424242426,0.318379345603272,0.8742331288343558
2026-10-02,6523,0.5756646216768916,-4.086021505376336,4.484304932735426,-0.2661042944785275,0.14775051124744376
2026-10-02,6525,0.5756646216768916,-1.7605633802816878,16.48745519713262,0.4601226993865031,0.9652351738241309
2026-10-02,6526,0.5756646216768916,-3.132250580046403,30.538922155688624,-0.3085378323108384,0.108640081799591
2026-10-02,6527,0.5756646216768916,-4.591838591598229,7.085565577216327,-0.2360685071574642,0.1743353783231084
2026-10-02,6530,0.5756646216768916,-4.285714285714281,15.522386541414024,-0.0524028629856851,0.4110429447852761
2026-10-02,6531,0.5756646216768916,-6.103286384976525,17.8,-0.1349693251533743,0.2898773006134969
2026-10-02,6532,0.5756646216768916,-5.511811023622048,30.250002543131497,0.0199386503067484,0.5493353783231084
2026-10-02,6533,0.5756646216768916,-3.9563437926330103,40.48295454545455,0.0122699386503069,0.5342535787321063
2026-10-02,6534,0.5756646216768916,-1.1714589989350488,4.8491362867684265,-0.0108640081799591,0.48210633946830267
2026-10-02,6535,0.5756646216768916,-1.162790697674421,14.35293758616728,0.3716768916155419,0.9095092024539877
2026-10-02,6538,0.5756646216768916,-20.40598290598291,56.51006711409397,-0.9261247443762782,0.0010224948875255625
2026-10-02,6541,0.5756646216768916,-11.641791044776117,13.175675675675672,0.0007668711656441,0.5081799591002045
2026-10-02,6542,0.5756646216768916,-11.111111111111116,13.000000000000004,-0.0994376278118609,0.34892638036809814
2026-10-02,6546,0.5756646216768916,-6.511627906976747,12.437810945273633,0.364519427402863,0.9033742331288344
2026-10-02,6547,0.5756646216768916,-15.789470124790272,25.822363401714128,-0.2728783231083844,0.13803680981595093
2026-10-02,6548,0.5756646216768916,-1.6666666666666607,12.385919165580182,0.2569018404907975,0.8185071574642127
2026-10-02,6550,0.5756646216768916,-16.730584951392334,58.59957453030259,-0.9506646216768916,0.0005112474437627812
2026-10-02,6552,0.5756646216768916,-2.5691670223784047,9.330625708156376,0.1140081799591001,0.6881390593047034
2026-10-02,6556,0.5756646216768916,-2.250805057503502,4.440790728518838,-0.1119631901840491,0.32515337423312884
2026-10-02,6558,0.5756646216768916,-1.7341069352958316,11.37255500344669,0.3075153374233129,0.8624744376278118
2026-10-02,6560,0.5756646216768916,-10.893852849648178,17.86833497050414,-0.3688650306748466,0.07208588957055215
2026-10-02,6561,0.5756646216768916,-4.134762633996935,6.869009584664537,0.0966257668711656,0.6666666666666666
2026-10-02,6568,0.5756646216768916,-6.000000000000005,13.829787234042554,0.1313905930470347,0.7060327198364008
2026-10-02,6569,0.5756646216768916,-1.2903225806451646,4.357298474945534,-0.0134202453987729,0.47443762781186094
2026-10-02,6570,0.5756646216768916,-9.655830422043376,13.33333171864666,0.3228527607361963,0.8770449897750511
2026-10-02,6573,0.5756646216768916,-6.321837026702115,11.349689741076135,0.3627300613496932,0.9028629856850716
2026-10-02,6574,0.5756646216768916,-2.8455284552845517,5.439330543933055,-0.2315950920245398,0.18021472392638035
2026-10-02,6576,0.5756646216768916,-5.389221556886225,6.455696202531638,-0.3039366053169733,0.11042944785276074
2026-10-02,6577,0.5756646216768916,0.0,4.556650246305423,-0.0838445807770962,0.37321063394683024
2026-10-02,6578,0.5756646216768916,-11.08108108108109,13.677811550151976,-0.2650817995910021,0.14877300613496933
2026-10-02,6579,0.5756646216768916,-1.8575851393188847,11.987381703470032,0.1972137014314928,0.7678936605316974
2026-10-02,6581,0.5756646216768916,-3.57142857142857,3.7037037037037033,-0.3826687116564417,0.065439672801636
2026-10-02,6582,0.5756646216768916,-2.786375412752029,4.777070063694268,0.1101738241308794,0.6814928425357873
2026-10-02,6584,0.5756646216768916,-21.09955423476969,27.87193973634652,0.0511247443762781,0.6063394683026585
2026-10-02,6585,0.5756646216768916,-8.333333333333337,13.397129186602871,0.217280163599182,0.7862985685071575
2026-10-02,6588,0.5756646216768916,-10.236220472440948,23.684210526315788,-0.2606083844580777,0.15337423312883436
2026-10-02,6589,0.5756646216768916,-5.9259259259259345,17.716535433070867,-0.4084867075664621,0.05725971370143149
2026-10-02,6590,0.5756646216768916,-12.666666666666671,27.948289245139552,-0.6403374233128835,0.013803680981595092
2026-10-02,6591,0.5756646216768916,-11.354166666666677,15.746182756614465,-0.0733640081799591,0.3831799591002045
2026-10-02,6592,0.5756646216768916,0.0,40.67086113823785,0.0143149284253578,0.5419222903885481
2026-10-02,6593,0.5756646216768916,-1.6949175655108115,3.761757877553145,-0.1441717791411043,0.2796523517382413
2026-10-02,6596,0.5756646216768916,-1.6293248451784703,5.383019615157559,-0.2321063394683027,0.17893660531697342
2026-10-02,6597,0.5756646216768916,-14.168939114002798,18.095240517268103,-0.2599693251533742,0.15388548057259713
2026-10-02,6598,0.5756646216768916,-8.862875091436317,13.394494012955132,-0.3949386503067484,0.06288343558282208
2026-10-02,6603,0.5756646216768916,-6.995230524642282,25.12820382403512,0.003323108384458,0.5145705521472392
2026-10-02,6605,0.5756646216768916,-3.1914893617021267,4.761904761904762,-0.3105828220858896,0.10736196319018405
2026-10-02,6606,0.5756646216768916,-3.256706394813702,6.732676288869122,0.0107361963190183,0.5306748466257669
2026-10-02,6609,0.5756646216768916,-4.634146341463408,6.649612465782847,-0.1416155419222904,0.2832310838445808
2026-10-02,6612,0.5756646216768916,-6.134969325153373,16.33986928104575,0.0644171779141102,0.623721881390593
2026-10-02,6613,0.5756646216768916,-0.1776198934280604,11.387900355871883,0.2250766871165644,0.7924335378323109
2026-10-02,6614,0.5756646216768916,-2.8806604690308935,3.8135657876224847,-0.0991820040899795,0.3496932515337423
2026-10-02,6615,0.5756646216768916,-3.5816661066676803,4.754835925166001,-0.0603271983640081,0.40362985685071573
2026-10-02,6616,0.5756646216768916,-3.9580925092936097,8.242427941524621,0.0005112474437627,0.5066462167689162
2026-10-02,6617,0.5756646216768916,-11.74496644295302,27.376425855513308,-0.8131390593047034,0.0015337423312883436
2026-10-02,6620,0.5756646216768916,-7.41935483870968,43.90243902439025,-0.1329243353783229,0.2949897750511247
2026-10-02,6624,0.5756646216768916,-9.445097091480136,12.516293283236235,0.0789877300613496,0.6441717791411042
2026-10-02,6625,0.5756646216768916,-3.4031432905118675,4.336049563193386,0.0440950920245398,0.5966257668711656
2026-10-02,6629,0.5756646216768916,-5.045871559633031,8.212560386473431,0.0567484662576687,0.6170756646216768
2026-10-02,6637,0.5756646216768916,-7.130434782608697,8.052433028203271,0.0697852760736196,0.6319018404907976
2026-10-02,6640,0.5756646216768916,-14.77272727272727,28.88888888888889,0.1432770961145194,0.721881390593047
2026-10-02,6641,0.5756646216768916,-3.682717465035268,6.176466100356158,0.089340490797546,0.6559304703476483
2026-10-02,6642,0.5756646216768916,-1.531213191990588,11.722489863491525,0.1111963190184048,0.6840490797546013
2026-10-02,6643,0.5756646216768916,-7.360861759425497,30.42635658914729,0.0173824130879346,0.5447341513292433
2026-10-02,6645,0.5756646216768916,-5.882355581105303,12.500002980232251,0.1864775051124744,0.7566462167689162
2026-10-02,6649,0.5756646216768916,-1.3209999848823095,7.898251534784972,0.1377811860940696,0.7137014314928425
2026-10-02,6651,0.5756646216768916,-3.2154340836012874,13.2890365448505,-0.0117586912065439,0.47776073619631904
2026-10-02,6654,0.5756646216768916,-3.0973451327433676,15.52511415525114,0.0263292433537832,0.5616053169734151
2026-10-02,6655,0.5756646216768916,-3.846153846153843,12.8,-0.3133946830265849,0.10429447852760736
2026-10-02,6657,0.5756646216768916,-15.64102564102564,27.659575627567556,-0.4065695296523518,0.057770961145194276
2026-10-02,6658,0.5756646216768916,-2.933333333333332,13.736263736263735,0.2837423312883435,0.8425357873210634
2026-10-02,6662,0.5756646216768916,-3.050847457627115,6.9930069930069925,-0.1242331288343558,0.3070040899795501
2026-10-02,6664,0.5756646216768916,-3.694267515923566,17.063492063492063,0.1310071574642127,0.7055214723926381
2026-10-02,6666,0.5756646216768916,-0.9793269977536044,7.5824192592075885,-0.164366053169734,0.25204498977505113
2026-10-02,6667,0.5756646216768916,-3.525046382189234,20.576923076923077,-0.2489775051124745,0.16206543967280163
2026-10-02,6668,0.5756646216768916,-12.476892170985876,31.256598177530194,-0.1955521472392638,0.2198364008179959
2026-10-02,6669,0.5756646216768916,-20.72243346007605,26.618705035971225,0.1492842535787321,0.7269938650306749
2026-10-02,6670,0.5756646216768916,-3.9076376554174064,4.805914972273567,-0.2321063394683026,0.1794478527607362
2026-10-02,6671,0.5756646216768916,-2.340425531914891,4.139436875553173,-0.0213445807770961,0.4565439672801636
2026-10-02,6672,0.5756646216768916,0.0,40.43280182232346,0.0135480572597136,0.5383435582822086
2026-10-02,6674,0.5756646216768916,-0.8108108108108025,16.621254445421595,-0.2287832310838445,0.18225971370143149
2026-10-02,6679,0.5756646216768916,-3.9080459770114984,12.440191387559809,0.330521472392638,0.8824130879345603
2026-10-02,6683,0.5756646216768916,-14.367816091954024,33.89261744966443,-0.4299591002044989,0.05265848670756646
2026-10-02,6684,0.5756646216768916,-5.482044314233548,17.400001525878906,0.178680981595092,0.7510224948875256
2026-10-02,6689,0.5756646216768916,-13.253008504272978,22.68518047568239,-0.3875255623721881,0.06441717791411043
2026-10-02,6690,0.5756646216768916,-12.43781094527363,23.011363636363637,-0.6495398773006135,0.012269938650306749
2026-10-02,6691,0.5756646216768916,-2.371541501976282,21.727395411605936,0.1004601226993865,0.6707566462167689
2026-10-02,6692,0.5756646216768916,-5.613302619071304,7.4889817426908385,0.0171267893660531,0.5434560327198364
2026-10-02,6693,0.5756646216768916,-7.829977628635342,29.36893203883495,0.2888548057259714,0.8489263803680982
2026-10-02,6695,0.5756646216768916,-4.225350826227848,20.58823669657988,0.1735685071574642,0.745398773006135
2026-10-02,6697,0.5756646216768916,-4.302325581395349,7.290400972053464,-0.2246932515337423,0.18558282208588958
2026-10-02,6698,0.5756646216768916,-6.637172343963704,9.478679012159978,0.1970858895705521,0.7671267893660532
2026-10-02,6703,0.5756646216768916,-2.898550724637683,3.9800995024875623,-0.0155930470347648,0.47162576687116564
2026-10-02,6706,0.5756646216768916,-8.03571428571429,30.74433656957929,-0.1045501022494888,0.33819018404907975
2026-10-02,6708,0.5756646216768916,0.0,41.0256422483004,0.0117586912065439,0.5332310838445807
2026-10-02,6712,0.5756646216768916,-3.59281437125748,9.627329192546584,-0.0329754601226993,0.4381390593047035
2026-10-02,6715,0.5756646216768916,-6.360792492179357,38.30734966592428,-0.3504601226993865,0.0815439672801636
2026-10-02,6716,0.5756646216768916,-12.318840579710145,21.074380165289256,0.0498466257668711,0.6040388548057259
2026-10-02,6719,0.5756646216768916,-2.570694087403602,9.234828496042216,0.5260736196319018,0.9846625766871165
2026-10-02,6720,0.5756646216768916,-6.319702602230482,9.523809523809524,-0.08640081799591,0.36630879345603273
2026-10-02,6722,0.5756646216768916,-3.5608330438351765,5.5384650597205525,-0.0412832310838445,0.42280163599182
2026-10-02,6725,0.5756646216768916,-5.567451820128477,12.698412698412698,0.4616564417177914,0.966002044989775
2026-10-02,6727,0.5756646216768916,-13.712374581939802,26.16279069767442,0.6042944785276074,0.9933537832310838
2026-10-02,6728,0.5756646216768916,-0.4587155963302725,2.7649769585253456,-0.1466002044989776,0.27505112474437626
2026-10-02,6730,0.5756646216768916,-3.1818181818181857,4.694835680751173,0.0391104294478527,0.58640081799591
2026-10-02,6732,0.5756646216768916,0.0,7.443365695792881,0.3665644171779141,0.90439672801636
2026-10-02,6733,0.5756646216768916,-9.222421894072408,11.155376966256062,-0.113241308793456,0.3236196319018405
2026-10-02,6735,0.5756646216768916,-3.4334785028443227,16.14815040870949,0.419861963190184,0.941717791411043
2026-10-02,6739,0.5756646216768916,-14.233576642335766,27.659574468085108,0.1163087934560327,0.689161554192229
2026-10-02,6741,0.5756646216768916,-8.92561983471074,9.98185117967332,-0.0912576687116564,0.35838445807770963
2026-10-02,6742,0.5756646216768916,-1.5358336135768758,26.169841376293057,0.0866564417177914,0.6508179959100204
2026-10-02,6743,0.5756646216768916,-2.7434842249657088,23.977430852074892,0.0368098159509202,0.5823108384458078
2026-10-02,6751,0.5756646216768916,-1.6574585635359074,9.775277469935045,-0.1008435582822087,0.3450920245398773
2026-10-02,6752,0.5756646216768916,-8.530805687203792,10.88082901554404,-0.1180981595092024,0.3179959100204499
2026-10-02,6753,0.5756646216768916,-5.6737588652482245,8.270676691729323,0.2664877300613497,0.8256646216768916
2026-10-02,6754,0.5756646216768916,-4.508670520231217,6.658595641646489,-0.2347903885480573,0.1768916155419223
2026-10-02,6756,0.5756646216768916,-7.962085308056876,12.358393408856848,0.0322085889570551,0.5751533742331288
2026-10-02,6757,0.5756646216768916,-5.150975624084142,6.928840380036429,0.040644171779141,0.5904907975460123
2026-10-02,6761,0.5756646216768916,-11.811023622047244,18.154761904761905,0.4714979550102249,0.9713701431492843
2026-10-02,6762,0.5756646216768916,-4.1666666666666625,10.559006211180124,-0.1555470347648261,0.26380368098159507
2026-10-02,6763,0.5756646216768916,-2.927402202822349,6.272623133458044,-0.1114519427402862,0.3266871165644172
2026-10-02,6767,0.5756646216768916,-5.780349590901301,15.132927455785085,0.0875511247443762,0.6533742331288344
2026-10-02,6768,0.5756646216768916,-1.39318652535515,5.4945054945054945,0.1986196319018404,0.7684049079754601
2026-10-02,6770,0.5756646216768916,-1.797175866495515,14.6405268650429,-0.0181492842535788,0.4652351738241309
2026-10-02,6771,0.5756646216768916,-0.9280707384740738,4.918029213398346,-0.2142126789366053,0.19580777096114518
2026-10-02,6776,0.5756646216768916,-1.495327102803734,4.554082591800581,0.0006390593047034,0.5076687116564417
2026-10-02,6781,0.5756646216768916,-9.691629955947134,14.926829268292682,0.3747443762781186,0.9118098159509203
2026-10-02,6782,0.5756646216768916,-5.600000000000005,12.923728813559322,-0.2957566462167689,0.11784253578732107
2026-10-02,6785,0.5756646216768916,-12.314814814814811,18.37381364929135,-0.2223926380368098,0.18916155419222905
2026-10-02,6788,0.5756646216768916,-3.0955585464333746,14.86111111111111,0.5564928425357873,0.9882413087934561
2026-10-02,6789,0.5756646216768916,-2.871287128712874,16.309887869520896,0.270961145194274,0.8292433537832311
2026-10-02,6790,0.5756646216768916,-1.9607843137254943,2.0,-0.1099182004089979,0.32975460122699385
2026-10-02,6791,0.5756646216768916,-4.30622009569378,7.000000000000001,0.0559815950920244,0.6150306748466258
2026-10-02,6792,0.5756646216768916,-6.666666666666677,9.863944280715216,-0.1242331288343558,0.3070040899795501
2026-10-02,6794,0.5756646216768916,-1.9875776397515477,13.05450323416706,0.1165644171779141,0.6899284253578732
2026-10-02,6796,0.5756646216768916,-5.872755761608673,20.45060526353647,0.4412065439672802,0.9544989775051125
2026-10-02,6799,0.5756646216768916,-2.134468530822853,17.884399014704893,0.2630368098159508,0.8225971370143149
2026-10-02,6803,0.5756646216768916,-1.6574585635359074,2.4344569288389515,-0.155163599182004,0.26431492842535786
2026-10-02,6804,0.5756646216768916,-2.1333333333333204,6.267027893897947,-0.3118609406952966,0.10685071574642127
2026-10-02,6805,0.5756646216768916,-16.000000000000004,32.03463203463203,-0.471881390593047,0.044989775051124746
2026-10-02,6807,0.5756646216768916,-6.286551798177986,9.3603744149766,-0.3341002044989775,0.09202453987730061
2026-10-02,6811,0.5756646216768916,-11.926605504587153,22.291666666666668,-0.7236707566462168,0.005623721881390593
2026-10-02,6821,0.5756646216768916,0.0,14.962325080731976,0.3701431492842536,0.9074642126789366
2026-10-02,6823,0.5756646216768916,-4.828655912151203,14.72994465679662,0.1104294478527608,0.6820040899795501
2026-10-02,6829,0.5756646216768916,-21.509433962264147,30.048076923076923,0.0322085889570551,0.5751533742331288
2026-10-02,6830,0.5756646216768916,-14.664586583463334,24.13162705667276,0.0219836400817995,0.5521472392638037
2026-10-02,6831,0.5756646216768916,-22.668810289389064,31.704781704781706,0.0135480572597137,0.5391104294478528
2026-10-02,6834,0.5756646216768916,0.0,33.587786259541986,0.1081288343558283,0.6789366053169734
2026-10-02,6835,0.5756646216768916,-2.3547880690737877,6.270097689613273,0.0002556237218813,0.5056237218813906
2026-10-02,6838,0.5756646216768916,-5.065664682379922,14.229250519643188,-0.3852249488752555,0.06492842535787322
2026-10-02,6840,0.5756646216768916,-11.479820627802685,25.025326188695225,-0.5061349693251534,0.03680981595092025
2026-10-02,6841,0.5756646216768916,-4.721752568439563,14.690264136390349,0.3190184049079755,0.8747443762781186
2026-10-02,6843,0.5756646216768916,-3.1367591517797666,5.569942256947255,-0.2686605316973415,0.14340490797546013
2026-10-02,6844,0.5756646216768916,-5.000000000000004,7.368421052631584,0.0513803680981594,0.6071063394683026
2026-10-02,6846,0.5756646216768916,-2.3372312023632547,7.350432567107372,-0.0921523517382413,0.35685071574642124
2026-10-02,6854,0.5756646216768916,-7.414634146341459,16.122237146214765,0.5659509202453987,0.9887525562372188
2026-10-02,6855,0.5756646216768916,-5.809128630705396,8.81057268722467,-0.0396216768916155,0.4263803680981595
2026-10-02,6856,0.5756646216768916,-5.2332212127716655,8.283315157117535,-0.0651840490797546,0.3962167689161554
2026-10-02,6859,0.5756646216768916,-5.038759689922479,15.10204081632653,-0.3029141104294478,0.11196319018404909
2026-10-02,6861,0.5756646216768916,-8.782742681047761,49.32432432432432,0.1221881390593047,0.6973415132924335
2026-10-02,6862,0.5756646216768916,-3.401360544217691,12.323943661971832,0.3443251533742331,0.8895705521472392
2026-10-02,6863,0.5756646216768916,-11.111111111111116,17.81249841054281,-0.0299079754601227,0.44222903885480574
2026-10-02,6865,0.5756646216768916,-6.429777617989374,18.44484077439817,-0.4302147239263803,0.05214723926380368
2026-10-02,6869,0.5756646216768916,-4.211954535856544,15.886520493960548,-0.1367586912065439,0.2880879345603272
2026-10-02,6870,0.5756646216768916,-8.235294117647063,19.230769230769234,-0.7425869120654397,0.00408997955010225
2026-10-02,6872,0.5756646216768916,-14.602585391753898,46.53679653679653,-0.6513292433537832,0.011758691206543968
2026-10-02,6873,0.5756646216768916,-5.988861934529599,7.851856372974537,0.0449897750511247,0.5976482617586912
2026-10-02,6874,0.5756646216768916,-4.607050015124392,8.948867971246893,0.3813905930470347,0.9197341513292433
2026-10-02,6875,0.5756646216768916,-17.630852263287267,21.57190380287808,-0.05700408997955,0.40644171779141103
2026-10-02,6877,0.5756646216768916,0.0,29.93421052631579,0.041922290388548,0.5940695296523517
2026-10-02,6881,0.5756646216768916,-0.462962962962965,2.7906976744186047,-0.0720858895705521,0.3839468302658487
2026-10-02,6884,0.5756646216768916,-3.5384615384615348,10.047845673142817,-0.2850204498977505,0.12985685071574643
2026-10-02,6885,0.5756646216768916,-7.878787878787885,32.07236842105263,-0.2804192229038855,0.130879345603272
2026-10-02,6887,0.5756646216768916,-2.3839360363790973,8.611821270234174,-0.1469836400817996,0.2740286298568507
2026-10-02,6890,0.5756646216768916,-20.10869565217391,26.190476190476193,0.2783742331288343,0.838957055214724
2026-10-02,6894,0.5756646216768916,-5.098039215686279,14.18732782369146,-0.352760736196319,0.08026584867075665
2026-10-02,6895,0.5756646216768916,-7.9999999999999964,17.725752508361204,0.252939672801636,0.8133946830265849
2026-10-02,6899,0.5756646216768916,-8.163267905969063,10.50505204634233,0.0743865030674847,0.6405930470347648
2026-10-02,6901,0.5756646216768916,-1.7340997126628732,16.47058374741498,0.3826687116564418,0.9207566462167689
2026-10-02,6902,0.5756646216768916,-18.032786885245898,41.66666666666667,-0.4197341513292433,0.05368098159509203
2026-10-02,6903,0.5756646216768916,-3.0581039755351647,11.67192429022082,0.291922290388548,0.8517382413087935
2026-10-02,6904,0.5756646216768916,-2.400000000000002,5.327868852459016,0.0415388548057259,0.5930470347648262
2026-10-02,6906,0.5756646216768916,-5.63697533288503,13.50059190246509,-0.1825153374233128,0.2333844580777096
2026-10-02,6907,0.5756646216768916,-4.750593824228034,18.703241895261847,0.0383435582822084,0.5853783231083844
2026-10-02,6908,0.5756646216768916,-16.199372963563587,21.189586823757697,-0.0242842535787321,0.4504089979550102
2026-10-02,6909,0.5756646216768916,-1.3348164627363768,12.62683545857702,0.3052147239263803,0.8609406952965235
2026-10-02,6910,0.5756646216768916,-3.492647058823528,11.8095223563058,0.0649284253578732,0.6247443762781186
2026-10-02,6913,0.5756646216768916,-17.19745222929936,26.53846153846154,0.2083333333333333,0.7776073619631901
2026-10-02,6914,0.5756646216768916,-3.658536585365857,4.219409282700422,-0.0214723926380368,0.4560327198364008
2026-10-02,6916,0.5756646216768916,-7.616709348473149,13.297872340425531,0.2004089979550103,0.7724948875255624
2026-10-02,6918,0.5756646216768916,-8.000000000000007,10.054349899291994,-0.248721881390593,0.16257668711656442
2026-10-02,6919,0.5756646216768916,-10.726256983240212,15.269082538475828,0.1262781186094069,0.7004089979550102
2026-10-02,6921,0.5756646216768916,-5.4441302086191135,15.757578069513494,0.1025051124744376,0.6733128834355828
2026-10-02,6922,0.5756646216768916,-7.608695652173914,22.823529411764707,0.0281186094069529,0.5664621676891616
2026-10-02,6923,0.5756646216768916,-5.44993845718561,6.166217793728008,-0.3438139059304703,0.0843558282208589
2026-10-02,6924,0.5756646216768916,-7.2916666666666625,23.59550561797753,-0.6799591002044989,0.010224948875255624
2026-10-02,6925,0.5756646216768916,-14.375000000000004,44.963502535854815,-0.0191717791411043,0.4606339468302659
2026-10-02,6928,0.5756646216768916,-6.0450804983214095,9.160307007501531,0.0732361963190184,0.6395705521472392
2026-10-02,6929,0.5756646216768916,-1.5452522049666295,9.64125389475459,0.1566973415132923,0.7331288343558282
2026-10-02,6931,0.5756646216768916,-6.909090909090909,8.203128973642986,-0.1464723926380368,0.27556237218813906
2026-10-02,6933,0.5756646216768916,-8.232445520581111,34.96042216358839,-0.0345092024539877,0.434560327198364
2026-10-02,6934,0.5756646216768916,-9.878048780487802,13.80243159437373,-0.1349693251533742,0.2903885480572597
2026-10-02,6936,0.5756646216768916,-2.7190287480669983,4.968939360624514,0.0741308793456032,0.6400817995910021
2026-10-02,6937,0.5756646216768916,-3.343949044585992,12.02635914332784,-0.1809815950920246,0.23517382413087934
2026-10-02,6944,0.5756646216768916,-1.3580246913580285,16.77096370463079,0.0452453987730061,0.598159509202454
2026-10-02,6945,0.5756646216768916,-8.7248322147651,41.17647058823529,-0.3519938650306748,0.08077709611451943
2026-10-02,6947,0.5756646216768916,-3.8028169014084567,6.588579795021962,0.2788854805725971,0.8394683026584867
2026-10-02,6949,0.5756646216768916,-45.66544667775273,84.04494724916609,0.0056237218813905,0.5232617586912065
2026-10-02,6951,0.5756646216768916,-3.750000000000009,4.1847063865496485,-0.1216768916155419,0.3128834355828221
2026-10-02,6952,0.5756646216768916,-2.5062693925721136,7.45501677603832,-0.3783231083844581,0.06850715746421268
2026-10-02,6953,0.5756646216768916,-2.4761904761904763,16.6015625,0.0506134969325153,0.6053169734151329
2026-10-02,6955,0.5756646216768916,-8.780487804878046,10.802137405477104,0.0800102249488752,0.6457055214723927
2026-10-02,6957,0.5756646216768916,-5.75,49.3368700265252,-0.002044989775051,0.4994887525562372
2026-10-02,6958,0.5756646216768916,-0.2277904328018221,22.374432707486086,0.0138036809815951,0.5403885480572597
2026-10-02,6961,0.5756646216768916,-5.952383799707817,6.962031754763317,0.075920245398773,0.6421267893660532
2026-10-02,6962,0.5756646216768916,0.0,9.88023837883315,0.3103271983640081,0.8660531697341514
2026-10-02,6965,0.5756646216768916,-17.97603029083029,22.564932587858912,-0.0276073619631901,0.44631901840490795
2026-10-02,6967,0.5756646216768916,-4.502050360663223,15.285720825195312,0.3093047034764825,0.864519427402863
2026-10-02,6968,0.5756646216768916,-2.0166109017980327,3.268768827793969,-0.1791922290388548,0.23773006134969324
2026-10-02,6969,0.5756646216768916,-19.246302105527967,24.33333841959635,-0.4023517382413087,0.06058282208588957
2026-10-02,6971,0.5756646216768916,-12.172287153828742,14.92537313432836,0.0219836400817995,0.5521472392638037
2026-10-02,6982,0.5756646216768916,-6.152243411890634,11.000001695421007,0.4902862985685072,0.9754601226993865
2026-10-02,6983,0.5756646216768916,-2.73972602739726,7.042253521126761,-0.1528629856850715,0.2689161554192229
2026-10-02,6986,0.5756646216768916,-5.1724169115389795,15.909090909090908,-0.108640081799591,0.3312883435582822
2026-10-02,6988,0.5756646216768916,-8.400000000000007,10.91703056768559,-0.3131390593047035,0.10506134969325154
2026-10-02,6994,0.5756646216768916,-11.464090263744165,33.07332412315048,0.8936605316973415,1.0
2026-10-02,6996,0.5756646216768916,-9.35828877005348,13.569321533923304,0.2236707566462167,0.7893660531697342
2026-10-02,6997,0.5756646216768916,-0.8658052313644027,4.075695854087063,0.110685071574642,0.6825153374233128
2026-10-02,7402,0.5756646216768916,-6.912442396313367,9.801981708790995,0.4058026584867076,0.9330265848670757
2026-10-02,7547,0.5756646216768916,-5.735294117647072,31.435259790762725,0.0702965235173823,0.6324130879345603
2026-10-02,7556,0.5756646216768916,-0.1828153564899404,13.36996336996337,0.0534253578732106,0.6101738241308794
2026-10-02,7610,0.5756646216768916,-20.506912442396303,36.52173913043478,-0.3558282208588956,0.07770961145194274
2026-10-02,7631,0.5756646216768916,-6.1889250814332275,14.23611111111111,0.2888548057259714,0.8489263803680982
2026-10-02,7642,0.5756646216768916,-11.454307976576484,14.970923579016398,0.1779141104294478,0.7505112474437627
2026-10-02,7689,0.5756646216768916,-7.471264367816088,13.354037267080743,0.6007157464212679,0.9923312883435583
2026-10-02,7703,0.5756646216768916,-5.5299539170506895,18.048780487804876,-0.2206032719836401,0.19069529652351738
2026-10-02,7704,0.5756646216768916,-5.426356589147286,9.672133648981813,-0.2456543967280164,0.16359918200409
2026-10-02,7705,0.5756646216768916,-1.8092092941837443,3.0150740989288893,-0.2236707566462167,0.18660531697341512
2026-10-02,7708,0.5756646216768916,-1.8181818181818188,2.178649237472767,-0.2102505112474438,0.20296523517382414
2026-10-02,7709,0.5756646216768916,-10.21052631578948,28.956620103449225,-0.3576175869120654,0.0761758691206544
2026-10-02,7711,0.5756646216768916,-9.629629629629632,38.85245901639344,0.1655163599182003,0.7402862985685071
2026-10-02,7712,0.5756646216768916,-3.125,20.234604105571847,0.1914621676891614,0.7617586912065439
2026-10-02,7714,0.5756646216768916,-9.999999999999998,20.760233918128655,-0.3149284253578732,0.10250511247443762
2026-10-02,7715,0.5756646216768916,-6.919276293491872,12.92035263196557,0.3481595092024539,0.8923824130879345
2026-10-02,7716,0.5756646216768916,0.0,5.930470347648259,0.0605828220858896,0.6206543967280164
2026-10-02,7717,0.5756646216768916,-11.093502377179076,39.57219251336899,-0.5829498977505113,0.022494887525562373
2026-10-02,7718,0.5756646216768916,-3.371972048921701,4.034901393278864,-0.1049335378323108,0.3374233128834356
2026-10-02,7721,0.5756646216768916,-1.0937500000000044,12.638230647709324,0.2308282208588956,0.7965235173824131
2026-10-02,7722,0.5756646216768916,-8.931698774080566,11.153846153846157,0.1183537832310838,0.6942740286298569
2026-10-02,7723,0.5756646216768916,-11.62227439644422,13.698628046741232,0.0293967280163598,0.568762781186094
2026-10-02,7728,0.5756646216768916,-9.663865546218489,22.48062015503876,0.2213701431492842,0.7878323108384458
2026-10-02,7730,0.5756646216768916,-5.076142131979699,16.577540106951872,0.1168200408997954,0.6912065439672802
2026-10-02,7732,0.5756646216768916,-6.169292878786314,7.645255272541567,-0.2473159509202453,0.1630879345603272
2026-10-02,7734,0.5756646216768916,-9.7444089456869,25.663716814159297,0.2438650306748466,0.8077709611451943
2026-10-02,7736,0.5756646216768916,-1.5514830778634026,4.154729979769207,-0.0984151329243353,0.3507157464212679
2026-10-02,7738,0.5756646216768916,-13.649025069637888,16.451612903225808,0.0038343558282208,0.516359918200409
2026-10-02,7740,0.5756646216768916,-24.444444444444446,33.33333333333333,-0.0319529652351738,0.439161554192229
2026-10-02,7743,0.5756646216768916,-1.750975679301825,18.613864407681003,-0.2767126789366052,0.1334355828220859
2026-10-02,7744,0.5756646216768916,-7.867132867132865,17.93168880455408,-0.110685071574642,0.3282208588957055
2026-10-02,7747,0.5756646216768916,-3.0303030303030276,4.017857142857143,-0.2372188139059305,0.1738241308793456
2026-10-02,7749,0.5756646216768916,-3.402187120291611,18.742138364779873,-0.1451942740286298,0.278118609406953
2026-10-02,7750,0.5756646216768916,-23.838383838383837,32.891246684350136,-0.0077965235173824,0.48568507157464214
2026-10-02,7751,0.5756646216768916,-6.194690265486724,24.528301886792452,0.1400817995910019,0.7162576687116564
2026-10-02,7753,0.5756646216768916,-3.120755825617494,4.481788442916228,0.1462167689161554,0.7246932515337423
2026-10-02,7757,0.5756646216768916,-5.514319070492202,8.305276684488094,-0.1065950920245399,0.33640081799591004
2026-10-02,7760,0.5756646216768916,-2.985074626865669,6.923076923076923,-0.125383435582822,0.3052147239263804
2026-10-02,7765,0.5756646216768916,-10.576923076923071,19.56989247311828,-0.6878834355828221,0.00894683026584867
2026-10-02,7767,0.5756646216768916,-6.774521155215285,10.737528769933736,-0.5276073619631901,0.032719836400818
2026-10-02,7768,0.5756646216768916,-3.5439137134052334,23.1629392971246,0.3159509202453987,0.8706543967280164
2026-10-02,7769,0.5756646216768916,-22.06703910614525,31.899641577060933,-0.3210633946830266,0.09662576687116564
2026-10-02,7770,0.5756646216768916,-1.477272727272727,22.14532519981798,0.1206543967280163,0.696319018404908
2026-10-02,7772,0.5756646216768916,-6.5326633165829096,58.333333333333336,-0.0613496932515338,0.401840490797546
2026-10-02,7777,0.5756646216768916,-0.6337135614702172,10.459187566017626,0.3090490797546011,0.8640081799591002
2026-10-02,7780,0.5756646216768916,-5.029583655127878,5.919001926885587,0.0309304703476482,0.5725971370143149
2026-10-02,7782,0.5756646216768916,-7.706422018348624,10.934393638170976,-0.1183537832310838,0.3174846625766871
2026-10-02,7786,0.5756646216768916,-2.4896265560166,7.659574468085106,-0.0438394683026585,0.4187116564417178
2026-10-02,7788,0.5756646216768916,-9.572901325478645,24.104234527687296,0.1449386503067484,0.7229038854805726
2026-10-02,7791,0.5756646216768916,-4.181187216165593,5.090911865234372,-0.085122699386503,0.3696319018404908
2026-10-02,7792,0.5756646216768916,-6.181015452538629,36.8235294117647,-0.1536298568507157,0.26738241308793453
2026-10-02,7795,0.5756646216768916,-6.643952299829648,22.62773722627737,0.3172290388548058,0.8732106339468303
2026-10-02,7799,0.5756646216768916,-5.400696864111499,40.88397790055249,-0.1584867075664621,0.25920245398773006
2026-10-02,7803,0.5756646216768916,-11.99999999999999,14.488636363636369,0.0288854805725971,0.5674846625766872
2026-10-02,7805,0.5756646216768916,-6.22605363984674,6.741573033707865,0.0293967280163599,0.5695296523517382
2026-10-02,7810,0.5756646216768916,-2.970297029702973,17.755102040816325,-0.0516359918200409,0.4120654396728016
2026-10-02,7811,0.5756646216768916,-2.291101102642912,3.724133721713362,-0.1013548057259713,0.3440695296523517
2026-10-02,7814,0.5756646216768916,-5.843074184842523,6.56028639340231,0.1612985685071574,0.7361963190184049
2026-10-02,7818,0.5756646216768916,-3.5369786751679233,5.166670481363933,0.0355316973415133,0.5812883435582822
2026-10-02,7819,0.5756646216768916,-9.041833484599891,10.534122365164826,-0.0334867075664621,0.4376278118609407
2026-10-02,7820,0.5756646216768916,-6.666666666666665,16.517857142857142,0.4368609406952964,0.9504089979550102
2026-10-02,7821,0.5756646216768916,-11.955171465647483,14.285718602203406,-0.0866564417177914,0.36503067484662577
2026-10-02,7822,0.5756646216768916,-2.4390243902439046,23.3,0.2254601226993864,0.7934560327198364
2026-10-02,7823,0.5756646216768916,-8.72560115644455,10.188677325938484,-0.0419222903885481,0.4207566462167689
2026-10-02,7825,0.5756646216768916,-28.953974895397483,52.65017667844523,0.0651840490797546,0.6257668711656442
2026-10-02,7827,0.5756646216768916,-2.052785923753664,15.269461077844312,0.0408997955010225,0.591002044989775
2026-10-02,7828,0.5756646216768916,-17.040358744394624,27.56756756756757,-0.6083844580777097,0.018916155419222903
2026-10-02,7839,0.5756646216768916,-4.129462653048755,6.286381287402684,-0.1336912065439672,0.29243353783231085
2026-10-02,7842,0.5756646216768916,-11.192660550458722,15.702476186200624,-0.1970858895705521,0.21881390593047034
2026-10-02,8011,0.5756646216768916,-3.5928187756192775,8.385095537079035,0.1363752556237218,0.7121676891615542
2026-10-02,8016,0.5756646216768916,-2.5125628140703515,9.278350515463918,0.4498977505112475,0.9601226993865031
2026-10-02,8021,0.5756646216768916,0.0,25.76853526220615,0.0945807770961145,0.6643660531697342
2026-10-02,8024,0.5756646216768916,-9.42029110700785,17.59999847412108,0.0414110429447852,0.5925357873210634
2026-10-02,8027,0.5756646216768916,-5.111111111111111,29.97658079625293,0.2349182004089979,0.8018916155419223
2026-10-02,8028,0.5756646216768916,-4.060913705583758,27.86596119929453,0.2883435582822086,0.8471370143149284
2026-10-02,8032,0.5756646216768916,-1.7687074829931926,7.340724448418022,0.1756134969325152,0.7489775051124744
2026-10-02,8033,0.5756646216768916,-5.1490514905149,10.857142857142858,0.5347648261758692,0.9861963190184049
2026-10-02,8034,0.5756646216768916,-8.101853474831511,11.083127269216387,-0.2315950920245398,0.18021472392638035
2026-10-02,8038,0.5756646216768916,-0.1434720229555375,16.522987409569755,0.3195296523517382,0.8752556237218814
2026-10-02,8039,0.5756646216768916,-9.618320610687023,25.16891891891892,0.2832310838445808,0.8420245398773006
2026-10-02,8040,0.5756646216768916,-6.63414634146341,30.09404707602697,0.0794989775051124,0.6451942740286298
2026-10-02,8042,0.5756646216768916,-2.4193548387096753,19.834710743801654,0.3798568507157464,0.918200408997955
2026-10-02,8043,0.5756646216768916,-5.0167224080267525,14.788732394366196,0.5171267893660532,0.9831288343558282
2026-10-02,8044,0.5756646216768916,-1.8145131084846056,7.802873176715701,0.1533742331288344,0.7305725971370143
2026-10-02,8045,0.5756646216768916,-2.763387709348808,22.468919228914576,0.1037832310838445,0.6738241308793456
2026-10-02,8046,0.5756646216768916,-1.3513513513513489,32.19178082191781,0.0378323108384457,0.5848670756646217
2026-10-02,8047,0.5756646216768916,0.0,20.34884016643199,-0.003323108384458,0.4943762781186094
2026-10-02,8048,0.5756646216768916,-4.112149532710285,12.475636502687928,0.4335378323108384,0.9493865030674846
2026-10-02,8049,0.5756646216768916,-0.5999999999999894,3.2193128251933474,0.0351482617586911,0.5797546012269938
2026-10-02,8050,0.5756646216768916,-8.529411764705873,22.18649395025811,-0.0113752556237219,0.47903885480572594
2026-10-02,8054,0.5756646216768916,-3.243243243243243,14.52513966480447,0.2753067484662576,0.8343558282208589
2026-10-02,8059,0.5756646216768916,-21.50960622920255,34.05232310625326,-0.0853783231083843,0.36835378323108386
2026-10-02,8064,0.5756646216768916,-8.709677419354833,37.80918727915194,-0.0362985685071574,0.4320040899795501
2026-10-02,8066,0.5756646216768916,-2.922075517383804,7.6923051406707135,-0.4982106339468302,0.03885480572597137
2026-10-02,8067,0.5756646216768916,-6.349209184519178,11.440681198896002,0.129217791411043,0.7034764826175869
2026-10-02,8068,0.5756646216768916,-6.3324575969743275,19.4366240165603,-0.1689672801635992,0.2474437627811861
2026-10-02,8069,0.5756646216768916,-7.717041800643088,11.846689895470384,0.1495398773006135,0.7275051124744376
2026-10-02,8070,0.5756646216768916,-0.976563975564182,5.818541938736593,0.1267893660531697,0.7011758691206544
2026-10-02,8071,0.5756646216768916,-7.43801944707384,14.73214796611241,0.6216768916155418,0.995398773006135
2026-10-02,8072,0.5756646216768916,-3.9861364515210496,11.371839778087631,-0.001278118609407,0.5005112474437627
2026-10-02,8074,0.5756646216768916,0.0,14.147630098205456,0.4327709611451942,0.9483640081799591
2026-10-02,8076,0.5756646216768916,-2.8888888888888853,6.636159098121067,0.3673312883435583,0.9049079754601227
2026-10-02,8077,0.5756646216768916,-9.289617486338797,10.96385542168674,-0.0848670756646216,0.37142126789366053
2026-10-02,8081,0.5756646216768916,-1.1538461538461495,6.420233463035019,0.3021472392638037,0.8599182004089979
2026-10-02,8083,0.5756646216768916,-0.943396226415094,2.857142857142857,-0.0025562372188139,0.4976993865030675
2026-10-02,8084,0.5756646216768916,-55.51020408163265,124.77064220183485,0.0010224948875255,0.5094580777096115
2026-10-02,8085,0.5756646216768916,-7.836989493498492,13.60544217687075,0.1497955010224948,0.7280163599182005
2026-10-02,8086,0.5756646216768916,-0.4149377593360981,14.166666666666666,0.4409509202453988,0.9539877300613497
2026-10-02,8087,0.5756646216768916,-11.111111111111116,18.333331743876137,0.0492075664621676,0.602760736196319
2026-10-02,8088,0.5756646216768916,-1.76795580110497,10.01125031032498,0.4253578732106339,0.9447852760736196
2026-10-02,8089,0.5756646216768916,-3.685505490961361,17.857142857142854,-0.0076687116564416,0.48619631901840493
2026-10-02,8091,0.5756646216768916,0.0,14.345991561181432,0.3936605316973415,0.9279141104294478
2026-10-02,8092,0.5756646216768916,-9.890107371853752,11.382110719758304,-0.1321574642126789,0.2960122699386503
2026-10-02,8093,0.5756646216768916,-7.169120250894878,18.415847627243192,0.0327198364008179,0.5761758691206544
2026-10-02,8096,0.5756646216768916,-22.943722943722943,38.31460502710235,0.5035787321063395,0.9795501022494888
2026-10-02,8097,0.5756646216768916,-5.791504403950231,8.606558940449698,0.1380368098159509,0.7147239263803681
2026-10-02,8099,0.5756646216768916,-2.2653709617216133,6.456949852949736,-0.2052658486707566,0.2085889570552147
2026-10-02,8101,0.5756646216768916,-14.741037152339176,19.158880287241715,-0.0493353783231083,0.41359918200408996
2026-10-02,8102,0.5756646216768916,-11.834317536536163,17.28187663443137,-0.0035787321063394,0.49335378323108386
2026-10-02,8103,0.5756646216768916,-8.333333333333337,19.421487603305785,-0.4179447852760736,0.054703476482617586
2026-10-02,8104,0.5756646216768916,-2.157167169434737,11.181105966643086,0.3783231083844581,0.9171779141104295
2026-10-02,8105,0.5756646216768916,-4.5871581894257325,14.102568993201633,0.5996932515337423,0.9918200408997955
2026-10-02,8107,0.5756646216768916,-6.640626391163085,9.205024112717378,-0.2257157464212679,0.18404907975460122
2026-10-02,8109,0.5756646216768916,-1.0135135135135087,15.699658703071671,0.2717280163599181,0.8307770961145194
2026-10-02,8110,0.5756646216768916,-5.932200686702993,25.225222170412597,-0.0035787321063394,0.49335378323108386
2026-10-02,8111,0.5756646216768916,0.0,21.212122990534855,0.0069018404907975,0.5260736196319018
2026-10-02,8112,0.5756646216768916,-50.38002089344105,101.64113451667636,-4.336808689942019e-19,0.5040899795501023
2026-10-02,8114,0.5756646216768916,-10.301507537688437,13.725490196078432,0.424079754601227,0.943762781186094
2026-10-02,8121,0.5756646216768916,-4.61538461538461,28.592375366568913,0.4767382413087934,0.971881390593047
2026-10-02,8131,0.5756646216768916,-3.201217260621636,12.755903108852117,0.3622188139059304,0.9023517382413088
2026-10-02,8147,0.5756646216768916,-10.59190031152648,25.435540069686414,0.1648773006134968,0.7387525562372188
2026-10-02,8150,0.5756646216768916,0.0,33.622044841135576,0.0352760736196319,0.5805214723926381
2026-10-02,8155,0.5756646216768916,-12.938005390835585,21.36222910216718,-0.0120143149284253,0.47673824130879344
2026-10-02,8162,0.5756646216768916,-2.177070381218349,16.023743400234142,0.3707822085889571,0.908997955010225
2026-10-02,8163,0.5756646216768916,-2.652103766909497,9.615384615384617,0.5069018404907976,0.9805725971370143
2026-10-02,8171,0.5756646216768916,-2.594343128048049,9.927366316751476,-0.1702453987730061,0.24591002044989774
2026-10-02,8176,0.5756646216768916,-2.300000000000002,5.117707267144319,-0.0812883435582822,0.37576687116564417
2026-10-02,8182,0.5756646216768916,-4.624871531346352,26.185344827586203,0.38420245398773,0.9212678936605317
2026-10-02,8201,0.5756646216768916,-3.93258426966292,36.8421052631579,0.0293967280163598,0.568762781186094
2026-10-02,8210,0.5756646216768916,-14.964610717896864,19.85731272294887,0.0097137014314928,0.5299079754601227
2026-10-02,8213,0.5756646216768916,-0.7246376811594235,7.737225163592039,0.0621165644171779,0.6221881390593047
2026-10-02,8215,0.5756646216768916,-4.193548387096779,21.88552188552189,0.0495910020449898,0.6032719836400818
2026-10-02,8222,0.5756646216768916,-8.527133586259916,12.570623624122748,0.3601738241308793,0.9005623721881391
2026-10-02,8227,0.5756646216768916,-3.771131339401823,62.027027027027025,-0.0194274028629857,0.4601226993865031
2026-10-02,8234,0.5756646216768916,-9.957329655596348,15.323861892001135,0.4943762781186094,0.9780163599182005
2026-10-02,8240,0.5756646216768916,-3.809523809523807,25.99009900990099,0.0299079754601225,0.5710633946830266
2026-10-02,8249,0.5756646216768916,-2.147974923874485,11.70732451648247,0.4688139059304703,0.9703476482617587
2026-10-02,8255,0.5756646216768916,-1.2903225806451646,15.032679738562091,0.432898773006135,0.9488752556237219
2026-10-02,8261,0.5756646216768916,-2.864583333333337,18.230563002680967,0.3617075664621676,0.901840490797546
2026-10-02,8271,0.5756646216768916,-11.764705882352944,16.049382716049383,-0.1428936605316973,0.2819529652351738
2026-10-02,8272,0.5756646216768916,-8.554576387452595,10.967746857673893,-0.2004089979550102,0.2147239263803681
2026-10-02,8277,0.5756646216768916,-25.853658536585368,38.48684461493242,-0.4626789366053169,0.046012269938650305
2026-10-02,8279,0.5756646216768916,-2.57352758993874,5.031446540880504,0.0869120654396727,0.6513292433537833
2026-10-02,8284,0.5756646216768916,-2.725964177090412,7.0796392660225385,-0.5554703476482619,0.027607361963190184
2026-10-02,8289,0.5756646216768916,0.0,28.431369829092866,0.3213190184049079,0.8757668711656442
2026-10-02,8291,0.5756646216768916,-13.33333333333333,17.482517482517483,-0.061221881390593,0.4023517382413088
2026-10-02,8299,0.5756646216768916,-10.851063829787233,21.479713603818613,-0.2374744376278118,0.17331288343558282
2026-10-02,8341,0.5756646216768916,-3.0065359477124187,3.3692722371967654,-0.1173312883435582,0.3187627811860941
2026-10-02,8342,0.5756646216768916,-5.113636363636365,8.383233532934131,0.0678680981595092,0.6298568507157464
2026-10-02,8349,0.5756646216768916,0.0,17.146016011195904,0.04780163599182,0.5999488752556237
2026-10-02,8354,0.5756646216768916,-6.944444444444442,8.059703769968516,-0.1692229038854806,0.2469325153374233
2026-10-02,8358,0.5756646216768916,-3.171641791044777,12.8131021194605,-0.0199386503067484,0.4596114519427403
2026-10-02,8367,0.5756646216768916,-1.573849878934619,3.567039424056343,-0.2059049079754601,0.20807770961145194
2026-10-02,8374,0.5756646216768916,-12.612615615823575,17.525781061231477,0.296523517382413,0.8563394683026585
2026-10-02,8383,0.5756646216768916,-2.5640983283365393,10.233912551612184,-0.0715746421267893,0.38548057259713703
2026-10-02,8390,0.5756646216768916,-8.770158483756251,11.270714859936136,0.0994376278118609,0.6684560327198364
2026-10-02,8401,0.5756646216768916,-0.8695652173912993,2.6315806204812566,-0.1168200408997954,0.31952965235173825
2026-10-02,8403,0.5756646216768916,-1.562503911554669,2.3809564176690645,-0.2218813905930471,0.18967280163599182
2026-10-02,8404,0.5756646216768916,-20.543802983669636,26.61596377992811,0.0191717791411042,0.5470347648261759
2026-10-02,8409,0.5756646216768916,-1.6348794290635182,2.493079019055142,-0.2034764826175869,0.21216768916155418
2026-10-02,8410,0.5756646216768916,-9.180327868852457,10.830324909747292,-0.0291411042944785,0.4442740286298569
2026-10-02,8411,0.5756646216768916,-12.121210851397825,13.793101804009805,-0.2080777096114519,0.20552147239263804
2026-10-02,8415,0.5756646216768916,-6.746029863832459,9.787236206920436,0.0411554192229038,0.5915132924335378
2026-10-02,8416,0.5756646216768916,-0.8695652173912993,2.631578947368421,-0.1211656441717791,0.314161554192229
2026-10-02,8421,0.5756646216768916,-5.797102751288163,13.076921609731809,0.1743353783231084,0.7469325153374233
2026-10-02,8422,0.5756646216768916,-5.027934310203652,5.490197574391088,-0.08640081799591,0.36630879345603273
2026-10-02,8423,0.5756646216768916,-7.692307692307687,13.333331214057075,-0.1846881390593047,0.2310838445807771
2026-10-02,8424,0.5756646216768916,-2.247186821377656,3.879305960118086,-0.1546523517382413,0.266359918200409
2026-10-02,8426,0.5756646216768916,-2.369670011517311,6.067961165048543,-0.1485173824130879,0.27351738241308793
2026-10-02,8429,0.5756646216768916,-3.2786870124486445,4.745758185952396,-0.0204498977505112,0.4591002044989775
2026-10-02,8431,0.5756646216768916,-8.81934961964812,23.55694584839058,-0.4887525562372187,0.04141104294478527
2026-10-02,8432,0.5756646216768916,-0.5836605388578775,3.3268116691574425,-0.1163087934560327,0.3210633946830266
2026-10-02,8433,0.5756646216768916,-4.347827409000304,5.6818181818181825,-0.1206543967280163,0.3149284253578732
2026-10-02,8435,0.5756646216768916,-0.9311001039771338,1.8796992481203008,-0.1017382413087935,0.3427914110429448
2026-10-02,8436,0.5756646216768916,-9.565217391304348,12.01923076923077,0.061221881390593,0.6211656441717791
2026-10-02,8437,0.5756646216768916,-4.109589041095885,20.47618865966796,0.0438394683026585,0.5961145194274029
2026-10-02,8438,0.5756646216768916,-0.9411764705882342,22.44655763168516,0.324642126789366,0.8785787321063395
2026-10-02,8440,0.5756646216768916,-5.813953488372093,9.876543209876544,-0.0853783231083843,0.36835378323108386
2026-10-02,8442,0.5756646216768916,-2.5477675435179203,6.644878512114481,-0.1238496932515338,0.30777096114519426
2026-10-02,8443,0.5756646216768916,-2.654868899744267,3.181821649724787,-0.2492331288343558,0.16129856850715746
2026-10-02,8446,0.5756646216768916,-2.085750855278967,2.603555713179549,-0.1081288343558282,0.3323108384458078
2026-10-02,8450,0.5756646216768916,-2.7303728938281036,4.561400831791381,0.0841002044989775,0.6492842535787321
2026-10-02,8454,0.5756646216768916,-5.158730158730163,7.740585774058577,-0.1779141104294478,0.2392638036809816
2026-10-02,8462,0.5756646216768916,-6.547619047619047,9.235668789808916,-0.157719836400818,0.25971370143149286
2026-10-02,8463,0.5756646216768916,-1.8518535852104945,5.188681044668521,-0.1014826175869121,0.34355828220858897
2026-10-02,8464,0.5756646216768916,-6.718346253229979,7.479224376731302,-0.4020961145194274,0.06134969325153374
2026-10-02,8466,0.5756646216768916,-10.41666259841294,21.926905229638187,0.2108895705521472,0.7801635991820041
2026-10-02,8467,0.5756646216768916,-5.668449197860959,12.585032283584004,0.4041411042944784,0.9325153374233128
2026-10-02,8472,0.5756646216768916,-21.419974489728,31.393568147013784,-0.1705010224948875,0.24539877300613497
2026-10-02,8473,0.5756646216768916,-8.640612315401263,13.18054786848624,0.3706543967280163,0.9079754601226994
2026-10-02,8476,0.5756646216768916,-2.912621359223311,9.49999618530274,0.2263548057259714,0.7944785276073619
2026-10-02,8477,0.5756646216768916,-9.061487550476066,11.032029827294412,-0.1094069529652351,0.33026584867075665
2026-10-02,8478,0.5756646216768916,-2.422145328719727,4.609929078014184,0.0786042944785275,0.6436605316973415
2026-10-02,8481,0.5756646216768916,-2.9904288513773025,3.082614056720099,-0.2684049079754601,0.1444274028629857
2026-10-02,8482,0.5756646216768916,-5.686274509803924,9.77131135746248,-0.0736196319018404,0.3824130879345603
2026-10-02,8487,0.5756646216768916,-2.2253150096290586,2.7027048732274626,-0.0104805725971369,0.4831288343558282
2026-10-02,8488,0.5756646216768916,-14.561400649803568,17.453796809703643,-0.2949897750511248,0.11860940695296524
2026-10-02,8489,0.5756646216768916,-5.919660216118327,11.011230811644136,-0.3156952965235174,0.10148261758691207
2026-10-02,8499,0.5756646216768916,-4.681647940074907,6.679764243614931,0.1993865030674846,0.7699386503067485
2026-10-02,8906,0.5756646216768916,-6.5573770491803245,10.526315789473683,-0.4700920245398773,0.04550102249488753
2026-10-02,8908,0.5756646216768916,-2.9268292682926855,3.5175917735650915,-0.2957566462167689,0.11784253578732107
2026-10-02,8916,0.5756646216768916,-1.5624963893338784,2.5641007010025563,-0.0516359918200408,0.4125766871165644
2026-10-02,8921,0.5756646216768916,-5.18732196934677,11.24620292686764,-0.3228527607361963,0.09534764826175869
2026-10-02,8924,0.5756646216768916,-3.8834951456310662,4.949496490786774,0.0224948875255623,0.5531697341513292
2026-10-02,8926,0.5756646216768916,-1.83028036946582,6.271181268207098,0.0894683026584867,0.6569529652351738
2026-10-02,8927,0.5756646216768916,-3.2828245560935,7.310702968826494,0.2341513292433537,0.8001022494887525
2026-10-02,8928,0.5756646216768916,-8.216435672356814,10.26201039943112,-0.1071063394683026,0.33486707566462165
2026-10-02,8929,0.5756646216768916,-1.132075471698113,3.816793893129771,0.1085122699386502,0.679959100204499
2026-10-02,8930,0.5756646216768916,-4.983389908503655,5.944058611676409,-0.0930470347648261,0.3563394683026585
2026-10-02,8931,0.5756646216768916,-2.9445107156268135,8.401405574838645,-0.3711656441717791,0.07106339468302658
2026-10-02,8932,0.5756646216768916,-5.595854922279797,12.513722860459833,0.0194274028629857,0.5480572597137015
2026-10-02,8933,0.5756646216768916,-1.9230733256366928,7.843129775103401,0.0296523517382413,0.5702965235173824
2026-10-02,8935,0.5756646216768916,-5.882351181223844,20.31249801317851,0.3867586912065439,0.9243353783231084
2026-10-02,8936,0.5756646216768916,-1.8761712033294575,6.309749975259173,-0.0677402862985685,0.39289366053169733
2026-10-02,8937,0.5756646216768916,-22.22222588516867,31.746039314875528,-0.2402862985685071,0.1712678936605317
2026-10-02,8938,0.5756646216768916,-1.5094339622641506,4.980839988737727,-0.263803680981595,0.1492842535787321
2026-10-02,8940,0.5756646216768916,-4.193548387096779,6.397305112896544,-0.0181492842535787,0.4657464212678937
2026-10-02,8941,0.5756646216768916,-3.083703697853135,7.045459747314453,-0.3168456032719836,0.09969325153374232
2026-10-02,8942,0.5756646216768916,-6.643359963891093,7.365796568986028,-0.2622699386503068,0.15107361963190183
2026-10-02,8996,0.5756646216768916,-9.30930930930931,32.78145695364238,-0.3793456032719837,0.06748466257668712
2026-10-02,9103,0.5756646216768916,-3.883496925511465,4.646466573079429,-0.1758691206543967,0.2418200408997955
2026-10-02,9105,0.5756646216768916,-5.935053606533424,7.500001362391879,-0.085122699386503,0.3696319018404908
2026-10-02,9110,0.5756646216768916,-3.870964784651876,19.46308468812264,0.0953476482617586,0.6656441717791411
2026-10-02,9136,0.5756646216768916,-16.991151843600104,24.09381907123492,0.3519938650306748,0.8957055214723927
2026-10-02,9802,0.5756646216768916,-11.780821917808217,15.527950310559005,0.2891104294478527,0.8496932515337423
2026-10-02,9902,0.5756646216768916,-5.776175880399748,6.130271122373392,-0.1559304703476482,0.26278118609406953
2026-10-02,9904,0.5756646216768916,-1.3972025857100112,4.251009056925291,-0.2678936605316974,0.14570552147239263
2026-10-02,9905,0.5756646216768916,-1.1600893081732069,2.8168942446999705,-0.1546523517382413,0.266359918200409
2026-10-02,9906,0.5756646216768916,-8.93691675283781,18.91638445944611,0.0884458077709611,0.6551635991820041
2026-10-02,9907,0.5756646216768916,-4.1666690100971016,6.020070717087569,0.0516359918200408,0.6078732106339468
2026-10-02,9908,0.5756646216768916,-2.195947206394777,2.417964638823672,-0.1863496932515336,0.2280163599182004
2026-10-02,9910,0.5756646216768916,-7.629429713164915,8.997047896933767,-0.347264826175869,0.08333333333333333
2026-10-02,9911,0.5756646216768916,-1.0935638133473755,1.3513588495277946,-0.1431492842535786,0.28118609406952966
2026-10-02,9912,0.5756646216768916,-4.832712405076601,7.421873509883881,-0.4417177914110429,0.05061349693251534
2026-10-02,9914,0.5756646216768916,-16.50367059670631,23.27965084316092,0.3601738241308793,0.9005623721881391
2026-10-02,9917,0.5756646216768916,-2.304147465437789,3.30188679245283,-0.2788854805725971,0.13139059304703476
2026-10-02,9918,0.5756646216768916,-0.6896551724137834,2.6620405691641347,-0.1400817995910021,0.2842535787321063
2026-10-02,9919,0.5756646216768916,-2.7972040937036313,5.755397055646498,-0.3417689161554192,0.08588957055214724
2026-10-02,9921,0.5756646216768916,-10.392156862745097,18.271331453219023,0.0010224948875255,0.5094580777096115
2026-10-02,9924,0.5756646216768916,-1.9379864293379567,2.898556755779603,0.0048568507157464,0.5199386503067485
2026-10-02,9925,0.5756646216768916,-1.3732815169484436,1.7721538302264634,-0.1657719836400818,0.25102249488752554
2026-10-02,9926,0.5756646216768916,-2.400000000000002,2.6639328628289896,-0.2855316973415133,0.12832310838445807
2026-10-02,9927,0.5756646216768916,-10.906513655157635,12.400633504167086,-0.1983640081799591,0.21574642126789367
2026-10-02,9928,0.5756646216768916,-1.0989052448102776,4.444450802273221,-0.0030674846625767,0.49514314928425357
2026-10-02,9929,0.5756646216768916,-7.916666666666661,10.859726780679969,-0.0908742331288343,0.35940695296523517
2026-10-02,9930,0.5756646216768916,-6.416277665061476,7.190638003141982,-0.1385480572597137,0.28655419222903883
2026-10-02,9931,0.5756646216768916,-1.3119511576383025,1.7725213415689622,-0.2705777096114519,0.1411042944785276
2026-10-02,9933,0.5756646216768916,0.0,15.611350380177056,-0.0365541922290388,0.4312372188139059
2026-10-02,9934,0.5756646216768916,-11.83856200619553,14.44557554724256,0.1165644171779141,0.6899284253578732
2026-10-02,9935,0.5756646216768916,-7.575754014439207,10.655731451315956,0.1119631901840491,0.6855828220858896
2026-10-02,9937,0.5756646216768916,-2.692999537510765,3.505537870625288,-0.1108128834355827,0.3277096114519427
2026-10-02,9938,0.5756646216768916,-8.383233532934131,10.588233299504695,0.2885991820040899,0.848159509202454
2026-10-02,9939,0.5756646216768916,-6.037735849056602,8.032128514056225,-0.1333077709611451,0.29422290388548056
2026-10-02,9940,0.5756646216768916,-6.074764680858225,8.20895332602126,-0.2376022494887526,0.17280163599182005
2026-10-02,9941,0.5756646216768916,-41.254524603600494,70.22587582315997,-0.0028118609406952,0.49693251533742333
2026-10-02,9942,0.5756646216768916,-1.30434782608696,1.762114537444934,-0.1600204498977505,0.25690184049079756
2026-10-02,9943,0.5756646216768916,-2.3210846135995777,3.168321363996751,-0.0702965235173824,0.38701431492842536
2026-10-02,9944,0.5756646216768916,-1.7241357764788967,2.631572254917078,-0.1776584867075664,0.23977505112474437
2026-10-02,9945,0.5756646216768916,-4.276314588299734,9.621990505362705,-0.3798568507157464,0.06697341513292433
2026-10-02,9946,0.5756646216768916,-7.67123287671232,9.79228260255355,0.0463957055214724,0.5991820040899796
2026-10-02,9949,0.5756646216768916,-2.016126017912767,3.703702133869438,0.1342024539877301,0.7080777096114519
2026-10-02,9950,0.5756646216768916,-4.6728954969904475,5.392158732694756,-0.1733128834355828,0.24309815950920247
2026-10-02,9951,0.5756646216768916,-7.677163967780832,9.061832061962791,-0.0247955010224948,0.4493865030674847
2026-10-02,9955,0.5756646216768916,-6.122448979591832,10.869565217391305,-0.0316973415132924,0.4401840490797546
2026-10-02,9958,0.5756646216768916,-2.765957446808509,7.330412416019898,0.0945807770961145,0.6643660531697342
2026-10-02,9960,0.5756646216768916,-9.41597304195776,33.94737243652344,-0.1515848670756646,0.27096114519427406
2026-10-02,9962,0.5756646216768916,-1.4285714285714346,6.666662612399042,0.0079243353783231,0.5270961145194274
