Date,Code,BREADTH_5D,DIST_HIGH20,RANGE20_PCT,RS_ACCEL,RS_ACCEL_PCTL
2026-09-11,0050,0.2402464065708419,-2.753953094137962,7.75301644449803,0.0146303901437371,0.49589322381930184
2026-09-11,0051,0.2402464065708419,-2.2289787124179505,5.561314716240285,-0.0318275154004106,0.3821868583162218
2026-09-11,0052,0.2402464065708419,-2.94801831054774,7.673853686507017,0.0171971252566734,0.5043634496919918
2026-09-11,0053,0.2402464065708419,-5.07774414497656,9.268093165745444,-0.0349075975359343,0.37474332648870634
2026-09-11,0055,0.2402464065708419,-1.1623282832043391,14.19302522975198,-0.0387577002053389,0.36498973305954824
2026-09-11,0056,0.2402464065708419,-1.426023634260143,8.318261369953692,-0.0323408624229979,0.3809034907597536
2026-09-11,0057,0.2402464065708419,-2.9016188382695707,7.8599221789883265,0.0028234086242299,0.4612422997946612
2026-09-11,0061,0.2402464065708419,-4.5109748310682924,5.518393355409777,0.040041067761807,0.5651950718685832
2026-09-11,1101,0.2402464065708419,-6.130269571205382,9.183673469387756,0.0103952772073923,0.4881930184804928
2026-09-11,1102,0.2402464065708419,-0.4231354658692177,6.515578716063647,0.0482546201232032,0.5816221765913757
2026-09-11,1103,0.2402464065708419,-2.6119361026802568,3.0651311316781458,-0.0056468172484599,0.4355749486652977
2026-09-11,1104,0.2402464065708419,-2.508956505956017,6.066174897974381,0.0173254620123204,0.50564681724846
2026-09-11,1108,0.2402464065708419,-5.882351526928787,7.589280734560827,0.0533880903490759,0.5970225872689938
2026-09-11,1109,0.2402464065708419,-2.909088134765614,2.9962517385803618,0.1134496919917864,0.7207392197125256
2026-09-11,1110,0.2402464065708419,-3.647418563174043,5.678236911948485,-0.1647843942505132,0.1935318275154004
2026-09-11,1201,0.2402464065708419,-3.599998474121091,4.149377527682079,-0.040811088295688,0.3613963039014374
2026-09-11,1203,0.2402464065708419,-7.021274972469249,9.610985559756184,-0.2351129363449691,0.13655030800821355
2026-09-11,1210,0.2402464065708419,-2.4344625741776427,3.838771705518249,0.1083162217659137,0.7122689938398358
2026-09-11,1213,0.2402464065708419,-9.650183286081017,17.089449560558574,-0.1660677618069815,0.19173511293634496
2026-09-11,1215,0.2402464065708419,-1.3392857142857095,4.524886877828054,0.0817505133470226,0.6596509240246407
2026-09-11,1216,0.2402464065708419,-4.580150819349427,5.333333333333334,-0.0236139630390143,0.39861396303901436
2026-09-11,1217,0.2402464065708419,-0.8955238893513906,1.405625931591869,0.036447638603696,0.5518480492813141
2026-09-11,1218,0.2402464065708419,-5.6291414569288545,6.666672020627766,0.2491016427104723,0.8880903490759754
2026-09-11,1219,0.2402464065708419,-4.201680806959162,8.333331939072576,-0.0408110882956879,0.36216632443531827
2026-09-11,1220,0.2402464065708419,-2.2522521748499114,4.147472323669173,0.2533367556468173,0.8921971252566735
2026-09-11,1225,0.2402464065708419,-10.000002825701682,12.551437583623112,0.0433778234086242,0.5713552361396304
2026-09-11,1227,0.2402464065708419,-3.5593194476628676,4.393672992896082,0.0456878850102668,0.5764887063655031
2026-09-11,1229,0.2402464065708419,-4.235292322495409,4.6683083298833905,-0.2833675564681724,0.10574948665297741
2026-09-11,1231,0.2402464065708419,-4.982211655506152,5.742829202427272,-0.03708932238193,0.36960985626283366
2026-09-11,1232,0.2402464065708419,-2.19435736677116,4.807692307692308,-0.1389887063655029,0.2171457905544148
2026-09-11,1233,0.2402464065708419,-2.758618058829476,5.141846537979706,-0.0999743326488706,0.2707905544147844
2026-09-11,1234,0.2402464065708419,-1.914584716559009,2.8528552093243573,0.1760780287474331,0.8080082135523614
2026-09-11,1235,0.2402464065708419,-6.351190423029484,13.430859725256564,-0.0459445585215605,0.3526694045174538
2026-09-11,1236,0.2402464065708419,-0.7604519444585844,5.172407871225761,0.0035934291581108,0.46457905544147843
2026-09-11,1240,0.2402464065708419,-3.8528844256261574,5.646627300474314,0.2158624229979465,0.8570328542094456
2026-09-11,1256,0.2402464065708419,-12.53196930946292,14.912280701754383,-0.0700718685831622,0.30980492813141686
2026-09-11,1259,0.2402464065708419,-3.012048123553901,8.074535154863081,0.090605749486653,0.6735112936344969
2026-09-11,1264,0.2402464065708419,-4.423076923076918,4.82897384305835,0.1670944558521561,0.7967145790554415
2026-09-11,1268,0.2402464065708419,-6.284153005464477,8.746355685131196,-0.3074948665297741,0.09317248459958932
2026-09-11,1294,0.2402464065708419,-10.86206765010439,13.539651637718867,0.1827515400410677,0.8213552361396304
2026-09-11,1295,0.2402464065708419,-4.852326957209241,7.0953456124297904,0.1660677618069815,0.795687885010267
2026-09-11,1301,0.2402464065708419,-9.26966117557402,23.6842039996216,-0.2566735112936344,0.12063655030800821
2026-09-11,1303,0.2402464065708419,-6.2000000000000055,32.40938166311301,-0.0295174537987679,0.3875770020533881
2026-09-11,1304,0.2402464065708419,-6.083644564774193,11.74088878119189,0.1803131416837782,0.8172484599589322
2026-09-11,1305,0.2402464065708419,-7.251914009737403,12.345679399959092,0.1011293634496919,0.6963552361396304
2026-09-11,1307,0.2402464065708419,-2.0833381730265943,3.1096588761514483,0.2664271047227926,0.8998973305954825
2026-09-11,1308,0.2402464065708419,-6.229506946000896,14.335665478263996,0.0164271047227925,0.4992299794661191
2026-09-11,1309,0.2402464065708419,-4.421766169823971,14.946614941544505,0.1822381930184805,0.8198151950718686
2026-09-11,1310,0.2402464065708419,-7.104411734361971,15.411354647383073,0.057494866529774,0.6095995893223819
2026-09-11,1312,0.2402464065708419,-13.030300718365284,33.797911167532604,-0.2512833675564682,0.12243326488706366
2026-09-11,1313,0.2402464065708419,-5.158734543853816,11.297074502235882,0.0141170431211499,0.4948665297741273
2026-09-11,1314,0.2402464065708419,-5.029243223196033,11.699511077479343,-0.0727669404517453,0.3049281314168378
2026-09-11,1315,0.2402464065708419,-0.4504435874421952,3.1674183672083807,0.0041067761806982,0.4671457905544148
2026-09-11,1316,0.2402464065708419,-14.400001525878904,21.495329268541592,-0.1796714579055441,0.17659137577002054
2026-09-11,1319,0.2402464065708419,-6.2870733806542844,8.35443810571598,0.0890657084188911,0.6714579055441479
2026-09-11,1321,0.2402464065708419,-6.158353572111763,7.812494039535523,-0.2471765913757699,0.12628336755646818
2026-09-11,1323,0.2402464065708419,-0.9153352835136186,3.926098828852679,0.0279774127310061,0.5323408624229979
2026-09-11,1324,0.2402464065708419,-2.4271844210729476,3.4825907943006147,0.0211755646817247,0.5128336755646817
2026-09-11,1325,0.2402464065708419,-5.018588849866634,7.045007009039862,0.0349075975359343,0.5497946611909651
2026-09-11,1326,0.2402464065708419,-10.230179427366116,31.481480676438235,-0.0685318275154005,0.311088295687885
2026-09-11,1336,0.2402464065708419,-12.096773945454142,16.513765748895644,0.138347022587269,0.7546201232032854
2026-09-11,1337,0.2402464065708419,-7.039340744482015,7.795098496083138,0.0608316221765913,0.6178131416837782
2026-09-11,1338,0.2402464065708419,-3.355704783899316,5.902773960504891,0.3747433264887063,0.9584188911704312
2026-09-11,1339,0.2402464065708419,-7.435346227338524,8.847504037850323,0.2535934291581109,0.8929671457905544
2026-09-11,1340,0.2402464065708419,-5.263165637817702,9.578544446294751,0.1255133470225873,0.7387063655030801
2026-09-11,1341,0.2402464065708419,-5.081964711673925,6.0449048493300035,-0.0413244353182751,0.35985626283367556
2026-09-11,1342,0.2402464065708419,-5.428568522135436,5.840889097188328,0.0010266940451745,0.45431211498973306
2026-09-11,1402,0.2402464065708419,-6.525285562453476,12.739963934133955,-0.1185831622176591,0.24537987679671458
2026-09-11,1409,0.2402464065708419,-9.611824574689445,13.701424824488823,0.233829568788501,0.8744866529774127
2026-09-11,1410,0.2402464065708419,-8.270679441313211,10.245901799528744,0.2206108829568789,0.8619096509240246
2026-09-11,1413,0.2402464065708419,-3.834195856843281,7.543101609993419,0.1637577002053387,0.7938911704312115
2026-09-11,1414,0.2402464065708419,-17.224882522380092,21.387277565102885,-0.1886550308008214,0.1688911704312115
2026-09-11,1416,0.2402464065708419,-8.502025573297256,10.17699604242046,-0.231006160164271,0.1391170431211499
2026-09-11,1417,0.2402464065708419,-3.2335382686072167,3.341589855360181,-0.056211498973306,0.33213552361396304
2026-09-11,1418,0.2402464065708419,-3.581265191138927,4.571424211774554,0.1090862422997946,0.7145790554414785
2026-09-11,1419,0.2402464065708419,-2.1865889699193897,8.196721497871899,-0.0052618069815194,0.4383983572895277
2026-09-11,1423,0.2402464065708419,-3.1944486829969643,5.451941489437393,0.1786447638603696,0.8123716632443532
2026-09-11,1432,0.2402464065708419,-1.3157882353605488,1.6666666666666667,0.2883726899383983,0.9137577002053389
2026-09-11,1434,0.2402464065708419,-4.3010813333433155,7.022472211107927,-0.217017453798768,0.14835728952772073
2026-09-11,1435,0.2402464065708419,-9.036144716747618,17.660044447539615,0.3221252566735113,0.9342915811088296
2026-09-11,1436,0.2402464065708419,-7.341776014883306,8.606561904930652,-0.1316735112936345,0.2268993839835729
2026-09-11,1437,0.2402464065708419,-2.599389485131376,5.651494891210166,-0.1167864476386038,0.24743326488706366
2026-09-11,1438,0.2402464065708419,-5.739511077064208,10.243739496740472,0.4014373716632443,0.9686858316221766
2026-09-11,1439,0.2402464065708419,-2.333335876464848,6.143342265974501,-0.0924024640657084,0.2797741273100616
2026-09-11,1440,0.2402464065708419,-9.764314651121564,13.059701864319472,-0.2542351129363449,0.12166324435318275
2026-09-11,1441,0.2402464065708419,-5.543480863643335,7.134636541970177,-0.0536447638603695,0.33829568788501024
2026-09-11,1442,0.2402464065708419,-1.9512207527470735,5.3068006690333815,0.0033367556468171,0.46303901437371664
2026-09-11,1443,0.2402464065708419,-7.297831769746377,8.297875586976396,0.1891683778234086,0.8290554414784395
2026-09-11,1444,0.2402464065708419,-12.321657646754824,14.053251140529548,-0.1976386036960985,0.1606776180698152
2026-09-11,1445,0.2402464065708419,-6.363634629683057,9.223298948282428,0.0800821355236139,0.6570841889117043
2026-09-11,1446,0.2402464065708419,-5.338078219348208,6.015038941820203,0.3100616016427105,0.9276180698151951
2026-09-11,1447,0.2402464065708419,-11.459756634802066,12.942992021757291,-0.2764373716632443,0.10985626283367557
2026-09-11,1449,0.2402464065708419,-4.313726986155785,6.1475410797172465,0.1021560574948664,0.6981519507186859
2026-09-11,1451,0.2402464065708419,-2.5788008210015145,3.235300849465763,-0.0995893223819301,0.2720739219712526
2026-09-11,1452,0.2402464065708419,-3.448280681469351,4.464285790312048,-0.0205338809034907,0.40451745379876797
2026-09-11,1453,0.2402464065708419,-4.366812299816891,6.592188910779368,0.0171971252566735,0.5051334702258727
2026-09-11,1454,0.2402464065708419,-2.7237382963384515,6.4000015258789205,0.2202258726899384,0.8613963039014374
2026-09-11,1455,0.2402464065708419,-7.169813221992172,10.060982819518708,-0.0759753593429157,0.29953798767967144
2026-09-11,1456,0.2402464065708419,-7.119737484629319,13.937281859466822,0.2515400410677618,0.8901437371663244
2026-09-11,1457,0.2402464065708419,-0.3436439180715789,2.413795734273976,0.0068018480492813,0.4753593429158111
2026-09-11,1459,0.2402464065708419,-3.125,17.096771732453366,-0.1445071868583162,0.21252566735112938
2026-09-11,1460,0.2402464065708419,-4.852946930690461,5.718707486778455,0.0523613963039014,0.5913757700205339
2026-09-11,1463,0.2402464065708419,-4.444440205891931,6.104646456312736,0.063783367556468,0.62217659137577
2026-09-11,1464,0.2402464065708419,-3.9423063697193506,4.40440030494666,0.0156570841889117,0.49743326488706363
2026-09-11,1465,0.2402464065708419,-4.417672282416918,5.882351526928799,0.1637577002053387,0.7938911704312115
2026-09-11,1466,0.2402464065708419,-13.450293213017927,16.55405899571009,-0.289271047227926,0.1026694045174538
2026-09-11,1467,0.2402464065708419,-8.083138817540735,8.793967410935984,-0.1945585215605749,0.16324435318275154
2026-09-11,1468,0.2402464065708419,-3.3088290464505565,8.365022154979131,0.0069301848049281,0.476129363449692
2026-09-11,1470,0.2402464065708419,-3.621728791607548,10.229647953626026,-0.0161704312114989,0.41196098562628336
2026-09-11,1471,0.2402464065708419,-10.566045272897506,13.502117599718323,-0.1339835728952771,0.22356262833675564
2026-09-11,1473,0.2402464065708419,-1.4851541241502677,3.0150773516147433,-0.004876796714579,0.44096509240246407
2026-09-11,1474,0.2402464065708419,-1.4778288095343983,2.699995040893537,0.0653234086242299,0.6267967145790554
2026-09-11,1475,0.2402464065708419,-4.927008760090413,9.596929263795625,-0.1527207392197125,0.2045687885010267
2026-09-11,1476,0.2402464065708419,-11.638591117917308,13.864818024263432,-0.1147330595482546,0.2510266940451745
2026-09-11,1477,0.2402464065708419,-7.529411764705884,10.941475826972011,0.509111909650924,0.9887063655030801
2026-09-11,1503,0.2402464065708419,-6.04651162790698,9.9009900990099,-0.0205338809034907,0.40451745379876797
2026-09-11,1504,0.2402464065708419,-7.947019867549665,8.920858918334083,-0.308264887063655,0.09240246406570841
2026-09-11,1506,0.2402464065708419,-4.615380383101996,4.838705025652109,-0.0341375770020533,0.3773100616016427
2026-09-11,1512,0.2402464065708419,-7.749627093446576,10.662356079338617,0.2615503080082135,0.8973305954825462
2026-09-11,1513,0.2402464065708419,-4.6242774566473965,6.666666666666667,0.1525924024640657,0.7741273100616016
2026-09-11,1514,0.2402464065708419,-9.865470852017932,13.233833882346069,0.0019250513347022,0.4584188911704312
2026-09-11,1515,0.2402464065708419,-21.77215286448032,33.17152144511104,-0.1411704312114989,0.21534907597535935
2026-09-11,1516,0.2402464065708419,-10.000001230547506,12.90322735014922,0.1719712525667351,0.8023613963039015
2026-09-11,1517,0.2402464065708419,-11.440681013969144,13.875596514169713,-0.2374229979466119,0.13218685831622176
2026-09-11,1519,0.2402464065708419,-9.414758269720105,12.5,-0.3621663244353182,0.06673511293634497
2026-09-11,1521,0.2402464065708419,-4.789271960652785,5.231392854941649,-0.1190965092402464,0.24383983572895276
2026-09-11,1522,0.2402464065708419,-11.14982814589901,12.745098039215684,-0.0248973305954825,0.3968172484599589
2026-09-11,1524,0.2402464065708419,-6.294964201535125,6.909786141182463,-0.0302874743326488,0.38655030800821355
2026-09-11,1525,0.2402464065708419,-4.698967723851311,5.855154596333918,-0.065195071868583,0.31878850102669404
2026-09-11,1526,0.2402464065708419,-14.16430625514188,17.161712826812867,-0.2371663244353182,0.13295687885010268
2026-09-11,1527,0.2402464065708419,-2.6986439351114777,3.0816640261595354,0.0477412731006159,0.5795687885010267
2026-09-11,1528,0.2402464065708419,-2.7522866748595165,18.160369507398443,0.3857802874743327,0.9614989733059548
2026-09-11,1529,0.2402464065708419,-12.672172371355629,15.457411673815711,0.0136036960985626,0.4917864476386037
2026-09-11,1530,0.2402464065708419,-9.40593579499237,10.56466134035812,-0.1534907597535934,0.2037987679671458
2026-09-11,1531,0.2402464065708419,-14.963505250186026,18.02574675157232,-0.0980492813141684,0.2746406570841889
2026-09-11,1532,0.2402464065708419,-3.0042870322391058,6.858403588043423,-0.1324435318275154,0.22612936344969198
2026-09-11,1533,0.2402464065708419,-7.121213277180994,8.6460021256514,0.1801848049281313,0.8157084188911704
2026-09-11,1535,0.2402464065708419,-3.533193787843203,3.773586663106846,0.1416837782340863,0.7594969199178645
2026-09-11,1536,0.2402464065708419,-10.321971291079246,11.826818700283052,-0.2045687885010266,0.15657084188911705
2026-09-11,1537,0.2402464065708419,-10.546875,12.22707423580786,0.2310061601642711,0.8711498973305954
2026-09-11,1538,0.2402464065708419,-3.804341685343649,12.429371529730176,0.3547227926078027,0.9507186858316222
2026-09-11,1539,0.2402464065708419,-3.125,3.5483883273216983,0.0981776180698151,0.6899383983572895
2026-09-11,1540,0.2402464065708419,-3.500003814697261,5.958547481815455,0.0241273100616016,0.5220739219712526
2026-09-11,1541,0.2402464065708419,-6.63716802956289,9.004737365781642,-0.0069301848049281,0.4296714579055442
2026-09-11,1558,0.2402464065708419,-0.91324200913242,12.073731312554004,-0.0292607802874743,0.388347022587269
2026-09-11,1560,0.2402464065708419,-0.5037783375314908,17.468354430379744,0.0698151950718686,0.6350102669404517
2026-09-11,1563,0.2402464065708419,-15.304602880221251,19.122806348298727,-0.4946098562628337,0.03131416837782341
2026-09-11,1565,0.2402464065708419,-3.8613876493850503,7.723996001914342,-0.1996919917864477,0.15965092402464065
2026-09-11,1568,0.2402464065708419,-5.685614974179664,6.560284863186968,0.1629876796714579,0.7915811088295688
2026-09-11,1569,0.2402464065708419,-5.420563599773653,21.93675653922813,0.0395277207392197,0.5628850102669405
2026-09-11,1570,0.2402464065708419,-6.4327506253259115,8.125001192092896,0.1722279260780287,0.8031314168377823
2026-09-11,1580,0.2402464065708419,-9.537039862738704,10.747185596702224,0.0277207392197125,0.5308008213552361
2026-09-11,1582,0.2402464065708419,-9.78120820156999,11.840221972939702,-0.0382443531827515,0.3660164271047228
2026-09-11,1583,0.2402464065708419,-7.097858782389643,14.93938135646808,-0.2402464065708419,0.12885010266940453
2026-09-11,1584,0.2402464065708419,-4.545456399949977,6.442585441469991,0.101129363449692,0.6971252566735113
2026-09-11,1586,0.2402464065708419,-7.692307692307687,8.888891008165148,0.4700975359342916,0.9856262833675564
2026-09-11,1587,0.2402464065708419,-5.030181009301337,5.296610083877272,0.1337268993839835,0.747946611909651
2026-09-11,1590,0.2402464065708419,-15.181518151815176,20.622568093385212,-0.2097022587268993,0.15195071868583163
2026-09-11,1591,0.2402464065708419,-5.660377358490565,13.599995930989584,0.0367043121149897,0.5528747433264887
2026-09-11,1593,0.2402464065708419,-2.6234637308255593,4.278929703530911,-0.0549281314168377,0.33547227926078027
2026-09-11,1595,0.2402464065708419,-16.799997965494796,23.557692954291003,-0.1162731006160164,0.2492299794661191
2026-09-11,1597,0.2402464065708419,-10.365853658536585,27.2108843537415,-0.3395790554414785,0.07597535934291581
2026-09-11,1598,0.2402464065708419,-5.092594268717687,10.243904299852325,0.0687885010266941,0.6339835728952772
2026-09-11,1599,0.2402464065708419,-0.2123109922732569,3.404252072598072,0.1537474332648869,0.7751540041067762
2026-09-11,1603,0.2402464065708419,-4.61049515982247,5.5000050862630205,0.0077002053388089,0.4779260780287474
2026-09-11,1604,0.2402464065708419,-1.054852286717789,2.985077783220115,0.0010266940451745,0.45431211498973306
2026-09-11,1605,0.2402464065708419,-7.196024233456444,11.49732369418532,-0.103182751540041,0.2656570841889117
2026-09-11,1608,0.2402464065708419,-7.416874231084813,12.707177837494532,-0.1756930184804928,0.1822381930184805
2026-09-11,1609,0.2402464065708419,-2.322584582913312,6.472921695398679,0.1080595482546202,0.7109856262833676
2026-09-11,1611,0.2402464065708419,-6.854834306004243,7.792204360760357,0.0977926078028747,0.6873716632443532
2026-09-11,1612,0.2402464065708419,-2.9247994627546348,5.165001809381594,0.1384753593429158,0.7551334702258727
2026-09-11,1614,0.2402464065708419,-1.1128787694090203,3.2154340441610696,0.1558008213552359,0.7792607802874744
2026-09-11,1615,0.2402464065708419,-4.793029825280226,5.720823698749609,-0.0518480492813141,0.3398357289527721
2026-09-11,1616,0.2402464065708419,-7.160497594762727,13.297872880078293,0.1067761806981519,0.7063655030800822
2026-09-11,1617,0.2402464065708419,-10.714287452030424,15.428575788225446,-0.1830082135523614,0.17376796714579054
2026-09-11,1618,0.2402464065708419,-5.825246314164567,7.989696777770382,0.0395277207392196,0.5621149897330595
2026-09-11,1623,0.2402464065708419,-6.590909090909092,12.895377128953772,0.1799281314168378,0.8146817248459959
2026-09-11,1626,0.2402464065708419,-2.426700874227161,4.766839961979543,0.0323408624229979,0.5423511293634496
2026-09-11,1702,0.2402464065708419,-2.865763858857817,3.571433225562215,-0.1455338809034907,0.21175564681724846
2026-09-11,1707,0.2402464065708419,-3.8876874011258056,4.606739858563027,0.1024127310061602,0.7004620123203286
2026-09-11,1708,0.2402464065708419,-8.143938066655043,9.484532936332153,-0.4149127310061601,0.052361396303901436
2026-09-11,1709,0.2402464065708419,-3.9787797603297648,20.994475749432564,-0.1149897330595481,0.25051334702258726
2026-09-11,1710,0.2402464065708419,-4.477611940298509,12.5,-0.1183264887063655,0.24589322381930184
2026-09-11,1711,0.2402464065708419,-20.557852167875048,27.828349936608564,-0.4124743326488706,0.053388090349075976
2026-09-11,1712,0.2402464065708419,-2.5423710810104083,6.211180124223603,-0.098305954825462,0.273870636550308
2026-09-11,1713,0.2402464065708419,-7.399350314311959,7.990603024306391,0.1483572895277207,0.7687371663244353
2026-09-11,1714,0.2402464065708419,-17.25066839462519,21.172631697449532,-0.0685318275154004,0.3116016427104723
2026-09-11,1717,0.2402464065708419,-17.076021607159177,23.554297022330235,-0.5082135523613963,0.028747433264887063
2026-09-11,1718,0.2402464065708419,-12.970713100205334,16.34615261173808,-0.1352669404517453,0.22125256673511293
2026-09-11,1720,0.2402464065708419,-2.608695652173909,3.2142843518938333,0.0342659137577002,0.547741273100616
2026-09-11,1721,0.2402464065708419,-16.57355940304037,35.04464515693946,0.2268993839835729,0.8670431211498973
2026-09-11,1722,0.2402464065708419,-7.486631016042777,9.248554913294797,0.0038501026694044,0.4650924024640657
2026-09-11,1723,0.2402464065708419,-10.121016967219198,12.117505380264165,-0.3205852156057494,0.087782340862423
2026-09-11,1725,0.2402464065708419,-2.2288260504927604,10.790276534232907,0.2787474332648871,0.9070841889117043
2026-09-11,1726,0.2402464065708419,-2.1628460321178156,3.2509752280806956,0.0141170431211498,0.4940965092402464
2026-09-11,1727,0.2402464065708419,-15.471699552715943,29.017857637028317,-0.6188398357289526,0.013860369609856264
2026-09-11,1730,0.2402464065708419,-2.0952351888020804,3.1128374058812533,0.0569815195071869,0.6072895277207392
2026-09-11,1731,0.2402464065708419,-2.3474179244571736,3.36537923685878,0.0556981519507187,0.6049794661190965
2026-09-11,1732,0.2402464065708419,-3.703703703703709,4.807692307692308,-0.0562114989733059,0.33290554414784396
2026-09-11,1733,0.2402464065708419,-5.376344212037642,6.331165272382395,-0.459958932238193,0.04286447638603696
2026-09-11,1734,0.2402464065708419,-0.6369390382820028,5.394287466531229,0.1812114989733059,0.8177618069815195
2026-09-11,1735,0.2402464065708419,-9.111616995370753,10.52631729904912,0.0526180698151951,0.5934291581108829
2026-09-11,1736,0.2402464065708419,-4.104477611940293,9.72762645914397,0.2990246406570842,0.9214579055441479
2026-09-11,1737,0.2402464065708419,-5.846152672400839,6.6993438284463345,0.2299794661190964,0.8701232032854209
2026-09-11,1742,0.2402464065708419,-4.891302376027773,7.999997820172991,-0.2272843942505132,0.14168377823408623
2026-09-11,1752,0.2402464065708419,-2.336442767297986,2.7113188637264214,-0.0005133470225873,0.44969199178644764
2026-09-11,1760,0.2402464065708419,-8.768972731604396,9.61183162588607,-0.0763603696098563,0.29774127310061604
2026-09-11,1762,0.2402464065708419,-7.54458146073913,9.792282380864574,-0.2425564681724846,0.12679671457905545
2026-09-11,1773,0.2402464065708419,-8.35734870317003,13.20754716981132,0.0413244353182751,0.5662217659137577
2026-09-11,1776,0.2402464065708419,0.0,5.39773149061785,0.2068788501026695,0.8459958932238193
2026-09-11,1777,0.2402464065708419,-1.3175230301662677,3.471292952140677,-0.0290041067761807,0.3891170431211499
2026-09-11,1780,0.2402464065708419,-3.944773116181,8.21355223272191,0.0977926078028748,0.6878850102669405
2026-09-11,1781,0.2402464065708419,-7.272729006680578,9.90196321341502,0.2802874743326489,0.9091375770020534
2026-09-11,1783,0.2402464065708419,-12.289152949689386,14.148355247231148,-0.1958418891170431,0.16170431211498973
2026-09-11,1784,0.2402464065708419,-7.886435141423576,8.56164361191727,0.0426078028747433,0.569558521560575
2026-09-11,1785,0.2402464065708419,-11.203702290852869,12.930136943254093,0.0633983572895277,0.6216632443531828
2026-09-11,1786,0.2402464065708419,-15.098040711645988,20.207852550054685,-0.0682751540041067,0.3133983572895277
2026-09-11,1788,0.2402464065708419,-2.6615969581749055,2.734375,0.0906057494866529,0.6729979466119097
2026-09-11,1789,0.2402464065708419,-6.870231082328637,8.196721653202314,-0.1840349075975359,0.17197125256673512
2026-09-11,1795,0.2402464065708419,-14.320987654320982,17.579250720461097,-0.2202258726899383,0.1457905544147844
2026-09-11,1796,0.2402464065708419,-5.528457765656758,6.196210961562427,0.1724845995893223,0.8046714579055442
2026-09-11,1799,0.2402464065708419,-5.322579414613782,5.792166067611902,0.031570841889117,0.5395277207392197
2026-09-11,1802,0.2402464065708419,-9.062498807907104,16.8384864408816,-0.0137320328542094,0.4173511293634497
2026-09-11,1805,0.2402464065708419,-2.415458848171548,4.653467814626132,-0.0719969199178643,0.30646817248459957
2026-09-11,1806,0.2402464065708419,-1.4723913027706592,7.098377506586945,0.0577515400410678,0.6113963039014374
2026-09-11,1808,0.2402464065708419,-8.86243000459277,15.820030891849626,-0.2127823408624231,0.14938398357289528
2026-09-11,1809,0.2402464065708419,-8.098157636958392,10.947926276622283,0.2897843942505133,0.9147843942505134
2026-09-11,1810,0.2402464065708419,-18.79310607910156,23.14225452017343,-0.2007186858316221,0.1591375770020534
2026-09-11,1813,0.2402464065708419,-6.122448979591832,9.999996682871927,0.0708418891170432,0.6380903490759754
2026-09-11,1815,0.2402464065708419,-5.555555555555558,34.431373745787376,-0.0205338809034907,0.40451745379876797
2026-09-11,1817,0.2402464065708419,-0.4920067784305648,2.9666272937104647,0.0268223819301848,0.528747433264887
2026-09-11,1903,0.2402464065708419,-5.199996948242191,6.118146482116877,-0.0608316221765914,0.32340862422997946
2026-09-11,1904,0.2402464065708419,-6.2381908441787814,10.08064547140815,-0.134111909650924,0.22227926078028748
2026-09-11,1905,0.2402464065708419,-6.382982608903864,8.333336343668984,0.1524640657084189,0.7736139630390144
2026-09-11,1906,0.2402464065708419,-5.982904450227533,7.272729006680591,-0.0911190965092402,0.28208418891170434
2026-09-11,1907,0.2402464065708419,-8.35962606340701,10.67125804779678,-0.3257186858316221,0.08367556468172485
2026-09-11,1909,0.2402464065708419,-9.13043644117273,10.526319632029567,-0.3819301848049282,0.059034907597535935
2026-09-11,2002,0.2402464065708419,-4.060919357496562,5.026459164623668,-0.0316991786447639,0.38295687885010266
2026-09-11,2006,0.2402464065708419,-1.7857142857142905,6.666666666666667,-0.0002566735112936,0.4514887063655031
2026-09-11,2007,0.2402464065708419,-4.488080876930944,4.845813898367866,-0.0467145790554415,0.34933264887063653
2026-09-11,2008,0.2402464065708419,-3.015875437903026,3.273322504004808,0.0319558521560574,0.5400410677618069
2026-09-11,2009,0.2402464065708419,-11.76470740538882,15.769234681740784,-0.2474332648870637,0.12525667351129363
2026-09-11,2010,0.2402464065708419,-4.545459424543841,4.9886640341506245,-0.0231006160164271,0.4001540041067762
2026-09-11,2012,0.2402464065708419,-7.236838431569625,8.510636714891021,-0.0608316221765913,0.3241786447638604
2026-09-11,2013,0.2402464065708419,-1.7772511527029633,3.498192367310889,-0.0046201232032854,0.44224845995893225
2026-09-11,2014,0.2402464065708419,-5.932209599717586,6.6066090490807206,-0.0562114989733059,0.33290554414784396
2026-09-11,2015,0.2402464065708419,-1.9786841442129832,5.745336740023768,-0.1434804928131416,0.21303901437371664
2026-09-11,2017,0.2402464065708419,-11.85929019217352,14.481179450396542,-0.3737166324435318,0.06365503080082136
2026-09-11,2020,0.2402464065708419,-3.1390084284284914,5.092585438400102,-0.1378336755646816,0.21765913757700206
2026-09-11,2022,0.2402464065708419,-6.887754481417707,8.630138328496376,-0.1324435318275154,0.22612936344969198
2026-09-11,2023,0.2402464065708419,-2.112677427918852,4.316542764472751,0.0658367556468173,0.6273100616016427
2026-09-11,2025,0.2402464065708419,-9.558824663756194,11.382118296706697,-0.135523613963039,0.22073921971252566
2026-09-11,2027,0.2402464065708419,-11.089864859788722,12.903225806451612,-0.4659907597535934,0.04004106776180698
2026-09-11,2028,0.2402464065708419,-2.1806818967769037,4.140125009088771,0.0957392197125256,0.6827515400410678
2026-09-11,2029,0.2402464065708419,-6.63716802956289,7.582940059445999,-0.3886036960985626,0.055698151950718686
2026-09-11,2030,0.2402464065708419,-2.8925650449212137,15.744684097614694,-0.1239733059548254,0.23716632443531827
2026-09-11,2031,0.2402464065708419,-6.984125369440308,8.759950869824738,-0.3811601642710472,0.059548254620123205
2026-09-11,2032,0.2402464065708419,-3.682717465035268,7.352941176470589,-0.1280800821355237,0.23203285420944558
2026-09-11,2033,0.2402464065708419,-3.728814852439754,29.049296164838985,-0.0179671457905544,0.40811088295687886
2026-09-11,2034,0.2402464065708419,-5.373830088924336,8.88888512128665,-0.2398613963039014,0.13039014373716631
2026-09-11,2035,0.2402464065708419,-2.87253548815557,6.839188294449509,0.2171457905544148,0.8603696098562629
2026-09-11,2038,0.2402464065708419,-7.984785304335229,9.090904075341829,-0.0990759753593429,0.2728439425051335
2026-09-11,2049,0.2402464065708419,-9.113924050632916,17.40947075208914,0.0872689938398357,0.6673511293634496
2026-09-11,2059,0.2402464065708419,-19.920450778919452,25.95198675496689,-0.6789014373716633,0.009753593429158111
2026-09-11,2061,0.2402464065708419,-17.456141689367467,21.997871715093595,-0.24152977412731,0.12833675564681724
2026-09-11,2062,0.2402464065708419,-7.653061075540246,8.287292643019267,-0.3058264887063655,0.0944558521560575
2026-09-11,2063,0.2402464065708419,-3.4136562027782813,4.989600389432225,0.1778747433264887,0.811088295687885
2026-09-11,2065,0.2402464065708419,-8.842656588855114,10.413699301937594,-0.3105749486652977,0.09034907597535935
2026-09-11,2066,0.2402464065708419,-13.050848750744835,15.204677101487382,0.0941991786447638,0.6791581108829569
2026-09-11,2067,0.2402464065708419,-23.076917198752767,34.999995032946465,0.4255646817248459,0.9743326488706365
2026-09-11,2069,0.2402464065708419,-2.1825441577686067,22.312373570446045,0.0102669404517452,0.48690965092402466
2026-09-11,2070,0.2402464065708419,-16.083916083916083,20.0,-0.3255903490759754,0.08418891170431211
2026-09-11,2072,0.2402464065708419,-19.620253164556967,24.803149606299215,0.0320841889117043,0.5410677618069816
2026-09-11,2073,0.2402464065708419,-5.0751893312384055,7.920792079207921,-0.2284394250513347,0.14117043121149897
2026-09-11,2101,0.2402464065708419,-10.23739075618505,11.404961199799846,-0.11935318275154,0.2433264887063655
2026-09-11,2102,0.2402464065708419,-5.277044642423978,7.520893170417077,-0.0608316221765913,0.3241786447638604
2026-09-11,2103,0.2402464065708419,-12.563669497746222,16.116510780112257,-0.5612166324435318,0.02002053388090349
2026-09-11,2104,0.2402464065708419,-4.109587370808699,9.333328973679317,0.0980492813141684,0.688911704312115
2026-09-11,2105,0.2402464065708419,-4.402514629304388,5.098681764837086,-0.1375770020533879,0.21817248459958932
2026-09-11,2106,0.2402464065708419,-6.442574756043706,6.8862249460631535,0.0646817248459958,0.625
2026-09-11,2107,0.2402464065708419,-1.834862385321101,6.168222873010368,-0.1303901437371664,0.23049281314168377
2026-09-11,2108,0.2402464065708419,-8.634222816524506,10.309278215371906,-0.3407340862422998,0.07494866529774127
2026-09-11,2109,0.2402464065708419,-1.6722408240103404,2.721085875648523,-0.0372176591375769,0.3690965092402464
2026-09-11,2114,0.2402464065708419,-2.4070071563552564,3.923766950385498,0.038501026694045,0.5590349075975359
2026-09-11,2115,0.2402464065708419,-4.040404040404044,7.999998393811677,-0.1527207392197125,0.2045687885010267
2026-09-11,2201,0.2402464065708419,-6.25,13.333333333333334,-0.2351129363449692,0.1360369609856263
2026-09-11,2204,0.2402464065708419,-5.035969989034806,7.196968356002004,-0.121406570841889,0.24127310061601642
2026-09-11,2206,0.2402464065708419,-2.3219814789947724,6.497620559852481,-0.0974075975359342,0.27566735112936347
2026-09-11,2207,0.2402464065708419,-3.284671532846717,8.11320754716981,-0.1704312114989733,0.1868583162217659
2026-09-11,2208,0.2402464065708419,-5.911324633944082,8.376955194584008,0.2104722792607802,0.8508726899383984
2026-09-11,2211,0.2402464065708419,-2.934272405571458,6.166866580796767,0.1414271047227926,0.7587268993839835
2026-09-11,2221,0.2402464065708419,-9.573458269309098,56.39412827731073,-0.0318275154004106,0.3821868583162218
2026-09-11,2227,0.2402464065708419,-3.975536785464606,4.56475112703655,0.0528747433264886,0.5947125256673511
2026-09-11,2228,0.2402464065708419,-4.107836347825556,6.55957393047017,0.4491786447638604,0.9820328542094456
2026-09-11,2230,0.2402464065708419,-14.84375424915918,21.100919919527385,0.1373203285420944,0.7510266940451745
2026-09-11,2231,0.2402464065708419,-16.150231876283748,19.596863831972204,0.1098562628336756,0.7161190965092402
2026-09-11,2233,0.2402464065708419,-21.323529411764707,28.971962616822427,0.2030287474332648,0.839835728952772
2026-09-11,2235,0.2402464065708419,0.0,7.812500206960578,0.1421971252566735,0.7612936344969199
2026-09-11,2236,0.2402464065708419,-4.651162790697672,10.16260162601626,0.4305698151950718,0.9774127310061602
2026-09-11,2237,0.2402464065708419,-5.391301694123641,7.90441014053092,0.1027977412731006,0.7012320328542094
2026-09-11,2239,0.2402464065708419,-6.0975609756097615,9.870127888468954,-0.1777464065708418,0.17864476386036962
2026-09-11,2241,0.2402464065708419,-6.094174629451277,13.86430278477389,-0.1224332648870636,0.2397330595482546
2026-09-11,2243,0.2402464065708419,-2.3437514551915006,24.300003051757812,0.1688911704312116,0.7987679671457906
2026-09-11,2247,0.2402464065708419,-2.3354564755838636,7.608695652173914,-0.0270790554414783,0.39117043121149897
2026-09-11,2248,0.2402464065708419,-11.360242325074466,16.0202362938022,-0.5251540041067762,0.024127310061601643
2026-09-11,2250,0.2402464065708419,-11.42857263958643,12.90322735014922,-0.0261806981519507,0.3934804928131417
2026-09-11,2254,0.2402464065708419,-2.2288260504927604,15.50152599478372,0.0521047227926078,0.5900924024640657
2026-09-11,2258,0.2402464065708419,-5.564140098802428,7.692302889717537,0.1978952772073922,0.8344455852156057
2026-09-11,2301,0.2402464065708419,-15.54878048780488,27.79783393501805,-0.856776180698152,0.002566735112936345
2026-09-11,2302,0.2402464065708419,-14.315566755609831,18.29268292682927,-0.1708162217659137,0.18634496919917864
2026-09-11,2303,0.2402464065708419,-3.436426116838487,23.843416370106763,0.1624743326488705,0.7900410677618069
2026-09-11,2305,0.2402464065708419,0.0,37.39341963315528,0.0259240246406571,0.5261806981519507
2026-09-11,2308,0.2402464065708419,-19.20199501246883,25.30864197530864,-0.0355492813141683,0.3742299794661191
2026-09-11,2312,0.2402464065708419,-9.643916695616484,10.837441910430408,0.0046201232032854,0.46919917864476385
2026-09-11,2313,0.2402464065708419,-14.80769230769231,25.28216704288939,-0.459958932238193,0.04286447638603696
2026-09-11,2314,0.2402464065708419,-17.647058823529417,22.857139224097825,-0.061088295687885,0.3228952772073922
2026-09-11,2316,0.2402464065708419,-7.602339181286554,13.291139240506327,0.2890143737166324,0.9142710472279261
2026-09-11,2317,0.2402464065708419,-4.980842911877392,9.274193548387096,0.0332392197125256,0.5451745379876797
2026-09-11,2323,0.2402464065708419,-10.460251212981976,13.5514003281531,0.2135523613963039,0.8544661190965093
2026-09-11,2324,0.2402464065708419,-15.906565972239015,19.31216768359972,-0.2307494866529774,0.13963039014373715
2026-09-11,2327,0.2402464065708419,-12.540192926045012,20.40441176470588,0.1973819301848049,0.8336755646817249
2026-09-11,2328,0.2402464065708419,-5.544149323698056,11.41304347826087,0.0721252566735113,0.641170431211499
2026-09-11,2329,0.2402464065708419,-8.571431925008588,9.975965572355914,0.1627310061601642,0.7905544147843943
2026-09-11,2330,0.2402464065708419,-3.792415169660679,7.053941908713693,-0.0002566735112936,0.4514887063655031
2026-09-11,2331,0.2402464065708419,-9.661835392686214,11.764709482255844,0.0726386036960985,0.6427104722792608
2026-09-11,2332,0.2402464065708419,-18.45493295219104,24.473682202790915,-0.0100102669404517,0.4235112936344969
2026-09-11,2337,0.2402464065708419,-11.851851851851848,16.80672268907563,0.2931211498973305,0.9163244353182751
2026-09-11,2338,0.2402464065708419,-3.3400839573143104,25.968589582992475,0.2987679671457904,0.9209445585215605
2026-09-11,2340,0.2402464065708419,-11.344540778311496,20.379149575607393,-0.3649897330595482,0.06519507186858316
2026-09-11,2342,0.2402464065708419,-14.2207051001243,17.771884953184962,0.0731519507186858,0.6447638603696099
2026-09-11,2344,0.2402464065708419,-10.677083333333336,15.743440233236154,0.2066221765913757,0.8436858316221766
2026-09-11,2345,0.2402464065708419,-19.78723404255319,25.46419098143236,-0.0331108829568788,0.3788501026694045
2026-09-11,2347,0.2402464065708419,-2.519170837764295,6.966297278243489,0.3162217659137577,0.9301848049281314
2026-09-11,2348,0.2402464065708419,-3.698625956496149,5.83214551371001,-0.2204825462012319,0.14527720739219713
2026-09-11,2349,0.2402464065708419,-12.340423908639464,14.563106526437656,0.0710985626283367,0.6386036960985626
2026-09-11,2351,0.2402464065708419,-5.645161290322576,34.61538461538461,-0.4989733059548255,0.030800821355236138
2026-09-11,2352,0.2402464065708419,-4.809283163969413,8.885014527084548,0.1789014373716632,0.8133983572895277
2026-09-11,2353,0.2402464065708419,-5.900147959471635,9.646302132483209,0.0999743326488706,0.6919917864476386
2026-09-11,2354,0.2402464065708419,-2.2321429585113073,12.78538523799183,-0.0649383983572895,0.31955852156057496
2026-09-11,2355,0.2402464065708419,-8.791208791208794,12.650602409638552,-0.0408110882956878,0.3629363449691992
2026-09-11,2356,0.2402464065708419,-10.144927536231885,13.22580768216041,-0.0826488706365502,0.2926078028747433
2026-09-11,2357,0.2402464065708419,-10.29126213592233,15.043290043290044,-0.3803901437371664,0.060061601642710474
2026-09-11,2359,0.2402464065708419,-30.05464480874317,43.75,-0.2607802874743326,0.11858316221765913
2026-09-11,2360,0.2402464065708419,-13.253012048192767,28.47222222222222,0.5528747433264887,0.9948665297741273
2026-09-11,2362,0.2402464065708419,-5.511021875568101,7.529168476928566,-0.0741786447638603,0.3021047227926078
2026-09-11,2363,0.2402464065708419,-9.946711456498193,14.003941552819525,0.332135523613963,0.9399383983572895
2026-09-11,2364,0.2402464065708419,-24.05344888960912,31.8328365202873,-0.1255133470225872,0.23536960985626285
2026-09-11,2365,0.2402464065708419,-13.023258179657216,15.508023172144576,0.0731519507186858,0.6447638603696099
2026-09-11,2367,0.2402464065708419,-12.660939708953322,16.093363917144778,0.0033367556468172,0.46380903490759756
2026-09-11,2368,0.2402464065708419,-17.26907630522089,32.038834951456316,-0.0999743326488706,0.2707905544147844
2026-09-11,2369,0.2402464065708419,-11.411409381749827,13.898299912274895,0.0164271047227926,0.5007700205338809
2026-09-11,2371,0.2402464065708419,-8.193976210195174,13.47904827961327,-0.3393223819301848,0.07648870636550308
2026-09-11,2373,0.2402464065708419,-1.6728582229452391,1.890359113715329,0.1560574948665298,0.7808008213552361
2026-09-11,2374,0.2402464065708419,-6.786695434346102,9.806832354889035,0.1463039014373717,0.7648870636550308
2026-09-11,2375,0.2402464065708419,-17.132867132867137,22.78481012658228,0.055441478439425,0.6042094455852156
2026-09-11,2376,0.2402464065708419,-8.51900393184797,13.18051575931232,0.1063911704312115,0.7053388090349076
2026-09-11,2377,0.2402464065708419,-9.14634146341463,17.114093959731544,-0.0918891170431212,0.2813141683778234
2026-09-11,2379,0.2402464065708419,-9.043927648578808,13.352272727272728,0.1357802874743326,0.75
2026-09-11,2380,0.2402464065708419,-21.028037758016815,26.923073016354554,0.0333675564681724,0.545687885010267
2026-09-11,2382,0.2402464065708419,-4.267425320056894,10.104011887072808,0.0177104722792607,0.5069301848049281
2026-09-11,2383,0.2402464065708419,-17.078825347758887,23.485554520037276,0.2289527720739219,0.8683264887063655
2026-09-11,2385,0.2402464065708419,-5.829596412556048,9.047619047619047,-0.1455338809034907,0.21175564681724846
2026-09-11,2387,0.2402464065708419,-2.4161114788695426,4.814305566603778,0.1404004106776181,0.7569301848049281
2026-09-11,2388,0.2402464065708419,-9.397594038262424,17.02128134468896,-0.0505646817248459,0.34291581108829566
2026-09-11,2390,0.2402464065708419,-7.407409042651403,8.000001907348633,0.046329568788501,0.5775154004106776
2026-09-11,2392,0.2402464065708419,-12.96296180012273,22.576830754865476,-0.4871663244353183,0.03285420944558522
2026-09-11,2393,0.2402464065708419,-7.451564998065363,9.339773558090467,-0.1914784394250512,0.16632443531827515
2026-09-11,2395,0.2402464065708419,-7.290233837689131,12.462908011869436,-0.2689938398357289,0.11498973305954825
2026-09-11,2397,0.2402464065708419,-11.011901856009256,14.214040624995414,-0.1237166324435318,0.23819301848049282
2026-09-11,2399,0.2402464065708419,-8.080808080808078,12.307688954112294,-0.2063655030800821,0.1547741273100616
2026-09-11,2401,0.2402464065708419,-11.07011054528,14.107882011257155,0.052618069815195,0.5924024640657084
2026-09-11,2402,0.2402464065708419,-14.55696305677,22.407411645959925,-0.0875256673511293,0.28542094455852157
2026-09-11,2404,0.2402464065708419,-13.733905579399142,16.417910447761194,0.0381160164271047,0.5574948665297741
2026-09-11,2405,0.2402464065708419,-10.12269752000201,11.945386292789872,0.1640143737166324,0.7946611909650924
2026-09-11,2406,0.2402464065708419,-11.409394985157885,13.257575949142572,0.127053388090349,0.7410164271047228
2026-09-11,2408,0.2402464065708419,-13.356766256590513,20.08113590263692,-0.2297227926078028,0.14014373716632444
2026-09-11,2409,0.2402464065708419,-6.2111799770573235,25.165563541297065,0.0664784394250513,0.6288501026694046
2026-09-11,2412,0.2402464065708419,0.0,3.9145907473309607,0.1437371663244353,0.7623203285420944
2026-09-11,2413,0.2402464065708419,-5.639097663490789,23.20717400163789,0.3108316221765912,0.9281314168377823
2026-09-11,2414,0.2402464065708419,-0.9345794392523366,3.5849085393941627,0.4042607802874743,0.9702258726899384
2026-09-11,2415,0.2402464065708419,-9.833335876464844,14.417743913230796,-0.0827772073921971,0.2915811088295688
2026-09-11,2417,0.2402464065708419,-17.419351557249662,22.526044745205056,-0.1001026694045174,0.27002053388090347
2026-09-11,2419,0.2402464065708419,-8.305087331998152,21.256932207680304,0.1465605749486653,0.7654004106776181
2026-09-11,2420,0.2402464065708419,-9.8138737509448,12.007500568089306,0.1754363449691991,0.8074948665297741
2026-09-11,2421,0.2402464065708419,-10.59782608695652,26.44376899696049,-0.4856262833675565,0.033880903490759756
2026-09-11,2423,0.2402464065708419,-7.078507356523678,8.86425784903055,0.063911704312115,0.622946611909651
2026-09-11,2424,0.2402464065708419,-10.900996297961385,16.354555622308787,0.5064168377823409,0.9881930184804928
2026-09-11,2425,0.2402464065708419,-8.76543021496431,11.637345462177665,0.0713552361396303,0.6393737166324436
2026-09-11,2426,0.2402464065708419,-12.52252389718821,47.16787206125893,-0.5087268993839836,0.027720739219712527
2026-09-11,2427,0.2402464065708419,-2.6086973107379396,5.357146354354217,0.1080595482546201,0.7102156057494866
2026-09-11,2428,0.2402464065708419,-9.41385435168739,14.901960784313726,0.0451745379876796,0.5759753593429158
2026-09-11,2429,0.2402464065708419,-19.65699330606211,25.944175132809715,0.1178131416837782,0.7263860369609856
2026-09-11,2430,0.2402464065708419,-0.2777735392252567,5.292483134044631,0.0580082135523614,0.6124229979466119
2026-09-11,2431,0.2402464065708419,-6.728974578161761,8.016034342979541,0.1090862422997946,0.7145790554414785
2026-09-11,2432,0.2402464065708419,-3.2028455740654382,4.41176738706007,0.11088295687885,0.7171457905544147
2026-09-11,2433,0.2402464065708419,-2.028645006834595,2.192451991732004,0.0764887063655031,0.6529774127310062
2026-09-11,2434,0.2402464065708419,-15.804194737147617,39.036544355772094,-0.4866529774127309,0.033367556468172486
2026-09-11,2436,0.2402464065708419,-8.08219387106699,17.436663232491533,0.3518993839835729,0.9502053388090349
2026-09-11,2438,0.2402464065708419,-17.173916360606324,28.083992628522765,-0.0782854209445585,0.29568788501026694
2026-09-11,2439,0.2402464065708419,-7.272727272727275,10.588233299504695,0.2163757700205338,0.858829568788501
2026-09-11,2440,0.2402464065708419,-8.169934538673774,12.811389083979202,0.0490246406570842,0.5834188911704312
2026-09-11,2441,0.2402464065708419,-8.979591836734691,11.210762331838566,0.0379876796714579,0.5564681724845996
2026-09-11,2442,0.2402464065708419,-24.68827453340352,33.77482979440171,-0.0600616016427104,0.32623203285420943
2026-09-11,2444,0.2402464065708419,-5.426355271046801,17.62294796838834,0.287987679671458,0.9127310061601642
2026-09-11,2449,0.2402464065708419,-7.231040564373902,22.24334600760456,-0.0064168377823408,0.43146817248459957
2026-09-11,2450,0.2402464065708419,-0.5272461225178771,1.5901087458339933,0.1071611909650924,0.7079055441478439
2026-09-11,2451,0.2402464065708419,-16.084977238239762,20.43399638336347,-0.0259240246406571,0.3942505133470226
2026-09-11,2453,0.2402464065708419,-1.3108628144892776,3.984824019765778,0.2073921971252567,0.8465092402464066
2026-09-11,2454,0.2402464065708419,-5.561277033985579,26.172300981461287,0.0803388090349076,0.6575975359342916
2026-09-11,2455,0.2402464065708419,-7.207207207207212,35.04854368932039,-0.2736139630390144,0.11190965092402463
2026-09-11,2457,0.2402464065708419,-9.14760467934098,10.068644472228788,0.132700205338809,0.7464065708418891
2026-09-11,2458,0.2402464065708419,-14.527027027027028,18.57707509881423,0.0885523613963039,0.669917864476386
2026-09-11,2459,0.2402464065708419,-3.2496263625006128,3.816793893129771,-0.1794147843942505,0.1771047227926078
2026-09-11,2460,0.2402464065708419,-10.698371844202558,18.968389043782953,0.401694045174538,0.9691991786447639
2026-09-11,2461,0.2402464065708419,-6.860164074249509,9.348450773600089,-0.3613963039014373,0.06724845995893224
2026-09-11,2462,0.2402464065708419,-7.894735160987077,9.870127888468954,0.0098819301848048,0.48613963039014374
2026-09-11,2464,0.2402464065708419,-15.84821428571429,27.58620689655172,-0.3557494866529774,0.06878850102669405
2026-09-11,2465,0.2402464065708419,-16.279069767441857,25.666664971245662,-0.4127310061601642,0.052874743326488706
2026-09-11,2466,0.2402464065708419,-4.504504504504503,22.264149503887825,-0.0759753593429157,0.29953798767967144
2026-09-11,2467,0.2402464065708419,-14.152410575427687,25.0,-0.563141683778234,0.019507186858316223
2026-09-11,2468,0.2402464065708419,-0.8310228524679997,11.033511263746364,0.2938911704312115,0.9168377823408624
2026-09-11,2471,0.2402464065708419,-2.1611046283742996,5.1204881341848125,0.1419404517453797,0.7602669404517454
2026-09-11,2472,0.2402464065708419,-13.034623217922602,18.26697892271663,0.1406570841889117,0.757700205338809
2026-09-11,2474,0.2402464065708419,-4.895104895104896,6.862745098039216,-0.1935318275154003,0.16401437371663244
2026-09-11,2476,0.2402464065708419,-9.230769230769232,14.83050847457627,-0.2177874743326488,0.1473305954825462
2026-09-11,2477,0.2402464065708419,-3.296703296703296,11.590905623002486,0.0971509240246406,0.6863449691991786
2026-09-11,2478,0.2402464065708419,-12.867647058823527,19.831223628691983,0.0510780287474332,0.5888090349075975
2026-09-11,2480,0.2402464065708419,-1.869158878504673,4.444444444444445,0.0970225872689938,0.6858316221765913
2026-09-11,2481,0.2402464065708419,-10.71428571428571,25.666666666666664,-0.333547227926078,0.0795687885010267
2026-09-11,2482,0.2402464065708419,-3.66972701817021,5.396827818855407,0.0228439425051335,0.518993839835729
2026-09-11,2483,0.2402464065708419,-22.020721317774377,28.73753355998887,-0.0415811088295687,0.35882956878850103
2026-09-11,2484,0.2402464065708419,-17.654324755256557,22.188911137795564,-0.236652977412731,0.13347022587268995
2026-09-11,2485,0.2402464065708419,-15.553126071186174,18.4176457310865,0.0313141683778234,0.5385010266940452
2026-09-11,2486,0.2402464065708419,-22.764227642276424,36.0,-0.4704825462012321,0.039014373716632446
2026-09-11,2488,0.2402464065708419,-4.051382013596305,5.252315709850743,0.3373973305954825,0.9432751540041068
2026-09-11,2489,0.2402464065708419,-17.999996609157986,40.108397357872555,-0.4502053388090349,0.044661190965092405
2026-09-11,2491,0.2402464065708419,-29.787238647589753,52.52526225563058,-0.705082135523614,0.008726899383983572
2026-09-11,2492,0.2402464065708419,-9.447674418604644,29.85553772070626,0.4104209445585215,0.9717659137577002
2026-09-11,2493,0.2402464065708419,-17.380952380952387,25.93659942363112,0.2720739219712526,0.9014373716632443
2026-09-11,2495,0.2402464065708419,-5.667506188313243,10.14686023937556,0.4323665297741273,0.9784394250513347
2026-09-11,2496,0.2402464065708419,-4.450001759052292,5.023544228341916,0.3515143737166324,0.9496919917864476
2026-09-11,2497,0.2402464065708419,-8.004269204131177,10.788858180525644,0.127053388090349,0.7410164271047228
2026-09-11,2498,0.2402464065708419,-7.736717166622542,11.138925351579967,0.0025667351129363,0.46021560574948667
2026-09-11,2501,0.2402464065708419,-5.744682474339258,6.546278952196503,0.2097022587268993,0.8495893223819302
2026-09-11,2504,0.2402464065708419,-3.8402458657411658,7.0287505086770965,0.0323408624229978,0.5415811088295688
2026-09-11,2505,0.2402464065708419,-5.978263066711909,8.959533557320018,0.3719199178644763,0.9563655030800822
2026-09-11,2506,0.2402464065708419,-0.4576654794112178,2.9885084434708444,0.1606776180698153,0.787217659137577
2026-09-11,2509,0.2402464065708419,-7.961783536215905,13.494808546743538,-0.5073151950718686,0.029774127310061602
2026-09-11,2511,0.2402464065708419,-1.285053796253066,4.852080595751895,0.0064168377823408,0.4740759753593429
2026-09-11,2514,0.2402464065708419,-4.132231274684206,4.741380798689074,0.1583675564681724,0.784394250513347
2026-09-11,2515,0.2402464065708419,-3.2258034744817365,5.8333317438761245,0.0871406570841889,0.6663244353182751
2026-09-11,2516,0.2402464065708419,-2.356904865177445,6.896551724137931,0.0251540041067761,0.5236139630390144
2026-09-11,2520,0.2402464065708419,-2.9294234260208274,8.916323544509876,-0.1093429158110882,0.25770020533880905
2026-09-11,2524,0.2402464065708419,-5.509641989077774,6.705537283439465,0.0957392197125256,0.6827515400410678
2026-09-11,2527,0.2402464065708419,-5.131001120671453,10.586877775258058,0.0531314168377824,0.5959958932238193
2026-09-11,2528,0.2402464065708419,-4.807692484037418,5.555548063164453,-0.217659137577002,0.14784394250513347
2026-09-11,2530,0.2402464065708419,-1.470584522894025,8.208953170226877,0.0177104722792607,0.5069301848049281
2026-09-11,2534,0.2402464065708419,-5.367235717461549,6.567166456535681,-0.1692761806981519,0.18839835728952772
2026-09-11,2535,0.2402464065708419,-2.918915619721285,5.01113568716289,0.0231006160164271,0.5202772073921971
2026-09-11,2536,0.2402464065708419,-9.905661820261912,13.35079106534007,0.1724845995893223,0.8046714579055442
2026-09-11,2537,0.2402464065708419,-5.042012159908893,8.407077816193862,-0.1914784394250513,0.16529774127310062
2026-09-11,2538,0.2402464065708419,-5.717374978138534,6.407327623362795,0.1889117043121149,0.8282854209445585
2026-09-11,2539,0.2402464065708419,-3.698625956496149,9.630856699573991,0.2348562628336755,0.8752566735112937
2026-09-11,2540,0.2402464065708419,-1.6032124795485547,10.386970361122096,0.2456365503080082,0.8868069815195072
2026-09-11,2542,0.2402464065708419,-5.102040816326525,6.881722070837534,-0.3169917864476386,0.08880903490759753
2026-09-11,2543,0.2402464065708419,-4.773863687445557,5.277044642423982,0.2104722792607802,0.8508726899383984
2026-09-11,2545,0.2402464065708419,-4.390932777792367,7.111104329427083,-0.1475872689938397,0.209958932238193
2026-09-11,2546,0.2402464065708419,-15.833333333333332,20.2970297029703,-0.6116529774127311,0.014887063655030801
2026-09-11,2547,0.2402464065708419,-4.6601989031264,5.091649852734034,0.1404004106776181,0.7569301848049281
2026-09-11,2548,0.2402464065708419,-3.4588010379701495,5.795574195539047,0.1101129363449691,0.7166324435318275
2026-09-11,2596,0.2402464065708419,-1.2328788025738446,10.679607643828112,-0.0508213552361396,0.3421457905544148
2026-09-11,2597,0.2402464065708419,-3.4285714285714253,7.100591715976331,-0.0060318275154004,0.43480492813141686
2026-09-11,2601,0.2402464065708419,-18.555414952259873,29.204890803561025,-0.5300308008213552,0.023100616016427104
2026-09-11,2603,0.2402464065708419,-8.57699805068226,15.991471215351812,-0.0970225872689938,0.27618069815195073
2026-09-11,2605,0.2402464065708419,-6.887756914260301,19.315066402905607,-0.0464579055441478,0.3506160164271047
2026-09-11,2606,0.2402464065708419,-6.364745584429388,20.130710975796568,-0.2656570841889116,0.11704312114989733
2026-09-11,2607,0.2402464065708419,-1.2962977091471315,8.255162455648776,-0.0921457905544148,0.2802874743326489
2026-09-11,2608,0.2402464065708419,-1.365186446914057,3.1141855723527634,0.101001026694045,0.6950718685831622
2026-09-11,2609,0.2402464065708419,-11.738486133207635,26.262629441216223,-0.0325975359342916,0.38039014373716634
2026-09-11,2610,0.2402464065708419,-2.8571446736653683,5.637253137424939,0.0995893223819303,0.6909650924024641
2026-09-11,2611,0.2402464065708419,-24.66125179544044,33.45324244473801,-0.2257443531827515,0.14219712525667352
2026-09-11,2612,0.2402464065708419,-3.167429874590255,18.847356485972018,-0.0605749486652977,0.32494866529774125
2026-09-11,2613,0.2402464065708419,-14.258191345503224,23.59550561797753,-0.3436858316221766,0.07238193018480493
2026-09-11,2614,0.2402464065708419,-5.526311774002879,6.406682839282242,-0.073665297741273,0.303388090349076
2026-09-11,2615,0.2402464065708419,-16.728624535315983,39.0178544180734,-0.3850102669404517,0.057494866529774126
2026-09-11,2616,0.2402464065708419,-1.8382352425565407,2.2471923757491115,0.0551848049281314,0.6034394250513347
2026-09-11,2617,0.2402464065708419,-3.16546323488085,17.97919454002915,0.0087268993839835,0.4851129363449692
2026-09-11,2618,0.2402464065708419,-2.866972577400295,8.73671093637265,-0.0382443531827515,0.3660164271047228
2026-09-11,2630,0.2402464065708419,-14.590748490428606,18.12500158945719,-0.3282854209445585,0.08136550308008214
2026-09-11,2633,0.2402464065708419,-1.5122930598904571,2.495207466087633,-0.0220739219712524,0.4019507186858316
2026-09-11,2634,0.2402464065708419,-16.60130818684896,21.159874861186573,-0.1914784394250513,0.16529774127310062
2026-09-11,2636,0.2402464065708419,-9.75919445972526,15.44943886443744,0.0734086242299795,0.6463039014373717
2026-09-11,2637,0.2402464065708419,-6.481481481481477,22.277227722772277,-0.0618583162217658,0.3213552361396304
2026-09-11,2640,0.2402464065708419,-4.361370716510904,6.188925081433225,-0.2774640657084188,0.10882956878850103
2026-09-11,2641,0.2402464065708419,-9.693875416076905,12.71186385884845,-0.1373203285420944,0.21894250513347022
2026-09-11,2642,0.2402464065708419,-3.1100460784409423,4.444442560643325,-0.0684034907597536,0.31211498973305957
2026-09-11,2643,0.2402464065708419,-2.4806177893350267,6.677266551752704,0.0857289527720739,0.6640143737166324
2026-09-11,2645,0.2402464065708419,-12.40506329113924,16.473988439306357,0.2772073921971252,0.9055441478439425
2026-09-11,2646,0.2402464065708419,-7.762551987226507,8.663366009424568,-0.1430954825462012,0.2135523613963039
2026-09-11,2701,0.2402464065708419,-3.720926684002523,4.347824083859942,0.0064168377823409,0.4748459958932238
2026-09-11,2702,0.2402464065708419,-1.9305019589354488,6.692908980796214,0.0017967145790553,0.45687885010266943
2026-09-11,2704,0.2402464065708419,-2.2435881499524912,5.46448087431694,0.1160164271047228,0.723305954825462
2026-09-11,2705,0.2402464065708419,-4.320992160326542,4.83871583015688,0.097535934291581,0.686858316221766
2026-09-11,2706,0.2402464065708419,-4.687502910383001,5.327873625956591,-0.1314168377823409,0.22818275154004106
2026-09-11,2707,0.2402464065708419,-3.2697547683923744,3.943661971830986,-0.0569815195071868,0.3311088295687885
2026-09-11,2712,0.2402464065708419,-3.06122323199971,3.508771929824561,0.0732802874743326,0.6457905544147844
2026-09-11,2718,0.2402464065708419,-21.414540666245475,27.250003814697266,0.2845225872689938,0.9111909650924025
2026-09-11,2719,0.2402464065708419,-7.619049435570124,9.793812659230433,0.2053388090349076,0.8418891170431212
2026-09-11,2722,0.2402464065708419,-9.30232089250046,12.354310136477237,0.2116273100616016,0.8526694045174538
2026-09-11,2723,0.2402464065708419,-7.500003633045016,29.086228264816395,-0.4804928131416838,0.03593429158110883
2026-09-11,2726,0.2402464065708419,-7.011490460351755,9.76514149508781,0.3929671457905544,0.9645790554414785
2026-09-11,2727,0.2402464065708419,-4.184100418410042,4.8034934497816595,-0.0053901437371663,0.4366016427104723
2026-09-11,2729,0.2402464065708419,-7.012195121951215,7.540983606557377,0.0705852156057494,0.6362936344969199
2026-09-11,2731,0.2402464065708419,-4.406779661016946,4.609929078014184,-0.0558264887063654,0.33418891170431214
2026-09-11,2732,0.2402464065708419,-4.870619629956929,5.599993896484375,-0.1329568788501027,0.22535934291581108
2026-09-11,2734,0.2402464065708419,-4.590162683705811,5.49828302575753,-0.0359342915811088,0.37320328542094455
2026-09-11,2736,0.2402464065708419,-7.661289020085748,9.606982062177051,-0.1773613963039014,0.17967145790554415
2026-09-11,2739,0.2402464065708419,-4.2416490004022585,9.26174701460256,-0.277977412731006,0.10831622176591375
2026-09-11,2740,0.2402464065708419,-1.2678276646688746,13.64365987815869,0.0277207392197125,0.5308008213552361
2026-09-11,2743,0.2402464065708419,-15.032680797792809,17.692309159498947,-0.1409137577002053,0.21611909650924024
2026-09-11,2745,0.2402464065708419,-5.426358095547712,5.971903995774692,0.0980492813141684,0.688911704312115
2026-09-11,2748,0.2402464065708419,-2.7568978615324258,5.025775261038854,0.075847022587269,0.6519507186858317
2026-09-11,2751,0.2402464065708419,-5.395683601315826,8.174903729657183,-0.1126796714579055,0.2538501026694045
2026-09-11,2752,0.2402464065708419,-2.209944751381221,3.1073446327683616,0.0825205338809035,0.6606776180698152
2026-09-11,2753,0.2402464065708419,-2.465753424657535,5.417333024271419,0.1078028747433264,0.7089322381930184
2026-09-11,2754,0.2402464065708419,-2.528083566733519,5.763688634082263,0.0379876796714578,0.5559548254620124
2026-09-11,2755,0.2402464065708419,-5.576926011305572,6.109979823280841,0.0888090349075975,0.670687885010267
2026-09-11,2756,0.2402464065708419,-4.468415189054397,13.064519820674771,-0.25564681724846,0.12114989733059549
2026-09-11,2762,0.2402464065708419,-8.685712541852675,9.887360919912078,-0.1101129363449692,0.2571868583162218
2026-09-11,2801,0.2402464065708419,-0.1788949661692962,16.129032478592745,-0.0051334702258726,0.43993839835728954
2026-09-11,2812,0.2402464065708419,-1.015232259867238,6.41025641025641,0.0079568788501026,0.48100616016427106
2026-09-11,2816,0.2402464065708419,-3.2967088245823395,18.308081513533217,-0.2239476386036961,0.1437371663244353
2026-09-11,2820,0.2402464065708419,-0.2865394969802648,7.471271108677111,0.1237166324435319,0.7361396303901437
2026-09-11,2832,0.2402464065708419,-7.915995807900478,10.00000133849027,-0.25,0.12371663244353183
2026-09-11,2834,0.2402464065708419,-0.2770040951463715,9.999995761447485,0.0482546201232032,0.5816221765913757
2026-09-11,2836,0.2402464065708419,-0.4048598315016027,4.471546196797297,0.0275924024640656,0.5297741273100616
2026-09-11,2838,0.2402464065708419,-1.4051575599481447,7.36342613105778,0.0908624229979465,0.6740246406570842
2026-09-11,2845,0.2402464065708419,-0.7246404354172786,6.569347333829397,-0.0051334702258726,0.43993839835728954
2026-09-11,2849,0.2402464065708419,-3.3950686327584134,13.738023160453608,0.0505646817248459,0.5867556468172485
2026-09-11,2850,0.2402464065708419,-5.917159763313606,8.176100628930817,-0.080723819301848,0.2946611909650924
2026-09-11,2851,0.2402464065708419,-2.7835020084970963,21.739129731256,-0.0847022587268993,0.28927104722792607
2026-09-11,2852,0.2402464065708419,-7.425742761234067,11.94295388676863,-0.1681211498973306,0.188911704312115
2026-09-11,2855,0.2402464065708419,-0.7648139904717133,13.391137877855307,0.0944558521560575,0.6799281314168378
2026-09-11,2880,0.2402464065708419,-0.1089391069619472,17.23010204752323,-0.0005133470225872,0.4502053388090349
2026-09-11,2881,0.2402464065708419,-4.5016077170418,21.548821548821547,-0.1886550308008213,0.16940451745379878
2026-09-11,2882,0.2402464065708419,-5.555555555555558,18.099547511312217,-0.1558008213552361,0.19969199178644764
2026-09-11,2883,0.2402464065708419,0.0,20.607660638067355,-0.0136036960985624,0.4183778234086242
2026-09-11,2884,0.2402464065708419,0.0,20.842328013382257,0.0010266940451745,0.45431211498973306
2026-09-11,2885,0.2402464065708419,-1.2693956368257653,13.000003269740512,0.0352926078028748,0.5503080082135524
2026-09-11,2886,0.2402464065708419,-0.3853579134091678,12.18569237676665,0.0266940451745381,0.5279774127310062
2026-09-11,2887,0.2402464065708419,-0.9291468484796006,17.233290061341044,-0.0136036960985627,0.41786447638603696
2026-09-11,2889,0.2402464065708419,-0.2976145198283708,8.656709585616827,-0.0041067761806981,0.44378850102669404
2026-09-11,2890,0.2402464065708419,-0.907024319777172,12.24255922361048,0.0228439425051333,0.5179671457905544
2026-09-11,2891,0.2402464065708419,-3.45323960558116,11.028318471173906,0.0441478439425051,0.5731519507186859
2026-09-11,2892,0.2402464065708419,-0.3841170655882742,16.709510912681484,0.0046201232032854,0.46919917864476385
2026-09-11,2897,0.2402464065708419,0.0,8.636361902410334,0.0162987679671456,0.4984599589322382
2026-09-11,2901,0.2402464065708419,-11.708250773080277,13.260866248089334,-0.1265400410677618,0.23459958932238192
2026-09-11,2903,0.2402464065708419,-3.2537962031431444,6.726457629232282,0.1194815195071868,0.7294661190965093
2026-09-11,2904,0.2402464065708419,-4.198474616175229,5.57769523745695,0.0220739219712525,0.516170431211499
2026-09-11,2905,0.2402464065708419,-0.8042875152728501,8.918916856920397,-0.0189938398357288,0.4075975359342916
2026-09-11,2906,0.2402464065708419,-3.135893735031159,6.834538050439932,-0.1597792607802874,0.19609856262833675
2026-09-11,2908,0.2402464065708419,-2.876104458224804,5.694760622106718,-0.120123203285421,0.24229979466119098
2026-09-11,2910,0.2402464065708419,-6.813630104030388,7.311831238449261,-0.1910934291581108,0.1673511293634497
2026-09-11,2911,0.2402464065708419,-8.057553354648983,10.4851269711415,0.4835728952772073,0.9866529774127311
2026-09-11,2912,0.2402464065708419,-3.9911308203991136,6.235565819861432,0.0325975359342916,0.5433778234086243
2026-09-11,2913,0.2402464065708419,-4.3859650590449935,5.045864736779723,-0.1663244353182751,0.19096509240246407
2026-09-11,2915,0.2402464065708419,-9.440002441406248,11.83745749746417,-0.0313141683778233,0.38501026694045176
2026-09-11,2916,0.2402464065708419,-1.958382538416381,2.372027381621274,0.1771047227926077,0.8100616016427105
2026-09-11,2923,0.2402464065708419,-10.088496925556557,21.062993944168,-0.1189681724845995,0.24435318275154005
2026-09-11,2924,0.2402464065708419,-6.2841511829209935,18.075798814863617,-0.323665297741273,0.08572895277207392
2026-09-11,2926,0.2402464065708419,-7.241911637036447,9.800666862301917,0.1713295687885009,0.8018480492813141
2026-09-11,2929,0.2402464065708419,-6.991874772484719,10.489509207000603,0.1255133470225872,0.7381930184804928
2026-09-11,2937,0.2402464065708419,-10.30927835051546,11.494252873563218,0.2765657084188911,0.9050308008213552
2026-09-11,2939,0.2402464065708419,-6.6350691621776985,11.675132260583702,0.0836755646817248,0.662217659137577
2026-09-11,2941,0.2402464065708419,-8.40708601928144,13.848635265912662,-0.0616016427104723,0.32238193018480493
2026-09-11,2945,0.2402464065708419,-1.977748385590916,3.026483522721259,0.1167864476386036,0.7243326488706365
2026-09-11,2947,0.2402464065708419,-4.306221260104614,4.500001271565755,0.2032854209445585,0.8408624229979466
2026-09-11,2948,0.2402464065708419,-3.2216495478846308,7.7230300135917,-0.1881416837782341,0.16991786447638604
2026-09-11,3002,0.2402464065708419,-7.336958747054368,10.850442605583778,0.1688911704312114,0.7982546201232033
2026-09-11,3003,0.2402464065708419,-22.13114429457802,28.94736172860129,-0.1175564681724846,0.2469199178644764
2026-09-11,3004,0.2402464065708419,-8.139534883720934,10.126582278481012,0.256288501026694,0.8937371663244353
2026-09-11,3005,0.2402464065708419,-7.599999999999996,11.255411255411255,-0.0048767967145789,0.4414784394250513
2026-09-11,3006,0.2402464065708419,-8.934169278996862,28.57142857142857,0.0300308008213552,0.5364476386036962
2026-09-11,3008,0.2402464065708419,-16.69793621013134,49.92492492492492,-0.8321355236139631,0.003593429158110883
2026-09-11,3010,0.2402464065708419,-5.681818181818176,7.228915662650602,-0.0990759753593429,0.2728439425051335
2026-09-11,3011,0.2402464065708419,-13.39285737093614,15.46391782984621,0.1237166324435318,0.7356262833675564
2026-09-11,3013,0.2402464065708419,-7.83460768018508,15.071297460105107,0.0877823408624229,0.6683778234086243
2026-09-11,3014,0.2402464065708419,-2.6119402985074647,4.980842911877394,0.2433264887063655,0.8844969199178645
2026-09-11,3015,0.2402464065708419,-7.360865767790681,8.720930490447362,0.0646817248459958,0.625
2026-09-11,3016,0.2402464065708419,-0.4545454545454519,14.827947747217465,0.3611396303901436,0.9517453798767967
2026-09-11,3017,0.2402464065708419,-6.258692628650908,25.370919881305635,-0.433264887063655,0.047741273100616016
2026-09-11,3018,0.2402464065708419,-24.829929699929288,33.93665099792737,-0.1111396303901437,0.25667351129363447
2026-09-11,3019,0.2402464065708419,-15.644171779141104,24.727272727272727,-0.0464579055441478,0.3506160164271047
2026-09-11,3021,0.2402464065708419,-11.985021241576764,30.21276758072224,0.1262833675564681,0.7397330595482546
2026-09-11,3022,0.2402464065708419,-15.618663046856785,19.831731496654346,-0.3128850102669404,0.08983572895277207
2026-09-11,3023,0.2402464065708419,-7.471264367816088,14.285714285714285,-0.2399897330595483,0.12987679671457905
2026-09-11,3024,0.2402464065708419,-4.950495174156044,13.19444214488246,-0.1745379876796714,0.18326488706365504
2026-09-11,3025,0.2402464065708419,-12.736657324488142,15.976328110910028,0.2297227926078028,0.8690965092402464
2026-09-11,3026,0.2402464065708419,-9.927360774818403,31.72043010752688,0.2777207392197126,0.9065708418891171
2026-09-11,3027,0.2402464065708419,-6.8421012476870935,7.627120470505172,-0.0051334702258727,0.438911704312115
2026-09-11,3028,0.2402464065708419,-9.530786621934396,11.1831403984782,0.1419404517453798,0.7607802874743327
2026-09-11,3029,0.2402464065708419,-1.2711864406779627,10.72961373390558,0.0420944558521561,0.5687885010266941
2026-09-11,3030,0.2402464065708419,-14.19249592169658,17.300380228136884,-0.0374743326488706,0.36858316221765913
2026-09-11,3031,0.2402464065708419,-8.349513081670967,17.58474386207542,-0.2416581108829569,0.12782340862422997
2026-09-11,3032,0.2402464065708419,-16.666665215107557,19.999997909754924,-0.0936858316221765,0.2782340862422998
2026-09-11,3033,0.2402464065708419,-14.681727749211936,17.809871628778446,0.0179671457905544,0.5079568788501027
2026-09-11,3034,0.2402464065708419,-3.527336860670194,12.522851919561242,-0.0110369609856263,0.4219712525667351
2026-09-11,3035,0.2402464065708419,-9.599999999999998,12.684365781710916,-0.136165297741273,0.2202258726899384
2026-09-11,3036,0.2402464065708419,-9.04761904761905,14.921465968586386,0.3311088295687884,0.9394250513347022
2026-09-11,3037,0.2402464065708419,-20.56910569105691,36.54042988741044,-0.0549281314168377,0.33547227926078027
2026-09-11,3038,0.2402464065708419,-3.147697968705998,4.250001907348633,0.2919661190965094,0.9158110882956879
2026-09-11,3040,0.2402464065708419,-13.010209667240655,16.86217084251117,-0.087012320328542,0.28593429158110883
2026-09-11,3041,0.2402464065708419,-6.639005627153239,10.222227308485245,0.1504106776180698,0.7725872689938398
2026-09-11,3042,0.2402464065708419,-12.871287128712872,18.181818181818183,0.1978952772073922,0.8344455852156057
2026-09-11,3043,0.2402464065708419,-9.799557631067978,11.851859387056326,0.0433778234086241,0.5708418891170431
2026-09-11,3044,0.2402464065708419,-1.5503875968992276,15.059055118110235,0.306211498973306,0.925564681724846
2026-09-11,3045,0.2402464065708419,0.0,10.743801652892564,0.0467145790554414,0.5780287474332649
2026-09-11,3046,0.2402464065708419,-16.185900708078705,19.88528045428596,-0.1083162217659137,0.2582135523613963
2026-09-11,3047,0.2402464065708419,-5.574914072949511,8.118083881813373,0.3031314168377823,0.9245379876796714
2026-09-11,3048,0.2402464065708419,-14.625847934876637,17.33067854724476,0.0811088295687885,0.6583675564681725
2026-09-11,3049,0.2402464065708419,-15.384613845603589,31.818183967710635,-0.4476386036960985,0.045174537987679675
2026-09-11,3050,0.2402464065708419,-6.7226828798785165,7.207200086191502,-0.0757186858316221,0.30030800821355236
2026-09-11,3051,0.2402464065708419,-11.32075773481841,14.184397418955944,0.1149897330595482,0.7215092402464066
2026-09-11,3052,0.2402464065708419,-8.771930118089987,11.538460127700649,0.0051334702258726,0.4709958932238193
2026-09-11,3054,0.2402464065708419,-9.822864128834308,25.17856870378767,0.1478439425051334,0.7674537987679672
2026-09-11,3055,0.2402464065708419,-5.792682926829274,36.89320388349515,0.0028234086242299,0.4612422997946612
2026-09-11,3056,0.2402464065708419,-4.844289401417889,5.454545454545454,-0.0492813141683777,0.34496919917864477
2026-09-11,3057,0.2402464065708419,-6.685240735014563,14.6268702265042,-0.1670944558521561,0.18993839835728954
2026-09-11,3058,0.2402464065708419,-4.17661547362732,4.732255629855589,0.2592402464065708,0.8957905544147844
2026-09-11,3059,0.2402464065708419,-10.885165837578404,12.348989192271391,0.0580082135523613,0.6119096509240246
2026-09-11,3060,0.2402464065708419,-8.117444972499266,12.593986215892787,0.5836755646817249,0.9964065708418891
2026-09-11,3062,0.2402464065708419,-3.9719644701942447,6.326030585519854,0.3331622176591375,0.9404517453798767
2026-09-11,3064,0.2402464065708419,-13.775513828520602,18.047344457126243,-0.1509240246406571,0.20636550308008214
2026-09-11,3066,0.2402464065708419,-18.881117295470375,26.07759028212481,-0.6881416837782341,0.009240246406570842
2026-09-11,3067,0.2402464065708419,-7.650271458454716,12.721891521067684,0.0084702258726899,0.48459958932238195
2026-09-11,3071,0.2402464065708419,-7.843137254901967,11.063831410509476,0.0527464065708419,0.5939425051334702
2026-09-11,3073,0.2402464065708419,-6.092432361648703,9.619684929906432,-0.0559548254620123,0.3336755646817248
2026-09-11,3078,0.2402464065708419,-19.652650548559738,26.621161683358608,0.021047227926078,0.5123203285420944
2026-09-11,3081,0.2402464065708419,-21.944444444444443,34.69750889679715,-0.912987679671458,0.001026694045174538
2026-09-11,3083,0.2402464065708419,-5.052634791324017,5.543237438099979,0.2505133470225872,0.8896303901437371
2026-09-11,3085,0.2402464065708419,-2.0491803599057445,11.297066521697513,0.2573151950718685,0.8952772073921971
2026-09-11,3086,0.2402464065708419,-12.781954887218047,25.172411162277747,0.1380903490759754,0.7541067761806981
2026-09-11,3088,0.2402464065708419,-4.24710424710425,7.661290322580645,0.2411447638603695,0.8809034907597536
2026-09-11,3090,0.2402464065708419,-12.834224598930478,18.098159509202453,0.0364476386036961,0.5523613963039015
2026-09-11,3092,0.2402464065708419,-10.2362221280229,11.403510826629867,0.0500513347022587,0.5849589322381931
2026-09-11,3093,0.2402464065708419,-12.9000015258789,15.26980859329116,0.0585215605749486,0.6129363449691991
2026-09-11,3094,0.2402464065708419,-19.48818476351317,37.65280473507441,-0.4879363449691992,0.03182751540041068
2026-09-11,3095,0.2402464065708419,-6.076616459134366,10.26722303660854,0.4256930184804929,0.9748459958932238
2026-09-11,3105,0.2402464065708419,-11.07723577235772,32.57142857142858,-0.0382443531827514,0.36729979466119095
2026-09-11,3114,0.2402464065708419,-13.728318792280024,18.425454011269142,0.0762320328542094,0.6524640657084189
2026-09-11,3118,0.2402464065708419,-1.8720701666266937,2.7026977853772527,0.092659137577002,0.6763347022587269
2026-09-11,3122,0.2402464065708419,-13.176900452516726,15.80042106011154,0.0415811088295687,0.5672484599589322
2026-09-11,3128,0.2402464065708419,-9.240341659866624,11.43424389548074,0.3441991786447638,0.9471252566735113
2026-09-11,3130,0.2402464065708419,-2.7906976744186074,3.349282296650718,0.1633726899383983,0.7926078028747433
2026-09-11,3131,0.2402464065708419,-15.300546448087427,25.376344086021508,0.2117556468172484,0.8534394250513347
2026-09-11,3135,0.2402464065708419,-11.684782608695654,21.846153846153847,-0.2086755646817248,0.1524640657084189
2026-09-11,3138,0.2402464065708419,-12.745098039215684,15.39325499802493,-0.0002566735112936,0.4514887063655031
2026-09-11,3141,0.2402464065708419,-17.454542680220186,46.475766002108344,-0.4620123203285421,0.04209445585215606
2026-09-11,3147,0.2402464065708419,-6.157112526539277,10.85972850678733,0.516170431211499,0.9892197125256673
2026-09-11,3149,0.2402464065708419,-9.579103254938817,16.85393279066662,0.4463552361396304,0.981006160164271
2026-09-11,3150,0.2402464065708419,-9.455590258247335,11.075955269294989,0.0164271047227925,0.4992299794661191
2026-09-11,3152,0.2402464065708419,-16.06805293005671,21.17117117117117,-0.1858316221765914,0.17094455852156057
2026-09-11,3158,0.2402464065708419,0.0,2.245864728307426,0.0721252566735112,0.6404004106776181
2026-09-11,3162,0.2402464065708419,-9.833977365935564,25.779043868263045,0.0079568788501026,0.48100616016427106
2026-09-11,3163,0.2402464065708419,-17.690417690417693,21.641791044776117,-0.3103182751540041,0.09086242299794661
2026-09-11,3164,0.2402464065708419,-2.446486623070243,6.269592551462678,0.0544147843942504,0.6006160164271047
2026-09-11,3167,0.2402464065708419,-14.727085478887748,40.57971014492754,0.0446611909650924,0.5741786447638604
2026-09-11,3168,0.2402464065708419,-2.6195933619751366,6.783629300301536,0.2013603696098562,0.837782340862423
2026-09-11,3169,0.2402464065708419,-17.355371900826444,23.0,-0.1592659137577001,0.1971252566735113
2026-09-11,3171,0.2402464065708419,-7.4534207112230355,9.228188155723114,0.0164271047227926,0.5007700205338809
2026-09-11,3176,0.2402464065708419,-9.987667850210611,18.493150684931507,-0.3042864476386037,0.09548254620123203
2026-09-11,3178,0.2402464065708419,-9.327220407486648,13.82799471912088,-0.2972279260780288,0.09907597535934291
2026-09-11,3188,0.2402464065708419,-5.77689538208106,7.610998619208606,-0.3739733059548255,0.06314168377823409
2026-09-11,3189,0.2402464065708419,-14.375000000000004,23.600973236009732,-0.164271047227926,0.19404517453798767
2026-09-11,3191,0.2402464065708419,-10.187665723287587,12.238801415286847,0.0739219712525667,0.6483572895277208
2026-09-11,3205,0.2402464065708419,-6.425704441694147,8.583691268190417,0.3814168377823409,0.9599589322381931
2026-09-11,3206,0.2402464065708419,-1.9662836467564504,9.02578101277694,0.2808008213552362,0.9096509240246407
2026-09-11,3207,0.2402464065708419,-14.942528735632187,17.56756756756757,0.1196098562628336,0.7299794661190965
2026-09-11,3209,0.2402464065708419,-16.385767322046874,19.82083311618465,0.129876796714579,0.7448665297741273
2026-09-11,3211,0.2402464065708419,-12.665862484921597,27.348066298342545,-0.1044661190965092,0.26283367556468173
2026-09-11,3213,0.2402464065708419,-11.678832116788318,13.636363636363637,-0.0585215605749486,0.32854209445585214
2026-09-11,3217,0.2402464065708419,-8.960573476702505,11.023622047244094,0.039271047227926,0.561088295687885
2026-09-11,3218,0.2402464065708419,-7.586206896551728,9.328358208955224,-0.325847022587269,0.08316221765913757
2026-09-11,3219,0.2402464065708419,-11.752578892658672,33.41121376628009,-0.596252566735113,0.01642710472279261
2026-09-11,3221,0.2402464065708419,-12.97710468271548,16.22807406469225,-0.0911190965092402,0.28208418891170434
2026-09-11,3224,0.2402464065708419,-11.35430314037783,13.271601958493742,0.0556981519507187,0.6049794661190965
2026-09-11,3226,0.2402464065708419,-0.1785687037876626,9.660109800496116,-0.01129363449692,0.42145790554414786
2026-09-11,3227,0.2402464065708419,-9.925558312655092,11.570247933884298,-0.0192505133470226,0.40708418891170434
2026-09-11,3228,0.2402464065708419,-11.968085106382976,30.513595166163142,-0.2199691991786447,0.14630390143737165
2026-09-11,3229,0.2402464065708419,0.0,28.296294035734952,0.0141170431211498,0.4940965092402464
2026-09-11,3230,0.2402464065708419,-13.84615384615384,18.214289347330727,-0.2605236139630391,0.11909650924024641
2026-09-11,3231,0.2402464065708419,-7.481296758104739,15.09433962264151,-0.1242299794661191,0.236652977412731
2026-09-11,3232,0.2402464065708419,-2.005020103166999,3.8363172852622927,0.2230492813141683,0.8639630390143738
2026-09-11,3234,0.2402464065708419,-14.77272727272727,46.83125813802083,-0.5087268993839835,0.028234086242299793
2026-09-11,3236,0.2402464065708419,-10.438413028648142,14.219119048605643,0.1214065708418891,0.7328028747433265
2026-09-11,3252,0.2402464065708419,-7.831326270245331,14.379089774598157,0.1293634496919918,0.7433264887063655
2026-09-11,3257,0.2402464065708419,-10.019268998184083,12.20556888612067,0.0094969199178644,0.4856262833675565
2026-09-11,3259,0.2402464065708419,-28.61736176644276,52.2522521748499,0.0056468172484599,0.473305954825462
2026-09-11,3260,0.2402464065708419,-12.404787812840045,20.99378881987578,0.0279774127310061,0.5323408624229979
2026-09-11,3264,0.2402464065708419,-8.349900596421467,21.475054229934923,-0.0413244353182751,0.35985626283367556
2026-09-11,3265,0.2402464065708419,-12.234042553191491,17.87878787878788,-0.2420431211498973,0.1273100616016427
2026-09-11,3266,0.2402464065708419,-1.060068004057313,3.928565979003881,0.0046201232032854,0.46919917864476385
2026-09-11,3268,0.2402464065708419,-10.051540690383533,13.753578874491655,0.5374743326488707,0.992299794661191
2026-09-11,3272,0.2402464065708419,-10.576926486261662,13.261651661392987,-0.0459445585215605,0.3526694045174538
2026-09-11,3276,0.2402464065708419,-5.442178238877526,5.755397213596857,0.044917864476386,0.5749486652977412
2026-09-11,3284,0.2402464065708419,-12.866819099560932,14.766841938506683,-0.0364476386036961,0.37166324435318276
2026-09-11,3285,0.2402464065708419,-9.750565500776345,19.7236146346742,-0.1203798767967145,0.24178644763860369
2026-09-11,3287,0.2402464065708419,-11.280103109959684,12.714287894112722,-0.3540811088295688,0.06981519507186858
2026-09-11,3288,0.2402464065708419,-16.872422233940163,21.782175506660707,-0.3270020533880903,0.08264887063655031
2026-09-11,3289,0.2402464065708419,-10.20408163265306,12.87878787878788,-0.047741273100616,0.3467659137577002
2026-09-11,3290,0.2402464065708419,-15.491655013793071,20.307354895571507,0.430441478439425,0.9768993839835729
2026-09-11,3293,0.2402464065708419,-10.580645161290326,11.832611832611832,0.2106006160164271,0.8516427104722792
2026-09-11,3294,0.2402464065708419,-9.702661369152722,11.265164495760166,0.1149897330595482,0.7215092402464066
2026-09-11,3296,0.2402464065708419,0.0,13.07692160973182,0.3272587268993839,0.9373716632443532
2026-09-11,3297,0.2402464065708419,-10.613595011868892,14.84230013640904,0.1860882956878851,0.8259753593429158
2026-09-11,3303,0.2402464065708419,-12.613424937763662,14.537901927661936,-0.0261806981519507,0.3934804928131417
2026-09-11,3305,0.2402464065708419,-15.33898175772974,18.81882158619156,-0.0336242299794661,0.37833675564681724
2026-09-11,3306,0.2402464065708419,-3.1216377591458455,5.777782864040799,0.1497689938398356,0.7715605749486653
2026-09-11,3308,0.2402464065708419,-8.510638297872342,18.6046511627907,-0.4240246406570842,0.050308008213552365
2026-09-11,3310,0.2402464065708419,-2.718170936198727,5.294115403119255,-0.0662217659137576,0.31724845995893225
2026-09-11,3311,0.2402464065708419,0.0,10.57143075125558,0.2941478439425051,0.9173511293634496
2026-09-11,3312,0.2402464065708419,-17.447915804330925,21.240796290589927,0.0051334702258726,0.4709958932238193
2026-09-11,3313,0.2402464065708419,-13.65461715107833,20.930232558139537,-0.1142197125256673,0.2515400410677618
2026-09-11,3317,0.2402464065708419,-23.77622377622378,31.74311786616614,-0.0038501026694045,0.44455852156057496
2026-09-11,3321,0.2402464065708419,-9.63541827061104,13.256490454407388,0.0644250513347022,0.6242299794661191
2026-09-11,3322,0.2402464065708419,-9.20501627910112,10.1382432177058,0.2297227926078029,0.8696098562628337
2026-09-11,3323,0.2402464065708419,-16.40625,20.186914461795418,0.0043634496919917,0.46765913757700206
2026-09-11,3324,0.2402464065708419,-9.634551495016607,40.44117647058824,-0.4509753593429157,0.0438911704312115
2026-09-11,3325,0.2402464065708419,-5.150209849286691,5.882349387426069,0.1681211498973306,0.7974845995893224
2026-09-11,3332,0.2402464065708419,-3.0254740991467743,5.747126292784585,0.2430698151950718,0.88347022587269
2026-09-11,3338,0.2402464065708419,-7.381619535499528,18.94737186288475,0.2774640657084188,0.9060574948665298
2026-09-11,3339,0.2402464065708419,-10.344824651208606,27.941172536078877,0.1722279260780288,0.8039014373716632
2026-09-11,3346,0.2402464065708419,-6.823533002068016,14.898994326311914,0.4607289527720739,0.9835728952772074
2026-09-11,3349,0.2402464065708419,-17.00405114659449,26.82926829268293,-0.4432751540041068,0.04568788501026694
2026-09-11,3354,0.2402464065708419,-3.398055825317481,36.51591115320981,0.0569815195071868,0.606776180698152
2026-09-11,3357,0.2402464065708419,-13.733905579399142,15.92039800995025,0.0722535934291581,0.6416837782340863
2026-09-11,3360,0.2402464065708419,-12.195122234882326,14.930553301984824,0.0169404517453798,0.5033367556468172
2026-09-11,3362,0.2402464065708419,-16.317016317016318,24.23398328690808,-0.5128336755646816,0.02566735112936345
2026-09-11,3363,0.2402464065708419,-19.882352941176475,44.199706314243755,-0.5025667351129364,0.030287474332648872
2026-09-11,3372,0.2402464065708419,-10.062889724416902,12.237762074533714,0.1876283367556468,0.8264887063655031
2026-09-11,3373,0.2402464065708419,-6.76470363841336,7.255517923360675,-0.1042094455852155,0.26386036960985626
2026-09-11,3374,0.2402464065708419,-6.552419354838712,44.87594390507012,-0.016683778234086,0.4106776180698152
2026-09-11,3376,0.2402464065708419,-17.567567567567565,22.404371584699454,-0.3855236139630391,0.056981519507186856
2026-09-11,3379,0.2402464065708419,-13.268609812574294,16.417909491749935,0.0531314168377823,0.5954825462012321
2026-09-11,3380,0.2402464065708419,-1.4423101023573692,15.934964311801322,0.2867043121149897,0.912217659137577
2026-09-11,3388,0.2402464065708419,-19.009897968556626,23.838629917485022,-0.3847535934291581,0.058008213552361396
2026-09-11,3390,0.2402464065708419,-5.676852658148568,8.101851708768,0.0993326488706365,0.6904517453798767
2026-09-11,3402,0.2402464065708419,-3.149606299212604,6.910569105691057,0.3879620123203285,0.9640657084188912
2026-09-11,3406,0.2402464065708419,-7.017543859649122,48.58490566037736,-0.1016427104722792,0.2671971252566735
2026-09-11,3413,0.2402464065708419,-7.450331125827814,9.30232558139535,0.2263860369609856,0.86652977412731
2026-09-11,3416,0.2402464065708419,-14.171122994652409,18.06853582554517,-0.1011293634496919,0.2684804928131417
2026-09-11,3419,0.2402464065708419,-10.931176840247758,12.272730740633897,0.0107802874743326,0.4889630390143737
2026-09-11,3430,0.2402464065708419,-15.85365853658537,21.256038647342994,0.202900410677618,0.8393223819301848
2026-09-11,3432,0.2402464065708419,-5.863195764418727,8.650519145325646,0.4471252566735112,0.9815195071868583
2026-09-11,3434,0.2402464065708419,-7.765448224521354,9.10652777935267,0.0183521560574949,0.5092402464065708
2026-09-11,3437,0.2402464065708419,-10.148520133574834,19.559235366510972,0.0505646817248459,0.5867556468172485
2026-09-11,3438,0.2402464065708419,-9.237530358167644,21.001608828503414,-0.0356776180698151,0.3737166324435318
2026-09-11,3441,0.2402464065708419,0.0,50.48192954925169,-0.003593429158111,0.4450718685831622
2026-09-11,3443,0.2402464065708419,-5.701078582434516,20.996732026143793,-0.0459445585215605,0.3526694045174538
2026-09-11,3444,0.2402464065708419,-18.02083651224772,28.20838349313054,-0.2687371663244353,0.11550308008213553
2026-09-11,3447,0.2402464065708419,-13.665594687684546,17.318434087395495,-0.1465605749486652,0.21098562628336756
2026-09-11,3450,0.2402464065708419,-21.59264931087289,33.203125,-0.5482546201232033,0.021560574948665298
2026-09-11,3455,0.2402464065708419,-14.625228519195607,22.05567451820129,-0.3282854209445585,0.08136550308008214
2026-09-11,3465,0.2402464065708419,-2.504173558913758,4.452058597406397,0.3839835728952772,0.9604722792607803
2026-09-11,3466,0.2402464065708419,-5.294119143018539,7.24637692605687,0.3744866529774128,0.9579055441478439
2026-09-11,3467,0.2402464065708419,0.0,24.9146738127796,0.2720739219712527,0.9019507186858317
2026-09-11,3479,0.2402464065708419,-2.238805970149249,9.16030534351145,0.2050821355236138,0.8413757700205339
2026-09-11,3481,0.2402464065708419,-8.96946684365697,15.618449986960451,0.3252053388090349,0.9355749486652978
2026-09-11,3483,0.2402464065708419,-8.492821296305342,17.516341863893995,0.0250256673511294,0.5231006160164271
2026-09-11,3484,0.2402464065708419,-15.523812430245531,18.60202995229865,0.0223305954825461,0.5169404517453798
2026-09-11,3485,0.2402464065708419,-22.645290581162325,29.53367875647668,-0.0895790554414784,0.28336755646817247
2026-09-11,3489,0.2402464065708419,-16.730037057681844,22.14611213973428,-0.025282340862423,0.39630390143737165
2026-09-11,3490,0.2402464065708419,-28.114187222308352,44.04332027216466,-0.8739733059548255,0.001540041067761807
2026-09-11,3491,0.2402464065708419,-9.87261146496815,25.4416961130742,-0.427618069815195,0.048767967145790556
2026-09-11,3492,0.2402464065708419,-11.368904604773457,13.61255718425816,0.3865503080082135,0.9620123203285421
2026-09-11,3494,0.2402464065708419,-5.326232798623865,8.579467258221937,0.2438398357289527,0.8850102669404517
2026-09-11,3498,0.2402464065708419,-13.318284424379234,35.41666666666667,-0.2641170431211499,0.11806981519507187
2026-09-11,3499,0.2402464065708419,-10.73825146817844,20.67669143279955,0.0572381930184805,0.6083162217659137
2026-09-11,3501,0.2402464065708419,-4.444442560643324,4.651160727583997,0.0192505133470226,0.5112936344969199
2026-09-11,3504,0.2402464065708419,-15.585775903450806,26.51797067551815,-0.5718685831622177,0.018480492813141684
2026-09-11,3508,0.2402464065708419,-15.19999694824219,31.36792160005671,-0.0569815195071869,0.33059548254620125
2026-09-11,3511,0.2402464065708419,-8.333327879313446,9.625663976591223,0.0641683778234086,0.6237166324435318
2026-09-11,3512,0.2402464065708419,-3.030295440608144,3.645827227996698,0.1203798767967146,0.731006160164271
2026-09-11,3515,0.2402464065708419,-11.91489361702127,13.768115942028986,-0.0539014373716632,0.3372689938398357
2026-09-11,3516,0.2402464065708419,-6.934305273658936,9.999997008080577,-0.2254876796714579,0.14271047227926079
2026-09-11,3518,0.2402464065708419,-16.690645286505166,27.288426287862187,-0.2684804928131417,0.11601642710472279
2026-09-11,3520,0.2402464065708419,-6.896557655707691,9.401707636806895,0.0539014373716632,0.5993326488706365
2026-09-11,3521,0.2402464065708419,-4.382471572716828,6.25,0.0331108829568789,0.5444045174537988
2026-09-11,3522,0.2402464065708419,-2.2556404994930057,14.615389016958396,0.0539014373716633,0.6001026694045175
2026-09-11,3523,0.2402464065708419,-16.772155317811677,20.152096190712836,-0.127053388090349,0.23408624229979466
2026-09-11,3526,0.2402464065708419,-7.253886010362698,8.379888268156424,-0.0023100616016427,0.44738193018480493
2026-09-11,3527,0.2402464065708419,-7.063195708082626,9.599998474121094,0.2256160164271047,0.8657597535934292
2026-09-11,3528,0.2402464065708419,-9.513272487787694,11.124692096115444,0.3783367556468172,0.9589322381930184
2026-09-11,3529,0.2402464065708419,-10.26086956521739,30.42635658914729,0.5977926078028748,0.9974332648870636
2026-09-11,3530,0.2402464065708419,-11.442005210589524,16.8141592920354,-0.1214065708418891,0.24050308008213553
2026-09-11,3531,0.2402464065708419,-3.181821649724792,5.164321224743524,0.1016427104722793,0.6976386036960985
2026-09-11,3532,0.2402464065708419,-3.534777651083243,25.295508274231675,0.0164271047227926,0.5007700205338809
2026-09-11,3533,0.2402464065708419,-10.73446327683616,14.556962025316457,0.0112936344969199,0.4902464065708419
2026-09-11,3535,0.2402464065708419,-10.481286686371991,12.78374831346622,0.1619609856262834,0.7890143737166324
2026-09-11,3537,0.2402464065708419,-11.29848372536264,13.30798517692726,0.0949691991786447,0.6812114989733059
2026-09-11,3540,0.2402464065708419,-13.307239608831525,24.830700201903404,-0.375,0.062114989733059546
2026-09-11,3541,0.2402464065708419,-1.7977510945180852,3.661323675486066,0.1260266940451745,0.7392197125256673
2026-09-11,3543,0.2402464065708419,-23.68896682613665,39.33648856399882,-0.8249486652977412,0.004106776180698152
2026-09-11,3545,0.2402464065708419,-8.04924254055085,10.916579444587926,0.0231006160164271,0.5202772073921971
2026-09-11,3546,0.2402464065708419,-4.461934426052238,8.104386880711695,0.36935318275154,0.9548254620123203
2026-09-11,3548,0.2402464065708419,-14.4396563418271,25.69269664211518,-0.4817761806981519,0.03542094455852156
2026-09-11,3550,0.2402464065708419,-13.241101087520468,15.717534103305477,0.0166837782340862,0.5025667351129364
2026-09-11,3551,0.2402464065708419,-8.130081300813007,9.43952802359882,-0.1395020533880903,0.2166324435318275
2026-09-11,3552,0.2402464065708419,-9.808106906521374,12.056743217030755,0.2091889117043121,0.8480492813141683
2026-09-11,3555,0.2402464065708419,-15.151515151515149,32.142857142857146,-0.3005646817248459,0.09804928131416837
2026-09-11,3556,0.2402464065708419,-14.831805101871664,18.132858438914955,0.0741786447638603,0.648870636550308
2026-09-11,3557,0.2402464065708419,-7.905138578306015,9.227466476095518,0.0120636550308008,0.49075975359342916
2026-09-11,3558,0.2402464065708419,-9.505703422053235,10.92436974789916,0.2097022587268994,0.8501026694045175
2026-09-11,3563,0.2402464065708419,-10.095497953615284,14.112291350531107,-0.177618069815195,0.17915811088295688
2026-09-11,3564,0.2402464065708419,-11.423224933546406,20.507401520927083,-0.2076488706365503,0.15349075975359344
2026-09-11,3567,0.2402464065708419,-2.3166038235786446,4.347827725853833,0.2209958932238194,0.8624229979466119
2026-09-11,3570,0.2402464065708419,-0.8928571428571397,3.903903903903904,0.2143223819301848,0.8557494866529775
2026-09-11,3576,0.2402464065708419,-10.382512009522149,11.585363797103229,-0.0852156057494866,0.2879876796714579
2026-09-11,3577,0.2402464065708419,-13.899613899613906,23.766816143497756,0.3080082135523614,0.9260780287474333
2026-09-11,3580,0.2402464065708419,-10.537637690062162,21.754806656280177,0.1668377823408623,0.7962012320328542
2026-09-11,3581,0.2402464065708419,-16.595744680851066,21.020406606246013,0.0290041067761806,0.5341375770020534
2026-09-11,3583,0.2402464065708419,-13.936430317848414,22.301136363636363,0.0508213552361396,0.5880390143737166
2026-09-11,3587,0.2402464065708419,-15.260323159784562,18.220338983050848,-0.1003593429158111,0.2695071868583162
2026-09-11,3588,0.2402464065708419,-7.027029776358384,8.720930490447362,0.1537474332648871,0.7756673511293635
2026-09-11,3592,0.2402464065708419,-5.995717344753748,7.289293849658314,0.1917351129363449,0.8303388090349076
2026-09-11,3593,0.2402464065708419,-9.999996682871926,14.492753089029314,0.2068788501026694,0.8454825462012321
2026-09-11,3594,0.2402464065708419,-13.789866002494222,17.62785275218988,-0.2055954825462012,0.15605749486652978
2026-09-11,3596,0.2402464065708419,-9.226190476190476,10.491803278688524,0.0669917864476386,0.6303901437371663
2026-09-11,3597,0.2402464065708419,-5.405405405405405,7.42857433500744,-0.0053901437371662,0.43762833675564683
2026-09-11,3605,0.2402464065708419,-13.120567375886528,28.163265306122447,-0.0341375770020534,0.37679671457905545
2026-09-11,3607,0.2402464065708419,-5.882349058928016,7.720589421199659,0.2059804928131416,0.8429158110882957
2026-09-11,3609,0.2402464065708419,-29.215689266429223,44.59833560841465,0.3190451745379876,0.9317248459958932
2026-09-11,3611,0.2402464065708419,-4.210526315789476,5.21978021978022,0.1560574948665297,0.7802874743326489
2026-09-11,3615,0.2402464065708419,-14.412138743098224,18.759228243321125,0.0369609856262833,0.553388090349076
2026-09-11,3617,0.2402464065708419,-9.345794392523366,13.814432989690722,-0.103182751540041,0.2656570841889117
2026-09-11,3622,0.2402464065708419,-16.880735344843036,20.86092918784925,-0.1214065708418891,0.24050308008213553
2026-09-11,3623,0.2402464065708419,-0.7312642053012852,23.204424430670475,0.0325975359342916,0.5433778234086243
2026-09-11,3624,0.2402464065708419,0.0,34.297186303808985,0.4278747433264886,0.9753593429158111
2026-09-11,3625,0.2402464065708419,-23.028394223080372,39.754102108972624,0.5456878850102669,0.9938398357289527
2026-09-11,3628,0.2402464065708419,-1.5345230116011632,16.883116883116884,0.0935574948665297,0.6786447638603696
2026-09-11,3629,0.2402464065708419,-6.557375145273403,41.60400939008252,-0.1547741273100616,0.20225872689938398
2026-09-11,3630,0.2402464065708419,-9.844560643736411,14.750959100380395,-0.11370636550308,0.25205338809034905
2026-09-11,3631,0.2402464065708419,-12.723216205379217,21.99488186633339,-0.4432751540041066,0.04620123203285421
2026-09-11,3632,0.2402464065708419,-7.901550171701532,8.579460551651625,-0.0577515400410677,0.32931211498973306
2026-09-11,3645,0.2402464065708419,-11.953730960101405,21.89781578787922,-0.1611909650924024,0.19532854209445585
2026-09-11,3646,0.2402464065708419,-0.4048598315015805,7.317077709336354,0.0610882956878848,0.6190965092402464
2026-09-11,3652,0.2402464065708419,-13.342138548600856,18.445120054224528,0.4281314168377823,0.9758726899383984
2026-09-11,3653,0.2402464065708419,-5.414273995077934,20.901994796183867,-0.3749999999999999,0.06262833675564682
2026-09-11,3661,0.2402464065708419,-18.70824053452116,24.794520547945208,-0.1021560574948665,0.26642710472279263
2026-09-11,3663,0.2402464065708419,-10.076333548276484,11.205430056264516,0.1083162217659137,0.7122689938398358
2026-09-11,3664,0.2402464065708419,-23.11886442661709,54.04255091775253,-0.406570841889117,0.053901437371663245
2026-09-11,3665,0.2402464065708419,-21.052631578947366,28.000000000000004,-0.2061088295687884,0.1555441478439425
2026-09-11,3666,0.2402464065708419,-1.7681758328068398,3.0,0.1214065708418891,0.7328028747433265
2026-09-11,3669,0.2402464065708419,-17.49681231631722,21.207437927610744,-0.154517453798768,0.2032854209445585
2026-09-11,3672,0.2402464065708419,-8.301889671469652,14.403292633285607,0.0844455852156057,0.6627310061601642
2026-09-11,3673,0.2402464065708419,-11.477756865962808,17.990272831225614,-0.2235626283367556,0.14425051334702257
2026-09-11,3675,0.2402464065708419,-13.666666666666671,17.18146718146718,-0.0957392197125256,0.276694045174538
2026-09-11,3679,0.2402464065708419,-2.2522522522522515,5.0691244239631335,0.2442248459958933,0.885523613963039
2026-09-11,3680,0.2402464065708419,-10.994764397905756,24.41176470588235,-0.0401694045174537,0.36344969199178645
2026-09-11,3684,0.2402464065708419,-3.3989292916196123,6.296299121997974,0.1024127310061602,0.7004620123203286
2026-09-11,3685,0.2402464065708419,-6.582274618028084,12.466120010577772,-0.0413244353182751,0.35985626283367556
2026-09-11,3686,0.2402464065708419,-3.741497944702077,4.593637003912424,0.2422997946611909,0.8829568788501027
2026-09-11,3687,0.2402464065708419,-5.927053715804831,6.94669296568609,0.2790041067761807,0.9075975359342916
2026-09-11,3689,0.2402464065708419,-12.5,17.972350230414747,-0.3425308008213552,0.07340862422997947
2026-09-11,3691,0.2402464065708419,-12.803735465646914,17.68488688135057,0.162217659137577,0.7895277207392197
2026-09-11,3693,0.2402464065708419,-7.788595271210019,33.03167420814479,-0.1151180698151951,0.25
2026-09-11,3694,0.2402464065708419,-8.133082874829277,10.663982204629416,0.327258726899384,0.9378850102669405
2026-09-11,3701,0.2402464065708419,-11.627906583770152,17.418547611913556,-0.0618583162217659,0.32084188911704314
2026-09-11,3702,0.2402464065708419,-8.18965517241379,17.652585025124694,0.5174537987679673,0.9897330595482546
2026-09-11,3703,0.2402464065708419,-1.736974630748178,5.050505245112611,0.2067505133470226,0.8449691991786448
2026-09-11,3704,0.2402464065708419,-9.799557631067978,14.938279140142749,0.3877053388090349,0.9635523613963038
2026-09-11,3705,0.2402464065708419,-1.4134262519924334,5.376344159530915,-0.0382443531827515,0.3660164271047228
2026-09-11,3706,0.2402464065708419,-14.05579281445264,16.978774947811054,0.0169404517453798,0.5033367556468172
2026-09-11,3707,0.2402464065708419,-10.97744246174518,13.682429678602093,0.1155030800821355,0.7222792607802875
2026-09-11,3708,0.2402464065708419,-8.857145763578856,9.71787183732885,-0.0177104722792608,0.4091375770020534
2026-09-11,3709,0.2402464065708419,-12.676056338028175,14.516129032258066,-0.002053388090349,0.44815195071868585
2026-09-11,3711,0.2402464065708419,-5.359877488514552,14.401294498381878,0.0980492813141684,0.688911704312115
2026-09-11,3712,0.2402464065708419,-12.101904740769854,16.183566911353996,-0.0128336755646817,0.4196611909650924
2026-09-11,3713,0.2402464065708419,-7.096776654643411,10.416666942614103,0.1283367556468172,0.742299794661191
2026-09-11,3714,0.2402464065708419,-9.927006185489851,22.5283652414929,-0.3457392197125256,0.07186858316221766
2026-09-11,3715,0.2402464065708419,-10.869565217391308,27.64227642276423,0.3000513347022587,0.9219712525667351
2026-09-11,3716,0.2402464065708419,-10.092969183934464,11.96455903788034,-0.0061601642710472,0.4330082135523614
2026-09-11,3717,0.2402464065708419,-10.61571159656668,12.114011066428109,-0.2476899383983573,0.12474332648870637
2026-09-11,4102,0.2402464065708419,-4.580150819349427,6.666666666666667,-0.2356262833675564,0.13501026694045173
2026-09-11,4104,0.2402464065708419,-0.5479472957245268,3.305787295208288,0.0793121149897331,0.6565708418891171
2026-09-11,4105,0.2402464065708419,-2.63818908841289,4.774189610635081,-0.0464579055441478,0.3506160164271047
2026-09-11,4106,0.2402464065708419,-2.4048110746391793,3.901440443764431,0.0015400410677617,0.4561088295687885
2026-09-11,4107,0.2402464065708419,-2.608695652173909,3.571428571428571,0.0102669404517454,0.48767967145790553
2026-09-11,4108,0.2402464065708419,-11.199996948242177,16.216217377251375,-0.2836242299794661,0.10523613963039015
2026-09-11,4109,0.2402464065708419,-4.7619063346515,5.909096110950833,0.0243839835728953,0.5225872689938398
2026-09-11,4111,0.2402464065708419,-4.950495174156044,6.249997516473068,0.2818275154004106,0.9106776180698152
2026-09-11,4113,0.2402464065708419,-2.48447554488862,9.872612799779477,0.2761806981519507,0.9045174537987679
2026-09-11,4114,0.2402464065708419,-6.050954272652332,6.610165612172272,-0.0921457905544147,0.28080082135523615
2026-09-11,4116,0.2402464065708419,-3.4146378679973277,5.050505245112611,-0.1753080082135524,0.18275154004106775
2026-09-11,4119,0.2402464065708419,-0.6814335957069484,12.178391735389562,-0.0061601642710471,0.43403490759753593
2026-09-11,4120,0.2402464065708419,-3.582395198900745,8.17409468969826,0.2158624229979465,0.8570328542094456
2026-09-11,4121,0.2402464065708419,-4.511280998986022,5.118114818634811,-0.0521047227926078,0.33906570841889117
2026-09-11,4123,0.2402464065708419,-8.610267690342454,12.396687909591297,0.3459958932238193,0.9486652977412731
2026-09-11,4126,0.2402464065708419,-0.8940032571569612,2.061863576001503,0.0415811088295687,0.5672484599589322
2026-09-11,4127,0.2402464065708419,-34.58333412806193,58.28025305535691,0.1837782340862422,0.8239219712525667
2026-09-11,4128,0.2402464065708419,-8.227849209123328,9.655176360031668,-0.1162731006160164,0.2492299794661191
2026-09-11,4129,0.2402464065708419,-8.603348545521994,10.391197656339624,0.3397073921971253,0.944558521560575
2026-09-11,4131,0.2402464065708419,-3.3333344893021977,11.912223456119351,0.4396817248459958,0.978952772073922
2026-09-11,4133,0.2402464065708419,-4.929574059484565,5.679010461877893,-0.012577002053388,0.4204312114989733
2026-09-11,4137,0.2402464065708419,-19.399791544995672,24.46808812843841,0.0872689938398357,0.6673511293634496
2026-09-11,4138,0.2402464065708419,-0.3717486352707633,6.343279492485829,-0.0164271047227926,0.41119096509240244
2026-09-11,4139,0.2402464065708419,-9.09090601516034,24.634142619807545,-0.3198151950718685,0.08829568788501027
2026-09-11,4142,0.2402464065708419,-7.2776201059025825,8.430225530658744,-0.2808008213552362,0.10626283367556469
2026-09-11,4147,0.2402464065708419,-13.458754620007008,15.886287828098256,-0.3565195071868583,0.06827515400410678
2026-09-11,4148,0.2402464065708419,-3.566333886473516,12.278105657410608,0.0166837782340861,0.502053388090349
2026-09-11,4153,0.2402464065708419,-6.824929057386065,7.324844497933898,-0.2920944558521561,0.10112936344969199
2026-09-11,4155,0.2402464065708419,-1.6233766635889046,9.240921807139214,0.1789014373716632,0.8133983572895277
2026-09-11,4157,0.2402464065708419,-7.06637940716992,8.179723654198584,-0.1016427104722792,0.2671971252566735
2026-09-11,4160,0.2402464065708419,-7.227486213078683,12.27130086920529,0.3208418891170432,0.9337782340862423
2026-09-11,4161,0.2402464065708419,-4.710922327618771,5.168537611372016,-0.0880390143737166,0.2849075975359343
2026-09-11,4162,0.2402464065708419,-11.330051482752124,12.962962962962962,-0.2016170431211499,0.15759753593429157
2026-09-11,4163,0.2402464065708419,-16.28664495114006,21.40077821011673,-0.3886036960985626,0.055698151950718686
2026-09-11,4164,0.2402464065708419,-4.850743559958149,6.27450382008272,0.1540041067761807,0.7764373716632443
2026-09-11,4166,0.2402464065708419,-6.627675948824163,9.394571725783322,-0.3074948665297741,0.09317248459958932
2026-09-11,4167,0.2402464065708419,-10.613207165224791,12.664915193948662,-0.2363963039014373,0.13449691991786447
2026-09-11,4168,0.2402464065708419,-5.217394621475879,7.798168910251194,0.1481006160164272,0.7679671457905544
2026-09-11,4169,0.2402464065708419,-16.666666666666664,20.0,-0.034394250513347,0.3762833675564682
2026-09-11,4171,0.2402464065708419,-7.386369978593265,8.282211316920149,-0.1080595482546201,0.2587268993839836
2026-09-11,4173,0.2402464065708419,-2.2727250560256596,3.779067381966729,0.0999743326488705,0.6914784394250514
2026-09-11,4174,0.2402464065708419,-7.116784243573715,12.180747695630636,0.2402464065708419,0.8798767967145791
2026-09-11,4175,0.2402464065708419,-2.8846153846153855,3.762379259166151,-0.1339835728952771,0.22356262833675564
2026-09-11,4178,0.2402464065708419,-7.821227085842941,11.51514920321378,0.0284907597535933,0.5333675564681725
2026-09-11,4183,0.2402464065708419,-7.534248991293491,9.25925925925926,-0.1278234086242299,0.23280287474332648
2026-09-11,4188,0.2402464065708419,-16.43059309466296,52.6101645776781,-0.4785677618069814,0.03696098562628337
2026-09-11,4190,0.2402464065708419,-2.636530605295495,8.704061767104989,-0.1368069815195071,0.21971252566735114
2026-09-11,4192,0.2402464065708419,-8.750000000000002,9.58904109589041,-0.044147843942505,0.35523613963039014
2026-09-11,4195,0.2402464065708419,-9.33333079020181,12.132349795948748,0.1541324435318274,0.7772073921971252
2026-09-11,4198,0.2402464065708419,-5.108059353390093,23.291925833754227,-0.1309034907597536,0.22946611909650924
2026-09-11,4205,0.2402464065708419,-1.142861502511161,1.734099712662877,0.1180698151950718,0.7268993839835729
2026-09-11,4207,0.2402464065708419,-6.839625994137966,10.63291332389735,-0.1871149897330595,0.1704312114989733
2026-09-11,4303,0.2402464065708419,-17.928736699748328,31.13007383225228,0.5351642710472279,0.9912731006160165
2026-09-11,4304,0.2402464065708419,-39.11504154711698,68.89534799906939,-0.4722792607802875,0.038501026694045176
2026-09-11,4306,0.2402464065708419,-6.962027646776658,8.163264114526024,0.0038501026694045,0.46560574948665295
2026-09-11,4401,0.2402464065708419,-3.832753840516168,5.434782533579529,-0.0759753593429158,0.29876796714579057
2026-09-11,4402,0.2402464065708419,-10.624998807907104,17.482517249333878,0.1732546201232033,0.8056981519507187
2026-09-11,4406,0.2402464065708419,-1.960782480441492,3.499994277954084,0.0728952772073923,0.6437371663244353
2026-09-11,4413,0.2402464065708419,-8.705884148092835,12.886598191538509,-0.2940195071868583,0.09958932238193019
2026-09-11,4414,0.2402464065708419,-7.954543114693746,9.012351376929042,0.0310574948665298,0.5377310061601642
2026-09-11,4416,0.2402464065708419,-32.51533426461878,50.45453851873224,-0.8108316221765914,0.004620123203285421
2026-09-11,4417,0.2402464065708419,-1.5873075943202752,7.4596791870264605,0.0764887063655032,0.6534907597535934
2026-09-11,4420,0.2402464065708419,-0.1273865912370664,8.290816165168604,0.0472279260780287,0.5785420944558521
2026-09-11,4426,0.2402464065708419,-3.041822245620218,5.098037406846123,0.2407597535934291,0.8803901437371663
2026-09-11,4430,0.2402464065708419,-9.56072529714963,13.428573608398436,-0.0737936344969198,0.3028747433264887
2026-09-11,4432,0.2402464065708419,-5.521470310771481,6.168823890409183,0.0500513347022587,0.5849589322381931
2026-09-11,4433,0.2402464065708419,-5.102040717026835,6.451616872733807,0.2012320328542093,0.8372689938398358
2026-09-11,4438,0.2402464065708419,-5.99675967129304,8.448278492894666,0.108187885010267,0.7114989733059548
2026-09-11,4439,0.2402464065708419,-14.864864864864868,18.730155500785397,-0.1010010266940451,0.26899383983572894
2026-09-11,4440,0.2402464065708419,-1.400560194158473,2.840909029334046,-0.101129363449692,0.2679671457905544
2026-09-11,4441,0.2402464065708419,-13.032581453634084,17.29106628242075,0.4188911704312115,0.9727926078028748
2026-09-11,4442,0.2402464065708419,-7.4074097859441075,17.545457319779832,0.1917351129363449,0.8303388090349076
2026-09-11,4502,0.2402464065708419,-5.405403238139639,7.936507936507947,0.0736652977412731,0.6473305954825462
2026-09-11,4503,0.2402464065708419,-16.483516944173093,19.73684276570246,0.1483572895277207,0.7687371663244353
2026-09-11,4506,0.2402464065708419,-2.8340080971659964,3.3333333333333335,-0.0318275154004107,0.38141683778234087
2026-09-11,4510,0.2402464065708419,-11.764707271789188,14.619883040935672,-0.2474332648870636,0.1257700205338809
2026-09-11,4513,0.2402464065708419,-11.239197233805877,12.987013308711184,0.0051334702258727,0.4720225872689938
2026-09-11,4523,0.2402464065708419,-3.599998474121091,6.846471337813519,0.4686858316221765,0.9851129363449692
2026-09-11,4526,0.2402464065708419,-9.417044705627974,14.851485522468128,0.1253850102669405,0.7376796714579056
2026-09-11,4527,0.2402464065708419,-3.3018902723963683,5.609763540872714,0.0945841889117043,0.6806981519507187
2026-09-11,4528,0.2402464065708419,-3.246753327177798,3.6912701418900777,0.169917864476386,0.7997946611909651
2026-09-11,4529,0.2402464065708419,-11.604944318373676,27.37430945187168,0.039271047227926,0.561088295687885
2026-09-11,4530,0.2402464065708419,-16.612901995258945,23.01741073553191,-0.6006160164271047,0.01591375770020534
2026-09-11,4532,0.2402464065708419,-3.8934379936192975,4.690833030624779,-0.1332135523613964,0.22484599589322382
2026-09-11,4533,0.2402464065708419,-15.224912375808664,17.959182116450094,0.0721252566735112,0.6404004106776181
2026-09-11,4534,0.2402464065708419,-14.984713796803096,18.3453256166671,-0.0092402464065708,0.4247946611909651
2026-09-11,4535,0.2402464065708419,-5.335625741026306,6.363636363636363,-0.046329568788501,0.35164271047227924
2026-09-11,4536,0.2402464065708419,-6.086956521739129,6.790123456790123,-0.1126796714579055,0.2538501026694045
2026-09-11,4538,0.2402464065708419,-4.931504759069993,6.9164307582441715,-0.0595482546201231,0.32700205338809035
2026-09-11,4540,0.2402464065708419,-11.026040185526298,18.072296197002792,-0.1904517453798768,0.16786447638603696
2026-09-11,4541,0.2402464065708419,-24.50331125827815,32.63157627038788,-0.3626796714579055,0.06570841889117043
2026-09-11,4542,0.2402464065708419,-17.868338557993734,29.961832061068705,-0.1478439425051334,0.20944558521560575
2026-09-11,4543,0.2402464065708419,-13.692310039813703,16.755796402053598,0.073665297741273,0.6468172484599589
2026-09-11,4545,0.2402464065708419,-5.507250799648999,11.65643992307885,0.3726899383983573,0.957135523613963
2026-09-11,4549,0.2402464065708419,-9.423079857459427,10.509556100430046,-0.1978952772073922,0.1601642710472279
2026-09-11,4550,0.2402464065708419,-6.060606060606055,6.451612903225806,-0.0470995893223819,0.3480492813141684
2026-09-11,4551,0.2402464065708419,-9.510086455331413,15.605095541401273,0.007700205338809,0.47869609856262835
2026-09-11,4552,0.2402464065708419,-11.797750100028647,14.331204290829849,0.0888090349075975,0.670687885010267
2026-09-11,4554,0.2402464065708419,-6.810634944945749,9.966682256380574,-0.0456878850102669,0.35395277207392195
2026-09-11,4555,0.2402464065708419,-15.338646705009696,19.76470947265625,-0.1547741273100616,0.20225872689938398
2026-09-11,4556,0.2402464065708419,0.0,30.23255701420011,0.0605749486652976,0.61652977412731
2026-09-11,4557,0.2402464065708419,-6.71641525486093,9.699996948242188,0.1079312114989732,0.7094455852156057
2026-09-11,4558,0.2402464065708419,-9.660576596981208,16.18496740197716,-0.0269507186858316,0.39168377823408623
2026-09-11,4560,0.2402464065708419,-12.869818261272236,17.826824665508052,0.3726899383983573,0.957135523613963
2026-09-11,4561,0.2402464065708419,-20.628683075110565,26.48514940299046,-0.2118839835728952,0.1504106776180698
2026-09-11,4562,0.2402464065708419,-15.561963709367566,19.453928025123364,0.0662217659137577,0.62782340862423
2026-09-11,4563,0.2402464065708419,-5.319148936170215,18.426968006605513,0.0256673511293633,0.5241273100616016
2026-09-11,4564,0.2402464065708419,-14.441419711798066,18.471341448636164,-0.1771047227926077,0.1801848049281314
2026-09-11,4566,0.2402464065708419,-15.604681094787342,22.033902489286813,0.3429158110882958,0.946611909650924
2026-09-11,4569,0.2402464065708419,-15.531335149863756,20.0,-0.1955852156057494,0.162217659137577
2026-09-11,4571,0.2402464065708419,-12.753623188405792,15.614617940199334,-0.0092402464065708,0.4247946611909651
2026-09-11,4572,0.2402464065708419,-3.716216216216217,7.017543859649122,0.0962525667351129,0.6848049281314168
2026-09-11,4576,0.2402464065708419,-6.2015503875969,27.892561983471076,0.0184804928131416,0.5097535934291582
2026-09-11,4577,0.2402464065708419,-14.096019240724855,32.22354217100277,-0.4250513347022587,0.049794661190965095
2026-09-11,4580,0.2402464065708419,-6.666670174434264,11.083744258927378,-0.0780287474332648,0.2962012320328542
2026-09-11,4581,0.2402464065708419,-3.381142903642853,3.605515817441459,-0.0156570841889116,0.4137577002053388
2026-09-11,4582,0.2402464065708419,-10.980389164943317,14.977971384393925,0.1814681724845995,0.8182751540041068
2026-09-11,4583,0.2402464065708419,-13.226452905811623,15.819861431870669,0.0577515400410677,0.6108829568788501
2026-09-11,4584,0.2402464065708419,-5.144289374043098,5.423278514383275,-0.0603182751540041,0.32546201232032856
2026-09-11,4585,0.2402464065708419,-6.2893081761006275,10.738255033557047,0.2317761806981519,0.872946611909651
2026-09-11,4588,0.2402464065708419,-6.296299121997972,8.10276402719261,-0.0061601642710472,0.4330082135523614
2026-09-11,4590,0.2402464065708419,-9.648239672483516,17.018913005639387,0.1342402464065708,0.7489733059548255
2026-09-11,4609,0.2402464065708419,-15.200004577636715,22.40565708838717,0.3193018480492813,0.9322381930184805
2026-09-11,4702,0.2402464065708419,-7.515030404820433,8.88407080706682,0.0551848049281314,0.6034394250513347
2026-09-11,4706,0.2402464065708419,-16.860465116279066,31.608389474295233,-0.0368326488706365,0.3701232032854209
2026-09-11,4707,0.2402464065708419,-25.854078760062738,35.06038709622833,-0.4625256673511294,0.04106776180698152
2026-09-11,4711,0.2402464065708419,-6.590266335811834,7.055224415374213,-0.1119096509240246,0.25564681724845995
2026-09-11,4714,0.2402464065708419,-5.645159925804122,17.521361286152885,0.2533367556468172,0.8916837782340863
2026-09-11,4716,0.2402464065708419,-17.60391318905882,24.03561455620526,-0.1778747433264887,0.17813141683778233
2026-09-11,4720,0.2402464065708419,-8.977552646153807,13.6986301369863,0.1378336755646816,0.7530800821355236
2026-09-11,4721,0.2402464065708419,-6.847549027483857,11.78918194159312,0.3429158110882956,0.9460985626283368
2026-09-11,4722,0.2402464065708419,-17.488789237668158,24.728260869565215,-0.042094455852156,0.35728952772073924
2026-09-11,4726,0.2402464065708419,-8.400001525878908,11.135368032919672,-0.0814938398357289,0.29414784394250515
2026-09-11,4729,0.2402464065708419,-7.124680130833438,7.945199208716823,0.1378336755646817,0.7535934291581109
2026-09-11,4735,0.2402464065708419,-10.416666861453097,15.184676752148937,-0.3411190965092402,0.07443531827515401
2026-09-11,4736,0.2402464065708419,-3.8144804109765063,7.887321920955882,0.3457392197125257,0.9481519507186859
2026-09-11,4737,0.2402464065708419,-1.184428030990059,5.136986167150362,-0.0408110882956879,0.36216632443531827
2026-09-11,4739,0.2402464065708419,-15.476193523387272,22.53520975413714,0.0395277207392197,0.5628850102669405
2026-09-11,4741,0.2402464065708419,-15.402044885031165,19.946455334131745,0.0385010266940451,0.5595482546201233
2026-09-11,4743,0.2402464065708419,-14.09001401807972,16.514805804109482,-0.0051334702258726,0.43993839835728954
2026-09-11,4744,0.2402464065708419,-7.612452887993159,9.363295612598217,0.0341375770020533,0.5472279260780287
2026-09-11,4745,0.2402464065708419,-3.3057897487107857,5.1282084722308525,0.2412731006160163,0.8814168377823408
2026-09-11,4746,0.2402464065708419,-17.12453980846307,21.21546624115159,0.2235626283367556,0.864476386036961
2026-09-11,4747,0.2402464065708419,-14.9228145399511,19.959673418834853,0.305441478439425,0.9250513347022588
2026-09-11,4749,0.2402464065708419,-12.606060606060607,14.563106796116504,-0.0123203285420944,0.4209445585215606
2026-09-11,4754,0.2402464065708419,-6.625003814697261,7.6305183147351086,-0.2363963039014374,0.1339835728952772
2026-09-11,4755,0.2402464065708419,-10.040160642570283,11.607142857142858,-0.0156570841889117,0.41324435318275154
2026-09-11,4760,0.2402464065708419,-8.626760563380287,18.763094922251327,0.3303388090349076,0.938911704312115
2026-09-11,4763,0.2402464065708419,-6.774814786989203,16.581376748884523,0.0528747433264886,0.5947125256673511
2026-09-11,4764,0.2402464065708419,-14.171656686626743,25.116279069767444,-0.0669917864476386,0.31519507186858314
2026-09-11,4766,0.2402464065708419,-5.865921787709494,9.643916913946589,-0.0829055441478439,0.2910677618069815
2026-09-11,4767,0.2402464065708419,-7.920791019673645,11.64874567898365,-0.5177104722792607,0.024640657084188913
2026-09-11,4768,0.2402464065708419,-14.942528735632187,20.210358903214736,-0.1255133470225872,0.23536960985626285
2026-09-11,4770,0.2402464065708419,-7.599999999999996,20.77922077922078,0.0474845995893223,0.5790554414784395
2026-09-11,4771,0.2402464065708419,-8.40909090909091,12.15880893300248,-0.3773100616016427,0.061088295687885014
2026-09-11,4772,0.2402464065708419,-14.598540145985409,17.307692307692307,-0.1052361396303901,0.26232032854209447
2026-09-11,4806,0.2402464065708419,-3.407887505841112,9.261302986230916,0.3706365503080081,0.9558521560574949
2026-09-11,4807,0.2402464065708419,-13.444105923660407,21.81500235905409,0.7312628336755647,0.9994866529774127
2026-09-11,4903,0.2402464065708419,-14.687100321564838,17.96407103559889,-0.1486139630390144,0.20893223819301848
2026-09-11,4904,0.2402464065708419,0.0,6.445500522993173,0.1226899383983572,0.7340862422997947
2026-09-11,4905,0.2402464065708419,-20.699996948242184,26.22951103568305,-0.5092402464065708,0.027207392197125257
2026-09-11,4906,0.2402464065708419,-7.712081959699146,16.016712411154217,0.1006160164271047,0.6935318275154004
2026-09-11,4907,0.2402464065708419,-11.42856831453285,13.13364184916125,-0.4363449691991787,0.04722792607802875
2026-09-11,4908,0.2402464065708419,-10.377358490566037,52.63157894736842,0.021817248459959,0.5154004106776181
2026-09-11,4909,0.2402464065708419,-21.296297686253695,27.05882577335133,-0.0084702258726899,0.4260780287474333
2026-09-11,4911,0.2402464065708419,-4.333330790201828,9.233447902733994,-0.2025154004106776,0.1570841889117043
2026-09-11,4912,0.2402464065708419,-14.691943127962082,21.000001695421005,-0.6024127310061601,0.015400410677618069
2026-09-11,4915,0.2402464065708419,-0.6329137991299971,7.006371941613507,0.3993839835728953,0.9676591375770021
2026-09-11,4916,0.2402464065708419,-15.045042295713696,17.709434154605688,-0.0213039014373716,0.4029774127310062
2026-09-11,4919,0.2402464065708419,-12.109375,15.11111111111111,0.0544147843942505,0.6013860369609856
2026-09-11,4923,0.2402464065708419,-11.32075224784147,17.311413212502615,-0.0410677618069815,0.3608829568788501
2026-09-11,4924,0.2402464065708419,-12.891988378332377,38.80000305175783,0.0277207392197125,0.5308008213552361
2026-09-11,4927,0.2402464065708419,-10.217392962911854,34.38256906842043,-0.1314168377823409,0.22818275154004106
2026-09-11,4930,0.2402464065708419,-2.7607293046227666,3.7854852577598095,-0.0002566735112936,0.4514887063655031
2026-09-11,4931,0.2402464065708419,-18.75,23.076923076923077,-0.1853182751540041,0.17145790554414783
2026-09-11,4933,0.2402464065708419,-8.422940550540126,9.589036903128632,0.0136036960985626,0.4917864476386037
2026-09-11,4934,0.2402464065708419,-10.067114351697947,11.940294577194162,0.0306724845995893,0.5369609856262834
2026-09-11,4935,0.2402464065708419,-8.987160305554532,10.031344494850666,0.0880390143737166,0.6694045174537988
2026-09-11,4938,0.2402464065708419,-4.811713961864039,9.1208740905091,-0.0775154004106776,0.2969712525667351
2026-09-11,4939,0.2402464065708419,-13.44537377382724,43.81067694857188,-0.8724332648870636,0.002053388090349076
2026-09-11,4942,0.2402464065708419,-4.9180317617045555,5.329150081253651,0.0397843942505133,0.563911704312115
2026-09-11,4943,0.2402464065708419,-15.429233658508256,28.669405853048595,0.3963039014373717,0.9671457905544147
2026-09-11,4946,0.2402464065708419,-6.539235312091741,19.375672448170832,0.1878850102669403,0.8270020533880903
2026-09-11,4949,0.2402464065708419,-9.999999999999998,21.699344410615808,0.0777720739219711,0.6555441478439425
2026-09-11,4950,0.2402464065708419,-7.624629297547514,11.111105056036086,0.0953542094455852,0.6817248459958932
2026-09-11,4951,0.2402464065708419,-2.235295912798718,11.913359455670692,0.3644763860369608,0.9527720739219713
2026-09-11,4952,0.2402464065708419,-12.011174434453377,14.179895794580853,-0.0700718685831622,0.30980492813141686
2026-09-11,4953,0.2402464065708419,-7.058823529411762,9.282700421940929,0.1184548254620123,0.7279260780287474
2026-09-11,4956,0.2402464065708419,-16.968910611361586,32.60530141762724,-0.5392710472279261,0.022073921971252568
2026-09-11,4958,0.2402464065708419,-9.999999999999998,25.95959595959596,0.4881930184804927,0.9871663244353183
2026-09-11,4960,0.2402464065708419,-10.199553502780336,14.074066538869598,0.0961242299794661,0.6837782340862423
2026-09-11,4961,0.2402464065708419,-5.027932960893855,12.941176470588236,0.1617043121149898,0.7885010266940452
2026-09-11,4966,0.2402464065708419,-11.853088480801333,13.446969696969695,-0.0690451745379876,0.3105749486652977
2026-09-11,4967,0.2402464065708419,-3.773584905660377,15.508021390374331,0.1007443531827516,0.6940451745379876
2026-09-11,4968,0.2402464065708419,-7.547174488968523,8.843541180999175,0.1581108829568788,0.7833675564681725
2026-09-11,4971,0.2402464065708419,-24.24242424242424,43.45454545454545,-0.5361909650924025,0.022587268993839837
2026-09-11,4972,0.2402464065708419,-4.692077846676012,4.923072228064903,-0.1112679671457905,0.2561601642710472
2026-09-11,4973,0.2402464065708419,-15.805471124620064,20.216606498194945,0.0377310061601642,0.5544147843942505
2026-09-11,4974,0.2402464065708419,-4.900658209592301,11.142060807759457,0.0533880903490759,0.5970225872689938
2026-09-11,4976,0.2402464065708419,-14.047622680664062,16.34349522232923,-0.11652977412731,0.24820328542094455
2026-09-11,4977,0.2402464065708419,-7.651715039577834,29.555437360491073,-0.2251026694045174,0.14322381930184805
2026-09-11,4979,0.2402464065708419,-19.30091185410334,30.69679849340866,-0.6208932238193018,0.013347022587268994
2026-09-11,4989,0.2402464065708419,-16.178520178312894,21.464223026122617,0.1496406570841889,0.771047227926078
2026-09-11,4991,0.2402464065708419,-19.91071428571428,31.549609810479375,-0.2797741273100615,0.10780287474332649
2026-09-11,4994,0.2402464065708419,-4.827582699128952,8.816428481523873,0.3021047227926078,0.9229979466119097
2026-09-11,4995,0.2402464065708419,-3.256706394813702,10.099014433303685,0.0237422997946611,0.5215605749486653
2026-09-11,4999,0.2402464065708419,-6.476684193850668,7.479216239240916,0.0338809034907597,0.5467145790554415
2026-09-11,5007,0.2402464065708419,-1.4134262519924334,1.9713234572779537,-0.0576232032854209,0.330082135523614
2026-09-11,5009,0.2402464065708419,-8.873243734870162,10.046368325488146,-0.1234599589322382,0.23870636550308008
2026-09-11,5011,0.2402464065708419,-7.575757867668919,13.93442264137571,0.1416837782340863,0.7594969199178645
2026-09-11,5013,0.2402464065708419,-2.2950844686539407,16.77852391949657,-0.0550564681724845,0.3347022587268994
2026-09-11,5014,0.2402464065708419,-6.350711508823926,7.388668901366217,0.0859856262833675,0.6647843942505134
2026-09-11,5015,0.2402464065708419,-2.455353778691871,6.40732079674272,0.0546714579055441,0.6021560574948666
2026-09-11,5016,0.2402464065708419,-3.5502942997513776,4.90797842738057,-0.0844455852156056,0.290041067761807
2026-09-11,5201,0.2402464065708419,-0.6633461297555043,16.694490392758418,0.0603182751540041,0.6160164271047228
2026-09-11,5202,0.2402464065708419,-5.241932568763364,6.808504145196113,0.4323665297741272,0.9779260780287474
2026-09-11,5203,0.2402464065708419,-8.823531795033823,10.931903892871269,0.0564681724845995,0.6062628336755647
2026-09-11,5205,0.2402464065708419,-9.360727272917291,17.380346545541865,0.2256160164271047,0.8657597535934292
2026-09-11,5206,0.2402464065708419,-7.613162683970842,10.895140347720265,-0.4666324435318276,0.039527720739219716
2026-09-11,5209,0.2402464065708419,-2.8169014084507005,14.782608695652174,0.1753080082135524,0.8069815195071869
2026-09-11,5210,0.2402464065708419,-5.166664123535158,7.205621026664398,-0.098305954825462,0.273870636550308
2026-09-11,5211,0.2402464065708419,-6.993006744277819,12.280705108998038,0.0934291581108829,0.6781314168377823
2026-09-11,5212,0.2402464065708419,-0.4237304231073047,2.34043040174119,0.0832905544147843,0.6617043121149897
2026-09-11,5213,0.2402464065708419,-4.387985553485718,5.314011308826269,0.0420944558521559,0.5682751540041068
2026-09-11,5215,0.2402464065708419,-6.56136248559176,8.842656588855112,0.3100616016427104,0.9271047227926078
2026-09-11,5220,0.2402464065708419,-3.1941012596842455,6.091374195258661,0.2117556468172484,0.8534394250513347
2026-09-11,5222,0.2402464065708419,-9.723852436615232,11.256667942676742,0.1540041067761807,0.7764373716632443
2026-09-11,5223,0.2402464065708419,-10.41257935731721,12.061403912373724,0.0400410677618069,0.5646817248459959
2026-09-11,5225,0.2402464065708419,-14.516129032258062,17.35849200554614,0.0007700205338809,0.45328542094455854
2026-09-11,5227,0.2402464065708419,-17.48251748251748,22.88135593220339,0.3121149897330595,0.9286447638603696
2026-09-11,5228,0.2402464065708419,-11.66666666666667,14.842771134286556,0.1108829568788501,0.7176591375770021
2026-09-11,5230,0.2402464065708419,-5.370840296863455,12.972970910974452,0.2795174537987679,0.9083675564681725
2026-09-11,5234,0.2402464065708419,-11.963190184049076,16.72473867595819,0.2864476386036961,0.9117043121149897
2026-09-11,5236,0.2402464065708419,-8.391608391608397,9.541984732824428,0.0279774127310061,0.5323408624229979
2026-09-11,5243,0.2402464065708419,-9.035534544039503,13.950893094725153,0.176334702258727,0.8085215605749486
2026-09-11,5244,0.2402464065708419,-6.758622794315727,10.502956559738893,-0.2879876796714579,0.1034394250513347
2026-09-11,5245,0.2402464065708419,-9.690723222555576,11.18721829048084,0.021688911704312,0.5138603696098563
2026-09-11,5251,0.2402464065708419,-4.2671669511057715,9.302331770736687,0.1586242299794661,0.7859342915811088
2026-09-11,5258,0.2402464065708419,-13.835204151880676,16.056678386690155,-0.084958932238193,0.28850102669404515
2026-09-11,5263,0.2402464065708419,-12.264150943396224,20.64515800886257,-0.5097535934291582,0.026694045174537988
2026-09-11,5269,0.2402464065708419,-12.040133779264217,13.688212927756654,-0.290041067761807,0.10215605749486653
2026-09-11,5272,0.2402464065708419,-5.307256289588802,7.964603661974176,0.4440451745379876,0.9804928131416838
2026-09-11,5274,0.2402464065708419,-9.64890123768628,29.046687168017893,0.1578542094455851,0.7828542094455853
2026-09-11,5278,0.2402464065708419,-4.4000015258789045,5.43932743853529,-0.0521047227926078,0.33906570841889117
2026-09-11,5283,0.2402464065708419,-3.454548228870735,13.312553888886413,0.228182751540041,0.8675564681724846
2026-09-11,5284,0.2402464065708419,-17.931034482758623,25.059722131039912,-0.3013347022587269,0.09753593429158111
2026-09-11,5285,0.2402464065708419,-8.637876841805891,19.272729122277447,-0.2102156057494867,0.15143737166324436
2026-09-11,5287,0.2402464065708419,-5.67301436820763,6.754941587094907,0.409394250513347,0.971252566735113
2026-09-11,5288,0.2402464065708419,-7.908163265306123,9.97229916897507,-0.1611909650924024,0.19532854209445585
2026-09-11,5289,0.2402464065708419,-20.43371807799921,29.92848282154923,0.0770020533880903,0.6545174537987679
2026-09-11,5291,0.2402464065708419,-18.71584360574372,32.26890243402048,-0.6388603696098563,0.011293634496919919
2026-09-11,5292,0.2402464065708419,-9.958506224066388,24.193548387096776,-0.3212268993839836,0.08675564681724846
2026-09-11,5299,0.2402464065708419,-12.571425664992574,14.48802027191559,0.007700205338809,0.47869609856262835
2026-09-11,5301,0.2402464065708419,-13.247175510198415,22.53258964494367,0.2502566735112936,0.8891170431211499
2026-09-11,5302,0.2402464065708419,-12.036198196821978,15.432098341479955,0.0446611909650924,0.5741786447638604
2026-09-11,5306,0.2402464065708419,-9.601635729693124,12.429378531073446,-0.3100616016427105,0.09137577002053388
2026-09-11,5309,0.2402464065708419,-11.497321076073774,13.79657253494885,0.0749486652977412,0.6498973305954825
2026-09-11,5312,0.2402464065708419,-3.232758514379342,4.677065072276176,-0.1188398357289527,0.24486652977412732
2026-09-11,5314,0.2402464065708419,-9.935892707236082,68.8018954926842,-0.0041067761806981,0.44378850102669404
2026-09-11,5315,0.2402464065708419,-8.354428448254547,9.66850808352248,0.0274640657084189,0.5292607802874744
2026-09-11,5321,0.2402464065708419,-14.30192814114778,34.30463273004191,-0.8367556468172485,0.003080082135523614
2026-09-11,5324,0.2402464065708419,0.0,2.032520293685164,0.0310574948665298,0.5377310061601642
2026-09-11,5328,0.2402464065708419,-16.17210872271827,19.82301019989284,-0.3017197125256673,0.09702258726899383
2026-09-11,5340,0.2402464065708419,-3.2657673718644142,16.64726751774234,0.1370636550308008,0.7505133470225873
2026-09-11,5344,0.2402464065708419,-3.91459205173218,6.666670905219198,0.2086755646817247,0.8475359342915811
2026-09-11,5345,0.2402464065708419,-4.545459424543841,13.8322052151498,0.3929671457905545,0.9650924024640657
2026-09-11,5347,0.2402464065708419,-3.3742331288343586,10.476190476190476,0.441735112936345,0.9794661190965093
2026-09-11,5348,0.2402464065708419,-2.949852374598305,10.334350663189149,-0.036447638603696,0.3726899383983573
2026-09-11,5351,0.2402464065708419,-23.04964539007093,31.797235023041477,-0.201488706365503,0.15811088295687886
2026-09-11,5353,0.2402464065708419,-4.152245229862905,5.956677159149579,0.1817248459958932,0.8193018480492813
2026-09-11,5355,0.2402464065708419,-1.8333355585734012,14.091679839057337,0.0138603696098562,0.49306981519507187
2026-09-11,5356,0.2402464065708419,-2.631581777822422,3.6679566676895656,0.1176848049281314,0.7258726899383984
2026-09-11,5364,0.2402464065708419,-4.337900736441225,5.608594995349415,0.1658110882956878,0.7951745379876797
2026-09-11,5381,0.2402464065708419,-17.68953570728685,21.92982529522495,-0.2073921971252566,0.1540041067761807
2026-09-11,5386,0.2402464065708419,-6.194690265486724,36.477987421383645,0.2736139630390144,0.9034907597535934
2026-09-11,5388,0.2402464065708419,-11.26238336610762,15.062766403677772,-0.0228439425051334,0.4009240246406571
2026-09-11,5392,0.2402464065708419,-16.24999841054281,19.776120925521457,-0.2317761806981519,0.138347022587269
2026-09-11,5398,0.2402464065708419,-10.9375,14.38596625077097,0.1632443531827515,0.7920944558521561
2026-09-11,5403,0.2402464065708419,-1.7989385695684643,4.094830740079184,-0.0510780287474331,0.3413757700205339
2026-09-11,5410,0.2402464065708419,-12.16216216216216,15.076927771935097,-0.0577515400410677,0.32931211498973306
2026-09-11,5425,0.2402464065708419,-17.607656962563546,24.62252883153561,-0.3041581108829569,0.0959958932238193
2026-09-11,5426,0.2402464065708419,-13.070864940252823,18.659418649819713,0.0189938398357288,0.5107802874743327
2026-09-11,5432,0.2402464065708419,-12.352941176470589,21.812080536912752,-0.3780800821355236,0.060574948665297744
2026-09-11,5434,0.2402464065708419,-7.054673721340388,11.57495256166983,-0.2294661190965091,0.1406570841889117
2026-09-11,5438,0.2402464065708419,-5.14285496303013,7.2289200925500685,0.2982546201232032,0.919917864476386
2026-09-11,5439,0.2402464065708419,-11.051693404634577,19.03807615230461,-0.1665811088295687,0.1904517453798768
2026-09-11,5443,0.2402464065708419,-14.22764227642277,22.748815165876778,-0.4645790554414784,0.04055441478439425
2026-09-11,5450,0.2402464065708419,-9.148269577549383,11.458337610518615,-0.1578542094455851,0.19815195071868583
2026-09-11,5452,0.2402464065708419,-8.112878707093484,8.829179315817552,-0.0364476386036961,0.37166324435318276
2026-09-11,5457,0.2402464065708419,-10.10453466476454,11.434111822382958,-0.0272073921971252,0.3906570841889117
2026-09-11,5460,0.2402464065708419,-3.651683406687678,13.41107456687893,0.057494866529774,0.6095995893223819
2026-09-11,5464,0.2402464065708419,-2.0879137647020984,27.721658104647723,0.039271047227926,0.561088295687885
2026-09-11,5465,0.2402464065708419,-3.00601193212805,4.132231274684204,0.2191991786447638,0.8608829568788501
2026-09-11,5468,0.2402464065708419,-14.886732809896785,26.235740755487036,0.7220225872689938,0.9989733059548255
2026-09-11,5469,0.2402464065708419,-4.617414062120984,8.29875483643444,0.2666837782340863,0.9004106776180698
2026-09-11,5471,0.2402464065708419,-18.64138922477576,22.912619877787467,-0.1722279260780287,0.18480492813141683
2026-09-11,5474,0.2402464065708419,-9.638554216867467,13.333333333333334,0.4594455852156057,0.9830595482546202
2026-09-11,5475,0.2402464065708419,-18.6046511627907,33.714285714285715,-0.3624229979466119,0.0662217659137577
2026-09-11,5478,0.2402464065708419,-2.7108403510103685,2.9927775853588545,0.1316735112936344,0.7453798767967146
2026-09-11,5481,0.2402464065708419,-3.669721399350001,16.666666666666664,0.1837782340862421,0.8234086242299795
2026-09-11,5483,0.2402464065708419,-9.743589743589745,13.352272727272728,-0.1373203285420944,0.21894250513347022
2026-09-11,5484,0.2402464065708419,-8.39080810546875,12.04516793188262,0.3457392197125256,0.9476386036960985
2026-09-11,5487,0.2402464065708419,-5.448720260798135,10.847460213354076,0.0537731006160164,0.5985626283367557
2026-09-11,5488,0.2402464065708419,-8.949420529690755,11.965817051517746,0.0231006160164271,0.5202772073921971
2026-09-11,5489,0.2402464065708419,-11.28149256021247,13.209882194613233,0.1489989733059549,0.7700205338809035
2026-09-11,5490,0.2402464065708419,-19.52380831279452,24.26035315970166,-0.0033367556468172,0.44609856262833675
2026-09-11,5493,0.2402464065708419,-7.150839693719446,15.042118206407352,-0.2317761806981519,0.138347022587269
2026-09-11,5498,0.2402464065708419,-17.455140124162483,25.88932582838114,-0.1824948665297741,0.17453798767967146
2026-09-11,5508,0.2402464065708419,-4.684681935353319,7.183363189888701,0.0263090349075975,0.526694045174538
2026-09-11,5511,0.2402464065708419,-5.585828867694975,6.349208271452304,-0.1197381930184805,0.24281314168377824
2026-09-11,5512,0.2402464065708419,-2.2727311040634524,2.971576561691025,0.0501796714579055,0.5857289527720739
2026-09-11,5514,0.2402464065708419,-0.3289486273834519,7.590756749087212,-0.0179671457905543,0.4086242299794661
2026-09-11,5515,0.2402464065708419,-11.613480274025124,14.744237740817598,-0.6137063655030801,0.014373716632443531
2026-09-11,5516,0.2402464065708419,-5.241932568763364,8.51063829787234,-0.1487422997946612,0.20841889117043122
2026-09-11,5519,0.2402464065708419,-8.170512498147708,9.090910432459015,-0.0236139630390143,0.39861396303901436
2026-09-11,5520,0.2402464065708419,-2.3809523809523836,2.4390243902439024,-0.0492813141683778,0.3444558521560575
2026-09-11,5521,0.2402464065708419,-7.111112806532116,8.612436698154937,-0.0436344969199178,0.3557494866529774
2026-09-11,5522,0.2402464065708419,-3.0959753053263706,5.111816335850343,0.0957392197125256,0.6827515400410678
2026-09-11,5523,0.2402464065708419,0.0,0.494232674283115,0.0508213552361396,0.5880390143737166
2026-09-11,5525,0.2402464065708419,-3.728063607736676,5.466964983513383,-0.0345225872689938,0.3757700205338809
2026-09-11,5529,0.2402464065708419,-7.930371814921521,21.638654553025656,-0.2384496919917864,0.13116016427104724
2026-09-11,5530,0.2402464065708419,-4.16666235418578,5.8645048866309795,-0.1034394250513346,0.2648870636550308
2026-09-11,5531,0.2402464065708419,-5.913275666323525,6.843579027902166,0.1188398357289527,0.728952772073922
2026-09-11,5533,0.2402464065708419,-0.7142884390694881,2.5179884250006617,0.0024383983572895,0.45944558521560575
2026-09-11,5534,0.2402464065708419,-9.42472121892516,10.945943883947423,0.1296201232032854,0.7440965092402464
2026-09-11,5536,0.2402464065708419,-10.779082177161149,16.028708133971293,0.3277720739219713,0.9383983572895277
2026-09-11,5538,0.2402464065708419,-7.87096577305948,13.165267962174871,-0.5130903490759753,0.025154004106776182
2026-09-11,5543,0.2402464065708419,-5.132453990899544,23.385692328617065,-0.1768480492813142,0.1806981519507187
2026-09-11,5546,0.2402464065708419,-6.730770288839838,15.807561241129449,0.0180954825462013,0.5087268993839835
2026-09-11,5547,0.2402464065708419,-2.205876784341043,4.260653378263263,0.0811088295687885,0.6583675564681725
2026-09-11,5548,0.2402464065708419,-2.8776996186674952,3.2098746594087575,0.0343942505133469,0.5485112936344969
2026-09-11,5601,0.2402464065708419,-0.1610281426379867,4.9999975389049895,0.1858316221765914,0.8254620123203286
2026-09-11,5603,0.2402464065708419,-14.999997615814198,18.01470397459187,-0.0313141683778234,0.38424024640657084
2026-09-11,5604,0.2402464065708419,-2.6645780302015254,4.508855564992308,-0.0161704312114989,0.41196098562628336
2026-09-11,5607,0.2402464065708419,-9.24657771367693,13.773590663693986,-0.3085215605749486,0.09188911704312115
2026-09-11,5608,0.2402464065708419,-14.102564102564108,32.23880369271804,-0.3515143737166324,0.07084188911704312
2026-09-11,5609,0.2402464065708419,-2.3543915344915733,4.949230641428734,0.0482546201232032,0.5816221765913757
2026-09-11,5701,0.2402464065708419,-8.31460452624565,14.460782480441496,0.0107802874743326,0.4889630390143737
2026-09-11,5703,0.2402464065708419,-10.967740704936368,15.942027383029949,0.0559548254620123,0.6057494866529775
2026-09-11,5704,0.2402464065708419,-4.000003212376646,9.429823203833838,-0.4324948665297741,0.048254620123203286
2026-09-11,5706,0.2402464065708419,-3.5908628911486273,4.627537860871014,0.2215092402464065,0.8629363449691991
2026-09-11,5864,0.2402464065708419,-8.638741285738693,16.762183475781484,-0.1709445585215606,0.18583162217659138
2026-09-11,5871,0.2402464065708419,-5.106382978723401,8.071748878923767,-0.0234856262833674,0.3993839835728953
2026-09-11,5876,0.2402464065708419,-0.2051250751201938,14.080160861818888,0.0215605749486653,0.5133470225872689
2026-09-11,5878,0.2402464065708419,-2.056563034388559,2.230977225355302,-0.0066735112936344,0.43018480492813144
2026-09-11,5880,0.2402464065708419,0.0,11.213239186981449,-0.0061601642710471,0.43403490759753593
2026-09-11,5902,0.2402464065708419,-1.704551919925168,4.913297219394275,0.1010010266940452,0.6955852156057495
2026-09-11,5903,0.2402464065708419,-1.3404825737265424,1.358695652173913,0.0082135523613964,0.48408624229979463
2026-09-11,5904,0.2402464065708419,-12.363632664535984,17.289072575905085,0.0749486652977412,0.6498973305954825
2026-09-11,5905,0.2402464065708419,-7.4534207112230355,8.993289844929992,0.0667351129363449,0.6296201232032854
2026-09-11,5906,0.2402464065708419,-9.245740579414486,19.571043931302313,0.3087782340862423,0.9265913757700205
2026-09-11,5907,0.2402464065708419,-7.279686836727017,9.090900134539009,-0.0148870636550307,0.41478439425051333
2026-09-11,6005,0.2402464065708419,-5.1204841080519925,10.317460317460316,-0.0600616016427104,0.32623203285420943
2026-09-11,6015,0.2402464065708419,-6.868131580221504,17.109147148508296,0.2109856262833674,0.8521560574948666
2026-09-11,6016,0.2402464065708419,-4.710922327618771,19.55056351222349,0.1563141683778235,0.7818275154004107
2026-09-11,6020,0.2402464065708419,-5.140188790084066,5.418721294636892,0.0228439425051334,0.5184804928131417
2026-09-11,6021,0.2402464065708419,-0.6920397868978911,17.537745344629325,0.0616016427104723,0.6201232032854209
2026-09-11,6023,0.2402464065708419,-2.6376095216246953,7.06713768217201,0.0164271047227926,0.5007700205338809
2026-09-11,6024,0.2402464065708419,-4.858931835723823,6.095553074850204,-0.3295687885010266,0.08008213552361396
2026-09-11,6026,0.2402464065708419,-2.2653684926618456,6.95364347158159,0.1389887063655031,0.75564681724846
2026-09-11,6028,0.2402464065708419,-4.300003051757795,9.508880631461963,-0.0816221765913757,0.2936344969199179
2026-09-11,6101,0.2402464065708419,-5.541563528112537,11.466664632161455,-0.0328542094455852,0.37936344969199176
2026-09-11,6103,0.2402464065708419,-35.53191651689246,70.46204923779703,-0.5929158110882957,0.016940451745379878
2026-09-11,6104,0.2402464065708419,-11.74757133409815,15.071503540450268,-0.3252053388090349,0.08470225872689939
2026-09-11,6108,0.2402464065708419,-16.7293259365494,21.218965435139424,-0.6211498973305954,0.012833675564681724
2026-09-11,6109,0.2402464065708419,-6.578947588567486,8.450700946170306,0.0539014373716632,0.5993326488706365
2026-09-11,6111,0.2402464065708419,-10.026047228731828,11.722150915168529,-0.0469712525667351,0.34856262833675566
2026-09-11,6112,0.2402464065708419,-1.8123715589845713,7.926170654399107,0.1606776180698153,0.787217659137577
2026-09-11,6113,0.2402464065708419,-10.65573943491044,12.38531628478571,0.1042094455852156,0.7032854209445585
2026-09-11,6114,0.2402464065708419,-14.65201506148719,17.596560550953633,0.0146303901437371,0.49589322381930184
2026-09-11,6115,0.2402464065708419,-2.879297913229706,3.7628314328281807,0.2032854209445584,0.8403490759753593
2026-09-11,6116,0.2402464065708419,-6.930688207914326,12.76595169051278,0.2002053388090348,0.8357289527720739
2026-09-11,6117,0.2402464065708419,-8.23353826860721,11.419255957290824,0.0682751540041067,0.6332135523613963
2026-09-11,6118,0.2402464065708419,-5.974841711052504,6.688963296041371,0.1493839835728952,0.7705338809034907
2026-09-11,6120,0.2402464065708419,-8.429121573888532,9.623435904266437,0.1003593429158111,0.6930184804928131
2026-09-11,6121,0.2402464065708419,-9.404761904761903,12.746386333771351,-0.0734086242299794,0.30390143737166325
2026-09-11,6122,0.2402464065708419,-3.2380966913132414,11.811023799431023,-0.1273100616016427,0.2335728952772074
2026-09-11,6123,0.2402464065708419,-3.1890694241858086,3.5294117647058822,-0.1492556468172484,0.20790554414784393
2026-09-11,6124,0.2402464065708419,-3.963965338629649,7.879926497295537,0.1162731006160164,0.7238193018480493
2026-09-11,6125,0.2402464065708419,-14.762743937816014,17.525773195876287,0.0381160164271046,0.5569815195071869
2026-09-11,6126,0.2402464065708419,-4.918032786885251,6.2068939208984375,0.3255903490759753,0.936858316221766
2026-09-11,6127,0.2402464065708419,-12.89134456418629,17.230439413614082,0.1709445585215605,0.8013347022587269
2026-09-11,6128,0.2402464065708419,-8.292686648485137,9.308511016054805,-0.0944558521560574,0.2777207392197125
2026-09-11,6130,0.2402464065708419,-17.728054229895328,21.966527547262142,-0.2733572895277207,0.11242299794661191
2026-09-11,6133,0.2402464065708419,-6.547624904462268,14.43737425064684,-0.0649383983572895,0.31955852156057496
2026-09-11,6134,0.2402464065708419,-5.999997456868488,8.510636714891023,0.0595482546201232,0.6147330595482546
2026-09-11,6136,0.2402464065708419,-1.7892598903232804,4.453442702399413,0.0074435318275153,0.4771560574948665
2026-09-11,6138,0.2402464065708419,-14.653784219001608,17.169811320754715,-0.0282340862422997,0.3896303901437372
2026-09-11,6139,0.2402464065708419,-13.112745098039213,15.937940761636108,0.0136036960985626,0.4917864476386037
2026-09-11,6140,0.2402464065708419,-6.741566893398277,10.843368648773362,0.1732546201232033,0.8056981519507187
2026-09-11,6141,0.2402464065708419,-14.858098996932068,49.01960784313725,-0.7779774127310062,0.006160164271047228
2026-09-11,6142,0.2402464065708419,-5.750798105529597,10.169497552667066,0.3642197125256673,0.952258726899384
2026-09-11,6143,0.2402464065708419,-12.540538890941722,14.462295089697252,-0.1768480492813141,0.18121149897330596
2026-09-11,6144,0.2402464065708419,-8.680555785511757,12.927755578559765,0.297741273100616,0.9188911704312115
2026-09-11,6146,0.2402464065708419,-8.905852417302796,9.776536312849162,-0.0017967145790553,0.4486652977412731
2026-09-11,6147,0.2402464065708419,-10.83743842364532,28.176795580110497,0.1447638603696098,0.7633470225872689
2026-09-11,6148,0.2402464065708419,0.0,13.22580768216041,0.2568018480492813,0.8947638603696099
2026-09-11,6150,0.2402464065708419,-5.60606176202948,12.841091650031707,0.1629876796714578,0.7910677618069816
2026-09-11,6151,0.2402464065708419,-10.182761850835377,11.773253073880705,0.1119096509240246,0.7181724845995893
2026-09-11,6152,0.2402464065708419,-2.597400184666021,13.999996185302724,0.1044661190965092,0.7040554414784395
2026-09-11,6153,0.2402464065708419,-5.978263066711909,13.294793864114304,0.0680184804928131,0.6319301848049281
2026-09-11,6154,0.2402464065708419,-2.112677427918852,3.597122400877216,-0.0682751540041066,0.3141683778234086
2026-09-11,6155,0.2402464065708419,-11.942675304323858,16.455693670285847,0.3385523613963039,0.9440451745379876
2026-09-11,6156,0.2402464065708419,-6.620999455926613,10.51344517515429,0.1786447638603696,0.8123716632443532
2026-09-11,6158,0.2402464065708419,-6.811988959206127,12.865501250651818,-0.031570841889117,0.3834702258726899
2026-09-11,6160,0.2402464065708419,-13.690472270896192,22.758615428003772,-0.0886806981519507,0.28439425051334705
2026-09-11,6161,0.2402464065708419,-10.18868212429982,11.554622219137697,-0.1346252566735112,0.22176591375770022
2026-09-11,6163,0.2402464065708419,-17.521369437215583,21.243526132357353,-0.0441478439425051,0.3547227926078029
2026-09-11,6164,0.2402464065708419,-13.461538461538458,16.88888549804686,-0.1062628336755646,0.260523613963039
2026-09-11,6165,0.2402464065708419,-8.236434352089173,10.454059361686324,-0.0934291581108828,0.2792607802874743
2026-09-11,6166,0.2402464065708419,-17.279411764705888,23.11111111111111,0.1814681724845996,0.8187885010266941
2026-09-11,6167,0.2402464065708419,-11.061946715938154,12.43781070922148,0.0490246406570842,0.5834188911704312
2026-09-11,6168,0.2402464065708419,-4.227639795318849,24.61799596665398,-0.0467145790554415,0.34933264887063653
2026-09-11,6169,0.2402464065708419,-6.976741435228129,7.499996821085597,0.2367813141683778,0.8773100616016427
2026-09-11,6170,0.2402464065708419,-2.235776975123449,4.36590926286247,0.0179671457905544,0.5079568788501027
2026-09-11,6171,0.2402464065708419,-3.8888860631872135,15.028899822230702,-0.2769507186858317,0.10934291581108829
2026-09-11,6173,0.2402464065708419,-9.657320872274145,45.3448275862069,0.2523100616016427,0.8909137577002053
2026-09-11,6174,0.2402464065708419,-14.904861206713772,17.51552605480881,-0.0654517453798768,0.3182751540041068
2026-09-11,6175,0.2402464065708419,-13.016271999081797,15.683455432919288,0.1542607802874743,0.7777207392197125
2026-09-11,6176,0.2402464065708419,-17.988929636079998,23.05961715201143,0.266170431211499,0.8993839835728953
2026-09-11,6177,0.2402464065708419,-5.566598965269042,9.052629972759046,-0.0510780287474332,0.34060574948665295
2026-09-11,6179,0.2402464065708419,-9.493670886075943,36.64335771040483,0.0077002053388091,0.4794661190965092
2026-09-11,6180,0.2402464065708419,-5.7273766611848025,7.897934093528772,0.1160164271047227,0.7227926078028748
2026-09-11,6182,0.2402464065708419,-20.22900763358778,26.31578947368421,-0.0662217659137577,0.316735112936345
2026-09-11,6183,0.2402464065708419,-4.000003212376635,5.372808870443004,0.1183264887063655,0.7274127310061602
2026-09-11,6184,0.2402464065708419,-4.982211655506152,6.991268676896278,0.259881930184805,0.8963039014373717
2026-09-11,6185,0.2402464065708419,-6.273065457600024,8.267718161451057,0.4286447638603696,0.9763860369609856
2026-09-11,6186,0.2402464065708419,-10.432190997291514,12.47920164794926,0.1244866529774127,0.7366529774127311
2026-09-11,6187,0.2402464065708419,-14.089347079037806,24.4,-0.4427618069815194,0.04671457905544148
2026-09-11,6188,0.2402464065708419,-13.296397340574709,15.495203170415694,0.0015400410677617,0.4561088295687885
2026-09-11,6189,0.2402464065708419,-6.338031141898526,7.9484443041488095,0.0754620123203285,0.6509240246406571
2026-09-11,6190,0.2402464065708419,-8.743161425279355,13.772449892126309,-0.0256673511293634,0.3952772073921971
2026-09-11,6191,0.2402464065708419,-5.293438887629032,9.356019796006873,0.2954312114989733,0.9183778234086243
2026-09-11,6192,0.2402464065708419,-5.932203389830503,6.756756756756757,-0.2063655030800821,0.1547741273100616
2026-09-11,6194,0.2402464065708419,-0.498337596774967,2.3372312023632524,0.2161190965092402,0.8583162217659137
2026-09-11,6196,0.2402464065708419,-5.018587360594795,14.77495107632094,0.2066221765913757,0.8436858316221766
2026-09-11,6197,0.2402464065708419,-10.04497751124438,16.5,-0.0714835728952771,0.3080082135523614
2026-09-11,6198,0.2402464065708419,-3.960401555414428,4.381445351461929,0.121534907597536,0.7335728952772074
2026-09-11,6199,0.2402464065708419,-1.402807097263148,10.162601468425809,0.2813141683778235,0.910164271047228
2026-09-11,6201,0.2402464065708419,-2.91261816302939,5.222218831380208,0.2630903490759754,0.898870636550308
2026-09-11,6202,0.2402464065708419,-9.803921446408523,11.956525720284978,-0.0297741273100616,0.3870636550308008
2026-09-11,6203,0.2402464065708419,-1.8032761870837577,2.5041735589137626,0.1635010266940451,0.7931211498973306
2026-09-11,6204,0.2402464065708419,-6.526312577097038,20.495491354470076,0.0608316221765913,0.6178131416837782
2026-09-11,6205,0.2402464065708419,-13.904491763361026,19.90211598708529,-0.1783880903490759,0.17761806981519507
2026-09-11,6206,0.2402464065708419,-7.692307692307687,12.318840579710146,0.0861139630390142,0.6652977412731006
2026-09-11,6207,0.2402464065708419,-8.943089430894313,23.92857415335518,0.3811601642710472,0.9594455852156057
2026-09-11,6208,0.2402464065708419,-11.017960417056516,14.131897131532606,0.2982546201232033,0.9204312114989733
2026-09-11,6209,0.2402464065708419,-9.6045197740113,28.625001907348636,0.1080595482546201,0.7102156057494866
2026-09-11,6210,0.2402464065708419,-1.381215440503214,7.002800970792348,0.2135523613963039,0.8544661190965093
2026-09-11,6213,0.2402464065708419,-15.02504173622704,26.129666011787815,-0.6409137577002053,0.010780287474332649
2026-09-11,6214,0.2402464065708419,-1.049868766404205,9.283819628647215,-0.0541581108829568,0.33675564681724846
2026-09-11,6215,0.2402464065708419,-10.727275501598,16.802444514022312,0.3252053388090349,0.9355749486652978
2026-09-11,6216,0.2402464065708419,-12.389385385608076,14.64646328421172,0.1095995893223819,0.715605749486653
2026-09-11,6217,0.2402464065708419,-21.615201900237537,42.12121212121212,-0.11652977412731,0.24820328542094455
2026-09-11,6218,0.2402464065708419,-8.367343824736928,29.95545725134844,-0.0138603696098562,0.41683778234086244
2026-09-11,6219,0.2402464065708419,-8.46154139592099,9.663862650378002,-0.1238449691991786,0.23767967145790556
2026-09-11,6220,0.2402464065708419,-4.307121696697291,6.457931800974621,0.2795174537987679,0.9083675564681725
2026-09-11,6221,0.2402464065708419,-0.6396653347490289,10.515025077951622,0.2312628336755646,0.8716632443531828
2026-09-11,6222,0.2402464065708419,-7.055955763617961,7.591616893356545,-0.1288501026694045,0.23100616016427106
2026-09-11,6223,0.2402464065708419,-7.26072607260726,23.665480427046266,0.7553901437371664,1.0
2026-09-11,6224,0.2402464065708419,-5.711209997268862,34.51429094587052,0.0450462012320329,0.5754620123203286
2026-09-11,6225,0.2402464065708419,-6.374998092651363,64.13254142460656,-0.0043634496919917,0.4430184804928131
2026-09-11,6226,0.2402464065708419,-18.032783467976863,59.66665903727214,-0.9514887063655032,0.000513347022587269
2026-09-11,6227,0.2402464065708419,0.0,15.294117647058824,0.1555441478439425,0.778747433264887
2026-09-11,6229,0.2402464065708419,-5.4655884201238685,8.993577503905572,0.2007186858316221,0.8362422997946611
2026-09-11,6230,0.2402464065708419,-7.826086956521738,9.90566037735849,0.0343942505133469,0.5485112936344969
2026-09-11,6231,0.2402464065708419,-14.197530864197528,17.985611510791365,0.2166324435318274,0.8593429158110883
2026-09-11,6233,0.2402464065708419,-10.290832685247286,11.720700602950505,0.0082135523613962,0.48228952772073924
2026-09-11,6234,0.2402464065708419,-11.50793270349114,14.349773176623216,0.1706878850102669,0.8003080082135524
2026-09-11,6235,0.2402464065708419,-5.32837123292722,8.246067142065815,-0.0682751540041067,0.3133983572895277
2026-09-11,6237,0.2402464065708419,-13.446469487650292,16.892905630032608,-0.0500513347022587,0.3436858316221766
2026-09-11,6239,0.2402464065708419,-8.389261744966447,15.75091575091575,0.1276950718685831,0.7417864476386037
2026-09-11,6240,0.2402464065708419,-19.29203809890072,36.18421173712117,-0.5818788501026695,0.017967145790554414
2026-09-11,6241,0.2402464065708419,-20.09882047761875,28.691576639505655,-0.3834702258726899,0.058521560574948665
2026-09-11,6242,0.2402464065708419,-2.5788008210015145,3.8235383875229783,0.1949435318275153,0.8316221765913757
2026-09-11,6243,0.2402464065708419,-23.4927226518317,30.97825529219286,-0.3429158110882957,0.0728952772073922
2026-09-11,6244,0.2402464065708419,-17.56007443243156,21.748872825344503,0.052618069815195,0.5924024640657084
2026-09-11,6245,0.2402464065708419,-5.465112730514177,12.177123190974903,0.1583675564681724,0.784394250513347
2026-09-11,6246,0.2402464065708419,-8.273378777630992,14.901957792394288,0.2978696098562629,0.9194045174537988
2026-09-11,6248,0.2402464065708419,-9.189193313186228,11.011907532642343,0.2612936344969199,0.8968172484599589
2026-09-11,6257,0.2402464065708419,-7.236842105263152,17.96690307328605,-0.0223305954825462,0.40143737166324434
2026-09-11,6259,0.2402464065708419,-19.142859322684146,23.67491499492834,0.0069301848049281,0.476129363449692
2026-09-11,6261,0.2402464065708419,-11.24260355029586,13.200002034505207,0.0320841889117042,0.5405544147843943
2026-09-11,6263,0.2402464065708419,-12.034383954154729,14.332247557003258,-0.2761806981519507,0.11036960985626283
2026-09-11,6264,0.2402464065708419,-1.4729975551755592,3.4883727377462947,0.0387577002053387,0.5600616016427105
2026-09-11,6265,0.2402464065708419,-29.03929815786206,41.230766100761215,-0.1121663244353182,0.2551334702258727
2026-09-11,6266,0.2402464065708419,-2.3622062617355444,4.032258188563261,0.1457905544147844,0.7641170431211499
2026-09-11,6269,0.2402464065708419,-19.684087456775263,35.24962721577071,-0.2328028747433264,0.1375770020533881
2026-09-11,6270,0.2402464065708419,-8.333336969346473,9.26916382241652,0.1830082135523613,0.8223819301848049
2026-09-11,6271,0.2402464065708419,-10.569105691056912,25.681818181818183,-0.2084188911704312,0.15297741273100615
2026-09-11,6272,0.2402464065708419,-11.378208517949806,30.37975277312284,-0.1316735112936344,0.22741273100616016
2026-09-11,6274,0.2402464065708419,-19.469026548672563,29.304029304029307,0.3856519507186858,0.9609856262833676
2026-09-11,6275,0.2402464065708419,-7.668711417146723,12.8460749850327,-0.324435318275154,0.08521560574948665
2026-09-11,6276,0.2402464065708419,-7.656611029909888,15.326629625763813,-0.0823921971252566,0.29312114989733057
2026-09-11,6277,0.2402464065708419,-13.882613582613034,16.120570026739877,-0.2109856262833676,0.15092402464065707
2026-09-11,6278,0.2402464065708419,-11.190476190476195,22.5201072386059,-0.5261806981519507,0.023613963039014373
2026-09-11,6279,0.2402464065708419,-13.953488372093029,16.666666666666664,-0.1652977412731006,0.19250513347022588
2026-09-11,6281,0.2402464065708419,-0.9652509794677244,1.5594527270140877,0.0547997946611908,0.6026694045174538
2026-09-11,6282,0.2402464065708419,-10.84463124129611,12.631582516675804,0.2158624229979466,0.8578028747433265
2026-09-11,6283,0.2402464065708419,-7.766991999228168,8.42105463931435,0.0138603696098562,0.49306981519507187
2026-09-11,6284,0.2402464065708419,-8.595639957966284,12.317874731606995,-0.0377310061601642,0.36806981519507187
2026-09-11,6285,0.2402464065708419,-12.745098039215684,14.606741573033707,-0.1036960985626283,0.2643737166324435
2026-09-11,6290,0.2402464065708419,-9.154929577464788,31.007751937984494,-0.0092402464065709,0.4240246406570842
2026-09-11,6291,0.2402464065708419,-5.533596837944666,32.21757322175732,0.302618069815195,0.9237679671457906
2026-09-11,6292,0.2402464065708419,-2.6865717190415084,11.34969612307384,0.2564168377823408,0.8942505133470225
2026-09-11,6294,0.2402464065708419,-5.704694292329471,6.405691148130869,-0.1229466119096509,0.23921971252566734
2026-09-11,6405,0.2402464065708419,-14.777781168619796,20.860496266769,0.1008726899383983,0.694558521560575
2026-09-11,6409,0.2402464065708419,-20.645161290322577,27.75842044134727,-0.2512833675564682,0.12243326488706366
2026-09-11,6411,0.2402464065708419,-8.214287530808217,10.246435385508564,-0.0243839835728952,0.39758726899383984
2026-09-11,6412,0.2402464065708419,-8.33333886875629,10.58345098336378,-0.0023100616016427,0.44738193018480493
2026-09-11,6414,0.2402464065708419,-12.322274881516591,15.81081081081081,-0.1830082135523614,0.17376796714579054
2026-09-11,6415,0.2402464065708419,-17.91197543500512,23.316708229426432,0.0595482546201232,0.6147330595482546
2026-09-11,6416,0.2402464065708419,-1.7021276595744703,22.770565412777312,0.0051334702258727,0.4720225872689938
2026-09-11,6417,0.2402464065708419,-7.623318385650224,8.25242718446602,0.1246149897330595,0.7371663244353183
2026-09-11,6418,0.2402464065708419,-12.42078943248619,23.44428526869878,-0.3765400410677617,0.061601642710472276
2026-09-11,6419,0.2402464065708419,-17.213114754098356,24.422442244224424,0.0295174537987679,0.5349075975359343
2026-09-11,6423,0.2402464065708419,-8.42696629213483,16.80981220643213,-0.169917864476386,0.18737166324435317
2026-09-11,6425,0.2402464065708419,-12.320919645864947,22.22222568509188,-0.1763347022587269,0.18172484599589322
2026-09-11,6426,0.2402464065708419,-7.926829268292678,36.42384105960264,-0.0079568788501025,0.42684804928131415
2026-09-11,6431,0.2402464065708419,-10.539214013402864,12.054788249812717,-0.339835728952772,0.07546201232032854
2026-09-11,6432,0.2402464065708419,-26.06896762190194,35.634326525854036,0.0030800821355236,0.4622689938398357
2026-09-11,6435,0.2402464065708419,-17.051509769094142,21.199143468950748,0.0336242299794661,0.5462012320328542
2026-09-11,6438,0.2402464065708419,-11.377245508982035,18.24324324324324,-0.2879876796714579,0.1034394250513347
2026-09-11,6441,0.2402464065708419,-6.877324935704976,25.548901450909874,0.0731519507186858,0.6447638603696099
2026-09-11,6442,0.2402464065708419,-13.020833333333336,29.34131736526946,-0.0418377823408623,0.35831622176591377
2026-09-11,6443,0.2402464065708419,-19.44443966135554,24.13792366363513,0.0482546201232032,0.5816221765913757
2026-09-11,6446,0.2402464065708419,-22.188449848024316,28.515625,-0.2849075975359343,0.10472279260780287
2026-09-11,6449,0.2402464065708419,-12.5,21.19815668202765,-0.0128336755646817,0.4196611909650924
2026-09-11,6451,0.2402464065708419,-18.910891089108905,29.426129426129428,-0.1555441478439425,0.2002053388090349
2026-09-11,6456,0.2402464065708419,-18.19354641822076,23.65930542427074,-0.2661704312114989,0.11652977412731007
2026-09-11,6461,0.2402464065708419,-13.095239562667016,54.0117403097355,-0.6303901437371663,0.012320328542094456
2026-09-11,6462,0.2402464065708419,-6.601944710444463,7.276507507340317,-0.0834188911704311,0.29055441478439425
2026-09-11,6464,0.2402464065708419,-3.286976642574435,3.5294077754799833,-0.0231006160164271,0.4001540041067762
2026-09-11,6465,0.2402464065708419,-16.096579229764274,19.18465192717679,-0.0141170431211498,0.4163244353182752
2026-09-11,6469,0.2402464065708419,-7.552449686543927,8.320726364544944,0.1085728952772074,0.7132956878850103
2026-09-11,6470,0.2402464065708419,-1.4806412375537925,6.820811012576771,0.3498459958932237,0.9491786447638604
2026-09-11,6472,0.2402464065708419,-16.176470588235293,19.29824561403509,-0.3046714579055442,0.09496919917864477
2026-09-11,6474,0.2402464065708419,-13.316887331150252,15.789470828257018,-0.0423511293634497,0.35626283367556466
2026-09-11,6477,0.2402464065708419,-18.30302845348012,22.700300749820045,-0.2384496919917864,0.13116016427104724
2026-09-11,6482,0.2402464065708419,-17.465754274714374,23.029050027221267,0.2369096509240246,0.8780800821355236
2026-09-11,6485,0.2402464065708419,-7.441859282264418,11.725292982484278,0.0749486652977412,0.6498973305954825
2026-09-11,6486,0.2402464065708419,-13.066953211130649,24.22360248447205,-0.1244866529774126,0.23613963039014374
2026-09-11,6488,0.2402464065708419,-19.46428571428571,27.161862527716185,-0.0308008213552361,0.385523613963039
2026-09-11,6491,0.2402464065708419,-10.256410256410254,14.285714285714285,-0.4027207392197125,0.054414784394250515
2026-09-11,6492,0.2402464065708419,-13.402064085538887,16.220241102502055,0.4612422997946612,0.9840862422997947
2026-09-11,6494,0.2402464065708419,-14.051726768756732,16.349050702799644,-0.047741273100616,0.3467659137577002
2026-09-11,6498,0.2402464065708419,-18.633540372670808,22.900763358778622,-0.0243839835728952,0.39758726899383984
2026-09-11,6499,0.2402464065708419,-10.927571547146265,25.962906340092296,-0.4835728952772073,0.03490759753593429
2026-09-11,6504,0.2402464065708419,-7.788941039060293,10.899182334729804,-0.0854722792607803,0.28696098562628336
2026-09-11,6505,0.2402464065708419,-7.726269445798584,26.315789954003694,-0.0010266940451745,0.4491786447638604
2026-09-11,6506,0.2402464065708419,-3.4666646321614536,8.839780926788057,0.0297741273100616,0.5359342915811088
2026-09-11,6508,0.2402464065708419,-5.816132304868038,8.167327513564402,-0.2497433264887063,0.12422997946611909
2026-09-11,6509,0.2402464065708419,-5.357141426058898,7.436178758833818,-0.0564681724845995,0.3316221765913758
2026-09-11,6510,0.2402464065708419,-11.562897077509524,39.22413793103448,0.170687885010267,0.8008213552361396
2026-09-11,6512,0.2402464065708419,-3.3254103608631236,7.125301368107875,-0.0657084188911705,0.3177618069815195
2026-09-11,6515,0.2402464065708419,-16.585956416464885,34.39767779390421,0.2523100616016427,0.8909137577002053
2026-09-11,6516,0.2402464065708419,-4.377108117893924,5.633804235778114,-0.0065451745379876,0.4306981519507187
2026-09-11,6517,0.2402464065708419,-16.291389717960993,20.09493767346083,-0.3352156057494866,0.07854209445585215
2026-09-11,6523,0.2402464065708419,0.0,1.6574585635359116,0.2222792607802874,0.8634496919917864
2026-09-11,6525,0.2402464065708419,-21.20253164556962,26.90763052208835,-0.1547741273100616,0.20225872689938398
2026-09-11,6526,0.2402464065708419,-12.112676056338024,23.878205128205128,0.0535164271047228,0.5980492813141683
2026-09-11,6527,0.2402464065708419,-3.3163245197933677,5.804751119699157,0.0521047227926078,0.5900924024640657
2026-09-11,6530,0.2402464065708419,-11.619044712611624,28.98706965653421,-0.1912217659137577,0.1668377823408624
2026-09-11,6531,0.2402464065708419,-7.230046948356805,25.506072874493928,0.2171457905544147,0.8598562628336756
2026-09-11,6532,0.2402464065708419,-9.951693769814296,22.746778586286243,-0.2861909650924025,0.10420944558521561
2026-09-11,6533,0.2402464065708419,-15.558654047577614,19.070559265793012,-0.5577515400410678,0.02104722792607803
2026-09-11,6534,0.2402464065708419,-3.5106415444231875,3.9691274479043552,0.1794147843942504,0.8141683778234087
2026-09-11,6535,0.2402464065708419,-13.92693739811688,18.43501491323992,0.1883983572895277,0.8275154004106776
2026-09-11,6538,0.2402464065708419,-0.540540540540535,52.9891304347826,-0.0025667351129363,0.446611909650924
2026-09-11,6541,0.2402464065708419,-18.733514519703466,23.70130300401225,0.1267967145790554,0.7402464065708418
2026-09-11,6542,0.2402464065708419,-6.847829404084582,8.751458888066896,0.0315708418891169,0.5390143737166324
2026-09-11,6546,0.2402464065708419,-9.908536815841885,11.336712557067164,-0.0130903490759753,0.4188911704312115
2026-09-11,6547,0.2402464065708419,-18.559554401072432,37.244894549893935,-0.7777207392197125,0.006673511293634497
2026-09-11,6548,0.2402464065708419,-9.090909090909092,13.714283534458705,-0.0826488706365503,0.29209445585215604
2026-09-11,6550,0.2402464065708419,-23.307690253624543,30.39117002826492,0.063911704312115,0.622946611909651
2026-09-11,6552,0.2402464065708419,-9.864607763167063,12.231761694380523,0.0356776180698152,0.5513347022587269
2026-09-11,6556,0.2402464065708419,-1.6000000000000014,7.317073170731707,0.2369096509240246,0.8780800821355236
2026-09-11,6558,0.2402464065708419,-8.745244501070214,11.666663487752276,0.1187114989733059,0.7284394250513347
2026-09-11,6560,0.2402464065708419,-5.607474525307843,6.9306882079143515,0.1552874743326489,0.7782340862422998
2026-09-11,6561,0.2402464065708419,-3.669724770642202,4.1269841269841265,-0.0545431211498972,0.3362422997946612
2026-09-11,6568,0.2402464065708419,-7.66550522648084,14.716981132075473,0.1963552361396304,0.8326488706365504
2026-09-11,6569,0.2402464065708419,-4.241781410976786,5.869327655193947,0.1889117043121149,0.8282854209445585
2026-09-11,6570,0.2402464065708419,-16.344468896943777,20.79832320007591,-0.0748203285420944,0.3013347022587269
2026-09-11,6573,0.2402464065708419,-17.61657903074667,22.955972994341906,-0.4879363449691991,0.03234086242299795
2026-09-11,6574,0.2402464065708419,-5.882352941176472,12.5,0.1583675564681725,0.7854209445585215
2026-09-11,6576,0.2402464065708419,-2.8846081544659063,6.311879061259693,0.0431211498973305,0.5703285420944558
2026-09-11,6577,0.2402464065708419,-7.411768296185661,9.529860598257008,-0.2910677618069816,0.10164271047227925
2026-09-11,6578,0.2402464065708419,-5.135139259132182,6.837611482087115,-0.3071098562628336,0.09394250513347023
2026-09-11,6579,0.2402464065708419,-4.516129032258065,8.783783783783784,0.2882443531827515,0.9132443531827515
2026-09-11,6581,0.2402464065708419,-0.4464285714285698,4.484304932735426,0.0410677618069814,0.5657084188911704
2026-09-11,6582,0.2402464065708419,-6.249995742525183,8.412691146608383,-0.1804414784394249,0.17607802874743325
2026-09-11,6584,0.2402464065708419,-18.29971181556196,27.86596119929453,-0.3282854209445585,0.08136550308008214
2026-09-11,6585,0.2402464065708419,-14.166666666666671,17.96116504854369,-0.019635523613963,0.406570841889117
2026-09-11,6588,0.2402464065708419,-15.354330708661411,35.81395348837209,-0.3553644763860369,0.06930184804928131
2026-09-11,6589,0.2402464065708419,-14.52830332630085,17.660044447539615,-0.2374229979466119,0.13218685831622176
2026-09-11,6590,0.2402464065708419,-10.454547766483191,18.10048726142812,0.686088295687885,0.9984599589322382
2026-09-11,6591,0.2402464065708419,-6.159014347191261,7.398573212231721,0.3182751540041068,0.9312114989733059
2026-09-11,6592,0.2402464065708419,-4.6252017393802465,5.183950381887562,0.0382443531827514,0.5582648870636551
2026-09-11,6593,0.2402464065708419,-3.787878787878785,5.354333111620325,0.2084188911704312,0.8470225872689938
2026-09-11,6596,0.2402464065708419,-3.391575486387599,4.574471331657232,-0.1935318275154003,0.16401437371663244
2026-09-11,6598,0.2402464065708419,-5.685614974179664,11.347513365305549,-0.0935574948665297,0.27874743326488705
2026-09-11,6603,0.2402464065708419,-20.163933175509097,26.283365578099342,-0.1511806981519506,0.2053388090349076
2026-09-11,6605,0.2402464065708419,-3.169014084507038,5.454545454545454,-0.0077002053388091,0.42761806981519507
2026-09-11,6606,0.2402464065708419,-6.032905285252532,8.949420529690737,0.156570841889117,0.7823408624229979
2026-09-11,6609,0.2402464065708419,-5.441354493418338,7.288998939494606,-0.1424537987679671,0.2143223819301848
2026-09-11,6612,0.2402464065708419,-3.609631641015376,13.025292025399008,0.2317761806981519,0.872946611909651
2026-09-11,6613,0.2402464065708419,-10.189982728842828,17.884615384615383,0.3400924024640657,0.9450718685831622
2026-09-11,6614,0.2402464065708419,-2.4590102423583615,4.061616014718534,0.302618069815195,0.9237679671457906
2026-09-11,6616,0.2402464065708419,-4.000004359654019,10.714287336180885,0.4822895277207393,0.9861396303901437
2026-09-11,6617,0.2402464065708419,-10.95890410958904,39.61538461538461,-0.0472279260780286,0.3475359342915811
2026-09-11,6620,0.2402464065708419,-6.060606060606055,46.69354961764428,0.0023100616016425,0.4589322381930185
2026-09-11,6624,0.2402464065708419,-10.466444161469235,14.73951578644907,-0.1681211498973305,0.18942505133470225
2026-09-11,6625,0.2402464065708419,-6.505099967935135,6.9577056777472945,-0.0367043121149897,0.37063655030800824
2026-09-11,6629,0.2402464065708419,-9.64912280701754,13.106796116504857,-0.0672484599589322,0.3146817248459959
2026-09-11,6637,0.2402464065708419,-15.141959081656786,17.843870678357415,0.1024127310061601,0.6991786447638604
2026-09-11,6640,0.2402464065708419,-11.363636363636363,33.5042735042735,-0.3226386036960986,0.08624229979466119
2026-09-11,6641,0.2402464065708419,-7.9019113503872145,10.355029819534344,0.0146303901437371,0.49589322381930184
2026-09-11,6642,0.2402464065708419,-10.930234332417331,15.01305512934862,-0.0854722792607802,0.2874743326488706
2026-09-11,6643,0.2402464065708419,-11.353711790393016,15.147783251231528,0.2358829568788501,0.8767967145790554
2026-09-11,6645,0.2402464065708419,-4.411767387060084,11.153852022611204,0.537217659137577,0.9917864476386037
2026-09-11,6649,0.2402464065708419,-1.7857184028324369,6.153848287942526,0.1441221765913758,0.7628336755646817
2026-09-11,6651,0.2402464065708419,-13.607594936708855,17.582417582417584,-0.3589579055441478,0.06776180698151951
2026-09-11,6654,0.2402464065708419,-11.061946902654862,32.83582089552239,-0.2012320328542094,0.15862422997946612
2026-09-11,6655,0.2402464065708419,-0.406504065040647,7.755102040816326,0.1392453798767967,0.7561601642710473
2026-09-11,6657,0.2402464065708419,-8.717952630458736,27.52808892445463,0.1827515400410677,0.8213552361396304
2026-09-11,6658,0.2402464065708419,-14.974619289340096,26.268656716417908,-0.1309034907597535,0.2299794661190965
2026-09-11,6661,0.2402464065708419,-7.449862966024279,8.359135686422901,0.0111652977412731,0.48973305954825463
2026-09-11,6662,0.2402464065708419,-6.5573770491803245,7.894736842105263,-0.0775154004106776,0.2969712525667351
2026-09-11,6664,0.2402464065708419,-14.394904458598724,21.577380952380953,-0.1696611909650924,0.18788501026694046
2026-09-11,6666,0.2402464065708419,-3.930129404028504,11.136358434503729,-0.1065195071868583,0.2594969199178645
2026-09-11,6667,0.2402464065708419,-6.6162570888468775,20.52319484201037,0.3003080082135524,0.9224845995893224
2026-09-11,6668,0.2402464065708419,-15.30172856752696,30.025453640798588,-0.5100102669404517,0.026180698151950718
2026-09-11,6669,0.2402464065708419,-65.72700296735906,202.88123985389612,0.1927618069815195,0.8311088295687885
2026-09-11,6670,0.2402464065708419,-4.513888888888884,10.0,0.0415811088295687,0.5672484599589322
2026-09-11,6671,0.2402464065708419,-2.3354533115865883,5.652170595915421,0.1030544147843943,0.7017453798767967
2026-09-11,6672,0.2402464065708419,-8.031496062992128,21.404109589041095,-0.0956108829568788,0.27720739219712526
2026-09-11,6674,0.2402464065708419,-10.734466046932845,21.518990703546663,0.0682751540041067,0.6332135523613963
2026-09-11,6679,0.2402464065708419,-10.574712643678165,13.367609254498714,0.0667351129363449,0.6296201232032854
2026-09-11,6680,0.2402464065708419,-6.140350877192979,13.084112149532707,-0.0490246406570842,0.34548254620123203
2026-09-11,6683,0.2402464065708419,-14.28571428571429,35.27131782945737,0.3554928131416838,0.9512320328542094
2026-09-11,6684,0.2402464065708419,-9.340098424611352,10.75027787911383,-0.0064168377823408,0.43146817248459957
2026-09-11,6689,0.2402464065708419,-1.384617732121396,7.800312198164304,0.2315195071868583,0.87217659137577
2026-09-11,6690,0.2402464065708419,-1.7241379310344862,7.894736842105263,0.2143223819301847,0.8552361396303901
2026-09-11,6691,0.2402464065708419,-8.980974486847526,12.6586012065117,0.3254620123203285,0.9363449691991786
2026-09-11,6692,0.2402464065708419,-4.960317310141993,10.855951142569488,0.2412731006160164,0.8821868583162218
2026-09-11,6693,0.2402464065708419,-13.994910941475824,21.89349112426036,0.0533880903490759,0.5970225872689938
2026-09-11,6695,0.2402464065708419,-10.23165890950175,12.79570056546119,0.0377310061601642,0.5544147843942505
2026-09-11,6697,0.2402464065708419,-4.250293511015057,5.795310772714688,0.1583675564681724,0.784394250513347
2026-09-11,6698,0.2402464065708419,-7.302530287048303,10.93247452355689,0.1011293634496919,0.6963552361396304
2026-09-11,6703,0.2402464065708419,-3.846153846153843,4.400001525878906,-0.1968685831622176,0.16119096509240247
2026-09-11,6706,0.2402464065708419,-0.3623188405797117,19.636363636363637,0.3939938398357289,0.9666324435318275
2026-09-11,6708,0.2402464065708419,-9.401714815846072,11.994611714185185,-0.0666067761806981,0.31596509240246407
2026-09-11,6712,0.2402464065708419,-7.507507507507505,13.636363636363637,-0.4622689938398357,0.04158110882956879
2026-09-11,6715,0.2402464065708419,-35.699999999999996,59.87558320373251,0.4245379876796715,0.9738193018480493
2026-09-11,6716,0.2402464065708419,-17.85714285714286,23.91304347826087,-0.2747689938398358,0.11139630390143737
2026-09-11,6719,0.2402464065708419,-12.195121951219512,14.444444444444445,0.1024127310061601,0.6991786447638604
2026-09-11,6721,0.2402464065708419,-5.6925995380814225,6.036217211161604,0.0675051334702258,0.6314168377823408
2026-09-11,6722,0.2402464065708419,-3.402360169052032,6.12557398631289,0.1488706365503079,0.7695071868583162
2026-09-11,6725,0.2402464065708419,-11.801242236024844,14.553990610328638,0.1128080082135523,0.7197125256673511
2026-09-11,6727,0.2402464065708419,-16.198347107438018,37.67258382642998,-0.7340862422997947,0.008213552361396304
2026-09-11,6728,0.2402464065708419,-3.1531531531531543,5.116279069767442,0.0174537987679671,0.5061601642710473
2026-09-11,6730,0.2402464065708419,-7.352941176470584,7.936507936507936,0.0426078028747433,0.569558521560575
2026-09-11,6732,0.2402464065708419,-10.248447204968947,11.76470588235294,0.0256673511293634,0.5251540041067762
2026-09-11,6733,0.2402464065708419,-10.338679848157362,12.52484956782816,-0.5079568788501028,0.029260780287474333
2026-09-11,6735,0.2402464065708419,-11.790391315771876,14.52144495700156,0.0672484599589322,0.6309034907597536
2026-09-11,6739,0.2402464065708419,-7.299270072992703,34.881889763779526,0.0231006160164271,0.5202772073921971
2026-09-11,6741,0.2402464065708419,-4.262292580526383,12.157531316116248,-0.2179158110882957,0.14681724845995894
2026-09-11,6742,0.2402464065708419,-8.779008155599621,17.47787074742493,0.3875770020533881,0.9630390143737166
2026-09-11,6743,0.2402464065708419,-0.6779686879303526,16.382250382413645,0.057494866529774,0.6095995893223819
2026-09-11,6751,0.2402464065708419,-4.651162790697672,6.5853677144864715,0.1085728952772074,0.7132956878850103
2026-09-11,6752,0.2402464065708419,-3.5960557799831205,5.73019730417352,0.1498973305954825,0.7720739219712526
2026-09-11,6753,0.2402464065708419,-15.723270440251568,20.522388059701495,-0.0537731006160164,0.337782340862423
2026-09-11,6754,0.2402464065708419,-2.2093040998591884,4.518434150658319,0.177618069815195,0.8105749486652978
2026-09-11,6756,0.2402464065708419,-9.004739336492895,11.250003178914374,-0.1835215605749486,0.17299794661190965
2026-09-11,6757,0.2402464065708419,-5.5749140729494995,7.564579762186709,-0.0762320328542095,0.2982546201232033
2026-09-11,6761,0.2402464065708419,-16.709511568123393,20.061728395061728,-0.1062628336755646,0.260523613963039
2026-09-11,6762,0.2402464065708419,-5.294117647058827,8.385093167701864,-0.0074435318275153,0.42813141683778233
2026-09-11,6763,0.2402464065708419,-4.588237089269298,4.9321825835501025,0.135523613963039,0.7494866529774127
2026-09-11,6767,0.2402464065708419,-5.009638174137465,7.707917059968667,-0.0741786447638603,0.3021047227926078
2026-09-11,6768,0.2402464065708419,-8.208955223880599,8.94308943089431,0.1827515400410677,0.8213552361396304
2026-09-11,6770,0.2402464065708419,-11.51439850055187,19.377659362087627,0.5035934291581109,0.9876796714579056
2026-09-11,6771,0.2402464065708419,-5.756206051866619,10.059882066920846,0.0713552361396303,0.6393737166324436
2026-09-11,6776,0.2402464065708419,-4.62107221906094,5.426355271046816,0.0872689938398357,0.6673511293634496
2026-09-11,6781,0.2402464065708419,-14.468085106382976,17.71144278606965,-0.1506673511293634,0.2068788501026694
2026-09-11,6782,0.2402464065708419,-12.6953125,26.62192393736018,-0.6316735112936345,0.011806981519507187
2026-09-11,6785,0.2402464065708419,-10.900473933649293,15.851065453062663,0.5390143737166324,0.9928131416837782
2026-09-11,6788,0.2402464065708419,-16.92111959287532,20.673813169984687,-0.0338809034907597,0.37782340862423
2026-09-11,6789,0.2402464065708419,-13.06042884990254,24.77578475336323,-0.1424537987679671,0.2143223819301848
2026-09-11,6790,0.2402464065708419,-1.818183799842732,2.2486732573468498,0.0462012320328542,0.5770020533880903
2026-09-11,6791,0.2402464065708419,-3.9024390243902474,5.0761421319796955,-0.0053901437371662,0.43762833675564683
2026-09-11,6792,0.2402464065708419,-8.571430993458584,10.24305847599926,-0.010523613963039,0.42299794661190965
2026-09-11,6794,0.2402464065708419,-4.938271604938271,18.181818181818183,-0.0062885010266942,0.4322381930184805
2026-09-11,6796,0.2402464065708419,-23.065471561317064,30.174077841220793,-0.1809548254620123,0.175564681724846
2026-09-11,6799,0.2402464065708419,-7.1934031650830015,9.911058899897492,0.275282340862423,0.9040041067761807
2026-09-11,6803,0.2402464065708419,-0.7352941176470562,1.6666666666666667,0.1070328542094456,0.7073921971252567
2026-09-11,6804,0.2402464065708419,-8.01034167365453,8.707871971039161,-0.1810831622176592,0.17505133470225873
2026-09-11,6805,0.2402464065708419,-11.704312114989737,35.81395348837209,-0.670687885010267,0.01026694045174538
2026-09-11,6807,0.2402464065708419,-13.003900912322786,18.68460346023255,0.4011806981519507,0.9681724845995893
2026-09-11,6811,0.2402464065708419,-6.62525879917184,10.199556541019955,0.2945328542094455,0.917864476386037
2026-09-11,6821,0.2402464065708419,-9.589043004790057,10.85858435037726,0.0544147843942505,0.6013860369609856
2026-09-11,6823,0.2402464065708419,-7.176284841844794,14.957979346523768,0.2289527720739219,0.8683264887063655
2026-09-11,6829,0.2402464065708419,-13.962264150943394,26.096491228070175,-0.3361139630390143,0.07802874743326489
2026-09-11,6830,0.2402464065708419,-14.040561622464898,42.740471869328495,-0.3341889117043121,0.07905544147843943
2026-09-11,6831,0.2402464065708419,-18.999999999999993,32.098765432098766,0.0770020533880903,0.6545174537987679
2026-09-11,6834,0.2402464065708419,-5.676855895196509,26.851851851851855,0.1090862422997946,0.7145790554414785
2026-09-11,6835,0.2402464065708419,-5.9282360803716845,7.131010433608356,0.070841889117043,0.6370636550308009
2026-09-11,6838,0.2402464065708419,-5.220880550106932,10.805081338315391,-0.1474589322381929,0.2104722792607803
2026-09-11,6840,0.2402464065708419,-11.88118811881188,25.842696629213485,-0.7553901437371662,0.0077002053388090345
2026-09-11,6841,0.2402464065708419,-5.301648053803554,5.7915058768063385,-0.0731519507186858,0.3044147843942505
2026-09-11,6843,0.2402464065708419,-4.59056702020928,6.501950456161391,0.0628850102669404,0.6211498973305954
2026-09-11,6844,0.2402464065708419,-3.246753327177798,3.8590592213844257,0.2055954825462013,0.8424024640657084
2026-09-11,6846,0.2402464065708419,-3.553297002267519,6.140350877192982,0.1563141683778234,0.7813141683778234
2026-09-11,6854,0.2402464065708419,-13.49514711250379,17.396184360768473,0.2014887063655031,0.8388090349075975
2026-09-11,6855,0.2402464065708419,-4.56431535269709,7.391304347826087,-0.0456878850102669,0.35395277207392195
2026-09-11,6856,0.2402464065708419,-7.23982060566517,8.780493387361853,-0.0106519507186858,0.4224845995893224
2026-09-11,6859,0.2402464065708419,-3.3057851239669422,14.529914529914532,0.3373973305954825,0.9432751540041068
2026-09-11,6861,0.2402464065708419,-3.160270880361171,20.04662004662005,0.6537474332648872,0.997946611909651
2026-09-11,6862,0.2402464065708419,-11.036789297658869,13.909774436090224,0.0681468172484599,0.6324435318275154
2026-09-11,6863,0.2402464065708419,-21.03896368117558,26.973683440013797,-0.2802874743326488,0.10728952772073921
2026-09-11,6865,0.2402464065708419,-6.493506309678954,10.515878752575864,0.0608316221765913,0.6178131416837782
2026-09-11,6869,0.2402464065708419,-9.285714285714286,12.125985453447957,-0.0327258726899383,0.3798767967145791
2026-09-11,6870,0.2402464065708419,-2.6984126984127,21.69657422512235,0.029517453798768,0.5354209445585215
2026-09-11,6872,0.2402464065708419,-8.133082874829277,53.31991486087062,0.0102669404517452,0.48690965092402466
2026-09-11,6873,0.2402464065708419,-5.67866848673172,9.838468573223649,0.1513090349075974,0.7731006160164271
2026-09-11,6874,0.2402464065708419,-15.442093467775353,18.85125591179746,0.103182751540041,0.702258726899384
2026-09-11,6875,0.2402464065708419,-5.604724012854289,10.781252384185793,0.0017967145790554,0.4573921971252567
2026-09-11,6877,0.2402464065708419,-11.811023622047244,15.625,0.3937371663244353,0.9661190965092402
2026-09-11,6881,0.2402464065708419,-2.0454545454545503,9.280742459396752,0.0739219712525666,0.6478439425051334
2026-09-11,6884,0.2402464065708419,-1.7432622832348144,7.096770501905872,0.3204568788501026,0.9332648870636551
2026-09-11,6885,0.2402464065708419,-4.070795109841674,29.704793814559967,0.0159137577002053,0.49794661190965095
2026-09-11,6887,0.2402464065708419,-10.216346528579512,17.135202068658835,-0.3660164271047228,0.06416837782340862
2026-09-11,6890,0.2402464065708419,-18.478260869565226,24.333333333333336,-0.0197638603696098,0.40605749486652976
2026-09-11,6894,0.2402464065708419,-4.8128342245989275,15.168539325842698,0.1057494866529774,0.7048254620123203
2026-09-11,6895,0.2402464065708419,-9.734513274336289,35.947712418300654,-0.1065195071868583,0.2594969199178645
2026-09-11,6899,0.2402464065708419,-2.941176470588236,4.040404040404041,0.2496149897330595,0.8886036960985626
2026-09-11,6901,0.2402464065708419,-15.954412300758136,19.32203001895193,0.0871406570841888,0.6658110882956879
2026-09-11,6902,0.2402464065708419,-11.678832116788318,13.223140495867767,-0.0313141683778234,0.38424024640657084
2026-09-11,6903,0.2402464065708419,-12.148148148148152,15.177065767284992,0.0074435318275153,0.4771560574948665
2026-09-11,6904,0.2402464065708419,-5.511811023622048,5.833333333333333,-0.2401180698151951,0.1293634496919918
2026-09-11,6906,0.2402464065708419,-9.019166037478133,22.800488961957967,-0.1586242299794661,0.19763860369609856
2026-09-11,6907,0.2402464065708419,-14.48931116389549,22.77777777777778,-0.3420174537987679,0.07392197125256673
2026-09-11,6908,0.2402464065708419,-9.104703886302346,10.183642960648246,0.5503080082135523,0.99435318275154
2026-09-11,6909,0.2402464065708419,0.0,11.731210357345882,0.3367556468172484,0.9419917864476386
2026-09-11,6910,0.2402464065708419,-2.9469547250157935,5.465588420123871,0.1971252566735113,0.8331622176591376
2026-09-11,6913,0.2402464065708419,-23.964497041420117,32.68482490272373,-0.422741273100616,0.05082135523613963
2026-09-11,6914,0.2402464065708419,-5.138339920948621,5.416666666666667,0.1764630390143737,0.8090349075975359
2026-09-11,6916,0.2402464065708419,-9.090910795040063,11.6216195596231,0.2918377823408624,0.9152977412731006
2026-09-11,6918,0.2402464065708419,-9.777229241957365,10.836764554901238,-0.4509753593429157,0.0438911704312115
2026-09-11,6919,0.2402464065708419,-32.91139240506329,51.823895532380114,-0.0071868583162217,0.42890143737166325
2026-09-11,6921,0.2402464065708419,-18.990707134405604,23.44262795370133,0.0705852156057494,0.6362936344969199
2026-09-11,6922,0.2402464065708419,-14.28571428571429,17.20430107526882,-0.4272330595482546,0.049281314168377825
2026-09-11,6923,0.2402464065708419,-1.8017940173368885,4.456086186756771,0.0757186858316221,0.6514373716632443
2026-09-11,6924,0.2402464065708419,0.0,23.674911660777383,0.0436344969199178,0.5718685831622177
2026-09-11,6925,0.2402464065708419,-4.924239605473602,7.171311592446869,0.4430184804928131,0.9799794661190965
2026-09-11,6928,0.2402464065708419,-13.113208986678217,15.852333024982086,-0.0718685831622177,0.3069815195071869
2026-09-11,6929,0.2402464065708419,-11.943322557972202,17.011497760641163,-0.0391427104722792,0.364476386036961
2026-09-11,6931,0.2402464065708419,-8.391613428374123,12.213748460410478,-0.1629876796714578,0.19455852156057496
2026-09-11,6933,0.2402464065708419,-9.6045197740113,53.75,-0.0847022587268993,0.28927104722792607
2026-09-11,6934,0.2402464065708419,-4.816226841911309,10.652463598593467,0.0354209445585215,0.5508213552361396
2026-09-11,6936,0.2402464065708419,-5.231688968865111,6.151421817059398,-0.1552874743326489,0.20123203285420946
2026-09-11,6937,0.2402464065708419,-8.557844690966721,21.663778162911612,-0.0682751540041068,0.31262833675564683
2026-09-11,6944,0.2402464065708419,-9.685863874345548,11.44927536231884,0.2627053388090349,0.8978439425051334
2026-09-11,6945,0.2402464065708419,-9.633027522935777,16.243654822335024,0.0931724845995892,0.6776180698151951
2026-09-11,6947,0.2402464065708419,-7.297299359295817,8.163263263385723,0.3341889117043121,0.9409650924024641
2026-09-11,6949,0.2402464065708419,-96.44295302013424,2711.320754716981,0.0,0.4527720739219713
2026-09-11,6951,0.2402464065708419,-3.1724180024245707,3.5612537160695705,-0.1043377823408624,0.263347022587269
2026-09-11,6952,0.2402464065708419,-1.6476590958384385,8.891754718500406,0.0323408624229979,0.5423511293634496
2026-09-11,6953,0.2402464065708419,-10.873786407766994,15.68627450980392,-0.4220995893223819,0.0513347022587269
2026-09-11,6955,0.2402464065708419,-9.589041095890416,13.783433702256945,0.0078285420944558,0.47997946611909653
2026-09-11,6957,0.2402464065708419,-1.0683760683760646,9.935205183585314,-0.0264373716632443,0.39271047227926076
2026-09-11,6958,0.2402464065708419,-4.419895732312796,6.936420900925692,-0.1129363449691992,0.25256673511293637
2026-09-11,6961,0.2402464065708419,-4.99999706561749,5.9716612789861,0.1527207392197125,0.7746406570841889
2026-09-11,6962,0.2402464065708419,-10.19202071228571,13.815785882545594,-0.0035934291581108,0.4455852156057495
2026-09-11,6965,0.2402464065708419,-7.793915633204495,9.02578101277694,-0.0510780287474332,0.34060574948665295
2026-09-11,6967,0.2402464065708419,-16.774193548387096,23.10077755950218,-0.2654004106776181,0.1175564681724846
2026-09-11,6968,0.2402464065708419,-3.877959868358749,5.233453522214208,0.2093172484599589,0.8485626283367557
2026-09-11,6969,0.2402464065708419,-9.421264754355075,17.533436131767914,-0.337012320328542,0.07751540041067762
2026-09-11,6971,0.2402464065708419,-6.7415771272473,9.63856049255862,-0.1904517453798767,0.16837782340862423
2026-09-11,6982,0.2402464065708419,-10.446242983529718,12.004527868371436,0.004876796714579,0.4702258726899384
2026-09-11,6983,0.2402464065708419,-5.082417582417587,23.589001447178003,-0.2715605749486652,0.11396303901437371
2026-09-11,6986,0.2402464065708419,-7.858771396410291,9.517928841044068,0.2374229979466119,0.8788501026694046
2026-09-11,6988,0.2402464065708419,-5.179287349210238,11.344541384417797,0.5213039014373717,0.9902464065708418
2026-09-11,6994,0.2402464065708419,-21.313670290083696,27.086878201916797,-0.0053901437371663,0.4366016427104723
2026-09-11,6996,0.2402464065708419,-11.764705882352944,13.93939393939394,-0.1953285420944558,0.16273100616016428
2026-09-11,7402,0.2402464065708419,-18.292682926829272,22.885572139303484,-0.2923511293634497,0.10061601642710473
2026-09-11,7547,0.2402464065708419,-12.296562985309,15.36082631533908,0.1126796714579055,0.7189425051334702
2026-09-11,7556,0.2402464065708419,-11.31386861313869,14.40329218106996,-0.2725872689938398,0.11293634496919917
2026-09-11,7584,0.2402464065708419,-7.118053095024246,17.711439756589513,0.1129363449691992,0.7202258726899384
2026-09-11,7610,0.2402464065708419,-8.986175115207374,36.708860759493675,0.1126796714579055,0.7189425051334702
2026-09-11,7631,0.2402464065708419,-10.967741935483865,13.768115942028986,-0.3373973305954826,0.07700205338809035
2026-09-11,7642,0.2402464065708419,-9.113293318472929,12.330620728753946,-0.2220225872689938,0.14476386036960986
2026-09-11,7689,0.2402464065708419,-13.774104683195588,16.93290734824281,-0.0279774127310061,0.39014373716632444
2026-09-11,7703,0.2402464065708419,-7.834101382488479,21.75,0.1801848049281313,0.8157084188911704
2026-09-11,7704,0.2402464065708419,-6.491494816610333,10.08264210598528,0.0649383983572896,0.6257700205338809
2026-09-11,7705,0.2402464065708419,-4.0064101584407545,5.676129280914936,0.1285934291581109,0.7428131416837782
2026-09-11,7708,0.2402464065708419,-1.711228314568014,1.8498334276561303,0.087782340862423,0.6688911704312115
2026-09-11,7709,0.2402464065708419,-10.160427807486627,30.238097054617747,0.4022073921971252,0.9697125256673511
2026-09-11,7711,0.2402464065708419,-21.333333333333336,42.93785310734463,-0.4802361396303901,0.0364476386036961
2026-09-11,7712,0.2402464065708419,-14.70588235294118,22.06896551724138,-0.3518993839835729,0.07032854209445585
2026-09-11,7713,0.2402464065708419,0.0,5.73333740234375,-0.0046201232032854,0.44224845995893225
2026-09-11,7714,0.2402464065708419,-9.870129870129873,21.902017291066283,-0.0079568788501025,0.42684804928131415
2026-09-11,7715,0.2402464065708419,-15.16079795284544,19.494589809194903,0.1001026694045174,0.6925051334702259
2026-09-11,7716,0.2402464065708419,-5.645159925804133,7.26495249275391,0.0893223819301848,0.6719712525667351
2026-09-11,7717,0.2402464065708419,-2.083333333333337,29.206963249516445,0.2145790554414783,0.8562628336755647
2026-09-11,7718,0.2402464065708419,-4.149377527682074,4.329004257515841,0.092659137577002,0.6763347022587269
2026-09-11,7721,0.2402464065708419,-9.341503834208709,10.304057787507832,0.1167864476386037,0.7251026694045175
2026-09-11,7722,0.2402464065708419,-11.054421768707478,12.4282982791587,-0.1650410677618069,0.19301848049281314
2026-09-11,7723,0.2402464065708419,-6.053268876955875,11.59793837238466,0.555441478439425,0.9953798767967146
2026-09-11,7728,0.2402464065708419,-10.465116279069765,21.036390824751415,-0.0171971252566734,0.4101642710472279
2026-09-11,7730,0.2402464065708419,-10.880829015544046,23.615726204805597,-0.4160677618069814,0.05184804928131417
2026-09-11,7732,0.2402464065708419,-3.873740410989046,4.626863394210588,0.0911190965092402,0.6745379876796714
2026-09-11,7734,0.2402464065708419,-19.374999999999996,25.775193798449617,-0.0159137577002053,0.4127310061601643
2026-09-11,7736,0.2402464065708419,-3.356645490739729,4.775691931445858,0.1801848049281313,0.8157084188911704
2026-09-11,7738,0.2402464065708419,-8.356545961002782,10.030395136778116,-0.2802874743326489,0.10677618069815195
2026-09-11,7740,0.2402464065708419,-10.726643598615915,16.666666666666664,0.0600616016427104,0.6155030800821355
2026-09-11,7743,0.2402464065708419,-1.5350810782141844,10.244985117583578,0.0225872689938398,0.5174537987679672
2026-09-11,7744,0.2402464065708419,-13.111888111888115,20.52313883299799,-0.587782340862423,0.017453798767967144
2026-09-11,7747,0.2402464065708419,-3.0172413793103425,3.5555555555555554,0.0064168377823408,0.4740759753593429
2026-09-11,7749,0.2402464065708419,-9.922680412371133,19.45636623748212,-0.1555441478439424,0.20071868583162217
2026-09-11,7750,0.2402464065708419,-22.22222222222222,28.57142857142857,-0.1311601642710472,0.22895277207392198
2026-09-11,7751,0.2402464065708419,-28.21158690176322,40.0,-0.5675051334702259,0.018993839835728953
2026-09-11,7753,0.2402464065708419,-5.235601989674155,6.491718893067609,0.201488706365503,0.8382956878850103
2026-09-11,7757,0.2402464065708419,-3.5869598388671875,4.509583018739067,0.3425308008213552,0.9455852156057495
2026-09-11,7760,0.2402464065708419,-2.985074626865669,4.615384615384616,-0.0707135523613963,0.3085215605749487
2026-09-11,7765,0.2402464065708419,-5.818965517241381,8.009153318077804,0.0929158110882957,0.6771047227926078
2026-09-11,7767,0.2402464065708419,-0.6528818978878248,4.709751268376353,0.057494866529774,0.6095995893223819
2026-09-11,7768,0.2402464065708419,-17.554858934169282,21.292775665399237,-0.1914784394250513,0.16529774127310062
2026-09-11,7769,0.2402464065708419,-11.871508379888274,24.405705229793977,0.3141683778234087,0.9296714579055442
2026-09-11,7770,0.2402464065708419,-6.96774390435988,12.066570225192006,0.5343942505133471,0.9907597535934292
2026-09-11,7772,0.2402464065708419,-8.333333333333337,45.53030187433416,0.2353696098562627,0.8762833675564682
2026-09-11,7777,0.2402464065708419,-15.20737801099582,19.836965225820236,-0.1054928131416838,0.2612936344969199
2026-09-11,7780,0.2402464065708419,-5.4755085997236,6.097561117441157,0.0266940451745379,0.5272073921971252
2026-09-11,7782,0.2402464065708419,-8.06451623929637,11.111112763568258,-0.1660677618069815,0.19173511293634496
2026-09-11,7786,0.2402464065708419,-9.4488188976378,13.478260869565217,0.1411704312114989,0.7582135523613963
2026-09-11,7788,0.2402464065708419,-17.435158501440917,35.602094240837694,-0.7607802874743327,0.007186858316221766
2026-09-11,7791,0.2402464065708419,-3.658540475598371,4.339966652785216,0.2725872689938399,0.9024640657084189
2026-09-11,7792,0.2402464065708419,-7.00152207001522,27.495908346972175,-0.2328028747433265,0.1370636550308008
2026-09-11,7795,0.2402464065708419,-16.885245901639344,23.86587771203156,-0.1840349075975358,0.17248459958932238
2026-09-11,7799,0.2402464065708419,-5.040091638029787,22.074788902291917,0.0377310061601643,0.555441478439425
2026-09-11,7803,0.2402464065708419,-4.987531361854591,10.23621487499707,0.2245893223819302,0.8649897330595483
2026-09-11,7805,0.2402464065708419,-15.504975728496728,18.350164240056817,0.3203285420944559,0.9327515400410678
2026-09-11,7810,0.2402464065708419,-6.991525423728817,19.81776765375854,-0.1565708418891169,0.1986652977412731
2026-09-11,7811,0.2402464065708419,-1.3477089503083683,4.918030907387276,0.0854722792607802,0.6632443531827515
2026-09-11,7814,0.2402464065708419,-6.451612903225811,8.96551855679216,0.3933521560574948,0.965605749486653
2026-09-11,7818,0.2402464065708419,-5.063292285300003,6.333332061767578,0.0924024640657085,0.675564681724846
2026-09-11,7819,0.2402464065708419,-11.211336493960832,13.933234051548352,0.4502053388090349,0.9825462012320328
2026-09-11,7820,0.2402464065708419,-10.93117408906883,14.09090909090909,-0.2354979466119096,0.13552361396303902
2026-09-11,7821,0.2402464065708419,-3.1133249128130314,4.241649000402259,0.1457905544147844,0.7641170431211499
2026-09-11,7822,0.2402464065708419,-15.84258324924319,18.94484412470024,-0.1560574948665297,0.19917864476386038
2026-09-11,7823,0.2402464065708419,-4.593641290677864,8.888894540292245,-0.089835728952772,0.2828542094455852
2026-09-11,7825,0.2402464065708419,-10.041841004184104,46.41860607058503,0.0151437371663245,0.49691991786447637
2026-09-11,7827,0.2402464065708419,-7.85498489425982,13.442622950819672,0.1894250513347022,0.8295687885010267
2026-09-11,7828,0.2402464065708419,-11.434977578475335,37.9746835443038,0.0965092402464065,0.6853182751540041
2026-09-11,7839,0.2402464065708419,-7.565783034401042,8.303677042220507,-0.0266940451745379,0.3921971252566735
2026-09-11,7842,0.2402464065708419,-8.25688073394495,25.5,-0.1054928131416836,0.2618069815195072
2026-09-11,8011,0.2402464065708419,-4.892967413270178,6.430868088322127,0.1610626283367556,0.7879876796714579
2026-09-11,8016,0.2402464065708419,-9.9025974025974,12.252252252252251,-0.1121663244353183,0.2546201232032854
2026-09-11,8021,0.2402464065708419,-9.999999999999998,21.863799283154123,0.1691478439425051,0.7992813141683778
2026-09-11,8024,0.2402464065708419,-7.246376711439373,14.06250128056852,-0.0148870636550307,0.41478439425051333
2026-09-11,8027,0.2402464065708419,-12.987012987012992,18.80597014925373,0.0053901437371663,0.47279260780287474
2026-09-11,8028,0.2402464065708419,-16.78966789667896,21.951219512195124,0.0770020533880903,0.6545174537987679
2026-09-11,8032,0.2402464065708419,-5.842385205857347,7.7922096509084255,0.1747946611909651,0.8064681724845996
2026-09-11,8033,0.2402464065708419,-19.20374707259953,25.217391304347824,-0.215605749486653,0.14887063655030802
2026-09-11,8034,0.2402464065708419,-8.564816429618261,17.215187941925436,0.1424537987679671,0.7618069815195072
2026-09-11,8038,0.2402464065708419,-8.72894994065897,10.906046948171705,-0.0508213552361396,0.3421457905544148
2026-09-11,8039,0.2402464065708419,-25.274725274725274,40.80882352941176,-0.7820841889117043,0.005646817248459959
2026-09-11,8040,0.2402464065708419,-10.128061028049796,23.96373151724747,0.3868069815195072,0.9625256673511293
2026-09-11,8042,0.2402464065708419,-8.502024291497978,26.814161992706016,0.5433778234086243,0.9933264887063655
2026-09-11,8043,0.2402464065708419,-12.82051282051282,21.323529411764707,0.0826488706365502,0.6611909650924025
2026-09-11,8044,0.2402464065708419,-12.333965665843094,14.502165914062138,0.2094455852156057,0.8490759753593429
2026-09-11,8045,0.2402464065708419,-13.07550381929884,19.1737268872386,-0.0723819301848049,0.30544147843942504
2026-09-11,8046,0.2402464065708419,-21.73913043478261,34.25925925925926,-0.0215605749486653,0.4024640657084189
2026-09-11,8047,0.2402464065708419,-7.0588205374923385,20.886078496165908,0.2302361396303901,0.8706365503080082
2026-09-11,8048,0.2402464065708419,-11.21495327102804,13.47368742290296,-0.0346509240246406,0.37525667351129366
2026-09-11,8049,0.2402464065708419,-2.199996948242189,3.2719804175759397,0.4632956878850102,0.9845995893223819
2026-09-11,8050,0.2402464065708419,-4.915256823523572,8.55614860537792,0.0962525667351128,0.6842915811088296
2026-09-11,8054,0.2402464065708419,-8.045977011494255,10.749998092651367,0.0397843942505133,0.563911704312115
2026-09-11,8064,0.2402464065708419,-18.727915194346288,43.04347826086957,0.4242813141683778,0.973305954825462
2026-09-11,8066,0.2402464065708419,-3.678931088641269,4.513886359370719,0.0082135523613963,0.48331622176591377
2026-09-11,8067,0.2402464065708419,-8.582086949763701,17.14285247179925,0.2675821355236139,0.9009240246406571
2026-09-11,8068,0.2402464065708419,-7.692299332243191,9.259258823194209,0.0693018480492813,0.6344969199178645
2026-09-11,8069,0.2402464065708419,-12.048192771084343,15.068493150684931,0.233829568788501,0.8744866529774127
2026-09-11,8070,0.2402464065708419,-10.09174311926605,13.673470944774394,-0.1285934291581109,0.23151950718685832
2026-09-11,8071,0.2402464065708419,-12.5999984741211,14.64531216051268,0.0033367556468172,0.46380903490759756
2026-09-11,8072,0.2402464065708419,-3.3333319204824963,4.980839915939274,0.2456365503080082,0.8868069815195072
2026-09-11,8074,0.2402464065708419,-16.38795879948286,19.900001525878903,0.0187371663244353,0.5102669404517454
2026-09-11,8076,0.2402464065708419,-8.033825155081963,9.195402298850574,0.123588295687885,0.7351129363449692
2026-09-11,8077,0.2402464065708419,-7.978145411757176,15.558193526032635,0.0944558521560575,0.6799281314168378
2026-09-11,8080,0.2402464065708419,-3.119871064488422,9.322033898305085,0.079312114989733,0.6560574948665298
2026-09-11,8081,0.2402464065708419,-6.261859582542694,8.097165991902834,0.0916324435318275,0.6750513347022588
2026-09-11,8083,0.2402464065708419,-2.1739130434782594,2.857142857142857,0.1722279260780287,0.8031314168377823
2026-09-11,8084,0.2402464065708419,-15.251750061920257,18.918199357478432,-0.0071868583162217,0.42890143737166325
2026-09-11,8085,0.2402464065708419,-12.951810378297314,37.716268753477706,-0.7967145790554415,0.00513347022587269
2026-09-11,8086,0.2402464065708419,-15.873015873015872,19.81132075471698,0.0030800821355236,0.4622689938398357
2026-09-11,8087,0.2402464065708419,-12.63537871335636,14.462809461394713,-0.0177104722792607,0.40965092402464065
2026-09-11,8088,0.2402464065708419,-13.223143231631717,15.476190476190476,0.2320328542094455,0.8737166324435318
2026-09-11,8089,0.2402464065708419,-2.7027027027026973,9.166664547390408,0.3701232032854209,0.9553388090349076
2026-09-11,8091,0.2402464065708419,-10.583153347732177,13.768115942028986,0.1592659137577002,0.7864476386036962
2026-09-11,8092,0.2402464065708419,-9.219859259318389,14.062501280568537,-0.0292607802874743,0.388347022587269
2026-09-11,8093,0.2402464065708419,-11.917100766905664,26.47058823529412,-0.5592915811088295,0.02053388090349076
2026-09-11,8096,0.2402464065708419,-24.100420963814063,33.40684021086402,0.0025667351129363,0.46021560574948667
2026-09-11,8097,0.2402464065708419,-5.098036223766855,7.541325228940941,0.3234086242299794,0.9348049281314168
2026-09-11,8099,0.2402464065708419,-7.632395551563653,10.792576380307697,-0.3904004106776181,0.054928131416837785
2026-09-11,8101,0.2402464065708419,-14.436621255426306,36.13168335374379,0.1329568788501026,0.7469199178644764
2026-09-11,8102,0.2402464065708419,-15.662647156932051,19.2063467843192,0.0608316221765913,0.6178131416837782
2026-09-11,8103,0.2402464065708419,-11.71875,43.45132608329301,-0.4738193018480493,0.03747433264887064
2026-09-11,8104,0.2402464065708419,-8.024698044355505,9.39597723521744,0.1781314168377823,0.8116016427104723
2026-09-11,8105,0.2402464065708419,-12.79761735814492,21.84299617006987,0.1835215605749486,0.8228952772073922
2026-09-11,8107,0.2402464065708419,-3.515623457496997,7.28745380085151,-0.0490246406570841,0.3459958932238193
2026-09-11,8109,0.2402464065708419,-10.563380281690138,13.385826771653544,-0.1745379876796713,0.1837782340862423
2026-09-11,8110,0.2402464065708419,-10.509548001284852,12.09964006997684,0.1475872689938398,0.7669404517453798
2026-09-11,8111,0.2402464065708419,-13.405803978747532,39.88842887882372,-0.0364476386036961,0.37166324435318276
2026-09-11,8112,0.2402464065708419,-13.67347094477439,16.312060639078137,-0.042094455852156,0.35728952772073924
2026-09-11,8114,0.2402464065708419,-13.834951456310684,17.183098591549296,-0.0721252566735112,0.3059548254620123
2026-09-11,8121,0.2402464065708419,-10.641890465995552,12.476374477209816,0.1316735112936345,0.7458932238193019
2026-09-11,8131,0.2402464065708419,-8.358668023724869,10.613601338066765,0.2430698151950719,0.8839835728952772
2026-09-11,8147,0.2402464065708419,-9.090909090909092,19.615384615384617,-0.0256673511293634,0.3952772073921971
2026-09-11,8150,0.2402464065708419,-9.96885337413328,15.570934804137494,0.0613449691991786,0.6196098562628337
2026-09-11,8155,0.2402464065708419,-13.2,20.89093701996928,-0.3880903490759753,0.05646817248459959
2026-09-11,8162,0.2402464065708419,-9.601176481990237,19.281038031471624,0.1375770020533881,0.7525667351129364
2026-09-11,8163,0.2402464065708419,-10.70890190348206,11.993246954927612,0.0505646817248459,0.5867556468172485
2026-09-11,8171,0.2402464065708419,-4.1062818847404925,10.327461486211792,0.1196098562628337,0.7304928131416838
2026-09-11,8176,0.2402464065708419,-3.6893214311077394,6.955650491440293,0.2412731006160164,0.8821868583162218
2026-09-11,8182,0.2402464065708419,-12.60306759167158,14.420491937621572,0.034394250513347,0.5492813141683778
2026-09-11,8183,0.2402464065708419,-5.289257459404051,9.598603967245264,0.3167351129363449,0.9306981519507187
2026-09-11,8201,0.2402464065708419,-5.533595497028665,10.04183956835501,0.2734856262833676,0.9029774127310062
2026-09-11,8210,0.2402464065708419,-15.887850467289722,19.444444444444446,0.0041067761806981,0.4663757700205339
2026-09-11,8213,0.2402464065708419,-5.563693824256733,7.13178649429203,0.0513347022587269,0.5893223819301848
2026-09-11,8215,0.2402464065708419,-6.3551430390259895,13.373255423151967,-0.0705852156057494,0.30903490759753593
2026-09-11,8222,0.2402464065708419,-18.83040757207145,23.77521561558934,-0.2594969199178644,0.11960985626283367
2026-09-11,8227,0.2402464065708419,0.0,39.33054393305439,0.0171971252566734,0.5043634496919918
2026-09-11,8234,0.2402464065708419,-11.805555555555555,14.645668089859129,-0.2999229979466119,0.09856262833675565
2026-09-11,8240,0.2402464065708419,-10.777382753658838,31.4851439825379,0.0441478439425051,0.5731519507186859
2026-09-11,8249,0.2402464065708419,-12.354319028545136,14.095753369260478,-0.0089835728952772,0.425564681724846
2026-09-11,8255,0.2402464065708419,-15.77287066246057,19.475655430711612,-0.021047227926078,0.40349075975359344
2026-09-11,8261,0.2402464065708419,-23.040380047505938,29.938271604938272,-0.0617299794661191,0.32186858316221767
2026-09-11,8271,0.2402464065708419,-16.260162601626014,19.66019417475728,-0.2507700205338809,0.12320328542094455
2026-09-11,8272,0.2402464065708419,-5.62310700005032,8.373598559432677,0.1558008213552361,0.7797741273100616
2026-09-11,8279,0.2402464065708419,-9.954238473394838,12.325292190311036,0.4187628336755646,0.9722792607802875
2026-09-11,8284,0.2402464065708419,-2.0000021798270096,7.434400273412593,0.0438911704312114,0.5723819301848049
2026-09-11,8289,0.2402464065708419,-15.967245610442948,19.366618991468368,0.0290041067761806,0.5341375770020534
2026-09-11,8291,0.2402464065708419,-22.68041085076894,34.33333079020182,0.3667864476386037,0.9537987679671458
2026-09-11,8299,0.2402464065708419,-10.158013544018065,15.57788944723618,0.1206365503080082,0.7320328542094456
2026-09-11,8341,0.2402464065708419,-4.247098522489634,4.435477627262451,0.0041067761806981,0.4663757700205339
2026-09-11,8349,0.2402464065708419,-3.9999961853027344,5.468745809048581,0.0218172484599589,0.5146303901437371
2026-09-11,8354,0.2402464065708419,-4.696134605278424,7.536238518314085,-0.1128080082135523,0.25308008213552363
2026-09-11,8358,0.2402464065708419,-14.00709219858156,35.4639175257732,-0.2718172484599589,0.11344969199178645
2026-09-11,8367,0.2402464065708419,-2.898552460654713,3.85572891129586,-0.1510523613963038,0.20585215605749488
2026-09-11,8374,0.2402464065708419,-13.626375303163629,15.903308196775097,0.0728952772073922,0.643223819301848
2026-09-11,8383,0.2402464065708419,-14.775731037885476,20.433444101279154,0.107417864476386,0.7084188911704312
2026-09-11,8390,0.2402464065708419,-11.884060919572748,14.254386441896216,-0.042094455852156,0.35728952772073924
2026-09-11,8401,0.2402464065708419,-2.5806468020203255,3.311258333913678,0.0705852156057493,0.635523613963039
2026-09-11,8403,0.2402464065708419,-4.303799399846719,5.29100539779674,0.0663501026694045,0.6283367556468172
2026-09-11,8404,0.2402464065708419,-16.01208302533398,19.42445273157716,-0.1334702258726899,0.22433264887063656
2026-09-11,8409,0.2402464065708419,-8.585853136846877,11.87845068076011,0.1681211498973306,0.7974845995893224
2026-09-11,8410,0.2402464065708419,-9.848484848484851,14.453778948102675,0.1332135523613962,0.7474332648870636
2026-09-11,8411,0.2402464065708419,-1.5151500920837613,4.2307706979605,-0.014758726899384,0.41581108829568786
2026-09-11,8415,0.2402464065708419,-8.258066485005045,9.001408809042903,-0.2573151950718685,0.12012320328542095
2026-09-11,8416,0.2402464065708419,0.0,2.0588235294117645,0.1066478439425051,0.7058521560574949
2026-09-11,8421,0.2402464065708419,-10.71428571428571,14.800003051757828,-0.1180698151950718,0.2464065708418891
2026-09-11,8422,0.2402464065708419,-5.615946097775526,6.333971849729918,0.0218172484599589,0.5146303901437371
2026-09-11,8423,0.2402464065708419,-5.897433941180886,10.35422113913926,0.0377310061601642,0.5544147843942505
2026-09-11,8424,0.2402464065708419,-1.85448709081385,2.3255790743460065,0.0500513347022586,0.5841889117043121
2026-09-11,8426,0.2402464065708419,-5.73394515480059,9.48904587827978,-0.0397843942505132,0.3639630390143737
2026-09-11,8429,0.2402464065708419,-2.459017995287438,3.025207295945345,0.0895790554414784,0.6724845995893224
2026-09-11,8431,0.2402464065708419,-19.061167772657505,45.34271065005792,-0.3655030800821355,0.0646817248459959
2026-09-11,8432,0.2402464065708419,-2.7237382963384404,3.7000045776367183,-0.0888090349075976,0.28388090349075973
2026-09-11,8433,0.2402464065708419,-5.32859687505145,7.692304939603607,-0.1728696098562627,0.18429158110882957
2026-09-11,8435,0.2402464065708419,-1.4814800686306473,2.443607553415979,0.0079568788501026,0.48100616016427106
2026-09-11,8436,0.2402464065708419,-16.796875,20.657276995305164,-0.1595225872689938,0.19661190965092404
2026-09-11,8437,0.2402464065708419,-4.219405462501868,6.607923269128363,0.0256673511293634,0.5251540041067762
2026-09-11,8438,0.2402464065708419,-8.843537414965985,13.13433291307136,-0.0666067761806981,0.31596509240246407
2026-09-11,8440,0.2402464065708419,-5.476188659667969,7.304789597349583,-0.0256673511293634,0.3952772073921971
2026-09-11,8442,0.2402464065708419,-8.682631949316455,13.989066035369706,-0.0754620123203285,0.3008213552361396
2026-09-11,8443,0.2402464065708419,-2.6200890456968384,4.484305086154856,0.1472022587268994,0.766170431211499
2026-09-11,8444,0.2402464065708419,-14.772730659354682,22.000005510118275,-0.3488193018480492,0.07135523613963039
2026-09-11,8446,0.2402464065708419,-0.807378284753657,2.558135986328125,0.1024127310061601,0.6991786447638604
2026-09-11,8450,0.2402464065708419,-4.304639442276126,7.612459487815519,0.2376796714579054,0.8793634496919918
2026-09-11,8454,0.2402464065708419,-8.538899430740043,12.448132780082988,0.3354722792607803,0.9414784394250514
2026-09-11,8455,0.2402464065708419,-10.01965056174975,14.62882287019326,0.5675051334702259,0.9958932238193019
2026-09-11,8462,0.2402464065708419,-10.644257703081228,12.225705329153604,-0.2756673511293634,0.11088295687885011
2026-09-11,8463,0.2402464065708419,-2.064215006144643,3.512880499294728,0.0011550308008213,0.4553388090349076
2026-09-11,8464,0.2402464065708419,-2.368421052631575,5.3908355795148255,0.0587782340862422,0.6134496919917864
2026-09-11,8466,0.2402464065708419,-13.803675776928658,17.793587276776577,-0.1411704312114989,0.21534907597535935
2026-09-11,8467,0.2402464065708419,-18.536585365853664,22.75449101796407,0.0572381930184804,0.6078028747433265
2026-09-11,8472,0.2402464065708419,-2.9126231570822836,23.000001907348633,0.2474332648870636,0.8875770020533881
2026-09-11,8473,0.2402464065708419,-17.811157744285932,22.062655656832614,0.047741273100616,0.580082135523614
2026-09-11,8476,0.2402464065708419,-2.6894920483617746,8.79397001782077,0.3125,0.9291581108829569
2026-09-11,8477,0.2402464065708419,-3.773581397424397,6.535947630939015,0.3367556468172485,0.9425051334702259
2026-09-11,8478,0.2402464065708419,-2.7491408934707917,6.36042402826855,0.1857032854209446,0.8249486652977412
2026-09-11,8481,0.2402464065708419,-1.4457794557134809,3.667481525766927,0.0522330595482546,0.5908624229979466
2026-09-11,8482,0.2402464065708419,-6.6666696585860885,11.554622219137697,-0.0382443531827514,0.36729979466119095
2026-09-11,8487,0.2402464065708419,-3.2921830941621155,4.1134773416722075,0.200847022587269,0.8367556468172485
2026-09-11,8488,0.2402464065708419,-11.842100640082789,16.915420666681896,-0.0998459958932238,0.2715605749486653
2026-09-11,8489,0.2402464065708419,-5.603453024388905,6.849315187799379,0.0266940451745381,0.5279774127310062
2026-09-11,8499,0.2402464065708419,-12.9757785467128,14.910536779324056,0.1296201232032854,0.7440965092402464
2026-09-11,8906,0.2402464065708419,-4.391895701538607,9.18728074757285,-0.0200205338809035,0.4055441478439425
2026-09-11,8908,0.2402464065708419,-2.4390243902439046,6.423988342285155,0.1837782340862424,0.824435318275154
2026-09-11,8916,0.2402464065708419,-1.323704565967776,3.658536585365854,0.1206365503080081,0.7315195071868583
2026-09-11,8917,0.2402464065708419,-0.92592592592593,3.364484555253359,0.0207905544147843,0.5118069815195072
2026-09-11,8921,0.2402464065708419,-7.122507432139136,12.576683024619776,0.1044661190965092,0.7040554414784395
2026-09-11,8923,0.2402464065708419,-6.4267349664159585,7.692315753797772,-0.0148870636550307,0.41478439425051333
2026-09-11,8924,0.2402464065708419,-2.7184495648134077,2.994012067235526,0.137577002053388,0.752053388090349
2026-09-11,8926,0.2402464065708419,-3.494173922525723,8.103443014210669,0.4078542094455852,0.9707392197125256
2026-09-11,8927,0.2402464065708419,-7.598035617866438,9.28381944076944,-0.063911704312115,0.3203285420944558
2026-09-11,8928,0.2402464065708419,-9.66469714426651,11.135376361953142,-0.4839579055441478,0.034394250513347026
2026-09-11,8929,0.2402464065708419,-3.7174721716766945,4.247105782514104,0.0814938398357288,0.6591375770020534
2026-09-11,8930,0.2402464065708419,-5.681818322561149,7.228910599908106,-0.3208418891170431,0.08726899383983573
2026-09-11,8931,0.2402464065708419,-0.722019837711485,3.515153364701704,0.0857289527720739,0.6640143737166324
2026-09-11,8932,0.2402464065708419,-8.852575960708853,13.887637205947271,0.2630903490759753,0.8983572895277208
2026-09-11,8933,0.2402464065708419,-7.867497317667538,10.11235569781853,-0.2938911704312115,0.10010266940451745
2026-09-11,8935,0.2402464065708419,-2.989126350343252,9.523802909021825,0.2535934291581109,0.8929671457905544
2026-09-11,8936,0.2402464065708419,-2.1235492091167707,4.142008762367012,0.2446098562628337,0.8860369609856262
2026-09-11,8937,0.2402464065708419,-8.950621571923644,33.050853923215705,-0.1720995893223817,0.18531827515400412
2026-09-11,8938,0.2402464065708419,-2.8301886792452824,5.242719928037773,0.0082135523613962,0.48228952772073924
2026-09-11,8940,0.2402464065708419,-7.523509865925348,8.47457627118644,0.1826232032854209,0.8203285420944558
2026-09-11,8942,0.2402464065708419,-5.227270993319422,7.194244472691297,-0.0590349075975359,0.3275154004106776
2026-09-11,8996,0.2402464065708419,-5.6737588652482245,25.563909774436087,0.3662731006160163,0.9532854209445585
2026-09-11,9103,0.2402464065708419,-5.838040416574286,6.599998474121094,0.0044917864476385,0.4681724845995893
2026-09-11,9105,0.2402464065708419,-5.500549962671364,10.244471464599476,0.2348562628336756,0.8757700205338809
2026-09-11,9110,0.2402464065708419,-6.369428057385984,11.564630815325026,0.0723819301848049,0.6421971252566735
2026-09-11,9136,0.2402464065708419,-22.23140867150021,30.924557367412937,-0.0056468172484599,0.4355749486652977
2026-09-11,9802,0.2402464065708419,-11.61202234203661,14.992268015100304,-0.1339835728952772,0.22279260780287474
2026-09-11,9902,0.2402464065708419,-4.626338529398943,5.597015084708345,-0.0500513347022587,0.3436858316221766
2026-09-11,9904,0.2402464065708419,-5.4687484283931775,6.61157161581586,0.1801848049281315,0.8167351129363449
2026-09-11,9905,0.2402464065708419,-1.1574073869668575,1.6393460197476242,-0.0589065708418891,0.3280287474332649
2026-09-11,9906,0.2402464065708419,-9.742782989522702,13.728141517480704,-0.1498973305954825,0.20739219712525667
2026-09-11,9907,0.2402464065708419,-3.20512812675261,5.629141456928859,0.0017967145790555,0.45790554414784396
2026-09-11,9908,0.2402464065708419,-2.195944628896651,2.2452490549236015,0.052618069815195,0.5924024640657084
2026-09-11,9910,0.2402464065708419,-7.629425555456814,8.84955712379491,0.1039527720739219,0.7027720739219713
2026-09-11,9911,0.2402464065708419,-2.035924488912799,2.8117395671764434,0.0220739219712525,0.516170431211499
2026-09-11,9912,0.2402464065708419,-10.344827586206897,15.384615384615383,-0.303388090349076,0.09650924024640657
2026-09-11,9914,0.2402464065708419,-26.862544893741656,36.72884824159412,-0.3164784394250514,0.08932238193018481
2026-09-11,9917,0.2402464065708419,-4.95495495495496,5.912889236522498,0.2066221765913758,0.8444558521560575
2026-09-11,9918,0.2402464065708419,-0.6896534185299896,2.8935184674171435,0.0256673511293634,0.5251540041067762
2026-09-11,9919,0.2402464065708419,-2.4475550825271752,5.017919848287151,0.0482546201232032,0.5816221765913757
2026-09-11,9921,0.2402464065708419,-20.363637750799,25.570778442988605,-0.4725359342915811,0.037987679671457907
2026-09-11,9924,0.2402464065708419,-3.291137309014047,3.6649253872192262,0.059034907597536,0.6139630390143738
2026-09-11,9925,0.2402464065708419,-1.8610422188551468,2.5284450550960935,0.1069045174537988,0.7068788501026694
2026-09-11,9926,0.2402464065708419,-1.199996948242188,3.0364371531733725,0.0382443531827514,0.5582648870636551
2026-09-11,9927,0.2402464065708419,-0.5689921884987847,2.718170936198726,0.0708418891170431,0.6375770020533881
2026-09-11,9928,0.2402464065708419,-5.8823547411279264,6.818186005284872,0.1167864476386037,0.7251026694045175
2026-09-11,9929,0.2402464065708419,-7.499996821085597,12.162165180853602,0.1234599589322381,0.7345995893223819
2026-09-11,9930,0.2402464065708419,-3.4267866866346086,4.032251911778604,0.0618583162217658,0.6206365503080082
2026-09-11,9931,0.2402464065708419,-0.8695630059725956,2.631583350296838,0.1375770020533879,0.7515400410677618
2026-09-11,9933,0.2402464065708419,-2.683775384207243,10.07193494340389,0.3670431211498973,0.954312114989733
2026-09-11,9934,0.2402464065708419,-14.025972803520904,16.515612214714054,-0.3282854209445585,0.08136550308008214
2026-09-11,9935,0.2402464065708419,-13.39712578070108,16.022097002269746,-0.2120123203285421,0.14989733059548255
2026-09-11,9937,0.2402464065708419,-1.2567338480275358,3.4545482288707388,0.0331108829568789,0.5444045174537988
2026-09-11,9938,0.2402464065708419,-11.072260678439882,12.712980589341203,-0.1278234086242299,0.23280287474332648
2026-09-11,9939,0.2402464065708419,-4.779411764705888,7.722007722007722,-0.0305441478439425,0.3860369609856263
2026-09-11,9940,0.2402464065708419,-6.293707848263619,7.462686425532889,-0.0790554414784394,0.2951745379876797
2026-09-11,9941,0.2402464065708419,-6.844540725479331,8.841840852166282,-0.0867556468172484,0.2864476386036961
2026-09-11,9942,0.2402464065708419,-2.5751072961373356,3.0837004405286343,0.0082135523613963,0.48331622176591377
2026-09-11,9943,0.2402464065708419,-2.1194648487049994,2.755908556899252,0.1472022587268994,0.766170431211499
2026-09-11,9944,0.2402464065708419,-1.6949216467680994,4.022992978654905,0.1989219712525667,0.8352156057494866
2026-09-11,9945,0.2402464065708419,-8.914100375998068,11.565836141921126,0.1337268993839836,0.7484599589322382
2026-09-11,9946,0.2402464065708419,-13.924050632911388,16.176470588235293,0.1955852156057494,0.832135523613963
2026-09-11,9949,0.2402464065708419,-3.800003051757817,8.108111537627588,-0.071611909650924,0.30749486652977415
2026-09-11,9950,0.2402464065708419,-1.904760088239399,3.8834913701271816,0.0822638603696099,0.660164271047228
2026-09-11,9951,0.2402464065708419,-10.42047656935562,12.040819440569196,-0.0975359342915811,0.2751540041067762
2026-09-11,9955,0.2402464065708419,-10.133841901291827,12.340423908639462,0.0650667351129363,0.6262833675564682
2026-09-11,9958,0.2402464065708419,-12.431135357058032,17.303492493005894,0.5864989733059549,0.9969199178644764
2026-09-11,9960,0.2402464065708419,-8.211141825081025,16.13418325927986,0.1765913757700205,0.8095482546201233
2026-09-11,9962,0.2402464065708419,-4.497610292893006,5.410821509236499,-0.2702772073921972,0.11447638603696099
