Date,Code,BREADTH_5D,DIST_HIGH20,RANGE20_PCT,RS_ACCEL,RS_ACCEL_PCTL
2026-09-23,0050,0.6552254098360656,-1.142859825721143,7.781236316108925,0.0035860655737705,0.5153688524590164
2026-09-23,0051,0.6552254098360656,-1.276020130534894,5.3741455078125,-0.0391905737704918,0.4354508196721312
2026-09-23,0052,0.6552254098360656,-0.6828597378104817,7.486633696490198,0.0368852459016393,0.5829918032786885
2026-09-23,0053,0.6552254098360656,-0.8232089585538671,7.29249494349059,0.0367571721311474,0.5824795081967213
2026-09-23,0055,0.6552254098360656,-2.957199246382092,13.773060544245938,-0.4326331967213114,0.0471311475409836
2026-09-23,0056,0.6552254098360656,-2.1607606447201277,7.77384775583241,-0.1613729508196721,0.24692622950819673
2026-09-23,0057,0.6552254098360656,-0.5341210068156577,6.503576073709781,-0.0169057377049181,0.47797131147540983
2026-09-23,0061,0.6552254098360656,-1.4705829646026292,3.6069606202900126,0.0947745901639345,0.6654713114754098
2026-09-23,1101,0.6552254098360656,-1.7241408289746296,9.16179499578636,-0.0035860655737705,0.5015368852459017
2026-09-23,1102,0.6552254098360656,-0.4155061427195572,5.006951874438208,-0.0245901639344263,0.4641393442622951
2026-09-23,1103,0.6552254098360656,-1.8656716949027816,3.422051880754578,-0.0450819672131147,0.42520491803278687
2026-09-23,1104,0.6552254098360656,-3.942653750931024,5.410443645034438,-0.2958504098360655,0.11424180327868852
2026-09-23,1108,0.6552254098360656,-6.751056244570708,8.144801417824576,0.0919569672131147,0.6600922131147541
2026-09-23,1109,0.6552254098360656,-2.5547403844393357,2.996251738580375,-0.0207479508196721,0.4682377049180328
2026-09-23,1110,0.6552254098360656,-9.42249892110164,10.402692510686606,-0.2815061475409836,0.12192622950819672
2026-09-23,1201,0.6552254098360656,-6.0483872828448915,7.296132666334298,-0.2483350409836065,0.15112704918032788
2026-09-23,1203,0.6552254098360656,-7.043755271162699,10.907003635393416,0.1024590163934426,0.6764856557377049
2026-09-23,1210,0.6552254098360656,-0.946969710653045,2.6768599074655084,0.0546875,0.6157786885245902
2026-09-23,1213,0.6552254098360656,-10.373946169743675,16.15073804831381,-0.203125,0.19800204918032788
2026-09-23,1215,0.6552254098360656,-5.803571428571431,6.6350710900473935,-0.182889344262295,0.22336065573770492
2026-09-23,1216,0.6552254098360656,-3.2092425558804205,5.30503968043968,-0.0407274590163935,0.4334016393442623
2026-09-23,1217,0.6552254098360656,-1.393038215579545,1.6145292621158984,-0.247438524590164,0.15163934426229508
2026-09-23,1218,0.6552254098360656,-2.0408176505266384,3.819445870172881,0.0973360655737705,0.6695696721311475
2026-09-23,1219,0.6552254098360656,-3.3613414399392583,6.521739130434782,0.2548668032786886,0.8278688524590164
2026-09-23,1220,0.6552254098360656,-3.153156481453967,4.186053608739132,-0.1027151639344262,0.32735655737704916
2026-09-23,1225,0.6552254098360656,-6.628787974571281,9.330625852551968,0.2574282786885246,0.8306864754098361
2026-09-23,1227,0.6552254098360656,-3.0874772909367576,3.893806660069828,-0.0545594262295082,0.4106045081967213
2026-09-23,1229,0.6552254098360656,-5.882352941176472,6.374998092651367,-0.1545850409836066,0.2551229508196721
2026-09-23,1231,0.6552254098360656,-2.2085927015433326,2.8858257714256283,-0.1316598360655737,0.28304303278688525
2026-09-23,1232,0.6552254098360656,-1.904761904761909,2.5889967637540456,-0.2684426229508196,0.13473360655737704
2026-09-23,1233,0.6552254098360656,-3.27586469979122,4.0998204984293105,-0.0822233606557377,0.35963114754098363
2026-09-23,1234,0.6552254098360656,-1.6369025655883829,1.8154265899294992,-0.2556352459016393,0.14523565573770492
2026-09-23,1235,0.6552254098360656,-2.389853114683571,15.20656739035044,0.0097336065573772,0.532530737704918
2026-09-23,1236,0.6552254098360656,-3.992392652167631,5.9405940594059405,-0.3903688524590164,0.06762295081967214
2026-09-23,1240,0.6552254098360656,-1.9713234572779512,3.2906749761511684,-0.2599897540983606,0.1403688524590164
2026-09-23,1256,0.6552254098360656,-14.57800511508951,17.365269461077844,-0.0883709016393442,0.34964139344262296
2026-09-23,1264,0.6552254098360656,-3.740157480314965,4.9079754601226995,-0.0258709016393442,0.45927254098360654
2026-09-23,1268,0.6552254098360656,-4.6448087431694045,8.595988538681947,0.0991290983606557,0.673155737704918
2026-09-23,1294,0.6552254098360656,-7.48174914452976,9.072975157593268,0.0700563524590163,0.6347336065573771
2026-09-23,1295,0.6552254098360656,-2.8938954869475175,5.73951949802962,0.1403688524590164,0.7197745901639344
2026-09-23,1301,0.6552254098360656,-11.376402838906396,17.43264096878562,-0.538422131147541,0.025102459016393443
2026-09-23,1303,0.6552254098360656,-9.542743538767397,20.0,-0.5222848360655737,0.027151639344262294
2026-09-23,1304,0.6552254098360656,-6.844103761509168,9.387751988002217,-0.1977459016393442,0.20491803278688525
2026-09-23,1305,0.6552254098360656,-8.015268398160625,11.618261826095567,-0.1220543032786884,0.30174180327868855
2026-09-23,1307,0.6552254098360656,-1.762824137691987,3.752044176808544,0.0468749999999999,0.6029713114754098
2026-09-23,1308,0.6552254098360656,-6.885247152359764,9.859152375599384,-0.3181352459016393,0.10502049180327869
2026-09-23,1309,0.6552254098360656,-5.782309107648221,12.274366515827756,-0.2418032786885245,0.1557377049180328
2026-09-23,1310,0.6552254098360656,-4.843916158373995,12.21719349620019,0.0978483606557376,0.670594262295082
2026-09-23,1312,0.6552254098360656,-11.51514920321377,18.49314889533816,-0.5356045081967213,0.025614754098360656
2026-09-23,1313,0.6552254098360656,-3.5714345183771035,7.818936565978047,-0.1039959016393443,0.32479508196721313
2026-09-23,1314,0.6552254098360656,-5.157892327559621,16.648168278527933,0.0514856557377048,0.6127049180327869
2026-09-23,1315,0.6552254098360656,-0.5839438333998581,5.873715256425524,-0.0466188524590164,0.42213114754098363
2026-09-23,1316,0.6552254098360656,-15.19999694824218,19.811323640523828,-0.2763831967213114,0.125
2026-09-23,1319,0.6552254098360656,-6.5243176760304,8.375641938973754,-0.15625,0.2525614754098361
2026-09-23,1321,0.6552254098360656,-4.411764705882348,6.923076923076923,-0.0553278688524589,0.4093237704918033
2026-09-23,1323,0.6552254098360656,-2.968034839508804,4.235292322495404,-0.259093237704918,0.1413934426229508
2026-09-23,1324,0.6552254098360656,-3.4951514920882554,3.621736675543002,-0.1001536885245901,0.33043032786885246
2026-09-23,1325,0.6552254098360656,-3.558055190238374,6.21359371444554,-0.3368340163934425,0.09016393442622951
2026-09-23,1326,0.6552254098360656,-16.368281230030156,27.675837999726788,-0.7502561475409836,0.007172131147540984
2026-09-23,1336,0.6552254098360656,-3.4187948729597073,9.439524222876434,-0.027279713114754,0.45594262295081966
2026-09-23,1337,0.6552254098360656,-7.453419031074782,9.843402189546726,0.2295081967213115,0.805327868852459
2026-09-23,1338,0.6552254098360656,-0.6711371164804913,5.743239302980059,0.2786885245901639,0.8493852459016393
2026-09-23,1339,0.6552254098360656,-7.166122240464102,9.122801663582786,-0.0170338114754097,0.4774590163934426
2026-09-23,1340,0.6552254098360656,-1.5009366763823362,5.142856779552642,0.0835040983606556,0.6542008196721312
2026-09-23,1341,0.6552254098360656,-0.8291874068427796,4.013374150169324,-0.138575819672131,0.2730532786885246
2026-09-23,1342,0.6552254098360656,-3.809523809523807,6.534651954575341,0.0801741803278688,0.6460040983606558
2026-09-23,1402,0.6552254098360656,-5.263161644327486,7.526883190618305,-0.0809426229508196,0.36219262295081966
2026-09-23,1409,0.6552254098360656,-10.90572620626583,13.90040838628732,-0.1675204918032786,0.2384733606557377
2026-09-23,1410,0.6552254098360656,-3.7623792591661487,5.967081516315523,-0.225922131147541,0.1675204918032787
2026-09-23,1413,0.6552254098360656,-4.14507393101009,7.567565505569027,-0.2015881147540983,0.20030737704918034
2026-09-23,1414,0.6552254098360656,-11.053991987370903,14.161854745582833,0.1631659836065573,0.7438524590163934
2026-09-23,1416,0.6552254098360656,-3.3613414399392583,6.95651510487429,0.0718493852459016,0.6378073770491803
2026-09-23,1417,0.6552254098360656,-3.2335382686072167,5.07426148664136,-0.0166495901639344,0.47899590163934425
2026-09-23,1418,0.6552254098360656,-1.6172466274887332,7.123283490742723,0.0066598360655738,0.5230532786885246
2026-09-23,1419,0.6552254098360656,-4.227407566157471,5.631654672917274,-0.2996926229508197,0.11219262295081968
2026-09-23,1423,0.6552254098360656,-4.281765757992451,6.060612399251813,-0.2238729508196721,0.16905737704918034
2026-09-23,1432,0.6552254098360656,-0.986839607977108,1.9933567238062384,-0.1066854508196721,0.3201844262295082
2026-09-23,1434,0.6552254098360656,-3.763444884855105,6.42457901138602,-0.1939036885245901,0.20876024590163936
2026-09-23,1435,0.6552254098360656,-8.401636348812481,15.659954989986632,0.2935450819672131,0.8621926229508197
2026-09-23,1436,0.6552254098360656,-7.341776014883306,9.699451871755292,0.2894467213114753,0.8586065573770492
2026-09-23,1437,0.6552254098360656,-0.7552870438814696,5.175034808388386,-0.0668545081967212,0.38934426229508196
2026-09-23,1438,0.6552254098360656,-4.615381261804597,10.539348952496455,0.2133709016393442,0.7899590163934426
2026-09-23,1439,0.6552254098360656,-6.333332061767583,8.718863806689065,-0.3335040983606557,0.09579918032786885
2026-09-23,1440,0.6552254098360656,-10.774413066455246,14.716986890109109,-0.0443135245901639,0.42674180327868855
2026-09-23,1442,0.6552254098360656,-12.989049849077682,15.827344052632943,-0.4013831967213114,0.06454918032786885
2026-09-23,1443,0.6552254098360656,-8.49802246389344,12.095029301077416,0.1103995901639344,0.6895491803278688
2026-09-23,1444,0.6552254098360656,-8.165992955959588,11.953348088407832,0.3301741803278688,0.8857581967213115
2026-09-23,1445,0.6552254098360656,-5.633797645883954,6.467657773076551,-0.126280737704918,0.2927766393442623
2026-09-23,1446,0.6552254098360656,-1.798561200438609,4.761902100333236,0.3319672131147541,0.8867827868852459
2026-09-23,1447,0.6552254098360656,-10.209790340373026,14.018692907663826,0.2628073770491803,0.8345286885245902
2026-09-23,1449,0.6552254098360656,-3.149603342816265,5.284549662201584,0.2574282786885244,0.8299180327868853
2026-09-23,1451,0.6552254098360656,-1.72413358412411,2.923976542958566,-0.1772540983606557,0.22848360655737704
2026-09-23,1452,0.6552254098360656,-6.086954863175098,6.944444321801145,-0.2179815573770491,0.18135245901639344
2026-09-23,1453,0.6552254098360656,-5.2401697623601695,6.451610918471835,-0.1798155737704918,0.22797131147540983
2026-09-23,1454,0.6552254098360656,-4.633200282876726,7.287446078792491,-0.1623975409836066,0.2459016393442623
2026-09-23,1455,0.6552254098360656,-8.207554791736449,11.202468693409296,-0.0571209016393443,0.4057377049180328
2026-09-23,1456,0.6552254098360656,-9.708737983934936,14.336917758749108,-0.1493340163934426,0.2610143442622951
2026-09-23,1457,0.6552254098360656,-1.369868203519342,2.430558269038697,-0.1949282786885247,0.20645491803278687
2026-09-23,1459,0.6552254098360656,-1.2499988079071045,5.063292285299998,-0.0266393442622949,0.4569672131147541
2026-09-23,1460,0.6552254098360656,-6.26865091661627,7.165601818966653,0.0558401639344262,0.6180840163934426
2026-09-23,1463,0.6552254098360656,-2.22222010294596,6.250002031976483,-0.1909579918032787,0.21362704918032788
2026-09-23,1464,0.6552254098360656,-3.381646073137901,4.800004959106463,0.0814549180327868,0.649077868852459
2026-09-23,1465,0.6552254098360656,-6.827304745521756,8.18965325882835,-0.126280737704918,0.2927766393442623
2026-09-23,1466,0.6552254098360656,-8.841462457272186,12.040128829600455,0.0712090163934426,0.6367827868852459
2026-09-23,1467,0.6552254098360656,-6.488996665013113,9.04584940122959,-0.0975922131147541,0.3358094262295082
2026-09-23,1468,0.6552254098360656,-4.411767387060084,8.461541395920987,-0.2786885245901639,0.12295081967213115
2026-09-23,1470,0.6552254098360656,-3.4205246214143337,5.833331743876139,-0.2013319672131147,0.20081967213114754
2026-09-23,1471,0.6552254098360656,-6.699501251803275,9.398092550716168,0.1467725409836064,0.7279713114754098
2026-09-23,1472,0.6552254098360656,-3.080311336365227,5.6753689972749815,-0.2850922131147541,0.12038934426229508
2026-09-23,1473,0.6552254098360656,-3.712871146896246,3.856040979849573,-0.2351434426229508,0.1598360655737705
2026-09-23,1474,0.6552254098360656,-5.849064310575381,8.917839520494843,-0.0192110655737705,0.4731045081967213
2026-09-23,1475,0.6552254098360656,-4.014599988263545,6.463874163141697,0.0363729508196719,0.5799180327868853
2026-09-23,1476,0.6552254098360656,-11.356466876971606,15.658362989323845,-0.0581454918032787,0.4036885245901639
2026-09-23,1477,0.6552254098360656,-3.749999999999998,5.974025974025974,0.0397028688524589,0.5888831967213115
2026-09-23,1503,0.6552254098360656,-8.604651162790699,10.178117048346056,0.0071721311475409,0.5243340163934426
2026-09-23,1504,0.6552254098360656,-8.288775835138173,9.037907748606774,-0.3250512295081967,0.1019467213114754
2026-09-23,1506,0.6552254098360656,-5.365855519364516,5.876285629199442,-0.1769979508196721,0.22925204918032788
2026-09-23,1512,0.6552254098360656,-6.948641179744131,9.25324202830431,-0.0199795081967212,0.4713114754098361
2026-09-23,1513,0.6552254098360656,-4.335260115606932,6.646525679758309,0.0163934426229508,0.5484118852459017
2026-09-23,1514,0.6552254098360656,-5.829596412556048,11.523808070591516,0.2748463114754099,0.8463114754098361
2026-09-23,1515,0.6552254098360656,-25.189875349213807,36.71743032690859,0.2528176229508197,0.8263319672131147
2026-09-23,1516,0.6552254098360656,-13.422819135597264,15.891467423889,0.0028176229508196,0.5125512295081968
2026-09-23,1517,0.6552254098360656,-9.999996682871926,11.5942006283746,-0.1923668032786885,0.21157786885245902
2026-09-23,1519,0.6552254098360656,-10.432569974554706,13.068181818181818,-0.3867827868852458,0.06967213114754098
2026-09-23,1521,0.6552254098360656,-4.945049493951748,11.560693301729904,0.0655737704918032,0.6283299180327869
2026-09-23,1522,0.6552254098360656,-8.188154421599537,14.421256506248396,0.3652663934426229,0.9129098360655737
2026-09-23,1524,0.6552254098360656,-5.765767140431444,8.030594310149189,0.1886526639344262,0.7689549180327869
2026-09-23,1525,0.6552254098360656,-4.7197705510335535,6.501555227310493,-0.1401127049180327,0.2725409836065574
2026-09-23,1526,0.6552254098360656,-11.607136572299058,15.824911565172814,-0.1228227459016393,0.3012295081967213
2026-09-23,1527,0.6552254098360656,-1.6591343180736962,3.220868407682099,-0.0760758196721311,0.3698770491803279
2026-09-23,1528,0.6552254098360656,-8.06451623929637,35.86744246555265,-0.0727459016393443,0.37628073770491804
2026-09-23,1529,0.6552254098360656,-13.498621822359736,24.203817090609313,0.4579918032786885,0.9626024590163934
2026-09-23,1530,0.6552254098360656,-9.66101824227026,10.881799850060208,-0.2984118852459017,0.11321721311475409
2026-09-23,1531,0.6552254098360656,-13.503645646361818,18.565398636656212,0.3778176229508196,0.920594262295082
2026-09-23,1532,0.6552254098360656,-3.862659433476512,4.464285790312048,-0.1182120901639344,0.30686475409836067
2026-09-23,1533,0.6552254098360656,-6.018520589827525,8.21018668213425,0.1777663934426229,0.7602459016393442
2026-09-23,1535,0.6552254098360656,-1.6129032258064502,5.2459049745987025,0.233094262295082,0.8063524590163934
2026-09-23,1536,0.6552254098360656,-11.132436481627728,13.174942925783869,-0.0768442622950819,0.367827868852459
2026-09-23,1537,0.6552254098360656,-4.1666666666666625,5.217391304347826,0.0694159836065574,0.6342213114754098
2026-09-23,1539,0.6552254098360656,-3.7267103556115178,4.193552078739289,-0.2676741803278688,0.13524590163934427
2026-09-23,1540,0.6552254098360656,-2.749996185302739,4.884322497043855,-0.0176741803278688,0.475922131147541
2026-09-23,1541,0.6552254098360656,-4.0358728669127375,8.411211538069029,0.0947745901639344,0.664702868852459
2026-09-23,1558,0.6552254098360656,-0.8849557522123908,11.160714285714286,-0.1452356557377049,0.26485655737704916
2026-09-23,1560,0.6552254098360656,-3.729838709677424,34.45026178010471,0.0292008196721311,0.5671106557377049
2026-09-23,1563,0.6552254098360656,-17.00451079344497,22.659437271571058,-0.2592213114754098,0.1408811475409836
2026-09-23,1565,0.6552254098360656,-4.950495049504955,6.145834922790527,-0.3296618852459016,0.09836065573770492
2026-09-23,1568,0.6552254098360656,-2.98273391385,12.78317414790742,0.3688524590163934,0.9154713114754098
2026-09-23,1569,0.6552254098360656,-4.668678038524076,34.834128463698455,0.0107581967213115,0.5356045081967213
2026-09-23,1570,0.6552254098360656,-3.84615167575253,6.769227247971754,0.2105532786885245,0.7873975409836066
2026-09-23,1580,0.6552254098360656,-9.813084112149529,12.02072380737937,0.117827868852459,0.6956967213114754
2026-09-23,1582,0.6552254098360656,-9.39510387268867,12.784090632003206,0.1699538934426229,0.7505122950819673
2026-09-23,1583,0.6552254098360656,-5.977704233950787,7.112067087368567,-0.1915983606557377,0.21285860655737704
2026-09-23,1584,0.6552254098360656,-3.2085580587720375,6.353599456584795,0.005122950819672,0.5184426229508197
2026-09-23,1586,0.6552254098360656,-1.3736263160442963,2.506967932104767,-0.014984631147541,0.48463114754098363
2026-09-23,1587,0.6552254098360656,-4.868149590918202,6.3965882780294425,0.056608606557377,0.6196209016393442
2026-09-23,1590,0.6552254098360656,-18.272425249169434,23.17073170731707,-0.0430327868852458,0.4287909836065574
2026-09-23,1591,0.6552254098360656,-3.0303100361747104,18.75000802370247,-0.0251024590163935,0.461577868852459
2026-09-23,1593,0.6552254098360656,-1.2364690264255351,4.06885510490656,-0.0087090163934425,0.4912909836065574
2026-09-23,1595,0.6552254098360656,-3.6809815950920255,25.85987163956758,0.1723872950819671,0.7540983606557377
2026-09-23,1597,0.6552254098360656,-18.59756097560976,23.59550561797753,-0.4577356557377049,0.04252049180327869
2026-09-23,1598,0.6552254098360656,-4.861116323451354,9.245740579414482,-0.2710040983606557,0.13140368852459017
2026-09-23,1599,0.6552254098360656,-2.736840499074833,4.329004257515841,-0.070952868852459,0.38063524590163933
2026-09-23,1603,0.6552254098360656,-3.815582619487656,5.785123966942149,0.083247950819672,0.6531762295081968
2026-09-23,1604,0.6552254098360656,-0.632917810338085,2.7600914944234956,-0.1885245901639343,0.21670081967213115
2026-09-23,1605,0.6552254098360656,-9.057066452311602,11.186898508656396,-0.2407786885245901,0.15625
2026-09-23,1608,0.6552254098360656,-8.567771367915366,10.48951048951049,-0.3251793032786885,0.1014344262295082
2026-09-23,1609,0.6552254098360656,-2.322584582913312,5.416114451001043,-0.0584016393442622,0.4026639344262295
2026-09-23,1611,0.6552254098360656,-6.1983469120263095,9.251102691142808,-0.0005122950819672,0.5069159836065574
2026-09-23,1612,0.6552254098360656,-2.6462415670223116,4.005726739106256,-0.120389344262295,0.3037909836065574
2026-09-23,1614,0.6552254098360656,-1.2678276646688746,3.531295305270999,-0.0292008196721311,0.4521004098360656
2026-09-23,1615,0.6552254098360656,-6.42701669906528,7.916185018587211,-0.1370389344262295,0.27510245901639346
2026-09-23,1616,0.6552254098360656,-8.888885121286648,13.550134941033468,0.1823770491803278,0.7638319672131147
2026-09-23,1617,0.6552254098360656,-4.275532784560565,18.85855736476543,0.3488729508196722,0.9013831967213115
2026-09-23,1618,0.6552254098360656,-5.703888944905677,7.078507356523682,-0.039702868852459,0.4349385245901639
2026-09-23,1623,0.6552254098360656,-9.090909090909092,10.75,-0.4195696721311475,0.05225409836065574
2026-09-23,1626,0.6552254098360656,-1.629326399026687,4.244304905677086,-0.0093493852459016,0.49026639344262296
2026-09-23,1702,0.6552254098360656,-1.34529372997213,4.090916026722302,-0.0414959016393442,0.43160860655737704
2026-09-23,1707,0.6552254098360656,-5.939524935885487,7.3478778851878594,-0.1211577868852459,0.30327868852459017
2026-09-23,1708,0.6552254098360656,-4.206502476161611,9.780434851136194,-0.0058913934426229,0.4956454918032787
2026-09-23,1709,0.6552254098360656,-4.356437154335547,36.645964891358126,0.0056352459016393,0.5192110655737705
2026-09-23,1710,0.6552254098360656,-2.6239000909632937,10.17963911138116,0.2361680327868852,0.8099385245901639
2026-09-23,1711,0.6552254098360656,-19.628098554749972,29.17738263138003,0.0548155737704918,0.6162909836065574
2026-09-23,1712,0.6552254098360656,-3.2687614989340585,4.50563004426863,-0.2692110655737705,0.13319672131147542
2026-09-23,1713,0.6552254098360656,-8.489522830564344,9.759034306169992,-0.0158811475409836,0.4802766393442623
2026-09-23,1714,0.6552254098360656,-14.824793312290463,24.683541591456684,0.1200051229508196,0.6977459016393442
2026-09-23,1717,0.6552254098360656,-16.842107047811584,24.472576510971574,-0.1905737704918033,0.2146516393442623
2026-09-23,1718,0.6552254098360656,-11.297066521697507,16.509433368127446,0.0120389344262294,0.539702868852459
2026-09-23,1720,0.6552254098360656,-1.9230808988573769,2.6737968641691663,-0.056608606557377,0.4072745901639344
2026-09-23,1721,0.6552254098360656,-9.124769937173994,30.32786776320454,0.1352459016393442,0.7143954918032787
2026-09-23,1722,0.6552254098360656,-7.734806629834257,8.502992184576161,-0.0379098360655737,0.43775614754098363
2026-09-23,1723,0.6552254098360656,-9.731548578462046,11.524167786180302,-0.0589139344262294,0.4021516393442623
2026-09-23,1725,0.6552254098360656,-1.7340997126628732,10.58823080623851,-0.0453381147540984,0.42469262295081966
2026-09-23,1726,0.6552254098360656,-2.290070556370205,3.255208203982981,-0.1201331967213115,0.3043032786885246
2026-09-23,1727,0.6552254098360656,0.0,26.008586310521725,0.0307377049180328,0.569672131147541
2026-09-23,1730,0.6552254098360656,-2.103247591142643,2.7343704889063467,-0.1027151639344262,0.32735655737704916
2026-09-23,1731,0.6552254098360656,-0.4739354486341551,1.666668483189174,-0.0993852459016393,0.3319672131147541
2026-09-23,1732,0.6552254098360656,-2.420855155662738,4.389311393291928,0.0263831967213115,0.5604508196721312
2026-09-23,1733,0.6552254098360656,-7.53846388596755,8.818634561767439,-0.2648565573770492,0.13780737704918034
2026-09-23,1734,0.6552254098360656,-2.1341487171393725,7.632395551563658,-0.0414959016393442,0.43160860655737704
2026-09-23,1735,0.6552254098360656,-7.744877921871174,13.827166145230516,0.1837858606557377,0.7648565573770492
2026-09-23,1736,0.6552254098360656,-5.61797752808989,9.523809523809524,0.0046106557377048,0.5174180327868853
2026-09-23,1737,0.6552254098360656,-2.7375152818250537,5.794701840364018,-0.1928790983606557,0.21029713114754098
2026-09-23,1742,0.6552254098360656,-3.0470873147256383,5.999995640345982,-0.339139344262295,0.08913934426229508
2026-09-23,1752,0.6552254098360656,-2.0312488079071045,2.870812145387541,-0.1045081967213114,0.3242827868852459
2026-09-23,1760,0.6552254098360656,-8.488964126432407,10.204081343781215,0.0968237704918032,0.6690573770491803
2026-09-23,1762,0.6552254098360656,-7.692315753797773,10.267859879805242,-0.015625,0.48206967213114754
2026-09-23,1773,0.6552254098360656,-4.899135446685876,11.212121212121213,0.0165215163934426,0.5491803278688525
2026-09-23,1776,0.6552254098360656,-4.232800281520632,10.77347411322253,-0.0947745901639344,0.34195696721311475
2026-09-23,1777,0.6552254098360656,-2.371545475060477,3.913632369225637,-0.2932889344262295,0.1168032786885246
2026-09-23,1780,0.6552254098360656,-1.9723865580905,5.83501304096839,-0.070952868852459,0.38063524590163933
2026-09-23,1781,0.6552254098360656,-7.373273388092716,9.253734204235698,0.1862192622950819,0.7679303278688525
2026-09-23,1783,0.6552254098360656,-11.807232592479288,14.754103144832388,0.110655737704918,0.6903176229508197
2026-09-23,1784,0.6552254098360656,-1.4195607322052497,9.44000244140625,0.345030737704918,0.899077868852459
2026-09-23,1785,0.6552254098360656,-8.0952380952381,11.917098445595856,0.2822745901639344,0.8539959016393442
2026-09-23,1786,0.6552254098360656,-14.512921168559345,18.72092845828034,0.2177254098360656,0.7945696721311475
2026-09-23,1788,0.6552254098360656,-2.6717557251908386,2.7450980392156863,-0.140625,0.27177254098360654
2026-09-23,1789,0.6552254098360656,-4.78589795809925,10.317464562420406,0.1316598360655737,0.711577868852459
2026-09-23,1795,0.6552254098360656,-9.643874930452055,14.616845359264966,0.0686475409836065,0.6326844262295082
2026-09-23,1796,0.6552254098360656,-2.120716563197933,5.499998728434244,-0.026639344262295,0.45645491803278687
2026-09-23,1799,0.6552254098360656,-7.096776654643399,9.02777934147992,-0.0005122950819672,0.5069159836065574
2026-09-23,1802,0.6552254098360656,-10.000002384185793,13.888889256818803,-0.09375,0.34400614754098363
2026-09-23,1805,0.6552254098360656,-1.9323744499326831,3.8423680589184896,-0.015625,0.48206967213114754
2026-09-23,1806,0.6552254098360656,-1.6009866536096262,2.5031265956738276,-0.1816086065573771,0.22489754098360656
2026-09-23,1808,0.6552254098360656,-14.131902265714446,16.92790467226877,-0.4152151639344262,0.05584016393442623
2026-09-23,1809,0.6552254098360656,-1.5513162343859133,14.303034002130682,0.4889856557377048,0.9713114754098361
2026-09-23,1810,0.6552254098360656,-13.272725885564627,17.190777005836967,-0.0056352459016393,0.4969262295081967
2026-09-23,1813,0.6552254098360656,-6.1983469120263095,8.81057239110426,0.1078381147540983,0.6857069672131147
2026-09-23,1815,0.6552254098360656,-11.111111111111116,24.4049072265625,-0.4646516393442623,0.03944672131147541
2026-09-23,1817,0.6552254098360656,-0.8610142083156802,1.8610422188551496,-0.1990266393442623,0.2038934426229508
2026-09-23,1903,0.6552254098360656,-2.9622078454332956,5.894735235916941,-0.0461065573770491,0.4239241803278688
2026-09-23,1904,0.6552254098360656,-4.238922347319141,7.64588127449571,-0.0202356557377049,0.46951844262295084
2026-09-23,1905,0.6552254098360656,-7.092198389683757,8.77863006654027,0.0448258196721311,0.5986168032786885
2026-09-23,1906,0.6552254098360656,-8.154505067571705,9.345794559118584,-0.1531762295081967,0.25665983606557374
2026-09-23,1907,0.6552254098360656,-7.629865364715416,8.26009986327428,-0.2935450819672131,0.11603483606557377
2026-09-23,1909,0.6552254098360656,-11.7903882120855,14.356433212868216,-0.2963627049180328,0.11372950819672131
2026-09-23,2002,0.6552254098360656,-3.6175749309534937,4.021447803434884,-0.2231045081967214,0.17059426229508196
2026-09-23,2006,0.6552254098360656,-3.5955021890361705,11.072260678439882,-0.0192110655737705,0.4731045081967213
2026-09-23,2007,0.6552254098360656,-2.9577470558830976,6.821477493458715,0.0998975409836065,0.6736680327868853
2026-09-23,2008,0.6552254098360656,-3.1746031746031744,3.278688524590164,-0.146516393442623,0.26383196721311475
2026-09-23,2009,0.6552254098360656,-10.972855667651835,15.6289752588517,-0.0125512295081967,0.48719262295081966
2026-09-23,2010,0.6552254098360656,-5.194808411787156,7.305937942190265,0.0505891393442623,0.6101434426229508
2026-09-23,2012,0.6552254098360656,-5.033557175848968,7.773847755832398,0.241547131147541,0.8145491803278688
2026-09-23,2013,0.6552254098360656,-2.1327049990702784,2.663443847793761,-0.1168032786885245,0.3094262295081967
2026-09-23,2014,0.6552254098360656,-4.034586441203036,6.906904774042187,0.011014344262295,0.5373975409836066
2026-09-23,2015,0.6552254098360656,-2.2831051288810356,3.2710258161135193,-0.2278432377049181,0.16547131147540983
2026-09-23,2017,0.6552254098360656,-9.849241819319252,15.2731309339512,0.1070696721311474,0.6844262295081968
2026-09-23,2020,0.6552254098360656,-3.1390084284284914,4.398142772283506,-0.1959528688524591,0.20543032786885246
2026-09-23,2022,0.6552254098360656,-7.512952583793475,8.963583731838531,-0.0158811475409836,0.4802766393442623
2026-09-23,2023,0.6552254098360656,-4.225348139821272,4.779408825722615,-0.3447745901639344,0.08529713114754098
2026-09-23,2024,0.6552254098360656,-9.8591523755994,10.93749685678636,-0.0654456967213114,0.39241803278688525
2026-09-23,2025,0.6552254098360656,-6.296299121997984,13.043475638633856,0.3865266393442623,0.9257172131147541
2026-09-23,2027,0.6552254098360656,-8.267718161451054,12.553645205310124,-0.2719006147540983,0.12961065573770492
2026-09-23,2028,0.6552254098360656,-1.5576265308998805,4.113921586605016,-0.0195952868852458,0.4718237704918033
2026-09-23,2029,0.6552254098360656,-4.687496673847891,8.66510701833708,0.1114241803278688,0.6910860655737705
2026-09-23,2030,0.6552254098360656,-7.679469401734485,28.390598516351773,0.0135758196721311,0.5440573770491803
2026-09-23,2031,0.6552254098360656,-3.407885543808853,8.269019021334547,0.0763319672131148,0.6434426229508197
2026-09-23,2032,0.6552254098360656,-1.4044944422215822,8.831904868618995,0.0491803278688525,0.6070696721311475
2026-09-23,2033,0.6552254098360656,-7.329194442085596,46.51474728243723,-0.0012807377049179,0.5058913934426229
2026-09-23,2034,0.6552254098360656,-1.7857126131349377,10.681819915771484,0.0084528688524589,0.5302254098360656
2026-09-23,2035,0.6552254098360656,-3.052065959881578,6.851853264702691,0.0414959016393442,0.5929815573770492
2026-09-23,2038,0.6552254098360656,-7.984785304335229,11.570244416473486,0.1098872950819671,0.6880122950819673
2026-09-23,2049,0.6552254098360656,-15.203145478374836,21.020092735703248,-0.2092725409836065,0.19057377049180327
2026-09-23,2059,0.6552254098360656,-16.368545393182586,25.42372881355932,0.123719262295082,0.704405737704918
2026-09-23,2061,0.6552254098360656,-2.1052644963850065,19.713261918280025,0.3790983606557376,0.9211065573770492
2026-09-23,2062,0.6552254098360656,-7.908168950213823,8.864268416059433,-0.1296106557377049,0.28688524590163933
2026-09-23,2063,0.6552254098360656,-2.8806538171541773,3.1779660503263627,-0.1580430327868852,0.2505122950819672
2026-09-23,2064,0.6552254098360656,-9.230767763577974,10.593220167754543,-0.0630122950819672,0.3975409836065574
2026-09-23,2065,0.6552254098360656,-5.645167327282663,6.837611482087115,-0.3399077868852459,0.08862704918032786
2026-09-23,2066,0.6552254098360656,-4.000001387162644,9.090907777308086,0.3117315573770491,0.8729508196721312
2026-09-23,2067,0.6552254098360656,-1.0771982213717668,18.33031192245157,0.4231557377049181,0.9467213114754098
2026-09-23,2069,0.6552254098360656,-9.618873654869164,28.71485834565769,-0.0809426229508196,0.36219262295081966
2026-09-23,2070,0.6552254098360656,-14.845941263707662,21.54605666645021,-0.0732581967213115,0.3755122950819672
2026-09-23,2072,0.6552254098360656,-15.000000000000002,18.823529411764707,0.1762295081967212,0.7581967213114754
2026-09-23,2073,0.6552254098360656,-2.631581777822422,7.722007835741785,-0.1667520491803279,0.24077868852459017
2026-09-23,2101,0.6552254098360656,-9.487956185215497,11.148088074951378,0.0302254098360655,0.5683913934426229
2026-09-23,2102,0.6552254098360656,-11.200002034505207,13.513513823122908,-0.167264344262295,0.23949795081967212
2026-09-23,2103,0.6552254098360656,-5.263161644327486,15.412190692480362,0.0819672131147539,0.6501024590163934
2026-09-23,2104,0.6552254098360656,0.0,14.420595764048674,0.0327868852459016,0.5745389344262295
2026-09-23,2105,0.6552254098360656,-4.292528930748263,5.481732574643708,-0.1095030737704918,0.3171106557377049
2026-09-23,2106,0.6552254098360656,-4.857145036969868,6.6066090490807206,-0.0896516393442622,0.3478483606557377
2026-09-23,2107,0.6552254098360656,-1.465200108823672,3.531594308783582,-0.1536885245901639,0.25563524590163933
2026-09-23,2108,0.6552254098360656,-9.73312509997112,15.826090937075406,-0.0294569672131147,0.4510758196721312
2026-09-23,2109,0.6552254098360656,-0.9999974568684732,2.6936000555892448,-0.149718237704918,0.26024590163934425
2026-09-23,2114,0.6552254098360656,-1.5317303090881418,3.555560641818577,-0.0763319672131147,0.36834016393442626
2026-09-23,2115,0.6552254098360656,-3.651114127619348,4.631580553556743,-0.3409323770491803,0.08760245901639344
2026-09-23,2201,0.6552254098360656,-8.59375,12.991450383112982,-0.6513831967213115,0.012807377049180328
2026-09-23,2204,0.6552254098360656,-4.718690646320511,6.095232282366071,0.0213883196721311,0.5537909836065574
2026-09-23,2206,0.6552254098360656,-1.3931853443343023,3.924646734783865,-0.3153176229508196,0.10655737704918032
2026-09-23,2207,0.6552254098360656,-5.109489051094895,8.269230769230768,-0.4034323770491804,0.06352459016393443
2026-09-23,2208,0.6552254098360656,-1.7543878099489207,6.37755089628354,0.0450819672131147,0.5993852459016393
2026-09-23,2211,0.6552254098360656,-4.399520826841319,5.348252911387337,0.0163934426229508,0.5484118852459017
2026-09-23,2221,0.6552254098360656,-5.934718100890213,62.08201989014442,-0.0002561475409836,0.5076844262295082
2026-09-23,2227,0.6552254098360656,-7.407404500306825,7.999996609157986,-0.1342213114754098,0.2786885245901639
2026-09-23,2228,0.6552254098360656,-3.0729853684621555,6.340813231003361,-0.0130635245901639,0.4859118852459016
2026-09-23,2230,0.6552254098360656,-11.087864689653228,13.882347555721507,0.0398309426229508,0.5901639344262295
2026-09-23,2231,0.6552254098360656,-6.256408691406246,9.846826969091186,0.3007172131147541,0.8652663934426229
2026-09-23,2233,0.6552254098360656,-8.913649025069637,15.59633027522936,0.473872950819672,0.9677254098360656
2026-09-23,2236,0.6552254098360656,-13.953488372093029,20.27027027027027,-0.0281762295081967,0.45491803278688525
2026-09-23,2237,0.6552254098360656,-4.593637003912421,5.92592310022425,0.1775102459016393,0.7597336065573771
2026-09-23,2239,0.6552254098360656,-7.80487990960842,10.58201079559348,-0.1280737704918032,0.2886782786885246
2026-09-23,2241,0.6552254098360656,-0.7954510775479373,25.658649189964574,0.1903176229508196,0.7704918032786885
2026-09-23,2243,0.6552254098360656,-8.392858505249023,30.409354202974765,0.2612704918032786,0.8335040983606558
2026-09-23,2247,0.6552254098360656,-2.3354564755838636,4.130434782608695,-0.2079918032786886,0.19211065573770492
2026-09-23,2248,0.6552254098360656,-4.031005386234254,9.04684706959154,0.136014344262295,0.7151639344262295
2026-09-23,2250,0.6552254098360656,-9.523809523809524,14.736844782243695,0.5363729508196722,0.9836065573770492
2026-09-23,2254,0.6552254098360656,-0.5740528229154385,31.98614022668817,-0.0040983606557376,0.5
2026-09-23,2258,0.6552254098360656,-4.5241775042357375,7.352941084806392,0.0062756147540983,0.5215163934426229
2026-09-23,2301,0.6552254098360656,-13.567073170731703,20.105820105820104,-0.0909323770491802,0.3457991803278688
2026-09-23,2302,0.6552254098360656,-2.3479157095996683,14.754098360655735,0.2984118852459015,0.8642418032786885
2026-09-23,2303,0.6552254098360656,-5.0445103857566735,32.1875,0.2205430327868853,0.7976434426229508
2026-09-23,2305,0.6552254098360656,-3.0487805587205763,58.176099025704694,0.0015368852459015,0.5107581967213115
2026-09-23,2308,0.6552254098360656,-3.30788804071247,21.31578947368421,0.2191342213114753,0.7961065573770492
2026-09-23,2312,0.6552254098360656,-9.198813980084108,12.091505610503331,-0.1120645491803278,0.31429303278688525
2026-09-23,2313,0.6552254098360656,-13.84615384615384,20.982142857142858,-0.4158555327868851,0.05430327868852459
2026-09-23,2314,0.6552254098360656,-6.7226828798785165,13.963956610741224,0.6265368852459017,0.9933401639344263
2026-09-23,2316,0.6552254098360656,-7.017543859649122,11.635220125786164,0.1063012295081966,0.6826331967213115
2026-09-23,2317,0.6552254098360656,-1.158301158301156,6.0546875,-0.0477715163934426,0.42059426229508196
2026-09-23,2321,0.6552254098360656,-11.22106126432232,53.6393280029297,-0.9759221311475408,0.0010245901639344263
2026-09-23,2323,0.6552254098360656,-3.1390084284284803,6.944444321801145,0.075563524590164,0.6416495901639344
2026-09-23,2324,0.6552254098360656,-12.589072278276824,14.402172138425,-0.3337602459016393,0.09528688524590163
2026-09-23,2327,0.6552254098360656,-6.065573770491806,17.277486910994764,0.3609118852459016,0.9093237704918032
2026-09-23,2328,0.6552254098360656,-3.285425592921054,8.17410278884346,0.1529200819672131,0.7323258196721312
2026-09-23,2329,0.6552254098360656,-2.0971319623384166,9.921077480417743,0.3993340163934425,0.9328893442622951
2026-09-23,2330,0.6552254098360656,-0.3984063745019917,5.4,0.0394467213114754,0.5876024590163934
2026-09-23,2331,0.6552254098360656,-7.766991999228168,11.57895138389186,0.1990266393442623,0.7771516393442623
2026-09-23,2332,0.6552254098360656,-3.546099354738985,12.254902189944811,0.0445696721311476,0.5978483606557377
2026-09-23,2337,0.6552254098360656,-9.160305343511457,14.285714285714285,0.0117827868852458,0.5389344262295082
2026-09-23,2338,0.6552254098360656,-14.770640801945955,36.06027927854016,-0.1239754098360655,0.29661885245901637
2026-09-23,2340,0.6552254098360656,-7.908849392169392,19.213970210489116,0.2815061475409837,0.8534836065573771
2026-09-23,2342,0.6552254098360656,0.0,20.604098277139453,0.4123975409836065,0.9400614754098361
2026-09-23,2344,0.6552254098360656,-10.15625,19.420289855072465,0.0820952868852458,0.6511270491803278
2026-09-23,2345,0.6552254098360656,-15.436241610738255,23.544973544973544,0.3194159836065574,0.8796106557377049
2026-09-23,2347,0.6552254098360656,-0.3164589051690258,10.264555108610269,0.0957991803278688,0.6675204918032787
2026-09-23,2348,0.6552254098360656,-7.594936708860756,13.561645925861516,-0.0202356557377049,0.46951844262295084
2026-09-23,2349,0.6552254098360656,-9.210519931542882,12.560378639096628,0.2566598360655738,0.8288934426229508
2026-09-23,2351,0.6552254098360656,-12.062256809338525,19.469026548672566,-0.7336065573770492,0.008709016393442622
2026-09-23,2352,0.6552254098360656,-2.8475724308445582,6.896551724137931,-0.1170594262295082,0.3086577868852459
2026-09-23,2353,0.6552254098360656,-4.53857801702452,7.923930461029451,-0.3424692622950819,0.08709016393442623
2026-09-23,2354,0.6552254098360656,-4.492751411769702,11.229137108552155,-0.2548668032786885,0.14600409836065573
2026-09-23,2355,0.6552254098360656,-8.571431925008588,12.62019277059822,0.209016393442623,0.7863729508196722
2026-09-23,2356,0.6552254098360656,-10.81871543976376,12.950822173571977,-0.1019467213114753,0.32940573770491804
2026-09-23,2357,0.6552254098360656,-6.9902912621359174,13.569937369519833,-0.2615266393442623,0.13934426229508196
2026-09-23,2359,0.6552254098360656,-15.51155115511551,20.703125,-0.1234631147540983,0.2989241803278688
2026-09-23,2360,0.6552254098360656,-8.464566929133854,27.311827956989248,-0.1306352459016394,0.2853483606557377
2026-09-23,2362,0.6552254098360656,-4.308620160590337,7.6439822531495425,-0.1331967213114753,0.2807377049180328
2026-09-23,2363,0.6552254098360656,-6.0317448207310225,22.466214637934005,0.419825819672131,0.9451844262295082
2026-09-23,2364,0.6552254098360656,-6.4999920380418015,14.040858570364303,0.2257940573770491,0.8017418032786885
2026-09-23,2365,0.6552254098360656,-8.520898990436088,14.23550451951107,0.4441598360655737,0.9585040983606558
2026-09-23,2367,0.6552254098360656,-10.515016891905717,16.906472681233563,0.4810450819672131,0.9707991803278688
2026-09-23,2368,0.6552254098360656,-8.433734939759042,25.877192982456144,0.2287397540983606,0.8043032786885246
2026-09-23,2369,0.6552254098360656,-5.803568286149541,15.323850023939784,0.4997438524590165,0.9764344262295082
2026-09-23,2371,0.6552254098360656,-4.448106637566873,10.517245325548895,-0.0648053278688525,0.39395491803278687
2026-09-23,2373,0.6552254098360656,-1.3011166781899397,2.6365306052954898,0.0455942622950819,0.5998975409836066
2026-09-23,2374,0.6552254098360656,-7.9387247010669455,9.22845120171046,-0.0412397540983606,0.4323770491803279
2026-09-23,2375,0.6552254098360656,-17.48251748251748,24.152542372881356,0.0030737704918032,0.5138319672131147
2026-09-23,2376,0.6552254098360656,-2.92553191489362,9.58904109589041,0.0099897540983606,0.5335553278688525
2026-09-23,2377,0.6552254098360656,-7.926829268292678,13.245033112582782,-0.6202612704918034,0.013831967213114754
2026-09-23,2379,0.6552254098360656,-4.156171284634757,14.98028909329829,0.290983606557377,0.8596311475409836
2026-09-23,2380,0.6552254098360656,-14.358970446464348,21.556887526968435,0.0883709016393442,0.6572745901639344
2026-09-23,2382,0.6552254098360656,-2.8449502133712667,7.46705710102489,-0.1124487704918033,0.3135245901639344
2026-09-23,2383,0.6552254098360656,-15.771812080536918,26.394422310756973,-0.0786372950819672,0.36577868852459017
2026-09-23,2385,0.6552254098360656,-6.726457399103136,9.134615384615383,-0.2688268442622951,0.13422131147540983
2026-09-23,2387,0.6552254098360656,-1.2016041489237406,4.594596656593117,0.1278176229508196,0.7097848360655737
2026-09-23,2388,0.6552254098360656,-14.69879150390625,19.20903656484155,-0.335297131147541,0.09221311475409837
2026-09-23,2390,0.6552254098360656,-6.018523710418233,9.753692692862552,0.3966444672131147,0.9313524590163934
2026-09-23,2392,0.6552254098360656,-13.271599075618768,19.572953028091195,-0.149077868852459,0.2617827868852459
2026-09-23,2393,0.6552254098360656,-7.302530287048303,9.80707138150977,0.048155737704918,0.6060450819672131
2026-09-23,2395,0.6552254098360656,-3.576341127922966,11.697574893009984,-0.1554815573770491,0.2530737704918033
2026-09-23,2397,0.6552254098360656,-3.2710258161135153,8.856676844516745,0.1513831967213115,0.7300204918032787
2026-09-23,2399,0.6552254098360656,-7.647061815448842,14.331210655365012,0.0425204918032786,0.5968237704918032
2026-09-23,2401,0.6552254098360656,-3.3834571639977717,11.284044873306785,0.391905737704918,0.9287909836065574
2026-09-23,2402,0.6552254098360656,-15.189876855899998,19.029852711402913,0.0281762295081967,0.5648053278688525
2026-09-23,2404,0.6552254098360656,0.0,20.64,0.2471823770491803,0.8189036885245902
2026-09-23,2405,0.6552254098360656,-4.153352296319834,7.333329518636056,0.287141393442623,0.8565573770491803
2026-09-23,2406,0.6552254098360656,-3.5483883273216943,17.224079211488032,0.5158811475409835,0.9810450819672131
2026-09-23,2408,0.6552254098360656,-9.490333919156411,20.097087378640776,-0.1769979508196721,0.22925204918032788
2026-09-23,2409,0.6552254098360656,-5.320602133024577,32.99711962879368,0.0258709016393443,0.5599385245901639
2026-09-23,2412,0.6552254098360656,0.0,7.216494845360824,-0.0914446721311476,0.3452868852459016
2026-09-23,2413,0.6552254098360656,-10.616439385180554,32.279697399509224,-0.4267418032786886,0.04918032786885246
2026-09-23,2414,0.6552254098360656,-0.7476664035119707,3.5781574020287295,0.1101434426229507,0.6890368852459017
2026-09-23,2415,0.6552254098360656,-10.499998728434246,12.662940671229006,-0.0420081967213115,0.4298155737704918
2026-09-23,2417,0.6552254098360656,-14.09691918673346,19.48718535594451,0.5074282786885246,0.9789959016393442
2026-09-23,2419,0.6552254098360656,-5.383359344424665,19.82758620689655,0.0084528688524589,0.5302254098360656
2026-09-23,2420,0.6552254098360656,-3.0685933503906804,4.655493416166488,-0.0681352459016393,0.3865266393442623
2026-09-23,2421,0.6552254098360656,-11.413043478260864,19.6319018404908,-0.4444159836065574,0.045081967213114756
2026-09-23,2423,0.6552254098360656,-4.890599191264511,8.660343388820056,-0.0440573770491803,0.42751024590163933
2026-09-23,2424,0.6552254098360656,-7.53424463661635,13.33333765037736,0.0128073770491803,0.5427766393442623
2026-09-23,2425,0.6552254098360656,-4.0103570260404116,9.164424974978258,0.2402663934426229,0.813780737704918
2026-09-23,2426,0.6552254098360656,-11.89188914256054,23.108382176798813,-0.483094262295082,0.03637295081967213
2026-09-23,2427,0.6552254098360656,-4.276982768600146,11.702127659574469,-0.2588370901639344,0.14241803278688525
2026-09-23,2428,0.6552254098360656,-4.323308270676696,8.447937131630647,0.1234631147540984,0.7023565573770492
2026-09-23,2429,0.6552254098360656,-13.38028169014085,17.88617886178862,0.3555327868852459,0.90625
2026-09-23,2430,0.6552254098360656,-0.2754778959306425,3.5911580377408434,-0.0719774590163935,0.3780737704918033
2026-09-23,2431,0.6552254098360656,-5.607471387764596,9.900989725056649,0.3214651639344262,0.8814036885245902
2026-09-23,2432,0.6552254098360656,-3.0249123485074803,4.403672524548452,-0.0988729508196721,0.3332479508196721
2026-09-23,2433,0.6552254098360656,-3.708132213759208,4.472047793939247,-0.0445696721311475,0.4257172131147541
2026-09-23,2434,0.6552254098360656,-7.671230786467253,32.34421178564843,-0.0471311475409835,0.42161885245901637
2026-09-23,2436,0.6552254098360656,-4.657536336820423,12.7873587945381,-0.065061475409836,0.39344262295081966
2026-09-23,2438,0.6552254098360656,-14.130434782608692,26.329117787035205,-0.1908299180327869,0.21413934426229508
2026-09-23,2439,0.6552254098360656,-3.345721251977074,8.076917208158054,0.3340163934426229,0.8878073770491803
2026-09-23,2440,0.6552254098360656,-6.2091490027589735,11.498261521548464,0.2087602459016393,0.7858606557377049
2026-09-23,2441,0.6552254098360656,-4.942965779467679,17.599999999999998,0.3122438524590164,0.8739754098360656
2026-09-23,2442,0.6552254098360656,-21.2892619099873,30.4838943418012,0.3419569672131148,0.8965163934426229
2026-09-23,2444,0.6552254098360656,-3.5483883273216943,31.438126215575945,0.0448258196721311,0.5986168032786885
2026-09-23,2449,0.6552254098360656,-7.878787878787874,28.618421052631575,0.2028688524590164,0.7802254098360656
2026-09-23,2450,0.6552254098360656,-0.5272461225178771,1.413432991740439,-0.1421618852459016,0.2694672131147541
2026-09-23,2451,0.6552254098360656,-6.568144499178985,12.126537785588752,-0.1242315573770491,0.29610655737704916
2026-09-23,2453,0.6552254098360656,-4.626338529398932,8.395522627062517,-0.2174692622950819,0.18237704918032788
2026-09-23,2454,0.6552254098360656,-5.383211678832112,32.01542912246866,-0.0012807377049179,0.5058913934426229
2026-09-23,2455,0.6552254098360656,-6.440677966101694,29.6195652173913,-0.1298668032786885,0.2863729508196721
2026-09-23,2457,0.6552254098360656,-6.118146482116882,12.13483488961552,0.3109631147540983,0.8719262295081968
2026-09-23,2458,0.6552254098360656,-8.833922261484094,13.178294573643411,0.3324795081967213,0.8872950819672131
2026-09-23,2459,0.6552254098360656,-2.823181931236596,3.516824156109074,-0.2046618852459016,0.19467213114754098
2026-09-23,2460,0.6552254098360656,-8.469545793709798,18.344161252706986,0.1721311475409835,0.7535860655737705
2026-09-23,2461,0.6552254098360656,-7.387870551524678,9.686614454942772,-0.2168288934426229,0.18288934426229508
2026-09-23,2462,0.6552254098360656,-4.784689082546123,11.05527084303182,0.4018954918032787,0.9344262295081968
2026-09-23,2464,0.6552254098360656,-12.94642857142857,26.153846153846157,-0.1037397540983606,0.3255635245901639
2026-09-23,2465,0.6552254098360656,-17.023258652797967,22.53363134730151,-0.486936475409836,0.03483606557377049
2026-09-23,2466,0.6552254098360656,-5.41666666666667,22.290751587451805,-0.0028176229508196,0.5035860655737705
2026-09-23,2467,0.6552254098360656,-18.818040435458784,24.521072796934863,0.1091188524590164,0.6869877049180327
2026-09-23,2468,0.6552254098360656,-8.088978641629907,38.063804063051194,-0.0686475409836065,0.38524590163934425
2026-09-23,2471,0.6552254098360656,-4.074075486924911,9.555986169586566,-0.1434426229508195,0.26793032786885246
2026-09-23,2472,0.6552254098360656,-11.81262729124236,18.706697459584294,0.4044569672131148,0.9369877049180327
2026-09-23,2474,0.6552254098360656,-2.564102564102566,5.980861244019139,-0.1267930327868852,0.29098360655737704
2026-09-23,2476,0.6552254098360656,-6.153846153846154,12.295081967213116,0.3142930327868852,0.8755122950819673
2026-09-23,2477,0.6552254098360656,-2.34542058215369,14.19213997440488,0.0225409836065575,0.5548155737704918
2026-09-23,2478,0.6552254098360656,-12.132352941176473,18.410041841004183,0.0389344262295082,0.586577868852459
2026-09-23,2480,0.6552254098360656,-3.59281437125748,8.385093167701864,-0.1413934426229508,0.2699795081967213
2026-09-23,2481,0.6552254098360656,-4.41988950276243,20.520231213872833,0.2159323770491803,0.7935450819672131
2026-09-23,2482,0.6552254098360656,-3.273805131176777,7.999995304987981,0.033811475409836,0.576844262295082
2026-09-23,2483,0.6552254098360656,-15.58441558441559,27.38461421086238,0.6080942622950819,0.9907786885245902
2026-09-23,2484,0.6552254098360656,-8.186397827563585,20.16461491076696,0.4313524590163935,0.9523565573770492
2026-09-23,2485,0.6552254098360656,-14.01971809847752,20.63694850654359,0.2471823770491803,0.8189036885245902
2026-09-23,2486,0.6552254098360656,-24.55284552845528,34.26724137931034,-0.0676229508196721,0.3885758196721312
2026-09-23,2488,0.6552254098360656,-1.4056240435010303,3.5641548969138244,0.0942622950819671,0.663422131147541
2026-09-23,2489,0.6552254098360656,-9.780221457009786,22.65529697906637,-0.0627561475409835,0.3980532786885246
2026-09-23,2491,0.6552254098360656,-28.812055958090276,44.33375435934846,-0.2207991803278688,0.17494877049180327
2026-09-23,2492,0.6552254098360656,-11.046511627906971,25.98039215686275,-0.2651127049180327,0.1367827868852459
2026-09-23,2493,0.6552254098360656,-4.600484261501214,19.796954314720814,0.4321209016393443,0.9538934426229508
2026-09-23,2495,0.6552254098360656,-3.358214585067698,11.068209539119747,0.4597848360655737,0.9636270491803278
2026-09-23,2496,0.6552254098360656,-1.7953321118540422,2.3765982064507156,-0.0376536885245901,0.4385245901639344
2026-09-23,2497,0.6552254098360656,-6.66666338520665,9.907831995112968,0.2000512295081967,0.7781762295081968
2026-09-23,2498,0.6552254098360656,-5.34090562300249,11.524607589937553,0.1480532786885245,0.7284836065573771
2026-09-23,2501,0.6552254098360656,-8.81720101961525,11.32075251018767,0.0284323770491803,0.5660860655737705
2026-09-23,2504,0.6552254098360656,-3.565890290016349,5.627009577281871,0.1052766393442622,0.6813524590163934
2026-09-23,2505,0.6552254098360656,-3.380283839266063,6.122444667147637,-0.1696977459016393,0.23668032786885246
2026-09-23,2506,0.6552254098360656,-3.5469047375355056,6.405693265769903,-0.2738217213114754,0.1285860655737705
2026-09-23,2509,0.6552254098360656,-7.961783536215905,11.418682631900914,-0.1821209016393443,0.22438524590163936
2026-09-23,2511,0.6552254098360656,-2.552207307999743,4.523811091641521,-0.2197745901639344,0.17802254098360656
2026-09-23,2514,0.6552254098360656,-3.734438192051947,5.6034530243889185,0.1680327868852459,0.7494877049180327
2026-09-23,2515,0.6552254098360656,-4.4000015258789045,6.694562372416131,-0.0263831967213113,0.45799180327868855
2026-09-23,2516,0.6552254098360656,-1.66112954705413,7.770274036378176,-0.1098872950819672,0.3165983606557377
2026-09-23,2520,0.6552254098360656,-6.69191366992965,12.855209477462884,-0.2218237704918032,0.1726434426229508
2026-09-23,2524,0.6552254098360656,-6.666666666666665,12.428567068917411,0.1388319672131147,0.7182377049180327
2026-09-23,2527,0.6552254098360656,-1.02249485561956,13.636367935421276,0.0204918032786886,0.5522540983606558
2026-09-23,2528,0.6552254098360656,-4.56730235786813,7.808560238152411,-0.0292008196721311,0.4521004098360656
2026-09-23,2530,0.6552254098360656,-5.176472383386943,12.406948125700998,-0.0358606557377049,0.4421106557377049
2026-09-23,2534,0.6552254098360656,-4.237287952949487,6.19469673833271,-0.1018186475409835,0.32991803278688525
2026-09-23,2535,0.6552254098360656,-2.176278527521902,4.338155127568312,-0.0125512295081968,0.48668032786885246
2026-09-23,2536,0.6552254098360656,-8.490571130336145,13.144336054385786,0.3908811475409835,0.9272540983606558
2026-09-23,2537,0.6552254098360656,-5.78513008984245,9.210528297107388,-0.0312499999999998,0.44723360655737704
2026-09-23,2538,0.6552254098360656,-5.245896855167597,7.958472598748169,0.110655737704918,0.6903176229508197
2026-09-23,2539,0.6552254098360656,-3.4578145151810125,6.303726838831561,0.0327868852459016,0.5745389344262295
2026-09-23,2540,0.6552254098360656,-8.055552729853876,14.904332927405504,0.0750512295081966,0.6401127049180327
2026-09-23,2542,0.6552254098360656,-19.12065848069584,25.031609903552297,-0.2202868852459016,0.17674180327868852
2026-09-23,2543,0.6552254098360656,-5.198025271046502,8.355093542255243,-0.4089395491803278,0.060450819672131145
2026-09-23,2545,0.6552254098360656,-6.077350045781637,9.558823529411764,0.1538165983606557,0.7336065573770492
2026-09-23,2546,0.6552254098360656,-3.1963470319634757,8.49056603773585,-0.2543545081967214,0.14651639344262296
2026-09-23,2547,0.6552254098360656,-2.549021899448134,6.036211802055947,0.2123463114754098,0.7891905737704918
2026-09-23,2548,0.6552254098360656,-5.273830657925416,7.6017113042057645,-0.0079405737704917,0.4923155737704918
2026-09-23,2596,0.6552254098360656,-4.761904761904767,7.714287894112723,-0.4254610655737705,0.050204918032786885
2026-09-23,2597,0.6552254098360656,-3.7142857142857144,5.044510385756676,-0.2881659836065574,0.11936475409836066
2026-09-23,2603,0.6552254098360656,-1.0183299389002087,8.23045267489712,-0.1608606557377049,0.2492315573770492
2026-09-23,2605,0.6552254098360656,-4.139721153043274,11.470985391408025,-0.2392418032786885,0.1572745901639344
2026-09-23,2606,0.6552254098360656,-6.119951268991541,15.254233916250929,-0.5571209016393442,0.022540983606557378
2026-09-23,2607,0.6552254098360656,-0.5555541427047173,4.283052522129329,-0.2356557377049181,0.15881147540983606
2026-09-23,2608,0.6552254098360656,-1.7064846860731953,3.124998758236534,-0.133452868852459,0.2802254098360656
2026-09-23,2609,0.6552254098360656,-5.071310658675509,12.186976713025109,-0.3542520491803279,0.08247950819672131
2026-09-23,2610,0.6552254098360656,-2.6190439860026005,5.378974769835725,0.2174692622950819,0.7940573770491803
2026-09-23,2611,0.6552254098360656,-8.709679880449862,12.720849747427945,0.0035860655737704,0.5148565573770492
2026-09-23,2612,0.6552254098360656,-5.882354971890913,12.339750623953632,-0.5586577868852459,0.021004098360655737
2026-09-23,2613,0.6552254098360656,-5.106386225274273,7.623322067716525,-0.136654713114754,0.2761270491803279
2026-09-23,2614,0.6552254098360656,-1.8766776870170696,5.464481102134876,0.1116803278688524,0.6918545081967213
2026-09-23,2615,0.6552254098360656,-9.199999999999998,16.299559471365637,-0.5174180327868854,0.028688524590163935
2026-09-23,2616,0.6552254098360656,-2.573532144503543,2.641512312979082,-0.1549692622950819,0.2540983606557377
2026-09-23,2617,0.6552254098360656,-5.467630290299008,13.54642608718877,-0.4067622950819672,0.0625
2026-09-23,2618,0.6552254098360656,-1.4942563813308165,6.184367841878345,0.1201331967213115,0.6985143442622951
2026-09-23,2630,0.6552254098360656,-16.576577951242257,20.08639177172258,-0.0837602459016393,0.35604508196721313
2026-09-23,2633,0.6552254098360656,-3.2136119355456128,3.515630908077495,-0.2307889344262295,0.16239754098360656
2026-09-23,2634,0.6552254098360656,-16.666666666666664,20.8,-0.3880635245901639,0.06915983606557377
2026-09-23,2636,0.6552254098360656,-0.8403339794098241,4.661021058636636,-0.0906762295081966,0.3463114754098361
2026-09-23,2637,0.6552254098360656,-4.285714285714281,14.82587216505364,-0.6011782786885247,0.01485655737704918
2026-09-23,2640,0.6552254098360656,-10.511363636363637,14.285714285714285,-0.2159323770491803,0.1834016393442623
2026-09-23,2641,0.6552254098360656,-5.913980424245602,7.714287894112723,-0.2248975409836066,0.1680327868852459
2026-09-23,2642,0.6552254098360656,-2.3923445412730615,4.166668614530911,0.0345799180327869,0.5773565573770492
2026-09-23,2643,0.6552254098360656,-0.9448794868048728,2.5437177031908456,-0.2008196721311475,0.2021004098360656
2026-09-23,2645,0.6552254098360656,-8.994708994709,11.046511627906977,0.1785348360655738,0.7607581967213115
2026-09-23,2646,0.6552254098360656,-7.077622210317502,9.336607287046403,0.0458504098360655,0.6006659836065574
2026-09-23,2701,0.6552254098360656,-4.2056057690345146,4.878048780487805,-0.123719262295082,0.29713114754098363
2026-09-23,2702,0.6552254098360656,-1.1582982296490465,3.515623457497009,-0.1278176229508196,0.29021516393442626
2026-09-23,2704,0.6552254098360656,-2.37580667871935,4.4247786863752605,-0.3345286885245901,0.0934938524590164
2026-09-23,2705,0.6552254098360656,-4.716981245244378,5.940591691035186,-0.0571209016393442,0.40650614754098363
2026-09-23,2706,0.6552254098360656,-3.96825384811359,4.132231274684203,-0.0335553278688524,0.444672131147541
2026-09-23,2707,0.6552254098360656,-1.933701657458564,2.8169014084507045,-0.1027151639344262,0.32735655737704916
2026-09-23,2712,0.6552254098360656,-7.876716042173316,9.665429064462511,-0.1547131147540983,0.2546106557377049
2026-09-23,2718,0.6552254098360656,-10.264895782553165,14.760147047424429,0.4164959016393442,0.9415983606557377
2026-09-23,2719,0.6552254098360656,-5.09709283963744,7.672634570524585,0.3396516393442622,0.8939549180327869
2026-09-23,2722,0.6552254098360656,-4.729734722180934,5.673762574861181,0.0658299180327868,0.6290983606557377
2026-09-23,2723,0.6552254098360656,-6.666664850144155,10.33163050570526,-0.2036372950819671,0.19672131147540983
2026-09-23,2724,0.6552254098360656,-5.019302147519944,23.170726695941095,0.1383196721311476,0.7177254098360656
2026-09-23,2726,0.6552254098360656,-7.471260146903114,9.813663889875142,-0.0051229508196721,0.4984631147540984
2026-09-23,2727,0.6552254098360656,-2.3354564755838636,4.130434782608695,0.1618852459016393,0.7412909836065574
2026-09-23,2729,0.6552254098360656,-3.076923076923077,8.253968253968253,0.0573770491803279,0.6219262295081968
2026-09-23,2731,0.6552254098360656,-0.6872852233676952,4.498269896193772,0.1390881147540984,0.71875
2026-09-23,2732,0.6552254098360656,-2.2556390977443663,7.230770404522236,0.1338370901639344,0.7126024590163934
2026-09-23,2734,0.6552254098360656,-3.6544862708603576,4.482762566928218,-0.0463627049180327,0.42264344262295084
2026-09-23,2736,0.6552254098360656,-9.274190757326627,10.222218831380191,-0.0788934426229508,0.36526639344262296
2026-09-23,2739,0.6552254098360656,-5.655528731729909,6.6757512588760575,-0.1670081967213115,0.24026639344262296
2026-09-23,2740,0.6552254098360656,-4.043549246374855,13.45219278626536,-0.3821721311475409,0.0706967213114754
2026-09-23,2743,0.6552254098360656,-11.764706982323304,18.88889030173973,0.6196209016393442,0.9923155737704918
2026-09-23,2745,0.6552254098360656,-5.561735167001847,7.656065822353011,0.2333504098360655,0.8068647540983607
2026-09-23,2748,0.6552254098360656,-3.1328319603929233,4.010357026040415,-0.271516393442623,0.13063524590163936
2026-09-23,2751,0.6552254098360656,-1.981981981981984,7.720589637756348,0.0286885245901638,0.5665983606557377
2026-09-23,2752,0.6552254098360656,-1.3812154696132617,4.481792717086835,-0.2184938524590163,0.18084016393442623
2026-09-23,2753,0.6552254098360656,-1.3698630136986356,3.3333333333333335,0.0073002049180328,0.5256147540983607
2026-09-23,2754,0.6552254098360656,-2.418214087963988,4.518959435086697,-0.167264344262295,0.23949795081967212
2026-09-23,2755,0.6552254098360656,-3.864734299516903,5.628139169970948,0.2307889344262295,0.8058401639344263
2026-09-23,2756,0.6552254098360656,-3.0816640261595363,6.995232780826907,-0.3629610655737704,0.0783811475409836
2026-09-23,2762,0.6552254098360656,-8.799996512276786,10.651628665335952,0.0245901639344262,0.5586577868852459
2026-09-23,2801,0.6552254098360656,-6.3865533395975564,20.82584975804752,-0.4933401639344262,0.03381147540983607
2026-09-23,2812,0.6552254098360656,-2.791883873648715,4.960839591976785,-0.3376024590163934,0.08965163934426229
2026-09-23,2816,0.6552254098360656,-2.2946877486118233,9.76514385274986,-0.1034836065573771,0.32633196721311475
2026-09-23,2820,0.6552254098360656,-1.9886384879754135,6.666664455247961,-0.1731557377049181,0.23309426229508196
2026-09-23,2832,0.6552254098360656,-4.462811178412318,8.131489316570576,-0.0965676229508197,0.33811475409836067
2026-09-23,2834,0.6552254098360656,-4.787232207733815,13.687144736330357,-0.5407274590163935,0.02459016393442623
2026-09-23,2836,0.6552254098360656,-3.5714345183771035,6.172839699979546,-0.4136782786885246,0.0584016393442623
2026-09-23,2838,0.6552254098360656,-3.19634186202693,8.726416579681375,-0.3347848360655737,0.09272540983606557
2026-09-23,2845,0.6552254098360656,-3.610108203816098,7.116110380476777,-0.4702868852459017,0.03790983606557377
2026-09-23,2849,0.6552254098360656,-2.147235853849816,14.10657726164166,-0.5046106557377048,0.030737704918032786
2026-09-23,2850,0.6552254098360656,-4.8048048048048075,7.255520504731862,-0.0665983606557376,0.3901127049180328
2026-09-23,2851,0.6552254098360656,-1.134019045485668,8.86339923332144,-0.0614754098360654,0.39984631147540983
2026-09-23,2852,0.6552254098360656,-4.258943726587461,5.871884683739541,0.0359887295081967,0.5783811475409836
2026-09-23,2855,0.6552254098360656,-3.3500837092812263,21.3171561081864,0.0074282786885246,0.5266393442622951
2026-09-23,2880,0.6552254098360656,-5.175983518612048,19.54148670748726,-0.508452868852459,0.02971311475409836
2026-09-23,2881,0.6552254098360656,-2.2364217252396124,12.091503267973856,-0.336577868852459,0.09067622950819672
2026-09-23,2882,0.6552254098360656,-4.700854700854706,13.004484304932737,-0.4715676229508196,0.03739754098360656
2026-09-23,2883,0.6552254098360656,-3.5539235050336737,21.98220596341419,-0.3082735655737705,0.1096311475409836
2026-09-23,2884,0.6552254098360656,-3.69588185088634,20.285088398083083,-0.5066598360655737,0.030225409836065573
2026-09-23,2885,0.6552254098360656,-2.9288682894045515,12.356319917620077,-0.3963883196721312,0.06608606557377049
2026-09-23,2886,0.6552254098360656,-5.482044314233548,13.600006103515623,-0.5573770491803278,0.022028688524590164
2026-09-23,2887,0.6552254098360656,-4.129460950058883,18.277062478878168,-0.5696721311475409,0.0194672131147541
2026-09-23,2889,0.6552254098360656,-4.000004359654019,12.797617358144905,-0.5268954918032787,0.02663934426229508
2026-09-23,2890,0.6552254098360656,-2.8047449403615032,16.204216116956502,-0.3780737704918032,0.07172131147540983
2026-09-23,2891,0.6552254098360656,-4.305553436279297,12.33671961067721,-0.2658811475409836,0.13601434426229508
2026-09-23,2892,0.6552254098360656,-2.686208225455966,19.196993271773593,-0.3724385245901639,0.07377049180327869
2026-09-23,2897,0.6552254098360656,-2.202643097776069,9.459460852701673,-0.3447745901639344,0.08529713114754098
2026-09-23,2901,0.6552254098360656,-14.365666357173248,19.607842485420623,-0.1874999999999999,0.2182377049180328
2026-09-23,2903,0.6552254098360656,-1.7660027605608808,4.044942105754038,-0.0445696721311474,0.4262295081967213
2026-09-23,2904,0.6552254098360656,-3.831417568522233,4.7808794609635274,0.0594262295081967,0.6234631147540983
2026-09-23,2905,0.6552254098360656,-1.8421072708933008,10.723860809159692,-0.2745901639344262,0.12704918032786885
2026-09-23,2906,0.6552254098360656,-5.614036426209568,6.319705528056581,-0.116547131147541,0.31019467213114754
2026-09-23,2908,0.6552254098360656,-1.9911537847071004,4.288942570205285,-0.2717725409836066,0.13012295081967212
2026-09-23,2910,0.6552254098360656,-5.210425269165486,7.610998619208606,-0.0496926229508196,0.4177766393442623
2026-09-23,2911,0.6552254098360656,-7.819548473221216,8.482870656095248,-0.1063012295081967,0.3212090163934426
2026-09-23,2912,0.6552254098360656,-4.697986577181212,4.929577464788732,-0.1375512295081967,0.274077868852459
2026-09-23,2913,0.6552254098360656,-2.1929825295224914,4.9327287522637695,-0.0420081967213114,0.430327868852459
2026-09-23,2915,0.6552254098360656,-0.3316762279766849,7.487520988769557,0.0543032786885244,0.6152663934426229
2026-09-23,2916,0.6552254098360656,-0.9815988365126538,2.1065638321306244,-0.1915983606557377,0.21285860655737704
2026-09-23,2923,0.6552254098360656,-9.02654597189574,22.37354019184216,0.1339651639344262,0.7131147540983607
2026-09-23,2924,0.6552254098360656,0.0,20.209971558977724,0.0568647540983606,0.6209016393442623
2026-09-23,2926,0.6552254098360656,-3.833862251887754,5.980063834712338,0.056608606557377,0.6196209016393442
2026-09-23,2929,0.6552254098360656,-5.3658523347769,10.996560955476763,-0.2008196721311475,0.2021004098360656
2026-09-23,2938,0.6552254098360656,-26.274509803921564,39.36170212765956,-0.0202356557377049,0.46951844262295084
2026-09-23,2939,0.6552254098360656,-6.666664850144155,9.438777272773718,-0.1890368852459016,0.21618852459016394
2026-09-23,2941,0.6552254098360656,-7.227140568324597,13.354533103505409,-0.0755635245901639,0.3719262295081967
2026-09-23,2945,0.6552254098360656,-2.4390243902439046,5.874996185302734,0.0641649590163935,0.6260245901639344
2026-09-23,2947,0.6552254098360656,-3.668260301553339,4.470199825711287,-0.0381659836065573,0.4369877049180328
2026-09-23,2948,0.6552254098360656,-3.381012252966109,6.3257124960851865,-0.3773053278688524,0.07223360655737705
2026-09-23,3002,0.6552254098360656,-11.475413204516284,24.86772940636144,0.3668032786885246,0.9139344262295082
2026-09-23,3003,0.6552254098360656,-19.94535393825818,30.204773735717502,0.2494877049180327,0.8212090163934426
2026-09-23,3004,0.6552254098360656,-8.527131782945741,12.71186440677966,0.0397028688524589,0.5888831967213115
2026-09-23,3005,0.6552254098360656,-2.083333333333337,6.808510638297872,-0.0760758196721311,0.3698770491803279
2026-09-23,3006,0.6552254098360656,-14.10658307210031,20.437956204379564,-0.7338627049180327,0.00819672131147541
2026-09-23,3008,0.6552254098360656,-22.576610381488425,33.360258481421646,-0.5914446721311475,0.01639344262295082
2026-09-23,3010,0.6552254098360656,-5.303030303030298,7.6,0.1260245901639344,0.7072233606557377
2026-09-23,3011,0.6552254098360656,-8.18604757619459,15.704156116584029,0.4395491803278688,0.9549180327868853
2026-09-23,3013,0.6552254098360656,-8.269856744214465,12.336893415642702,0.0417520491803278,0.5942622950819673
2026-09-23,3014,0.6552254098360656,-0.694444444444442,10.839160839160838,0.3460553278688525,0.9001024590163934
2026-09-23,3015,0.6552254098360656,-3.442031702207049,8.818012814663325,0.4100922131147541,0.938780737704918
2026-09-23,3016,0.6552254098360656,0.0,32.98969072164948,0.0409836065573769,0.5917008196721312
2026-09-23,3017,0.6552254098360656,-3.477051460361613,14.265129682997118,-0.0804303278688525,0.3632172131147541
2026-09-23,3018,0.6552254098360656,-8.396949232350448,17.916671435038264,0.2348872950819672,0.8089139344262295
2026-09-23,3019,0.6552254098360656,-17.177914110429448,23.703703703703702,-0.4349385245901639,0.04610655737704918
2026-09-23,3021,0.6552254098360656,-12.65596910380723,34.285712728694996,-0.3317110655737705,0.09682377049180328
2026-09-23,3022,0.6552254098360656,-8.012172056931988,18.191841846936,0.2079918032786885,0.7843237704918032
2026-09-23,3023,0.6552254098360656,-10.344827586206897,12.17948717948718,-0.4020235655737705,0.06403688524590163
2026-09-23,3024,0.6552254098360656,-8.012820316881509,13.24042175398182,-0.203125,0.19800204918032788
2026-09-23,3025,0.6552254098360656,-4.587155963302747,8.846150911771336,0.6480532786885245,0.9959016393442623
2026-09-23,3026,0.6552254098360656,-10.280373831775702,32.55208333333333,-0.1375512295081966,0.27459016393442626
2026-09-23,3027,0.6552254098360656,-4.102560190054083,11.22994810583969,0.3726946721311475,0.9175204918032787
2026-09-23,3028,0.6552254098360656,-7.7727961798744305,10.372773819677343,0.3655225409836066,0.913422131147541
2026-09-23,3029,0.6552254098360656,-5.952380952380953,14.767932489451477,-0.3479764344262294,0.08299180327868852
2026-09-23,3030,0.6552254098360656,-13.70309951060359,18.336483931947072,0.2745901639344262,0.845030737704918
2026-09-23,3031,0.6552254098360656,-5.192633583252448,24.911665492827225,0.430327868852459,0.9513319672131147
2026-09-23,3032,0.6552254098360656,-2.147974923874485,16.951221373023056,0.140625,0.7202868852459017
2026-09-23,3033,0.6552254098360656,-9.663411154539482,13.942306369719374,0.2725409836065573,0.8422131147540983
2026-09-23,3034,0.6552254098360656,-3.880070546737213,8.807339449541285,-0.1534323770491803,0.25614754098360654
2026-09-23,3035,0.6552254098360656,-2.857142857142858,22.058823529411764,0.2482069672131146,0.8201844262295082
2026-09-23,3036,0.6552254098360656,-1.670644391408116,13.592233009708735,0.203125,0.7807377049180327
2026-09-23,3037,0.6552254098360656,-5.691056910569103,30.775862068965516,0.2269467213114754,0.8032786885245902
2026-09-23,3038,0.6552254098360656,-1.93237444993265,4.433505220216092,0.085297131147541,0.6559938524590164
2026-09-23,3040,0.6552254098360656,-10.20408143405367,17.32955158126242,0.2804815573770491,0.8514344262295082
2026-09-23,3041,0.6552254098360656,-3.4764840693098487,10.593220167754543,0.3450307377049181,0.8995901639344263
2026-09-23,3042,0.6552254098360656,-1.7369727047146457,15.909090909090908,0.201075819672131,0.7786885245901639
2026-09-23,3043,0.6552254098360656,-5.000001733953308,10.52631963202955,0.2110655737704918,0.7879098360655737
2026-09-23,3044,0.6552254098360656,-0.7312614259597838,13.259668508287293,0.0161372950819671,0.5476434426229508
2026-09-23,3045,0.6552254098360656,-1.9920318725099584,9.75609756097561,-0.345030737704918,0.08452868852459017
2026-09-23,3046,0.6552254098360656,-7.216496061652844,11.666665253815829,0.1060450819672131,0.6818647540983607
2026-09-23,3047,0.6552254098360656,-3.921571071829566,13.945579709754732,0.2259221311475409,0.8022540983606558
2026-09-23,3048,0.6552254098360656,-12.95336753427858,17.063496088194587,0.2228483606557376,0.7991803278688525
2026-09-23,3049,0.6552254098360656,-13.286717110924409,20.161290942816304,0.2689549180327869,0.8396516393442623
2026-09-23,3050,0.6552254098360656,-3.3613414399392583,8.695652173913043,0.2907274590163934,0.8591188524590164
2026-09-23,3051,0.6552254098360656,-5.660378867409199,13.333333333333334,0.6301229508196722,0.9943647540983607
2026-09-23,3052,0.6552254098360656,-7.964606699232835,11.05769821525349,0.0924692622950819,0.6623975409836066
2026-09-23,3054,0.6552254098360656,-5.797099134585837,13.846151237813835,0.1098872950819672,0.6885245901639344
2026-09-23,3055,0.6552254098360656,-9.95575221238938,53.31695331695332,0.0005122950819672,0.5092213114754098
2026-09-23,3056,0.6552254098360656,-6.02006441480023,10.676156438696424,0.1088627049180328,0.6864754098360656
2026-09-23,3057,0.6552254098360656,-10.02786110252184,15.17028372018262,0.1274334016393443,0.7090163934426229
2026-09-23,3058,0.6552254098360656,-1.072707376698956,5.783138372050403,0.2387295081967213,0.8114754098360656
2026-09-23,3059,0.6552254098360656,-6.1804695991267256,10.144933363422028,0.2712602459016393,0.8404200819672131
2026-09-23,3060,0.6552254098360656,-5.565533655936639,8.93536292639215,0.198514344262295,0.7766393442622951
2026-09-23,3062,0.6552254098360656,-4.310344685839141,13.963965202401472,0.2873975409836066,0.8570696721311475
2026-09-23,3066,0.6552254098360656,-11.382113821138208,28.99082428818449,0.0089651639344263,0.53125
2026-09-23,3067,0.6552254098360656,-9.562841928736033,13.897276997512725,0.0371413934426229,0.5840163934426229
2026-09-23,3071,0.6552254098360656,-9.607846129174323,11.930586078191531,0.0108862704918032,0.5368852459016393
2026-09-23,3073,0.6552254098360656,-10.769234122810778,13.546798538689018,-0.1831454918032787,0.2228483606557377
2026-09-23,3078,0.6552254098360656,-15.355806233386604,23.008852544989587,0.4690061475409836,0.9669569672131147
2026-09-23,3081,0.6552254098360656,-25.555555555555554,37.87313432835821,-0.4385245901639344,0.04559426229508197
2026-09-23,3083,0.6552254098360656,-2.35042412831925,7.658643198182034,0.3614241803278688,0.9103483606557377
2026-09-23,3085,0.6552254098360656,-4.184100485192788,9.606982062177051,-0.0665983606557376,0.3901127049180328
2026-09-23,3086,0.6552254098360656,-14.135340640419402,24.51838944679673,-0.4139344262295081,0.057889344262295084
2026-09-23,3088,0.6552254098360656,-3.422053231939159,9.05511811023622,0.0922131147540983,0.6613729508196722
2026-09-23,3090,0.6552254098360656,-10.32608695652174,16.363636363636363,0.1839139344262295,0.7653688524590164
2026-09-23,3092,0.6552254098360656,-11.023619209103607,16.81415563238776,0.2516649590163934,0.8242827868852459
2026-09-23,3093,0.6552254098360656,-10.90000152587891,15.712682648436038,0.4423668032786885,0.9579918032786885
2026-09-23,3094,0.6552254098360656,-6.055363401727954,37.384897831095174,0.0061475409836064,0.5210040983606558
2026-09-23,3095,0.6552254098360656,-12.15323291826872,14.285714285714285,-0.1945440573770491,0.2069672131147541
2026-09-23,3105,0.6552254098360656,-4.054054054054057,21.32796780684105,-0.0773565573770491,0.3668032786885246
2026-09-23,3114,0.6552254098360656,-7.965908622150575,15.236446022247335,0.670594262295082,0.9979508196721312
2026-09-23,3115,0.6552254098360656,-13.297292348500845,19.32668456688681,-0.3045594262295081,0.11116803278688525
2026-09-23,3122,0.6552254098360656,-8.834587773565595,15.257735104904963,0.2510245901639344,0.8232581967213115
2026-09-23,3128,0.6552254098360656,-7.954545454545459,11.358020923755786,0.1462602459016393,0.7269467213114754
2026-09-23,3130,0.6552254098360656,-1.4184397163120588,1.6786570743405276,-0.0496926229508196,0.4177766393442623
2026-09-23,3131,0.6552254098360656,-13.843351548269576,20.930232558139537,0.2143954918032786,0.7925204918032787
2026-09-23,3135,0.6552254098360656,-13.586956521739136,16.352201257861633,-0.1877561475409836,0.21746926229508196
2026-09-23,3138,0.6552254098360656,-14.070797810512303,27.80638560689163,0.3591188524590163,0.9077868852459017
2026-09-23,3141,0.6552254098360656,-21.45454406738281,40.97222326469027,-0.8545081967213115,0.004098360655737705
2026-09-23,3147,0.6552254098360656,-4.089979550102251,12.57995735607676,-0.0522540983606557,0.413422131147541
2026-09-23,3149,0.6552254098360656,-8.005817219244381,16.29746091459418,0.6201331967213115,0.992827868852459
2026-09-23,3150,0.6552254098360656,-10.662826171724916,15.161292783675655,0.3355532786885246,0.8890881147540983
2026-09-23,3152,0.6552254098360656,-16.000000000000004,20.634920634920633,0.1585553278688524,0.7382172131147541
2026-09-23,3158,0.6552254098360656,-5.524861878453036,8.771929824561402,-0.2634477459016393,0.13831967213114754
2026-09-23,3162,0.6552254098360656,-4.5977087652678055,13.788491931123415,0.0906762295081967,0.6582991803278688
2026-09-23,3163,0.6552254098360656,-18.550368550368542,27.601809954751133,-0.2195184426229508,0.17930327868852458
2026-09-23,3164,0.6552254098360656,-1.2307739257812478,4.049842052511616,-0.0651895491803278,0.39293032786885246
2026-09-23,3167,0.6552254098360656,-8.341915550978374,29.325842696629213,-0.2425717213114753,0.15471311475409835
2026-09-23,3168,0.6552254098360656,-3.872438960935587,6.161142753110357,-0.4075307377049181,0.06147540983606557
2026-09-23,3169,0.6552254098360656,-8.264462809917351,19.45945808479378,0.0617315573770491,0.6239754098360656
2026-09-23,3171,0.6552254098360656,-7.680247288052156,11.035653364362128,0.070952868852459,0.6360143442622951
2026-09-23,3176,0.6552254098360656,-4.932182583550104,15.693902352258156,0.1457479508196721,0.7261782786885246
2026-09-23,3178,0.6552254098360656,-14.215684670386308,36.28571101597377,0.0750512295081966,0.6401127049180327
2026-09-23,3188,0.6552254098360656,-6.374503414951893,7.234045799742354,-0.2316854508196721,0.16188524590163936
2026-09-23,3189,0.6552254098360656,-5.625000000000002,21.41280353200883,0.1867315573770491,0.7684426229508197
2026-09-23,3191,0.6552254098360656,-8.539940879547302,11.144580355159798,0.2079918032786885,0.7843237704918032
2026-09-23,3205,0.6552254098360656,-2.8124968210856083,4.715971470481113,0.1155225409836065,0.6941598360655737
2026-09-23,3206,0.6552254098360656,-2.6462415670223116,9.8712466026547,-0.0056352459016393,0.4969262295081967
2026-09-23,3207,0.6552254098360656,-7.859734268270923,13.77952811091578,0.4549180327868852,0.9620901639344263
2026-09-23,3209,0.6552254098360656,-8.15009694217811,12.370542098915642,0.4245645491803279,0.9472336065573771
2026-09-23,3211,0.6552254098360656,-8.323281061519905,17.236842105263158,0.1529200819672131,0.7323258196721312
2026-09-23,3213,0.6552254098360656,-7.80669144981413,12.096774193548388,-0.1157786885245901,0.3109631147540984
2026-09-23,3217,0.6552254098360656,-6.810035842293905,11.153846153846157,0.5097336065573771,0.9800204918032787
2026-09-23,3218,0.6552254098360656,-7.931034482758625,9.363295880149812,-0.1703381147540983,0.23616803278688525
2026-09-23,3219,0.6552254098360656,-5.000000000000004,31.387562728954844,0.0007684426229508,0.5097336065573771
2026-09-23,3221,0.6552254098360656,-4.389318673248333,16.1676697315717,0.4746413934426229,0.9682377049180327
2026-09-23,3224,0.6552254098360656,-11.24999788072374,14.866979300700937,-0.073514344262295,0.375
2026-09-23,3226,0.6552254098360656,-0.1715239715775585,10.309278215371906,-0.0952868852459016,0.3411885245901639
2026-09-23,3227,0.6552254098360656,-7.940446650124066,11.859838274932615,0.3557889344262295,0.9067622950819673
2026-09-23,3228,0.6552254098360656,-11.170212765957444,20.958083832335326,-0.2451331967213115,0.15317622950819673
2026-09-23,3229,0.6552254098360656,-21.262002298446625,42.68292569461714,-0.6769979508196722,0.011270491803278689
2026-09-23,3230,0.6552254098360656,-15.58974045973558,19.92709710540968,0.0458504098360655,0.6006659836065574
2026-09-23,3231,0.6552254098360656,-10.224438902743138,14.722222222222223,-0.5785092213114754,0.018442622950819672
2026-09-23,3232,0.6552254098360656,-6.607929293328196,15.33018812754692,-0.1741803278688525,0.23206967213114754
2026-09-23,3234,0.6552254098360656,-22.72727272727273,33.52941176470588,-0.5582735655737705,0.02151639344262295
2026-09-23,3236,0.6552254098360656,-8.768268536839862,14.75972688863083,0.0876024590163934,0.6567622950819673
2026-09-23,3252,0.6552254098360656,-5.55555882604345,11.764713215488705,0.1590676229508196,0.7387295081967213
2026-09-23,3257,0.6552254098360656,-5.135654630902153,11.746680102921232,0.4951331967213114,0.9741290983606558
2026-09-23,3259,0.6552254098360656,-33.44051283268436,55.072459895462536,0.0133196721311475,0.5435450819672131
2026-09-23,3260,0.6552254098360656,-10.514018691588788,11.879895561357705,-0.274077868852459,0.12756147540983606
2026-09-23,3264,0.6552254098360656,-12.95336787564767,30.15873015873016,0.0325307377049181,0.5737704918032787
2026-09-23,3265,0.6552254098360656,-9.090909090909092,21.38888888888889,0.2055584016393442,0.7822745901639344
2026-09-23,3266,0.6552254098360656,-1.7667844999275428,4.316542764472751,-0.0530225409836065,0.41265368852459017
2026-09-23,3268,0.6552254098360656,-4.854368842145885,20.153064724804143,0.3516905737704917,0.9036885245901639
2026-09-23,3272,0.6552254098360656,-10.256412450927044,12.5,-0.0478995901639344,0.42008196721311475
2026-09-23,3276,0.6552254098360656,-5.460745787656219,7.942233916954441,0.0809426229508196,0.6475409836065574
2026-09-23,3284,0.6552254098360656,-7.710278728703979,11.898736108707476,0.2752305327868852,0.8473360655737705
2026-09-23,3285,0.6552254098360656,-5.46875179612214,17.119245008781462,0.2774077868852459,0.8488729508196722
2026-09-23,3287,0.6552254098360656,-8.111114501953121,25.87666543600008,0.0420081967213115,0.5952868852459017
2026-09-23,3288,0.6552254098360656,-6.926408463409417,18.139533109443132,0.1352459016393442,0.7143954918032787
2026-09-23,3289,0.6552254098360656,-7.14285714285714,12.82051282051282,0.2807377049180327,0.8519467213114754
2026-09-23,3290,0.6552254098360656,-9.045724266548604,12.349721773074624,0.1165471311475409,0.694672131147541
2026-09-23,3293,0.6552254098360656,-0.136986301369868,5.8984910836762685,0.214139344262295,0.7920081967213115
2026-09-23,3294,0.6552254098360656,0.0,15.133531946617332,0.2930327868852459,0.8616803278688525
2026-09-23,3296,0.6552254098360656,-3.760685064853764,22.024869793810527,0.2256659836065574,0.8007172131147541
2026-09-23,3297,0.6552254098360656,-13.367610691429055,37.83383269643738,0.0097336065573772,0.532530737704918
2026-09-23,3303,0.6552254098360656,-9.64419733842722,12.5388664285136,0.0276639344262294,0.5625
2026-09-23,3305,0.6552254098360656,-13.559322033898304,19.607843137254903,0.2487192622950819,0.8206967213114754
2026-09-23,3306,0.6552254098360656,-1.3963431188719455,5.228753009579959,0.1214139344262295,0.7003073770491803
2026-09-23,3308,0.6552254098360656,-7.8723420488073454,12.471135383432143,-0.1356301229508197,0.2771516393442623
2026-09-23,3310,0.6552254098360656,-2.6988657453089204,6.423359891794024,-0.2307889344262294,0.16290983606557377
2026-09-23,3311,0.6552254098360656,-5.534099860039388,20.299723980153185,-0.2202868852459016,0.17674180327868852
2026-09-23,3312,0.6552254098360656,-12.326386566331294,21.584153883528,0.4467213114754099,0.9590163934426229
2026-09-23,3313,0.6552254098360656,-16.064257274217987,19.61722706365317,-0.0379098360655737,0.43775614754098363
2026-09-23,3317,0.6552254098360656,-5.135518619804403,25.26315674745947,0.6483094262295082,0.9964139344262295
2026-09-23,3321,0.6552254098360656,-4.427085144238263,13.351502517752117,0.5568647540983607,0.9851434426229508
2026-09-23,3322,0.6552254098360656,-5.8577390831622385,13.333333333333334,0.3790983606557378,0.9216188524590164
2026-09-23,3323,0.6552254098360656,-10.702870785231688,17.173520951831772,0.5586577868852459,0.9861680327868853
2026-09-23,3324,0.6552254098360656,-2.1472392638036797,36.05015673981191,-0.0258709016393442,0.45927254098360654
2026-09-23,3325,0.6552254098360656,-7.058820537492327,14.767932014049029,0.2730532786885247,0.8442622950819673
2026-09-23,3332,0.6552254098360656,-4.140125009088758,5.813953414689461,-0.025358606557377,0.4608094262295082
2026-09-23,3338,0.6552254098360656,-6.685240735014563,13.582092968385613,-0.0968237704918033,0.3368340163934426
2026-09-23,3339,0.6552254098360656,-4.7667312585970905,17.89136863616897,0.0386782786885245,0.5855532786885246
2026-09-23,3346,0.6552254098360656,-9.038463005652796,32.558143285999634,0.3698770491803279,0.9159836065573771
2026-09-23,3349,0.6552254098360656,-17.9487133506826,21.87499317030139,-0.1997950819672131,0.2033811475409836
2026-09-23,3354,0.6552254098360656,-11.198741510944988,33.03730469071579,-0.7195184426229508,0.010245901639344262
2026-09-23,3356,0.6552254098360656,-12.613247191530908,20.253120632522343,-0.7756147540983607,0.0056352459016393444
2026-09-23,3357,0.6552254098360656,-11.587982832618026,18.689320388349515,0.3119877049180327,0.8734631147540983
2026-09-23,3360,0.6552254098360656,-5.642630904656665,12.95680919968096,0.5642930327868851,0.9866803278688525
2026-09-23,3362,0.6552254098360656,-20.187793427230048,30.0,-0.1467725409836065,0.26331967213114754
2026-09-23,3363,0.6552254098360656,-24.352941176470587,34.05909797822706,-0.6926229508196721,0.010758196721311475
2026-09-23,3372,0.6552254098360656,-6.470590479233696,18.238991749097508,0.4182889344262295,0.9431352459016393
2026-09-23,3373,0.6552254098360656,-5.882352941176472,7.499998807907104,0.055327868852459,0.6168032786885246
2026-09-23,3374,0.6552254098360656,-4.8387096774193505,34.95762711864407,-0.3345286885245901,0.0934938524590164
2026-09-23,3376,0.6552254098360656,-20.495495495495497,29.178470254957507,-0.0532786885245901,0.41188524590163933
2026-09-23,3379,0.6552254098360656,-9.240921807139223,15.636360862038352,0.1225665983606557,0.7008196721311475
2026-09-23,3380,0.6552254098360656,-8.011871518735092,19.03226298670615,0.050717213114754,0.610655737704918
2026-09-23,3388,0.6552254098360656,-16.735115807392408,21.701601486142113,-0.0471311475409836,0.42110655737704916
2026-09-23,3390,0.6552254098360656,-4.366812299816891,7.762551987226512,0.1860911885245901,0.7674180327868853
2026-09-23,3402,0.6552254098360656,-1.1494252873563204,8.914728682170542,0.2138831967213115,0.7914959016393442
2026-09-23,3406,0.6552254098360656,-20.614035087719294,38.453038674033145,-0.950563524590164,0.0015368852459016393
2026-09-23,3413,0.6552254098360656,-1.8900343642611728,6.830122591943957,0.3178790983606556,0.8785860655737705
2026-09-23,3416,0.6552254098360656,-11.813186813186816,14.95327102803738,0.1670081967213114,0.7484631147540983
2026-09-23,3419,0.6552254098360656,-9.917361364526656,13.761468371521431,0.2712602459016393,0.8404200819672131
2026-09-23,3430,0.6552254098360656,-10.504201680672264,17.934270867719338,0.6444672131147542,0.9948770491803278
2026-09-23,3432,0.6552254098360656,-6.369426828972724,10.884349990174549,0.2789446721311476,0.8498975409836066
2026-09-23,3434,0.6552254098360656,-7.174233245883865,16.561519813862034,-0.0297131147540983,0.44979508196721313
2026-09-23,3437,0.6552254098360656,-11.11110675046023,31.481477393371488,0.1383196721311475,0.7172131147540983
2026-09-23,3438,0.6552254098360656,-9.677417550516775,13.31168368727656,-0.0747950819672131,0.3739754098360656
2026-09-23,3441,0.6552254098360656,-11.69154228855721,43.66197183098591,-0.4871926229508196,0.03432377049180328
2026-09-23,3443,0.6552254098360656,-1.814988290398123,34.10852713178294,0.012295081967213,0.5412397540983607
2026-09-23,3444,0.6552254098360656,-11.771181956020616,17.33167338503691,0.1741803278688524,0.7556352459016393
2026-09-23,3447,0.6552254098360656,-10.289391394496915,15.949823741158433,0.2684426229508196,0.8388831967213115
2026-09-23,3450,0.6552254098360656,-20.367534456355287,31.538461538461537,-0.1070696721311475,0.31890368852459017
2026-09-23,3455,0.6552254098360656,-10.786106032906762,21.10655737704918,-0.0189549180327869,0.47438524590163933
2026-09-23,3465,0.6552254098360656,-1.1686156011816218,5.7432457467253695,0.2056864754098361,0.7827868852459017
2026-09-23,3466,0.6552254098360656,-4.90196078431373,8.659795387504026,0.143186475409836,0.7233606557377049
2026-09-23,3467,0.6552254098360656,-2.590093437741481,47.68786568173095,0.0056352459016393,0.5192110655737705
2026-09-23,3479,0.6552254098360656,-3.3333333333333326,9.961685823754788,-0.0192110655737704,0.4738729508196721
2026-09-23,3481,0.6552254098360656,-5.343517118744678,12.600806839260189,0.0809426229508197,0.6480532786885246
2026-09-23,3483,0.6552254098360656,-8.373205894455715,13.838118388086192,-0.096311475409836,0.3386270491803279
2026-09-23,3484,0.6552254098360656,-11.046506040307158,17.647054912523757,0.4900102459016393,0.9718237704918032
2026-09-23,3485,0.6552254098360656,-17.327766179540703,26.515151515151516,0.3796106557377049,0.9221311475409836
2026-09-23,3489,0.6552254098360656,-2.777776192848924,10.549448872660545,0.2640881147540983,0.8355532786885246
2026-09-23,3490,0.6552254098360656,-21.160711560930523,35.90033505396479,-0.1501024590163934,0.25973360655737704
2026-09-23,3491,0.6552254098360656,-0.9493670886076,17.252396166134183,-0.0327868852459016,0.4454405737704918
2026-09-23,3492,0.6552254098360656,-10.904865695213994,15.104164079659618,0.3760245901639344,0.9195696721311475
2026-09-23,3494,0.6552254098360656,-7.662333641110052,11.251753851968958,0.0630122950819672,0.6252561475409836
2026-09-23,3498,0.6552254098360656,-10.158013544018065,24.120603015075375,0.1180840163934426,0.6962090163934426
2026-09-23,3499,0.6552254098360656,-10.73825146817844,20.300750154470126,-0.3340163934426229,0.09477459016393443
2026-09-23,3501,0.6552254098360656,-6.296294412495174,6.719365443467344,-0.0835040983606557,0.35655737704918034
2026-09-23,3504,0.6552254098360656,-18.410040538740603,23.84615188989884,-0.3644979508196721,0.0778688524590164
2026-09-23,3508,0.6552254098360656,-9.92779756049428,30.46092244116766,0.0312500000000001,0.5712090163934426
2026-09-23,3511,0.6552254098360656,-4.218364255888385,12.176168260966415,0.3824282786885246,0.923155737704918
2026-09-23,3512,0.6552254098360656,-2.7777740315822252,4.155840192522321,0.0391905737704919,0.5870901639344263
2026-09-23,3515,0.6552254098360656,-9.999999999999998,16.07565011820331,-0.2561475409836065,0.1444672131147541
2026-09-23,3516,0.6552254098360656,-6.776551376637652,10.412571862823787,-0.0701844262295081,0.3826844262295082
2026-09-23,3518,0.6552254098360656,-6.61870284046201,22.342064189656632,0.0233094262295081,0.5558401639344263
2026-09-23,3520,0.6552254098360656,-5.234153584339019,6.686043997208174,-0.1705942622950819,0.23565573770491804
2026-09-23,3521,0.6552254098360656,-5.976095526705194,6.355932100652725,-0.2074795081967212,0.19287909836065573
2026-09-23,3522,0.6552254098360656,-5.535055272639999,16.015626251464692,-0.1626536885245901,0.24538934426229508
2026-09-23,3523,0.6552254098360656,-5.362778302917048,18.000005086263045,-0.1714907786885245,0.2346311475409836
2026-09-23,3526,0.6552254098360656,-6.759098786828421,9.851301115241636,0.143826844262295,0.7243852459016393
2026-09-23,3527,0.6552254098360656,-3.2136119355456128,9.277343611756809,0.4298155737704918,0.9508196721311475
2026-09-23,3528,0.6552254098360656,-2.873563218390806,11.83431952662722,0.2569159836065574,0.829405737704918
2026-09-23,3529,0.6552254098360656,-1.3432835820895497,31.46747352496218,0.0461065573770491,0.6019467213114754
2026-09-23,3530,0.6552254098360656,-4.991946135736147,11.864406779661016,0.4943647540983605,0.9728483606557377
2026-09-23,3531,0.6552254098360656,-3.686641088858711,4.545458278846891,-0.0899077868852459,0.3473360655737705
2026-09-23,3532,0.6552254098360656,-6.118143459915615,23.93258426966292,-0.2072233606557377,0.19364754098360656
2026-09-23,3533,0.6552254098360656,-4.519774011299438,16.272189349112427,0.4422387295081967,0.9574795081967213
2026-09-23,3535,0.6552254098360656,-8.021390374331549,14.418606425440588,0.0829918032786885,0.6526639344262295
2026-09-23,3537,0.6552254098360656,-10.792576380307697,15.500946174695246,0.235655737704918,0.8094262295081968
2026-09-23,3540,0.6552254098360656,-9.784736104311598,17.13665503832157,0.2642161885245901,0.8360655737704918
2026-09-23,3541,0.6552254098360656,-4.651158492543972,17.68292035230124,0.0420081967213115,0.5952868852459017
2026-09-23,3543,0.6552254098360656,-16.81735870771576,31.086954863175105,0.0376536885245901,0.5845286885245902
2026-09-23,3545,0.6552254098360656,-3.9325884434678327,11.111112763568258,0.1267930327868852,0.7085040983606558
2026-09-23,3546,0.6552254098360656,-5.1181024313339485,7.33056044073628,-0.1721311475409835,0.2336065573770492
2026-09-23,3548,0.6552254098360656,-16.27155776610677,21.10682389962425,-0.2930327868852459,0.1173155737704918
2026-09-23,3550,0.6552254098360656,-5.928853933729505,17.226884897276452,0.5073002049180328,0.9784836065573771
2026-09-23,3551,0.6552254098360656,-2.910052910052907,11.444141689373296,0.2392418032786885,0.8127561475409836
2026-09-23,3552,0.6552254098360656,-4.96688750087052,15.09872268337773,0.4277663934426229,0.9492827868852459
2026-09-23,3555,0.6552254098360656,-20.046620046620045,28.279883381924197,-0.2041495901639344,0.19518442622950818
2026-09-23,3556,0.6552254098360656,-12.248064381207602,17.137810997246813,0.2574282786885246,0.8306864754098361
2026-09-23,3557,0.6552254098360656,-8.216437201293548,11.135376361953142,-0.1175717213114754,0.3078893442622951
2026-09-23,3558,0.6552254098360656,-5.405405405405405,10.612244897959185,0.3124999999999999,0.8744877049180327
2026-09-23,3563,0.6552254098360656,-2.713178294573648,17.928286852589643,0.2269467213114755,0.8037909836065574
2026-09-23,3564,0.6552254098360656,-9.925099064256216,20.166322392210215,-0.4549180327868853,0.0430327868852459
2026-09-23,3567,0.6552254098360656,-1.1560737402275034,4.4834368147440955,0.2256659836065573,0.8002049180327869
2026-09-23,3570,0.6552254098360656,-2.6162790697674465,5.970149253731343,-0.0694159836065574,0.3837090163934426
2026-09-23,3576,0.6552254098360656,-4.054054054054057,13.80282119965889,0.0804303278688525,0.6465163934426229
2026-09-23,3577,0.6552254098360656,-5.785123966942152,15.789473684210526,0.1831454918032787,0.764344262295082
2026-09-23,3580,0.6552254098360656,-5.497633224414978,26.07823550235164,0.0665983606557376,0.6308913934426229
2026-09-23,3581,0.6552254098360656,-10.63829787234043,23.523806617373523,0.4601690573770491,0.9641393442622951
2026-09-23,3583,0.6552254098360656,-15.525672371638144,22.286541244573083,0.3014856557377049,0.8662909836065574
2026-09-23,3587,0.6552254098360656,-15.260323159784562,20.97457627118644,0.1255122950819672,0.7059426229508197
2026-09-23,3588,0.6552254098360656,-6.126128875457493,9.404993607270097,0.2505122950819672,0.8222336065573771
2026-09-23,3591,0.6552254098360656,-11.5753745478838,23.65977552988044,-0.6516393442622951,0.012295081967213115
2026-09-23,3592,0.6552254098360656,-3.253796095444683,6.053811659192825,0.2015881147540983,0.7792008196721312
2026-09-23,3593,0.6552254098360656,-15.178569984071087,31.263160705566406,0.0174180327868852,0.5507172131147541
2026-09-23,3594,0.6552254098360656,-12.075474577130008,16.952793529094436,0.3610399590163934,0.9098360655737705
2026-09-23,3596,0.6552254098360656,-6.748466257668717,7.565789473684211,0.0279200819672131,0.5635245901639344
2026-09-23,3597,0.6552254098360656,-1.21951349186612,10.0529112632131,0.051997950819672,0.6137295081967213
2026-09-23,3605,0.6552254098360656,-4.509283819628651,42.77777777777778,-0.0020491803278688,0.5043545081967213
2026-09-23,3607,0.6552254098360656,-4.844289401417889,7.636365023526291,0.2523053278688524,0.8250512295081968
2026-09-23,3609,0.6552254098360656,-8.720930490447365,35.45647025321654,0.326844262295082,0.8847336065573771
2026-09-23,3611,0.6552254098360656,-1.6129032258064502,3.0054644808743167,0.1235911885245901,0.7028688524590164
2026-09-23,3615,0.6552254098360656,-6.8126504647526565,21.671016716441994,0.6141137295081968,0.9918032786885246
2026-09-23,3617,0.6552254098360656,-7.428571428571429,11.728395061728394,-0.1234631147540983,0.2989241803278688
2026-09-23,3622,0.6552254098360656,-17.379179566382362,23.17210137293913,0.0363729508196721,0.5809426229508197
2026-09-23,3623,0.6552254098360656,-6.101692329018804,28.158841235471616,-0.4149590163934425,0.05635245901639344
2026-09-23,3624,0.6552254098360656,-2.898550724637683,39.70149025988223,0.3286372950819671,0.8852459016393442
2026-09-23,3625,0.6552254098360656,-12.962962962962964,21.27659574468085,0.0074282786885245,0.5261270491803278
2026-09-23,3628,0.6552254098360656,-4.987204665833477,14.804844613986536,-0.1216700819672129,0.30225409836065575
2026-09-23,3630,0.6552254098360656,-6.56304482143989,11.829947701274644,0.1749487704918032,0.757172131147541
2026-09-23,3631,0.6552254098360656,-10.044643028202104,20.09925217733553,0.0094774590163934,0.5317622950819673
2026-09-23,3632,0.6552254098360656,-6.735751231330078,9.027772718741437,0.167264344262295,0.7489754098360656
2026-09-23,3645,0.6552254098360656,-6.683810248924182,15.151515469963885,0.0960553278688524,0.6682889344262295
2026-09-23,3646,0.6552254098360656,-1.7892598903232804,7.692305910294076,-0.3276127049180328,0.10040983606557377
2026-09-23,3652,0.6552254098360656,-1.5714263916015605,9.288826392079336,0.1434426229508196,0.7238729508196722
2026-09-23,3653,0.6552254098360656,0.0,18.7207488299532,0.0105020491803279,0.5343237704918032
2026-09-23,3661,0.6552254098360656,-13.563218390804598,28.98936170212766,0.3465676229508196,0.9006147540983607
2026-09-23,3663,0.6552254098360656,-7.328243110016097,14.497527391191417,0.2387295081967212,0.8109631147540983
2026-09-23,3664,0.6552254098360656,-2.9443888278874564,38.87640658931116,-0.0076844262295081,0.492827868852459
2026-09-23,3665,0.6552254098360656,-1.473684210526316,24.145299145299145,0.0522540983606558,0.6142418032786885
2026-09-23,3666,0.6552254098360656,-0.7873970810807207,2.7777731523733853,-0.0589139344262295,0.4016393442622951
2026-09-23,3669,0.6552254098360656,-11.66892649963157,14.900149271275607,0.103483606557377,0.6777663934426229
2026-09-23,3672,0.6552254098360656,-7.364339824479549,11.71547816632446,0.2478227459016392,0.819672131147541
2026-09-23,3673,0.6552254098360656,-7.030120675791441,14.969130387994726,0.376280737704918,0.9200819672131147
2026-09-23,3675,0.6552254098360656,0.0,22.89156626506024,0.3913934426229507,0.9282786885245902
2026-09-23,3679,0.6552254098360656,-1.8099547511312264,4.6082949308755765,0.0366290983606557,0.5817110655737705
2026-09-23,3680,0.6552254098360656,-7.853403141361259,16.856060606060606,-0.2505122950819672,0.15010245901639344
2026-09-23,3685,0.6552254098360656,-11.139244369313683,17.094017837133936,-0.4196977459016393,0.051741803278688527
2026-09-23,3686,0.6552254098360656,-6.542051632227041,13.666661580403646,0.3420850409836066,0.8970286885245902
2026-09-23,3687,0.6552254098360656,-6.769233116736784,7.425742761234064,0.0281762295081967,0.5648053278688525
2026-09-23,3689,0.6552254098360656,-11.693548387096776,16.894977168949772,-0.1093749999999998,0.3176229508196721
2026-09-23,3691,0.6552254098360656,0.0,25.514403292181072,0.4213627049180327,0.9456967213114754
2026-09-23,3693,0.6552254098360656,-0.9472259810554772,25.956284153005463,-0.111936475409836,0.3150614754098361
2026-09-23,3694,0.6552254098360656,-4.0152935081364305,7.569719480693567,0.4048411885245902,0.9375
2026-09-23,3701,0.6552254098360656,-8.637876841805902,16.1212158203125,0.0128073770491803,0.5427766393442623
2026-09-23,3702,0.6552254098360656,-1.7241379310344862,16.491230747155964,0.1004098360655737,0.6741803278688525
2026-09-23,3703,0.6552254098360656,-3.6319613261735273,7.537688586703519,0.0079405737704918,0.5276639344262295
2026-09-23,3704,0.6552254098360656,-7.568805854475591,11.786600719415947,0.242827868852459,0.8155737704918032
2026-09-23,3705,0.6552254098360656,-2.0905936080828025,4.0925320650076,-0.2751024590163935,0.12653688524590165
2026-09-23,3706,0.6552254098360656,-9.749482706361178,12.074953658221949,0.065061475409836,0.6270491803278688
2026-09-23,3707,0.6552254098360656,-8.115189075665919,26.638178883008777,0.4100922131147541,0.938780737704918
2026-09-23,3708,0.6552254098360656,-7.14285714285714,11.999996869992003,0.25,0.8217213114754098
2026-09-23,3709,0.6552254098360656,-7.994191236531845,13.112169276138586,0.4026639344262295,0.9349385245901639
2026-09-23,3710,0.6552254098360656,-11.731204604748148,48.258061562815016,-0.9331454918032788,0.0020491803278688526
2026-09-23,3711,0.6552254098360656,-2.5316455696202556,21.06782106782107,0.1521516393442622,0.7310450819672131
2026-09-23,3712,0.6552254098360656,-6.56108931181395,8.958839785205754,-0.2126024590163934,0.1875
2026-09-23,3713,0.6552254098360656,-9.032255603421104,11.347520128953008,-0.0694159836065573,0.38473360655737704
2026-09-23,3714,0.6552254098360656,-6.639008090112542,18.22222674334491,-0.0020491803278688,0.5043545081967213
2026-09-23,3715,0.6552254098360656,-9.05797101449275,18.725099601593627,-0.1262807377049181,0.29200819672131145
2026-09-23,3716,0.6552254098360656,-5.167593613258948,6.774666230851091,0.0659579918032786,0.6296106557377049
2026-09-23,3717,0.6552254098360656,-6.126128875457493,26.2955876471752,0.3509221311475409,0.9031762295081968
2026-09-23,4102,0.6552254098360656,-4.834599867854228,7.486628670651495,-0.2202868852459016,0.17674180327868852
2026-09-23,4104,0.6552254098360656,-1.0958945914490537,3.3241019769008977,-0.1857069672131147,0.22054303278688525
2026-09-23,4105,0.6552254098360656,-0.756628096374734,3.811944239302803,-0.1520235655737705,0.2587090163934426
2026-09-23,4106,0.6552254098360656,-2.4048110746391793,3.901440443764431,-0.1944159836065574,0.2074795081967213
2026-09-23,4107,0.6552254098360656,-3.4934497816593857,4.072398190045249,-0.1900614754098361,0.2151639344262295
2026-09-23,4108,0.6552254098360656,-6.80000305175783,12.875536902285628,0.1063012295081966,0.6826331967213115
2026-09-23,4109,0.6552254098360656,-4.3290042575158445,6.334839793505765,-0.0373975409836065,0.4390368852459016
2026-09-23,4111,0.6552254098360656,-0.5181399721098878,1.909726246455676,-0.1321721311475409,0.2822745901639344
2026-09-23,4113,0.6552254098360656,-9.798275075285312,15.974441283946684,-0.5694159836065574,0.019979508196721313
2026-09-23,4114,0.6552254098360656,-1.66112954705413,2.7027065341188257,-0.1928790983606557,0.21029713114754098
2026-09-23,4116,0.6552254098360656,-3.902435302734375,4.441624193467495,-0.3611680327868852,0.07991803278688525
2026-09-23,4119,0.6552254098360656,-6.425043619208759,14.964788933401898,-0.7220799180327869,0.00973360655737705
2026-09-23,4120,0.6552254098360656,-3.657262394577632,7.049891773476815,-0.0294569672131147,0.4510758196721312
2026-09-23,4121,0.6552254098360656,-5.263156385161361,5.952380772170391,-0.0186987704918032,0.47489754098360654
2026-09-23,4123,0.6552254098360656,-1.8691542138383863,8.730152675083705,0.4372438524590163,0.954405737704918
2026-09-23,4126,0.6552254098360656,-0.510857612118476,1.92554553352825,-0.1406250000000001,0.27100409836065575
2026-09-23,4127,0.6552254098360656,-42.526075642924546,75.20162136944252,-0.0202356557377049,0.46951844262295084
2026-09-23,4128,0.6552254098360656,-4.193545926001752,9.42760661661149,0.220030737704918,0.7966188524590164
2026-09-23,4129,0.6552254098360656,-1.5439376122096449,3.860068624055747,0.0402151639344262,0.5911885245901639
2026-09-23,4131,0.6552254098360656,-1.8237150789990109,11.45511099174927,0.3045594262295081,0.8693647540983607
2026-09-23,4133,0.6552254098360656,-1.6746430041051807,4.136255051225539,0.0530225409836064,0.6147540983606558
2026-09-23,4137,0.6552254098360656,-12.217197811468516,17.783509437000813,0.5268954918032787,0.9815573770491803
2026-09-23,4138,0.6552254098360656,0.0,7.692312941650147,-0.0555840163934425,0.4088114754098361
2026-09-23,4139,0.6552254098360656,-7.982258527540342,18.313249335231554,-0.3668032786885244,0.07633196721311475
2026-09-23,4142,0.6552254098360656,-1.9230789384494409,6.442585441469991,0.0493084016393442,0.6078381147540983
2026-09-23,4147,0.6552254098360656,-6.078143329938202,15.870568559160075,0.2184938524590164,0.7950819672131147
2026-09-23,4148,0.6552254098360656,-9.370625102436623,14.969136274872945,-0.1759733606557377,0.2300204918032787
2026-09-23,4153,0.6552254098360656,-4.179109032474349,6.6978184446444615,0.0042264344262294,0.516905737704918
2026-09-23,4154,0.6552254098360656,-5.19999694824217,12.236284916349485,-0.0343237704918032,0.44364754098360654
2026-09-23,4155,0.6552254098360656,-4.545453419510803,9.523807052350286,-0.0995133196721311,0.33094262295081966
2026-09-23,4157,0.6552254098360656,-4.418101931139162,7.328067947199342,-0.3283811475409837,0.09938524590163934
2026-09-23,4160,0.6552254098360656,-1.486985122207396,7.431980348982901,0.042264344262295,0.5963114754098361
2026-09-23,4161,0.6552254098360656,-4.925051819026516,7.207208677851748,-0.0676229508196721,0.3885758196721312
2026-09-23,4162,0.6552254098360656,-7.107436755471975,11.743769367479082,0.4305840163934425,0.951844262295082
2026-09-23,4163,0.6552254098360656,-6.666666666666665,12.406015037593985,0.0107581967213115,0.5356045081967213
2026-09-23,4164,0.6552254098360656,-0.366973876953125,7.91896739866938,0.2525614754098362,0.8258196721311475
2026-09-23,4166,0.6552254098360656,-5.653017064933207,8.471070960460349,0.1426741803278688,0.7223360655737705
2026-09-23,4167,0.6552254098360656,-4.136245769723335,9.39085483489623,0.1903176229508195,0.7699795081967213
2026-09-23,4168,0.6552254098360656,-5.921046137259167,8.158507868324124,0.1416495901639344,0.7213114754098361
2026-09-23,4169,0.6552254098360656,-4.746835443037978,11.295681063122924,0.3149334016393442,0.8760245901639344
2026-09-23,4171,0.6552254098360656,-5.763688634082264,7.95107715032555,-0.0284323770491803,0.45389344262295084
2026-09-23,4173,0.6552254098360656,-2.2727250560256596,4.069771697032321,0.0922131147540984,0.6618852459016393
2026-09-23,4174,0.6552254098360656,0.0,25.460121550770467,0.0655737704918032,0.6283299180327869
2026-09-23,4175,0.6552254098360656,-0.961538461538458,2.912621359223301,-0.1565061475409835,0.2515368852459016
2026-09-23,4178,0.6552254098360656,-7.262567856060165,11.445780834519718,-0.0356045081967212,0.44313524590163933
2026-09-23,4183,0.6552254098360656,-0.696866751298908,9.473686887506863,0.0732581967213115,0.6390881147540983
2026-09-23,4188,0.6552254098360656,-15.864018683155656,32.65992796772843,0.0058913934426229,0.5199795081967213
2026-09-23,4190,0.6552254098360656,-5.838038725428429,8.199996948242188,-0.3588627049180328,0.08094262295081968
2026-09-23,4192,0.6552254098360656,-9.022561782318272,12.121216579494352,-0.0742827868852459,0.3744877049180328
2026-09-23,4195,0.6552254098360656,-12.666664123535142,16.79389118474447,-0.0461065573770491,0.4239241803278688
2026-09-23,4198,0.6552254098360656,-2.9469547250157935,22.064779735216774,-0.5858094262295082,0.017418032786885244
2026-09-23,4205,0.6552254098360656,-1.5714263916015605,2.1770681665900957,-0.085297131147541,0.35399590163934425
2026-09-23,4207,0.6552254098360656,-5.741621423413246,9.13705161091561,0.0732581967213115,0.6390881147540983
2026-09-23,4303,0.6552254098360656,-22.828507019297607,30.735933786106138,0.1226946721311475,0.7013319672131147
2026-09-23,4304,0.6552254098360656,-27.884615384615387,62.93333435058594,0.7402663934426229,1.0
2026-09-23,4306,0.6552254098360656,-4.885993363918006,6.506854370669705,0.0081967213114754,0.5289446721311475
2026-09-23,4401,0.6552254098360656,-3.484320464866708,5.776174503252764,-0.0660860655737705,0.39139344262295084
2026-09-23,4402,0.6552254098360656,-9.44625880719765,14.028782852194364,0.0138319672131147,0.5448258196721312
2026-09-23,4406,0.6552254098360656,-3.77359016801403,7.352941313966888,-0.0507172131147541,0.4149590163934426
2026-09-23,4413,0.6552254098360656,-2.1176506491268343,12.74038324871002,-0.007172131147541,0.49385245901639346
2026-09-23,4414,0.6552254098360656,-1.8823511460248188,5.395681067529746,0.0048668032786886,0.5179303278688525
2026-09-23,4416,0.6552254098360656,-7.236838431569625,35.10638067620512,0.4106045081967213,0.9395491803278688
2026-09-23,4417,0.6552254098360656,-1.88118962958308,7.669019769062613,-0.2371926229508196,0.15778688524590165
2026-09-23,4419,0.6552254098360656,-3.412611713038183,7.815840795613507,-0.0545594262295082,0.4106045081967213
2026-09-23,4420,0.6552254098360656,-10.749998092651367,13.865548059254106,-0.4205942622950819,0.0507172131147541
2026-09-23,4426,0.6552254098360656,-3.354036950673245,7.7120869574437565,0.1539446721311475,0.7341188524590164
2026-09-23,4430,0.6552254098360656,-4.972373478244052,6.395350771378327,-0.1120645491803278,0.31429303278688525
2026-09-23,4432,0.6552254098360656,-2.201254315676271,3.858517173221035,-0.2056864754098361,0.19415983606557377
2026-09-23,4433,0.6552254098360656,-3.9370080316902256,6.830601377668595,0.046875,0.6037397540983607
2026-09-23,4438,0.6552254098360656,-8.130081300813007,10.79645747632052,0.0988729508196721,0.6723872950819673
2026-09-23,4439,0.6552254098360656,-0.5050505050505083,5.888327971327715,0.0240778688524589,0.5573770491803278
2026-09-23,4440,0.6552254098360656,-1.9607864089071112,2.857142857142857,-0.3084016393442623,0.1091188524590164
2026-09-23,4441,0.6552254098360656,-4.201680672268903,5.263157894736842,-0.0295850409836065,0.45030737704918034
2026-09-23,4442,0.6552254098360656,-8.922563830993758,17.37523436414777,-0.3614241803278689,0.07940573770491803
2026-09-23,4502,0.6552254098360656,-5.705704690874914,7.961783536215915,-0.217469262295082,0.18186475409836064
2026-09-23,4503,0.6552254098360656,-11.904762237458344,21.41372050687732,0.6296106557377048,0.9938524590163934
2026-09-23,4506,0.6552254098360656,-4.453441295546556,4.661016949152542,-0.2218237704918032,0.1726434426229508
2026-09-23,4510,0.6552254098360656,-10.216719680066188,16.436785116963005,0.0120389344262296,0.5404713114754098
2026-09-23,4513,0.6552254098360656,-3.235289629767923,11.550149121031168,0.255891393442623,0.8283811475409836
2026-09-23,4523,0.6552254098360656,-5.199996948242191,6.962023482760546,0.0817110655737705,0.6495901639344263
2026-09-23,4526,0.6552254098360656,-6.726457245683715,12.019230475322273,0.0691598360655738,0.6337090163934426
2026-09-23,4527,0.6552254098360656,-1.564374784878153,3.545234006952262,-0.1611168032786885,0.24795081967213115
2026-09-23,4528,0.6552254098360656,-1.9607855359147777,5.333334604899089,0.0084528688524589,0.5302254098360656
2026-09-23,4529,0.6552254098360656,-19.012350199553396,28.35366808804362,-0.4592725409836065,0.040983606557377046
2026-09-23,4530,0.6552254098360656,-19.354838709677423,36.0,-0.0573770491803278,0.40496926229508196
2026-09-23,4532,0.6552254098360656,-2.7343779394868317,9.236952528696214,0.3388831967213114,0.8931864754098361
2026-09-23,4533,0.6552254098360656,-6.156715169784633,10.93439380402148,0.1552254098360655,0.7346311475409836
2026-09-23,4534,0.6552254098360656,-9.482756636230572,23.96825154622396,0.170594262295082,0.7515368852459017
2026-09-23,4535,0.6552254098360656,-6.228371144705525,9.963095267839956,-0.1316598360655737,0.28304303278688525
2026-09-23,4536,0.6552254098360656,-3.2163742690058506,6.646525679758309,-0.0105020491803279,0.4887295081967213
2026-09-23,4538,0.6552254098360656,-4.109589041095896,6.571426391601562,-0.0234375,0.4661885245901639
2026-09-23,4540,0.6552254098360656,-6.289308326992494,13.758384493588045,-0.3212090163934425,0.10450819672131148
2026-09-23,4541,0.6552254098360656,-17.294279273307055,26.30691176193407,0.2446209016393442,0.8171106557377049
2026-09-23,4542,0.6552254098360656,-1.0447761194029903,25.94268476621418,0.496157786885246,0.9754098360655737
2026-09-23,4543,0.6552254098360656,-7.654724179377248,11.287480493407871,0.3683401639344262,0.9144467213114754
2026-09-23,4545,0.6552254098360656,-3.1884013742640382,9.880236785329634,0.2389856557377049,0.8119877049180327
2026-09-23,4549,0.6552254098360656,-5.320574853920279,9.743279525914144,0.0493084016393442,0.6078381147540983
2026-09-23,4550,0.6552254098360656,-1.2269985073534715,4.968947337037196,-0.1311475409836065,0.2843237704918033
2026-09-23,4551,0.6552254098360656,-5.491329479768781,12.844036697247708,0.1536885245901639,0.733094262295082
2026-09-23,4552,0.6552254098360656,-7.8488390789990365,13.880130662403513,0.3709016393442623,0.9167520491803278
2026-09-23,4554,0.6552254098360656,-6.64451818821653,7.651244090188945,-0.1813524590163934,0.22540983606557377
2026-09-23,4555,0.6552254098360656,-13.800207761537964,17.92114760682201,0.1457479508196721,0.7261782786885246
2026-09-23,4556,0.6552254098360656,-10.000001467191256,40.598291260129024,0.0115266393442623,0.538422131147541
2026-09-23,4557,0.6552254098360656,-4.1425847064895605,6.331661358550565,-0.0678790983606557,0.3875512295081967
2026-09-23,4558,0.6552254098360656,-10.70495706473482,16.374264178933835,-0.2535860655737705,0.14779713114754098
2026-09-23,4560,0.6552254098360656,-7.062596733651649,8.981002808117834,0.095030737704918,0.6659836065573771
2026-09-23,4561,0.6552254098360656,-9.87124168400062,18.09523446219308,0.2827868852459015,0.8545081967213115
2026-09-23,4562,0.6552254098360656,-7.727270415334986,14.285715180552938,0.4039446721311476,0.9359631147540983
2026-09-23,4563,0.6552254098360656,-5.029017892553189,24.032585751056423,-0.0056352459016393,0.4969262295081967
2026-09-23,4564,0.6552254098360656,-10.112355697818533,14.687496423721312,0.2292520491803278,0.8048155737704918
2026-09-23,4566,0.6552254098360656,-1.1695950788175535,8.579886364906049,0.081967213114754,0.6506147540983607
2026-09-23,4568,0.6552254098360656,0.0,4.3478260869565215,-0.0174180327868852,0.4769467213114754
2026-09-23,4569,0.6552254098360656,-16.076294277929158,20.454545454545457,-0.0517418032786885,0.4141905737704918
2026-09-23,4571,0.6552254098360656,-6.707317073170726,11.437908496732026,0.3381147540983606,0.891905737704918
2026-09-23,4572,0.6552254098360656,-5.405405405405405,6.785714285714286,-0.2434682377049181,0.15420081967213115
2026-09-23,4576,0.6552254098360656,-13.372093023255816,24.16107382550336,-0.7940573770491803,0.005122950819672131
2026-09-23,4577,0.6552254098360656,-13.585294018858708,22.813242789432948,-0.3465676229508197,0.08401639344262295
2026-09-23,4580,0.6552254098360656,-6.4367798553116025,10.565108492518837,-0.2692110655737704,0.13370901639344263
2026-09-23,4581,0.6552254098360656,-0.6153830503806135,3.4055758511794108,0.0509733606557376,0.6111680327868853
2026-09-23,4582,0.6552254098360656,-6.666668256123865,8.928571580624096,0.0026895491803279,0.5117827868852459
2026-09-23,4583,0.6552254098360656,-12.588832487309642,17.073170731707318,0.2861168032786885,0.8560450819672131
2026-09-23,4585,0.6552254098360656,-4.8387096774193505,8.135593220338983,0.0184426229508196,0.5512295081967213
2026-09-23,4588,0.6552254098360656,-4.861108590791197,14.051089321609831,0.0112704918032787,0.5379098360655737
2026-09-23,4590,0.6552254098360656,-5.876183496779541,9.476031215161637,-0.4154713114754098,0.05507172131147541
2026-09-23,4609,0.6552254098360656,-15.000000000000002,22.352936688591452,0.4246926229508196,0.9477459016393442
2026-09-23,4702,0.6552254098360656,-4.795920998788916,6.9667800377258615,-0.0058913934426229,0.4956454918032787
2026-09-23,4706,0.6552254098360656,-21.860468664834663,33.63095163758376,-0.6273053278688524,0.01331967213114754
2026-09-23,4707,0.6552254098360656,-16.809111018998056,33.904100864773554,0.4920594262295082,0.9723360655737705
2026-09-23,4711,0.6552254098360656,-4.11765154670266,5.828225812302376,-0.2033811475409836,0.19723360655737704
2026-09-23,4714,0.6552254098360656,-6.949804106455392,20.331948302780273,0.162141393442623,0.7423155737704918
2026-09-23,4716,0.6552254098360656,-17.359418151429484,24.556222600908058,0.2059426229508197,0.7832991803278688
2026-09-23,4720,0.6552254098360656,-4.950494862528321,12.23958483379742,0.3501536885245901,0.9024077868852459
2026-09-23,4721,0.6552254098360656,-1.8252854656944817,10.358559238041355,0.4272540983606557,0.9487704918032787
2026-09-23,4722,0.6552254098360656,-13.6986301369863,22.22222222222222,0.360655737704918,0.9088114754098361
2026-09-23,4726,0.6552254098360656,-8.775508647062335,10.290824151249074,-0.0243340163934426,0.4649077868852459
2026-09-23,4728,0.6552254098360656,-1.4778325123152691,4.0,-0.0251024590163932,0.46285860655737704
2026-09-23,4729,0.6552254098360656,-2.337666300984176,5.851066096328821,0.298155737704918,0.8637295081967213
2026-09-23,4735,0.6552254098360656,-7.958927414882055,10.320783599503802,-0.0327868852459016,0.4454405737704918
2026-09-23,4736,0.6552254098360656,-1.8587360594795488,9.090909090909092,-0.0861936475409835,0.3524590163934426
2026-09-23,4737,0.6552254098360656,-4.769733137453647,13.12607646603292,-0.4108606557377049,0.05942622950819672
2026-09-23,4739,0.6552254098360656,-12.93478426725968,21.473155150932,0.6915983606557377,0.9984631147540983
2026-09-23,4741,0.6552254098360656,-14.949042040122496,20.106533169529925,0.2392418032786885,0.8127561475409836
2026-09-23,4743,0.6552254098360656,-6.424867303877912,11.627906583770155,0.2809938524590164,0.8524590163934426
2026-09-23,4744,0.6552254098360656,-11.146496950702268,17.921147198436387,-0.3355532786885247,0.09118852459016394
2026-09-23,4745,0.6552254098360656,-0.4184116446269592,3.781511123449218,0.2620389344262294,0.8340163934426229
2026-09-23,4746,0.6552254098360656,-2.8942055736612016,10.483038672482255,0.4490266393442623,0.9605532786885246
2026-09-23,4747,0.6552254098360656,-18.353346317263075,25.42016567647487,0.1928790983606557,0.7720286885245902
2026-09-23,4749,0.6552254098360656,-12.0,17.079889807162534,0.1237192622950819,0.7036372950819673
2026-09-23,4754,0.6552254098360656,-5.625000000000002,8.079468177643832,-0.1426741803278688,0.26844262295081966
2026-09-23,4755,0.6552254098360656,-7.630522088353409,13.478260869565217,0.246029713114754,0.8181352459016393
2026-09-23,4760,0.6552254098360656,-6.690140845070425,15.413801085274176,0.0960553278688524,0.6682889344262295
2026-09-23,4763,0.6552254098360656,-13.27102518527308,18.53447886057627,-0.1068135245901639,0.319672131147541
2026-09-23,4764,0.6552254098360656,-24.35129740518962,32.189973614775724,-0.003842213114754,0.5007684426229508
2026-09-23,4766,0.6552254098360656,-2.9829545454545414,6.295754026354319,0.0630122950819671,0.6244877049180327
2026-09-23,4767,0.6552254098360656,-8.250825290260067,10.97122057828891,-0.4259733606557376,0.04969262295081967
2026-09-23,4768,0.6552254098360656,-5.459770114942531,17.933130699088146,0.3422131147540984,0.8975409836065574
2026-09-23,4770,0.6552254098360656,0.0,23.81818181818182,-0.0046106557377048,0.4994877049180328
2026-09-23,4771,0.6552254098360656,-0.9090909090909038,9.63302752293578,-0.0284323770491803,0.45389344262295084
2026-09-23,4772,0.6552254098360656,-10.58394160583942,18.571428571428573,0.3368340163934425,0.8908811475409836
2026-09-23,4807,0.6552254098360656,-7.153969005437877,16.91792656573672,-0.0760758196721311,0.3698770491803279
2026-09-23,4903,0.6552254098360656,-3.5469089473679105,25.029653274349577,0.1065573770491803,0.6839139344262295
2026-09-23,4904,0.6552254098360656,-1.8604651162790753,7.298575306390713,-0.2136270491803279,0.18545081967213115
2026-09-23,4905,0.6552254098360656,-15.749729185290938,21.895004876072175,-0.2914959016393442,0.11885245901639344
2026-09-23,4906,0.6552254098360656,-6.157635699404096,15.09186412147919,0.279969262295082,0.850922131147541
2026-09-23,4907,0.6552254098360656,-6.576203393599178,10.726263802810754,0.1813524590163934,0.7633196721311475
2026-09-23,4908,0.6552254098360656,-20.75471698113207,42.857142857142854,-0.9252049180327868,0.0025614754098360654
2026-09-23,4909,0.6552254098360656,-20.023151326653664,28.654129506490783,0.3944672131147541,0.9300717213114754
2026-09-23,4911,0.6552254098360656,-3.6666679382324263,6.574393230483022,-0.3342725409836065,0.0942622950819672
2026-09-23,4912,0.6552254098360656,-6.729856373574494,20.833333010272938,-0.1183401639344262,0.30635245901639346
2026-09-23,4915,0.6552254098360656,-3.1578924422873578,11.645962456982478,-0.2195184426229509,0.17879098360655737
2026-09-23,4916,0.6552254098360656,-2.7906976744186074,14.545451625112154,0.3537397540983606,0.9047131147540983
2026-09-23,4919,0.6552254098360656,-6.944444444444442,26.119402985074625,0.4487704918032786,0.9600409836065574
2026-09-23,4923,0.6552254098360656,-1.038582435889035,26.236882759649355,0.0386782786885246,0.5860655737704918
2026-09-23,4924,0.6552254098360656,-9.866668701171877,53.13609316529253,0.0099897540983606,0.5335553278688525
2026-09-23,4927,0.6552254098360656,-4.891304347826086,18.857142857142858,0.0414959016393443,0.59375
2026-09-23,4930,0.6552254098360656,-3.3536539625226847,4.416402475822701,-0.2320696721311475,0.16111680327868852
2026-09-23,4931,0.6552254098360656,-17.1875,27.253668763102723,-0.1247438524590163,0.29559426229508196
2026-09-23,4933,0.6552254098360656,-4.838711110852845,9.60451717641129,0.557889344262295,0.985655737704918
2026-09-23,4934,0.6552254098360656,-4.934210588231968,13.840830632521032,0.4951331967213114,0.9741290983606558
2026-09-23,4935,0.6552254098360656,-5.4441302086191135,13.333337957208808,0.3084016393442622,0.8698770491803278
2026-09-23,4938,0.6552254098360656,-4.49790323325926,8.652794372197786,-0.1565061475409835,0.2515368852459016
2026-09-23,4939,0.6552254098360656,-21.53361413566571,27.710840420227495,-0.5683913934426229,0.020491803278688523
2026-09-23,4942,0.6552254098360656,-6.408344761317631,9.3949009281195,0.0502049180327868,0.6091188524590164
2026-09-23,4943,0.6552254098360656,-17.355374506315925,27.714286531720845,0.0471311475409835,0.6045081967213115
2026-09-23,4946,0.6552254098360656,-2.487562189054726,14.285714285714285,0.2535860655737704,0.826844262295082
2026-09-23,4949,0.6552254098360656,-13.411766501034004,19.021739524794445,-0.1921106557377048,0.21209016393442623
2026-09-23,4950,0.6552254098360656,-4.545454545454541,7.301584879557281,-0.2218237704918031,0.17366803278688525
2026-09-23,4951,0.6552254098360656,-14.337896756385572,34.43497015019821,0.1700819672131148,0.7510245901639344
2026-09-23,4952,0.6552254098360656,-8.520604722366487,14.841351538303076,0.4777151639344261,0.96875
2026-09-23,4953,0.6552254098360656,-6.772908366533869,7.6923076923076925,-0.1367827868852458,0.27561475409836067
2026-09-23,4956,0.6552254098360656,-7.537153613733293,36.280136656385814,0.0671106557377048,0.6316598360655737
2026-09-23,4958,0.6552254098360656,-14.000000000000002,21.881606765327696,-0.3824282786885246,0.0701844262295082
2026-09-23,4960,0.6552254098360656,-8.817638058782418,23.95604730962397,0.359375,0.9082991803278688
2026-09-23,4961,0.6552254098360656,-4.0322580645161255,15.406162464985997,-0.4699026639344262,0.038422131147540985
2026-09-23,4966,0.6552254098360656,-5.843071786310516,13.829787234042554,0.3924180327868851,0.9293032786885246
2026-09-23,4967,0.6552254098360656,-5.391304347826087,7.904411764705882,-0.5473872950819672,0.0235655737704918
2026-09-23,4968,0.6552254098360656,-2.645502645502651,8.369561900263248,0.4143186475409836,0.9410860655737705
2026-09-23,4971,0.6552254098360656,-24.931129476584022,37.79816513761468,-0.6764856557377049,0.0117827868852459
2026-09-23,4972,0.6552254098360656,-4.9853285170447625,5.555552939165236,-0.119108606557377,0.305327868852459
2026-09-23,4973,0.6552254098360656,-14.28571428571429,17.037037037037038,-0.0604508196721311,0.40061475409836067
2026-09-23,4974,0.6552254098360656,-6.225161520850575,10.593219882373708,-0.5284323770491803,0.02612704918032787
2026-09-23,4976,0.6552254098360656,-16.07142857142857,21.13475393741689,-0.2464139344262295,0.1521516393442623
2026-09-23,4977,0.6552254098360656,-12.137203166226918,17.417417417417415,-0.5952868852459016,0.015368852459016393
2026-09-23,4979,0.6552254098360656,-10.334346504559267,26.610169491525426,-0.1752049180327868,0.23104508196721313
2026-09-23,4989,0.6552254098360656,-16.457455961792157,22.37061330523067,0.1237192622950819,0.7036372950819673
2026-09-23,4991,0.6552254098360656,-20.089285714285708,31.955307262569832,0.2884221311475409,0.8575819672131147
2026-09-23,4994,0.6552254098360656,-4.953920392368849,9.333338881983902,-0.0858094262295082,0.35297131147540983
2026-09-23,4995,0.6552254098360656,-5.608359379883954,9.264850619840264,-0.459016393442623,0.04149590163934426
2026-09-23,4999,0.6552254098360656,-7.253884320585591,9.497200512959582,0.1518954918032787,0.7305327868852459
2026-09-23,5007,0.6552254098360656,-1.060068004057324,2.499995912824358,-0.1741803278688524,0.23258196721311475
2026-09-23,5009,0.6552254098360656,-8.936174541500442,10.747666439052423,-0.184170081967213,0.2223360655737705
2026-09-23,5011,0.6552254098360656,-8.080800685720757,10.714278977183293,0.313780737704918,0.875
2026-09-23,5013,0.6552254098360656,-7.6704565466435,26.615389310396637,0.0151127049180328,0.5461065573770492
2026-09-23,5014,0.6552254098360656,-2.156865403359831,5.711420049789828,0.1810963114754098,0.7628073770491803
2026-09-23,5015,0.6552254098360656,-4.241066391826809,6.293707848263619,-0.3135245901639344,0.10809426229508197
2026-09-23,5016,0.6552254098360656,-2.366865374520122,4.848487931068497,-0.0400870901639345,0.4344262295081967
2026-09-23,5201,0.6552254098360656,-6.410256253505208,19.00685273766576,-0.367827868852459,0.07581967213114754
2026-09-23,5202,0.6552254098360656,-11.006289572236872,30.3886880069554,0.007172131147541,0.5251024590163934
2026-09-23,5203,0.6552254098360656,-2.0236100815824165,7.22891716565228,0.3488729508196722,0.9013831967213115
2026-09-23,5206,0.6552254098360656,-4.771782573972483,13.507626485467169,0.1116803278688524,0.6918545081967213
2026-09-23,5209,0.6552254098360656,-7.9670329670329725,17.91044776119403,-0.4200819672131148,0.05122950819672131
2026-09-23,5210,0.6552254098360656,-1.9736854901274303,8.221472880253963,0.1559938524590164,0.735655737704918
2026-09-23,5211,0.6552254098360656,-5.361312284267317,12.068969729154604,-0.4454405737704918,0.04456967213114754
2026-09-23,5212,0.6552254098360656,-1.5416237954299803,5.323597015712251,0.0330430327868851,0.5753073770491803
2026-09-23,5213,0.6552254098360656,-3.0232540396756935,6.235008217150495,0.1644467213114754,0.7448770491803278
2026-09-23,5215,0.6552254098360656,-4.887219770341844,7.378137010453477,0.1209016393442622,0.6997950819672131
2026-09-23,5220,0.6552254098360656,-1.980205498867016,5.303036287212807,-0.0194672131147541,0.4723360655737705
2026-09-23,5222,0.6552254098360656,-4.932735426008971,9.90566037735849,0.2719006147540984,0.8417008196721312
2026-09-23,5223,0.6552254098360656,-10.41257935731721,12.938600270408507,-0.0760758196721311,0.3698770491803279
2026-09-23,5225,0.6552254098360656,-9.354837479129918,16.725981135711383,0.6980020491803278,0.9989754098360656
2026-09-23,5227,0.6552254098360656,-7.7743880987025005,12.561980948960484,-0.1595799180327869,0.25
2026-09-23,5228,0.6552254098360656,-11.888885498046877,17.02395899176545,0.1342213114754098,0.7136270491803278
2026-09-23,5230,0.6552254098360656,-4.366812299816891,25.570778442988605,0.0940061475409835,0.6629098360655737
2026-09-23,5234,0.6552254098360656,-4.058441558441562,10.152284263959393,0.3954918032786885,0.9308401639344263
2026-09-23,5236,0.6552254098360656,-2.500000000000002,7.6923076923076925,0.3944672131147541,0.9300717213114754
2026-09-23,5243,0.6552254098360656,-11.16751269035533,15.31428745814732,-0.125,0.29508196721311475
2026-09-23,5244,0.6552254098360656,-4.435487881824784,13.220818182296176,0.0361168032786884,0.5788934426229508
2026-09-23,5245,0.6552254098360656,-15.463917525773196,19.2682964045827,0.0037141393442622,0.5158811475409836
2026-09-23,5251,0.6552254098360656,-6.980276452667367,25.2854815545072,0.0281762295081966,0.5640368852459017
2026-09-23,5258,0.6552254098360656,-15.881147789269557,19.001216521384467,-0.0035860655737704,0.5020491803278688
2026-09-23,5263,0.6552254098360656,-14.33961976249264,19.82378787998459,-0.2950819672131148,0.11475409836065574
2026-09-23,5269,0.6552254098360656,-1.661129568106312,13.85135135135135,-0.0717213114754098,0.3788422131147541
2026-09-23,5272,0.6552254098360656,-1.9886384879754135,7.536238518314085,0.3415727459016394,0.8960040983606558
2026-09-23,5274,0.6552254098360656,-6.972477064220184,34.442800788954635,-0.0440573770491803,0.42751024590163933
2026-09-23,5278,0.6552254098360656,-3.2258034744817476,7.291666666666667,0.2216956967213115,0.798155737704918
2026-09-23,5283,0.6552254098360656,-4.973355728249096,10.64776126469407,-0.3473360655737705,0.08350409836065574
2026-09-23,5284,0.6552254098360656,-16.965517241379313,24.750830564784053,0.3240266393442623,0.8831967213114754
2026-09-23,5285,0.6552254098360656,-4.05827428491492,18.112795554230846,0.1526639344262295,0.7315573770491803
2026-09-23,5287,0.6552254098360656,-1.4388489208633115,3.64963503649635,0.271516393442623,0.8411885245901639
2026-09-23,5288,0.6552254098360656,-2.3255813953488413,8.201058201058201,0.0235655737704918,0.5563524590163934
2026-09-23,5289,0.6552254098360656,-14.983713355048856,22.60536398467433,0.2123463114754098,0.7891905737704918
2026-09-23,5291,0.6552254098360656,-21.448084156811163,29.043472953464672,-0.2914959016393443,0.11834016393442623
2026-09-23,5292,0.6552254098360656,-9.33609958506224,15.102974828375288,-0.2272028688524591,0.16598360655737704
2026-09-23,5299,0.6552254098360656,-3.3653846153846145,12.835822413809858,0.5368852459016393,0.9841188524590164
2026-09-23,5301,0.6552254098360656,-21.486266743320105,27.57201884311263,-0.0212602459016393,0.4677254098360656
2026-09-23,5302,0.6552254098360656,-8.691582879246207,11.975435224920709,0.2745901639344262,0.845030737704918
2026-09-23,5306,0.6552254098360656,-6.722682879878561,9.346841370631006,-0.3288934426229508,0.09887295081967214
2026-09-23,5309,0.6552254098360656,-8.199640996858626,15.631066479729215,0.4044569672131147,0.9364754098360656
2026-09-23,5310,0.6552254098360656,-2.862595336489049,11.001968803421686,-0.0130635245901639,0.4859118852459016
2026-09-23,5312,0.6552254098360656,-2.6997840617661306,3.4406198963604737,-0.2028688524590163,0.1987704918032787
2026-09-23,5314,0.6552254098360656,-44.44444353877082,83.84615091177133,-0.4938524590163934,0.033299180327868855
2026-09-23,5315,0.6552254098360656,-4.050629048407828,9.234828124241968,0.4533811475409836,0.961577868852459
2026-09-23,5321,0.6552254098360656,-19.977297138422767,34.46808402419936,-0.0758196721311474,0.3714139344262295
2026-09-23,5324,0.6552254098360656,-4.942963021948133,8.799995422363267,-0.0635245901639344,0.39651639344262296
2026-09-23,5328,0.6552254098360656,-22.551929404783856,30.842915811313382,0.0768442622950819,0.6439549180327869
2026-09-23,5340,0.6552254098360656,-7.657660831153768,14.634146341463412,-0.3753842213114753,0.07325819672131148
2026-09-23,5344,0.6552254098360656,-2.1052644963850065,10.394264007818078,0.2592213114754098,0.8319672131147541
2026-09-23,5345,0.6552254098360656,-6.277059476166114,14.08776534942143,0.4596567622950819,0.9631147540983607
2026-09-23,5347,0.6552254098360656,-4.683195592286504,19.942196531791907,0.3632172131147541,0.9121413934426229
2026-09-23,5348,0.6552254098360656,-4.733723403066681,10.248444592767452,-0.2021004098360656,0.19979508196721313
2026-09-23,5351,0.6552254098360656,-13.779527559055117,22.37442922374429,-0.1449795081967213,0.265625
2026-09-23,5353,0.6552254098360656,-2.7681634865752702,5.871884683739541,0.1839139344262296,0.7658811475409836
2026-09-23,5355,0.6552254098360656,-4.225348139821284,22.79411280031449,-0.3250512295081966,0.10245901639344263
2026-09-23,5356,0.6552254098360656,-2.2684323786879457,2.901353922368329,-0.0750512295081967,0.37320696721311475
2026-09-23,5364,0.6552254098360656,-3.703711062301529,5.288468151403139,-0.1634221311475409,0.24436475409836064
2026-09-23,5381,0.6552254098360656,-14.981954554424782,21.86837236824351,0.3839651639344262,0.9236680327868853
2026-09-23,5386,0.6552254098360656,-16.814159292035402,37.5886524822695,-0.5158811475409837,0.02920081967213115
2026-09-23,5388,0.6552254098360656,-7.515925510673771,11.707989226790271,0.2152920081967213,0.7930327868852459
2026-09-23,5392,0.6552254098360656,-17.103885130942984,21.518987341772153,0.0210040983606557,0.5532786885245902
2026-09-23,5398,0.6552254098360656,-12.812501192092896,15.053766381236624,2.7755575615628914e-17,0.5087090163934426
2026-09-23,5403,0.6552254098360656,-2.8213135155087277,3.763440860215054,-0.2206711065573771,0.1757172131147541
2026-09-23,5410,0.6552254098360656,-11.081076957084036,14.893620968450715,0.0832479508196721,0.6536885245901639
2026-09-23,5425,0.6552254098360656,-8.421055551921341,21.003133871563083,0.3709016393442623,0.9167520491803278
2026-09-23,5426,0.6552254098360656,-11.496061790646529,16.370107896878007,-0.0033299180327868,0.5028176229508197
2026-09-23,5432,0.6552254098360656,-4.664723032069973,18.04281345565749,0.0651895491803278,0.6275614754098361
2026-09-23,5434,0.6552254098360656,-1.9891500904159145,8.487084870848708,-0.116547131147541,0.31019467213114754
2026-09-23,5438,0.6552254098360656,-5.898872371153773,9.552229696245336,0.1465163934426229,0.7274590163934426
2026-09-23,5439,0.6552254098360656,-9.80392156862745,17.193675889328063,0.0397028688524589,0.5888831967213115
2026-09-23,5443,0.6552254098360656,-13.821138211382111,19.81132075471698,-0.1261526639344262,0.29354508196721313
2026-09-23,5450,0.6552254098360656,-3.618422352871431,6.825938744292764,0.046875,0.6037397540983607
2026-09-23,5452,0.6552254098360656,-1.5873042570877185,10.394264007818078,0.5028176229508197,0.9774590163934426
2026-09-23,5455,0.6552254098360656,-1.935485101515244,6.578947450975964,-0.132172131147541,0.2817622950819672
2026-09-23,5457,0.6552254098360656,-14.982581986415155,22.13115414058426,0.1024590163934426,0.6764856557377049
2026-09-23,5460,0.6552254098360656,-5.307256289588802,12.38937659747474,-0.154969262295082,0.2535860655737705
2026-09-23,5464,0.6552254098360656,-8.416834938895267,34.79212529635897,-0.1362704918032786,0.2766393442622951
2026-09-23,5465,0.6552254098360656,-3.318257128765534,29.953205982350035,0.029969262295082,0.5676229508196722
2026-09-23,5468,0.6552254098360656,-13.684209187825523,18.292682643166476,-0.0251024590163934,0.46209016393442626
2026-09-23,5469,0.6552254098360656,-4.347830020309873,6.88705248634722,-0.0982325819672131,0.3350409836065574
2026-09-23,5471,0.6552254098360656,-18.483413750326548,25.968988580304185,0.2459016393442623,0.8176229508196722
2026-09-23,5474,0.6552254098360656,-4.385964912280704,15.29051987767584,0.1188524590163934,0.6972336065573771
2026-09-23,5475,0.6552254098360656,-17.674418604651166,26.55367231638418,-0.1877561475409836,0.21746926229508196
2026-09-23,5478,0.6552254098360656,-2.316216496548318,2.88660108428639,-0.030609631147541,0.44825819672131145
2026-09-23,5481,0.6552254098360656,-0.8968558853510666,11.085967481000951,0.0023053278688525,0.5112704918032787
2026-09-23,5483,0.6552254098360656,-8.66336633663366,17.344173441734416,-0.0105020491803278,0.48924180327868855
2026-09-23,5484,0.6552254098360656,-9.195402298850574,13.417719587495055,-0.1709784836065573,0.2351434426229508
2026-09-23,5487,0.6552254098360656,-4.934210588231968,8.30449705954815,-0.3063524590163934,0.11014344262295082
2026-09-23,5488,0.6552254098360656,-3.614456354692086,8.333333333333332,0.3351690573770492,0.8883196721311475
2026-09-23,5489,0.6552254098360656,-8.261799571214912,17.660816928796603,0.4403176229508196,0.9554303278688525
2026-09-23,5490,0.6552254098360656,-12.371135169338798,16.07843286850873,0.3011014344262295,0.8657786885245902
2026-09-23,5493,0.6552254098360656,-0.6437752079051173,14.038877121183887,0.1045081967213114,0.680327868852459
2026-09-23,5498,0.6552254098360656,-18.10766494660948,24.40239006737956,-0.0421362704918032,0.4293032786885246
2026-09-23,5508,0.6552254098360656,-10.999997456868494,15.54306928818751,-0.0694159836065574,0.3837090163934426
2026-09-23,5511,0.6552254098360656,-3.4530386012580294,4.864093636135518,-0.1311475409836064,0.2848360655737705
2026-09-23,5512,0.6552254098360656,-1.913266485306364,4.551370336351256,-0.1449795081967213,0.265625
2026-09-23,5514,0.6552254098360656,-4.545453419510803,8.163264114526024,-0.578765368852459,0.017930327868852458
2026-09-23,5515,0.6552254098360656,-4.477607797583049,10.253906097204894,-0.0827356557377048,0.35860655737704916
2026-09-23,5516,0.6552254098360656,-2.845531512539068,6.694562372416131,-0.3760245901639345,0.07274590163934426
2026-09-23,5519,0.6552254098360656,-9.413853124125303,12.549015119964002,0.2644723360655737,0.836577868852459
2026-09-23,5520,0.6552254098360656,-1.1904761904761862,3.0120481927710845,-0.0111424180327869,0.48770491803278687
2026-09-23,5521,0.6552254098360656,-3.196341862026908,6.6037715478655405,-0.0581454918032787,0.4036885245901639
2026-09-23,5522,0.6552254098360656,-5.727549590770364,7.553363479254374,0.0215163934426229,0.5543032786885246
2026-09-23,5523,0.6552254098360656,0.0,0.6589810887170997,-0.2010758196721311,0.20133196721311475
2026-09-23,5525,0.6552254098360656,-2.844637232730174,5.1801782838227455,-0.0960553278688525,0.3396516393442623
2026-09-23,5529,0.6552254098360656,-1.70132608680289,20.192307692307693,-0.0954149590163934,0.3406762295081967
2026-09-23,5530,0.6552254098360656,-5.038756881795392,7.959179002411511,-0.2005635245901639,0.2028688524590164
2026-09-23,5531,0.6552254098360656,-6.016040215476847,8.108110307964218,-0.0886270491803278,0.3488729508196721
2026-09-23,5533,0.6552254098360656,-1.4035074334395548,4.270465290565567,-0.0845286885245901,0.3550204918032787
2026-09-23,5534,0.6552254098360656,-5.229589788678424,7.671607460993053,0.085297131147541,0.6559938524590164
2026-09-23,5536,0.6552254098360656,-1.3259668508287303,9.966405375139978,0.4316086065573771,0.953125
2026-09-23,5538,0.6552254098360656,-6.8421012476870935,9.18079056472388,-0.1611168032786886,0.24743852459016394
2026-09-23,5543,0.6552254098360656,-7.615897636769842,15.05376638123661,-0.0847848360655737,0.35450819672131145
2026-09-23,5546,0.6552254098360656,-8.333334352216138,10.489510349600328,-0.1180840163934426,0.3073770491803279
2026-09-23,5547,0.6552254098360656,-1.960782480441492,4.250001907348633,-0.1234631147540984,0.29764344262295084
2026-09-23,5548,0.6552254098360656,-1.6867469879518149,3.6764705882352944,-0.0160092213114754,0.47950819672131145
2026-09-23,5603,0.6552254098360656,-7.534248991293491,8.888894540292272,-0.0366290983606557,0.44031762295081966
2026-09-23,5604,0.6552254098360656,-2.8213154523283324,4.032258064516129,-0.3232581967213114,0.10348360655737705
2026-09-23,5607,0.6552254098360656,-10.616439385180554,13.793104708249835,-0.3993340163934426,0.06557377049180328
2026-09-23,5608,0.6552254098360656,-4.178272802909799,10.174418153345057,-0.1926229508196721,0.21106557377049182
2026-09-23,5609,0.6552254098360656,-0.8816178390230411,2.2871704212918864,-0.212858606557377,0.1867315573770492
2026-09-23,5701,0.6552254098360656,-8.31460452624565,11.029407296076146,-0.210297131147541,0.18954918032786885
2026-09-23,5704,0.6552254098360656,-4.421049419202305,6.38766834451723,-0.1424180327868852,0.26895491803278687
2026-09-23,5706,0.6552254098360656,-3.1798179753560474,4.530011168465493,0.0361168032786885,0.579405737704918
2026-09-23,5864,0.6552254098360656,-2.879587085991764,11.185988400440818,0.2256659836065575,0.8012295081967213
2026-09-23,5871,0.6552254098360656,-7.692307692307687,9.25925925925926,-0.214779713114754,0.18442622950819673
2026-09-23,5876,0.6552254098360656,-1.500000000000001,15.228426395939088,-0.4170081967213114,0.053790983606557374
2026-09-23,5878,0.6552254098360656,-1.5503934805937925,1.7060408186641027,-0.0858094262295081,0.35348360655737704
2026-09-23,5880,0.6552254098360656,-3.079711484498404,9.906540630019714,-0.5540471311475409,0.02305327868852459
2026-09-23,5902,0.6552254098360656,-2.7065441297457915,4.685207621172764,-0.2143954918032786,0.18493852459016394
2026-09-23,5903,0.6552254098360656,0.0,1.3440860215053765,-0.0302254098360655,0.4487704918032787
2026-09-23,5904,0.6552254098360656,-7.086610452110731,8.757057836500264,-0.2935450819672131,0.11603483606557377
2026-09-23,5905,0.6552254098360656,-8.333331326442961,9.36639509280722,-0.0386782786885246,0.4359631147540984
2026-09-23,5906,0.6552254098360656,-4.439247067874785,22.00488915460156,0.0471311475409836,0.6050204918032787
2026-09-23,5907,0.6552254098360656,-5.108059353390093,8.074541397166461,-0.236296106557377,0.15829918032786885
2026-09-23,6005,0.6552254098360656,-1.957835876330738,7.526884240752757,0.0476434426229507,0.6055327868852459
2026-09-23,6015,0.6552254098360656,-2.1917787316727333,13.725488834210376,-0.0326588114754098,0.4462090163934426
2026-09-23,6016,0.6552254098360656,-1.855673249234857,18.48739394780629,0.1376793032786886,0.7167008196721312
2026-09-23,6020,0.6552254098360656,-3.271022747984964,5.314011308826269,-0.0138319672131147,0.48514344262295084
2026-09-23,6021,0.6552254098360656,-7.851687227760817,17.514787482086724,-0.6134733606557378,0.014344262295081968
2026-09-23,6023,0.6552254098360656,-1.2401336098838422,7.648398475967451,0.0030737704918033,0.514344262295082
2026-09-23,6024,0.6552254098360656,-4.545451012320811,5.911327395601635,-0.1037397540983606,0.3255635245901639
2026-09-23,6026,0.6552254098360656,-1.5432156907439154,8.463952336134374,0.1032274590163934,0.6772540983606558
2026-09-23,6028,0.6552254098360656,-0.3015106047817073,5.947582366315237,-0.0614754098360654,0.39984631147540983
2026-09-23,6101,0.6552254098360656,-2.7848062635977056,9.114582971152348,0.1577868852459015,0.7377049180327869
2026-09-23,6103,0.6552254098360656,-20.85106220651181,47.446234560602775,0.3519467213114754,0.9042008196721312
2026-09-23,6104,0.6552254098360656,-12.330094124506996,15.282394889674569,-0.0107581967213114,0.4882172131147541
2026-09-23,6108,0.6552254098360656,-8.22179598429803,19.791666666666664,-0.0986168032786884,0.33452868852459017
2026-09-23,6109,0.6552254098360656,-7.894733760055184,11.428569612048904,0.2384733606557377,0.8104508196721312
2026-09-23,6111,0.6552254098360656,-5.468755743155651,14.6005596781026,0.3092981557377048,0.8709016393442623
2026-09-23,6112,0.6552254098360656,-9.227867894515496,18.672198874569354,-0.3619364754098361,0.07889344262295082
2026-09-23,6113,0.6552254098360656,-6.302521210438739,10.313898276902895,0.2419313524590164,0.8150614754098361
2026-09-23,6114,0.6552254098360656,-10.211951629934102,13.948498310809429,0.2795850409836065,0.8504098360655737
2026-09-23,6115,0.6552254098360656,-2.753303872220081,4.3035140661664615,0.0302254098360655,0.5683913934426229
2026-09-23,6116,0.6552254098360656,-7.692307692307687,17.666664123535146,0.3355532786885246,0.8890881147540983
2026-09-23,6117,0.6552254098360656,-7.4850353087905885,9.870553987256812,0.2079918032786885,0.7843237704918032
2026-09-23,6118,0.6552254098360656,0.0,12.202376965221994,0.1362704918032787,0.7156762295081968
2026-09-23,6120,0.6552254098360656,-7.246376711439373,16.015626251464692,0.3028944672131147,0.8683401639344263
2026-09-23,6121,0.6552254098360656,-8.94800483675937,11.553784860557768,0.0271516393442622,0.5619877049180327
2026-09-23,6122,0.6552254098360656,-0.3610121975285985,14.039854878413784,0.0107581967213115,0.5356045081967213
2026-09-23,6123,0.6552254098360656,-2.050117299764465,3.488372093023256,-0.1980020491803278,0.20440573770491804
2026-09-23,6124,0.6552254098360656,-3.0630644377287464,7.806692978624152,0.0517418032786885,0.6132172131147541
2026-09-23,6125,0.6552254098360656,-11.956525720284972,15.84362346644848,0.1890368852459016,0.7694672131147541
2026-09-23,6126,0.6552254098360656,-4.361363793553807,11.889243063432946,0.3268442622950819,0.8842213114754098
2026-09-23,6127,0.6552254098360656,-11.69428833027888,18.560995974082335,-0.0681352459016393,0.3865266393442623
2026-09-23,6128,0.6552254098360656,-6.829266431854997,9.162303481929769,0.0309938524590164,0.5704405737704918
2026-09-23,6129,0.6552254098360656,-4.823151066241604,14.527030706057293,0.1257684426229508,0.7064549180327869
2026-09-23,6130,0.6552254098360656,-14.901255158658875,19.620250923374,-0.2192622950819672,0.18032786885245902
2026-09-23,6133,0.6552254098360656,-11.394559268491566,29.174666426313884,0.0466188524590164,0.6024590163934426
2026-09-23,6134,0.6552254098360656,-4.942339311849986,8.665511150584743,0.174436475409836,0.7561475409836066
2026-09-23,6136,0.6552254098360656,-1.1928399268821832,4.426560823274596,-0.0558401639344261,0.4082991803278688
2026-09-23,6138,0.6552254098360656,-11.59420289855072,18.0327868852459,0.4123975409836066,0.9405737704918032
2026-09-23,6139,0.6552254098360656,-9.58230958230958,16.168478260869566,0.4281506147540984,0.9497950819672131
2026-09-23,6140,0.6552254098360656,-11.273489256490842,37.176477768841906,-0.2405225409836064,0.1567622950819672
2026-09-23,6141,0.6552254098360656,-13.52254103919993,23.359078121687222,-0.0819672131147541,0.3609118852459016
2026-09-23,6142,0.6552254098360656,-1.088133105129474,7.700767849446617,0.0717213114754098,0.6372950819672131
2026-09-23,6143,0.6552254098360656,-10.572693591258377,14.162562108629412,0.0107581967213115,0.5356045081967213
2026-09-23,6144,0.6552254098360656,-7.692302317980571,11.5079346457607,-0.1805840163934426,0.22745901639344263
2026-09-23,6146,0.6552254098360656,-7.179487179487176,11.32596685082873,0.3155737704918032,0.8775614754098361
2026-09-23,6147,0.6552254098360656,-7.939914163090133,28.904428904428904,0.070952868852459,0.6360143442622951
2026-09-23,6148,0.6552254098360656,-11.282660741472071,38.9558228419792,-0.1344774590163934,0.2776639344262295
2026-09-23,6150,0.6552254098360656,-7.87878903475675,11.842106666591375,-0.163422131147541,0.24385245901639344
2026-09-23,6151,0.6552254098360656,-4.6321545711142225,8.428573608398438,0.3401639344262294,0.8944672131147541
2026-09-23,6152,0.6552254098360656,-5.0473196938855995,16.943522647293424,-0.4008709016393443,0.06506147540983606
2026-09-23,6153,0.6552254098360656,-7.336958747054368,9.090905022983272,-0.2510245901639344,0.14959016393442623
2026-09-23,6154,0.6552254098360656,0.0,2.8168987598808553,-0.1493340163934426,0.2610143442622951
2026-09-23,6155,0.6552254098360656,-10.079998779296872,15.480428193653308,-0.0751793032786885,0.3724385245901639
2026-09-23,6156,0.6552254098360656,-4.1474723236691435,9.375004011851235,0.3862704918032786,0.9252049180327869
2026-09-23,6158,0.6552254098360656,-5.9945523629554405,12.463765904523324,-0.0713370901639344,0.3796106557377049
2026-09-23,6160,0.6552254098360656,-9.324757501476345,10.63829758452564,-0.024077868852459,0.4656762295081967
2026-09-23,6161,0.6552254098360656,-5.84905372475678,11.12224261993706,0.0317622950819671,0.5717213114754098
2026-09-23,6163,0.6552254098360656,-7.223478144582884,15.571771164934336,0.3849897540983606,0.9241803278688525
2026-09-23,6164,0.6552254098360656,-6.538464472844064,16.049381650112505,0.4802766393442623,0.9702868852459017
2026-09-23,6165,0.6552254098360656,-6.007749158511766,9.484532936332153,-0.1293545081967213,0.28739754098360654
2026-09-23,6166,0.6552254098360656,-6.296296296296299,21.73913043478261,0.2433401639344262,0.8165983606557377
2026-09-23,6167,0.6552254098360656,-8.407077816193864,13.236713382270814,0.4610655737704918,0.9651639344262295
2026-09-23,6168,0.6552254098360656,-9.649118110560304,43.932034317830755,0.0171618852459016,0.5502049180327869
2026-09-23,6169,0.6552254098360656,-5.1181073093880975,7.468876384103919,0.1574026639344262,0.7371926229508197
2026-09-23,6170,0.6552254098360656,-2.743907048544736,3.2392879550431735,-0.0491803278688524,0.41905737704918034
2026-09-23,6171,0.6552254098360656,-2.0370342113353535,6.805289924916087,-0.1334528688524591,0.2797131147540984
2026-09-23,6173,0.6552254098360656,-8.610271903323262,44.62809917355372,-0.1526639344262295,0.2574282786885246
2026-09-23,6174,0.6552254098360656,-4.603857581914905,14.47811643860542,0.1790471311475409,0.7612704918032787
2026-09-23,6175,0.6552254098360656,-13.016271999081797,17.985611510791365,0.1921106557377049,0.7715163934426229
2026-09-23,6176,0.6552254098360656,-4.9180281735721865,10.452582574627892,0.4413422131147541,0.9569672131147541
2026-09-23,6177,0.6552254098360656,-7.738098031358931,9.247318390877016,-0.2936731557377049,0.11526639344262295
2026-09-23,6179,0.6552254098360656,-16.22912363752038,40.74074577226104,-0.8621926229508197,0.003586065573770492
2026-09-23,6180,0.6552254098360656,-6.872851993421769,7.995079650688232,0.1739241803278688,0.7548668032786885
2026-09-23,6182,0.6552254098360656,-7.599999999999996,21.645021645021643,0.2544825819672131,0.8273565573770492
2026-09-23,6183,0.6552254098360656,-4.000003212376635,5.482456323806238,-0.1746926229508196,0.23155737704918034
2026-09-23,6184,0.6552254098360656,-3.809520176478798,6.559409469777873,0.2920081967213114,0.8603995901639344
2026-09-23,6185,0.6552254098360656,-3.448274350100178,7.539680797647104,0.1137295081967212,0.6936475409836066
2026-09-23,6186,0.6552254098360656,-12.312308012181829,14.041090297931769,0.0660860655737704,0.6301229508196722
2026-09-23,6187,0.6552254098360656,-17.182130584192436,22.82157676348548,-0.4191854508196721,0.052766393442622954
2026-09-23,6188,0.6552254098360656,-12.606229325123842,15.072932126520586,0.1846823770491803,0.7663934426229508
2026-09-23,6189,0.6552254098360656,-0.7077902596933194,7.02647835062119,0.301997950819672,0.8670594262295082
2026-09-23,6190,0.6552254098360656,-6.967211320687849,11.160056746563944,-0.0727459016393443,0.37628073770491804
2026-09-23,6191,0.6552254098360656,-3.496503372138915,6.400969633352322,0.026639344262295,0.5609631147540983
2026-09-23,6192,0.6552254098360656,-5.932203389830503,8.558558558558559,0.0691598360655737,0.6331967213114754
2026-09-23,6194,0.6552254098360656,0.0,3.764319630932088,0.0911885245901639,0.6593237704918032
2026-09-23,6195,0.6552254098360656,-1.060068004057324,4.285710198538644,-0.2269467213114754,0.16700819672131148
2026-09-23,6196,0.6552254098360656,-1.6129032258064502,14.845173041894352,0.1016905737704918,0.6752049180327869
2026-09-23,6197,0.6552254098360656,-5.097451274362818,13.112164296998422,0.3035348360655737,0.8688524590163934
2026-09-23,6198,0.6552254098360656,-3.7220844377103046,3.865979457461553,-0.0581454918032787,0.4036885245901639
2026-09-23,6199,0.6552254098360656,0.0,26.393440121509993,0.0266393442622951,0.5614754098360656
2026-09-23,6201,0.6552254098360656,-9.193053993590528,11.136109511760807,-0.1019467213114754,0.32889344262295084
2026-09-23,6202,0.6552254098360656,-3.594772443649541,13.050848750744835,0.3214651639344263,0.882172131147541
2026-09-23,6203,0.6552254098360656,-1.8032761870837577,2.838064640457468,-0.0015368852459015,0.5051229508196722
2026-09-23,6204,0.6552254098360656,-18.333333333333336,38.775510204081634,0.3685963114754098,0.9149590163934426
2026-09-23,6205,0.6552254098360656,0.0,16.666666666666664,0.2049180327868852,0.7817622950819673
2026-09-23,6206,0.6552254098360656,-2.7972027972028024,7.553956834532374,-0.0722336065573771,0.3775614754098361
2026-09-23,6207,0.6552254098360656,-8.064516129032262,18.421052631578945,0.1617571721311476,0.7402663934426229
2026-09-23,6208,0.6552254098360656,-10.179640718562876,15.46666463216146,0.3411885245901639,0.8954918032786885
2026-09-23,6209,0.6552254098360656,-11.86440677966102,18.205124292618187,-0.4828381147540984,0.036885245901639344
2026-09-23,6210,0.6552254098360656,-3.6011060720472665,9.195393731027226,0.1073258196721311,0.6849385245901639
2026-09-23,6212,0.6552254098360656,-4.552127083085233,10.76923076923077,-0.3687243852459016,0.07479508196721311
2026-09-23,6213,0.6552254098360656,-9.682804674457424,21.626617375231053,-0.0968237704918033,0.3368340163934426
2026-09-23,6214,0.6552254098360656,-2.564102564102566,8.421052631578947,-0.4346823770491803,0.0466188524590164
2026-09-23,6215,0.6552254098360656,-7.772508955679813,10.791366568009895,-0.0066598360655737,0.4948770491803279
2026-09-23,6216,0.6552254098360656,-8.000003590303306,10.230179427366112,0.1621413934426229,0.7418032786885246
2026-09-23,6217,0.6552254098360656,-20.427553444180525,32.537313432835816,-0.0618596311475408,0.3985655737704918
2026-09-23,6218,0.6552254098360656,-11.15942139556443,48.5318113707477,-0.025358606557377,0.4608094262295082
2026-09-23,6219,0.6552254098360656,-7.307690840501047,9.543565147944944,0.012295081967213,0.5412397540983607
2026-09-23,6220,0.6552254098360656,-5.992510620788383,7.370519336069428,-0.0382940573770491,0.4364754098360656
2026-09-23,6221,0.6552254098360656,-3.3639154611776356,37.02531842309833,-0.0251024590163932,0.46285860655737704
2026-09-23,6222,0.6552254098360656,-11.990407454485496,14.441414514662936,-0.1055327868852459,0.32274590163934425
2026-09-23,6223,0.6552254098360656,-7.26072607260726,23.665480427046266,-0.0637807377049181,0.39549180327868855
2026-09-23,6224,0.6552254098360656,-11.422419994537735,22.99270343985464,-0.543032786885246,0.024077868852459015
2026-09-23,6225,0.6552254098360656,-42.24999904632568,73.16017030063364,-0.4984631147540984,0.03227459016393443
2026-09-23,6226,0.6552254098360656,-11.041665077209473,43.55971908462633,-0.0548155737704918,0.4098360655737705
2026-09-23,6227,0.6552254098360656,-7.560137457044669,27.881040892193308,-0.1522797131147542,0.2581967213114754
2026-09-23,6228,0.6552254098360656,-4.761906797224058,9.117653790642231,-0.0987448770491803,0.33401639344262296
2026-09-23,6229,0.6552254098360656,-2.8688478136664197,7.594933245214366,0.1173155737704918,0.6951844262295082
2026-09-23,6230,0.6552254098360656,-6.302521008403361,12.10762331838565,0.1447233606557377,0.7248975409836066
2026-09-23,6231,0.6552254098360656,-7.4074074074074066,17.333333333333336,0.213498975409836,0.7907274590163934
2026-09-23,6233,0.6552254098360656,-3.3860045729868227,10.04672736848363,0.4953893442622951,0.9748975409836066
2026-09-23,6234,0.6552254098360656,-9.799286566013896,25.39266166102501,0.4269979508196722,0.9482581967213115
2026-09-23,6235,0.6552254098360656,-2.085885826064038,8.020051730734776,0.0955430327868852,0.6667520491803278
2026-09-23,6236,0.6552254098360656,-9.18635207394386,26.87861169709716,-0.7689549180327868,0.006147540983606557
2026-09-23,6237,0.6552254098360656,-2.3498635224795783,14.037432582368387,0.3888319672131147,0.9267418032786885
2026-09-23,6239,0.6552254098360656,-5.132450331125826,13.961605584642234,0.3406762295081967,0.8949795081967213
2026-09-23,6240,0.6552254098360656,-13.097347833413997,28.309576288897674,-0.2735655737704918,0.1290983606557377
2026-09-23,6241,0.6552254098360656,-14.166667726304794,19.41747596786988,-0.0299692622950819,0.4492827868852459
2026-09-23,6242,0.6552254098360656,-2.7220651043095567,3.829169433118021,-0.1215420081967212,0.30276639344262296
2026-09-23,6243,0.6552254098360656,-7.303370786516849,19.878789728338067,0.3624487704918032,0.9108606557377049
2026-09-23,6244,0.6552254098360656,-5.976095526705194,14.406777811749055,0.5048668032786885,0.9779713114754098
2026-09-23,6245,0.6552254098360656,-5.685617221440764,16.07564860451067,-0.0502049180327868,0.41649590163934425
2026-09-23,6246,0.6552254098360656,-6.474817577192383,13.076921609731809,0.0138319672131147,0.5448258196721312
2026-09-23,6248,0.6552254098360656,-2.6162833894116,3.8806061246501864,-0.1252561475409835,0.2943135245901639
2026-09-23,6257,0.6552254098360656,-6.083650190114065,24.898785425101213,0.1454918032786886,0.7254098360655737
2026-09-23,6259,0.6552254098360656,-11.162083916571753,17.039589992912934,0.5010245901639343,0.9769467213114754
2026-09-23,6261,0.6552254098360656,-5.078593837035761,12.484070601736663,0.4003586065573771,0.9334016393442623
2026-09-23,6263,0.6552254098360656,-10.028653295128942,14.331210191082802,0.0573770491803278,0.6214139344262295
2026-09-23,6264,0.6552254098360656,-1.6366596145236056,3.4941768743666635,-0.1956967213114754,0.20594262295081966
2026-09-23,6265,0.6552254098360656,-20.404719443164844,25.847458825718206,-0.1844262295081967,0.22182377049180327
2026-09-23,6266,0.6552254098360656,-1.968503966571833,4.016064318554497,-0.2074795081967212,0.19287909836065573
2026-09-23,6269,0.6552254098360656,-22.235725848332088,30.156254768371586,-0.3598872950819671,0.08043032786885246
2026-09-23,6270,0.6552254098360656,-3.9473647060816464,9.417807973108998,0.46875,0.9661885245901639
2026-09-23,6271,0.6552254098360656,-7.113821138211385,17.943107221006567,0.0079405737704918,0.5276639344262295
2026-09-23,6272,0.6552254098360656,-18.589746803143157,30.118116695946473,-0.4943647540983606,0.03278688524590164
2026-09-23,6274,0.6552254098360656,-6.709265175718848,19.863013698630137,0.5778688524590164,0.9882172131147541
2026-09-23,6275,0.6552254098360656,-6.54396863616854,9.518604411810005,0.0322745901639345,0.5732581967213115
2026-09-23,6276,0.6552254098360656,-5.700707359067769,10.83123212701462,-0.070952868852459,0.38063524590163933
2026-09-23,6277,0.6552254098360656,-5.128210621961459,7.979414184233094,-0.0199795081967213,0.4707991803278688
2026-09-23,6278,0.6552254098360656,-4.128440366972475,18.421052631578945,0.1746926229508196,0.7566598360655737
2026-09-23,6279,0.6552254098360656,-13.618677042801552,16.666666666666664,0.0794057377049179,0.6454918032786885
2026-09-23,6281,0.6552254098360656,-1.737447344473575,1.7681683383134243,-0.227202868852459,0.16649590163934427
2026-09-23,6282,0.6552254098360656,-6.724508843229837,10.581393574559412,0.2670338114754098,0.8376024590163934
2026-09-23,6283,0.6552254098360656,-6.879604876101542,13.456469877279485,0.2920081967213114,0.8603995901639344
2026-09-23,6284,0.6552254098360656,-9.806293733357464,11.00670731307676,-0.0046106557377049,0.4989754098360656
2026-09-23,6285,0.6552254098360656,-9.80392156862745,16.956521739130434,0.2726690573770491,0.8427254098360656
2026-09-23,6290,0.6552254098360656,-6.003430531732423,19.16058394160584,0.0309938524590164,0.5704405737704918
2026-09-23,6291,0.6552254098360656,-8.53432282003711,30.628803245436103,-0.0837602459016394,0.3555327868852459
2026-09-23,6292,0.6552254098360656,-4.505822625012835,14.003051757954257,-0.2218237704918032,0.1726434426229508
2026-09-23,6294,0.6552254098360656,-4.362413658869535,6.315786796703674,-0.3304303278688525,0.09733606557377049
2026-09-23,6405,0.6552254098360656,-7.66666836208767,19.013241085291032,0.5873463114754098,0.9892418032786885
2026-09-23,6409,0.6552254098360656,-17.47663551401869,25.36806342015855,0.1933913934426229,0.7730532786885246
2026-09-23,6411,0.6552254098360656,-5.084742162020817,8.673463380123383,0.2653688524590163,0.8370901639344263
2026-09-23,6412,0.6552254098360656,-7.587062634765807,10.497984833626838,0.2886782786885246,0.858094262295082
2026-09-23,6414,0.6552254098360656,-7.471980074719797,10.228802153432031,0.0028176229508197,0.5133196721311475
2026-09-23,6415,0.6552254098360656,-12.7942681678608,24.295774647887324,0.6129610655737705,0.9912909836065574
2026-09-23,6416,0.6552254098360656,-6.451612903225811,24.568965517241377,-0.4305840163934425,0.04764344262295082
2026-09-23,6417,0.6552254098360656,-5.555555555555558,7.84313725490196,0.1206454918032787,0.6992827868852459
2026-09-23,6418,0.6552254098360656,-11.66033510736898,19.942614253198272,-0.3724385245901638,0.07428278688524591
2026-09-23,6419,0.6552254098360656,-6.501547987616096,12.251655629139073,-0.2296362704918031,0.16393442622950818
2026-09-23,6423,0.6552254098360656,-3.0337044362271803,11.93511319528049,-0.0248463114754098,0.4636270491803279
2026-09-23,6425,0.6552254098360656,-7.02426537118318,25.686818397990702,0.0986168032786884,0.6716188524590164
2026-09-23,6426,0.6552254098360656,0.0,36.39846743295019,-0.0169057377049179,0.47848360655737704
2026-09-23,6431,0.6552254098360656,-14.46077897428586,20.630373776919576,-0.1408811475409836,0.27049180327868855
2026-09-23,6432,0.6552254098360656,-11.403512979172536,27.062709470005085,0.7315573770491803,0.9994877049180327
2026-09-23,6435,0.6552254098360656,-11.545293072824158,22.289156626506024,0.5663422131147542,0.9877049180327869
2026-09-23,6438,0.6552254098360656,-8.383233532934131,16.013071895424837,0.1629098360655737,0.7433401639344263
2026-09-23,6441,0.6552254098360656,-8.92193179392098,26.12244742257254,-0.0530225409836065,0.41265368852459017
2026-09-23,6442,0.6552254098360656,-21.09375,28.38283828382838,-0.3253073770491803,0.10092213114754098
2026-09-23,6443,0.6552254098360656,-8.278145486234312,27.075811528620765,0.4946209016393442,0.9733606557377049
2026-09-23,6446,0.6552254098360656,-28.57142857142857,44.25531914893617,-0.2085040983606557,0.1915983606557377
2026-09-23,6449,0.6552254098360656,-15.120967741935488,20.19002375296912,-0.2120901639344262,0.1880122950819672
2026-09-23,6451,0.6552254098360656,-17.62376237623763,26.802884615384613,0.0919569672131147,0.6600922131147541
2026-09-23,6456,0.6552254098360656,-2.8430197878575703,24.80916078696915,0.0484118852459016,0.6065573770491803
2026-09-23,6461,0.6552254098360656,-18.3673458795787,25.41666825612386,-0.4656762295081966,0.0389344262295082
2026-09-23,6462,0.6552254098360656,-3.689323351221163,7.963711460596867,0.097592213114754,0.6700819672131147
2026-09-23,6464,0.6552254098360656,-2.6548653788004084,4.545454545454546,-0.2525614754098361,0.14856557377049182
2026-09-23,6465,0.6552254098360656,-16.096579229764274,21.702635663027763,0.1793032786885246,0.7617827868852459
2026-09-23,6469,0.6552254098360656,-7.5714329310825885,9.737248120893009,0.1752049180327868,0.7576844262295082
2026-09-23,6470,0.6552254098360656,-2.050117299764465,6.511635004087936,-0.2353995901639344,0.15932377049180327
2026-09-23,6472,0.6552254098360656,-5.627705627705626,15.825688073394495,0.3632172131147541,0.9121413934426229
2026-09-23,6474,0.6552254098360656,-12.57706182509608,15.655850825432676,0.0243340163934425,0.5578893442622951
2026-09-23,6477,0.6552254098360656,-15.136472927055134,19.88303826130118,0.056608606557377,0.6196209016393442
2026-09-23,6482,0.6552254098360656,-8.317213101750964,9.28270334227024,-0.0706967213114753,0.38165983606557374
2026-09-23,6485,0.6552254098360656,-12.289779592426507,27.728616822341568,0.4170081967213115,0.9421106557377049
2026-09-23,6486,0.6552254098360656,-12.526996398777424,21.23456413363233,-0.3141649590163934,0.10758196721311475
2026-09-23,6488,0.6552254098360656,-6.403940886699511,15.052631578947368,0.0947745901639344,0.664702868852459
2026-09-23,6491,0.6552254098360656,-0.8515815085158196,12.76073619631902,-0.043545081967213,0.42827868852459017
2026-09-23,6492,0.6552254098360656,-3.9106082151318833,7.703481376848381,0.4294313524590163,0.9503073770491803
2026-09-23,6494,0.6552254098360656,-9.34744120942721,15.369652317814442,0.532530737704918,0.983094262295082
2026-09-23,6496,0.6552254098360656,-5.544552944674352,6.918237283602904,-0.2236168032786885,0.16956967213114754
2026-09-23,6498,0.6552254098360656,-17.267082640843356,24.474479617430532,0.210297131147541,0.7868852459016393
2026-09-23,6499,0.6552254098360656,-6.861491875324632,14.324692445900515,-0.2038934426229508,0.19595286885245902
2026-09-23,6504,0.6552254098360656,-7.6633148128819055,10.068029286910075,-0.2420594262295081,0.1552254098360656
2026-09-23,6505,0.6552254098360656,-3.6423791147258022,23.367698525490653,-0.2602459016393442,0.1398565573770492
2026-09-23,6506,0.6552254098360656,-3.2000020345052116,6.336086185677818,-0.202484631147541,0.1992827868852459
2026-09-23,6508,0.6552254098360656,-5.831900095498299,16.57558874535097,0.056608606557377,0.6196209016393442
2026-09-23,6509,0.6552254098360656,-0.525762363851201,6.765329417663468,0.1972336065573771,0.7761270491803278
2026-09-23,6510,0.6552254098360656,-11.689961880559084,38.705035971223026,-0.3650102459016394,0.07684426229508197
2026-09-23,6512,0.6552254098360656,-4.275532784560565,5.459049602708264,-0.3683401639344261,0.07530737704918032
2026-09-23,6515,0.6552254098360656,-27.42130750605327,45.53794829024187,-0.2658811475409836,0.13601434426229508
2026-09-23,6516,0.6552254098360656,-3.5234874628947033,8.17390773607337,-0.0284323770491803,0.45389344262295084
2026-09-23,6517,0.6552254098360656,-15.89403973509934,22.83464566929134,0.1424180327868852,0.7218237704918032
2026-09-23,6523,0.6552254098360656,-0.994476824175583,1.674107171367018,-0.0827356557377049,0.35809426229508196
2026-09-23,6525,0.6552254098360656,-11.333333333333329,23.308270676691727,0.5128073770491803,0.9805327868852459
2026-09-23,6526,0.6552254098360656,0.0,30.238095238095237,0.0397028688524589,0.5888831967213115
2026-09-23,6527,0.6552254098360656,-5.484697663352001,6.882589175628974,-0.4077868852459015,0.06096311475409836
2026-09-23,6530,0.6552254098360656,-6.000002906435997,20.16210956552954,-0.1944159836065573,0.20799180327868852
2026-09-23,6531,0.6552254098360656,-7.323943661971832,18.84498480243161,-0.215420081967213,0.1839139344262295
2026-09-23,6532,0.6552254098360656,-5.410626545044539,14.708887948354532,-0.2648565573770493,0.13729508196721313
2026-09-23,6533,0.6552254098360656,-9.874326750448835,21.71314741035857,0.1078381147540983,0.6857069672131147
2026-09-23,6534,0.6552254098360656,-2.4678063279772178,4.180412935726355,-0.1483094262295081,0.26229508196721313
2026-09-23,6535,0.6552254098360656,-4.302322032839756,14.945325146613223,0.3855020491803278,0.9246926229508197
2026-09-23,6538,0.6552254098360656,-12.286324786324789,65.89524969549329,-0.066342213114754,0.39088114754098363
2026-09-23,6541,0.6552254098360656,-16.021361489363716,22.734503505336757,0.5660860655737706,0.9871926229508197
2026-09-23,6542,0.6552254098360656,-9.691632991181333,11.82927387516673,-0.1065573770491803,0.3206967213114754
2026-09-23,6546,0.6552254098360656,-12.347558936783363,14.086953868036684,-0.0632684426229508,0.39702868852459017
2026-09-23,6547,0.6552254098360656,-15.789471181493164,25.82236372574209,-0.4866803278688524,0.0353483606557377
2026-09-23,6548,0.6552254098360656,-7.692307692307687,13.194444444444445,0.195952868852459,0.7756147540983607
2026-09-23,6552,0.6552254098360656,-3.675051253076389,11.44578483988727,0.5806864754098361,0.9887295081967213
2026-09-23,6556,0.6552254098360656,-1.125403142047121,4.39024514299098,0.1129610655737705,0.6926229508196722
2026-09-23,6558,0.6552254098360656,-5.703422218683107,13.104839112830597,0.5292008196721312,0.9820696721311475
2026-09-23,6560,0.6552254098360656,-7.262565724944336,17.16867085724174,-0.0617315573770491,0.399077868852459
2026-09-23,6561,0.6552254098360656,-5.198776758409784,6.774193548387098,-0.1381915983606557,0.2735655737704918
2026-09-23,6568,0.6552254098360656,-3.7800687285223344,12.5,0.2026127049180328,0.7797131147540983
2026-09-23,6569,0.6552254098360656,-2.3354533115865994,5.652170595915437,0.1497182377049181,0.7289959016393442
2026-09-23,6570,0.6552254098360656,-12.990655631662529,16.111708105096838,-0.050717213114754,0.41572745901639346
2026-09-23,6573,0.6552254098360656,-16.580305606676237,23.291918990522134,0.319672131147541,0.8801229508196722
2026-09-23,6574,0.6552254098360656,-2.8340080971659964,5.0,-0.1853227459016393,0.22131147540983606
2026-09-23,6576,0.6552254098360656,-3.113770627689938,5.9332545874209295,-0.4154713114754098,0.05507172131147541
2026-09-23,6577,0.6552254098360656,-1.724130479188002,4.636587477123768,-0.1252561475409835,0.2943135245901639
2026-09-23,6578,0.6552254098360656,-9.189193313186228,11.30952205247071,-0.3404200819672132,0.08811475409836066
2026-09-23,6579,0.6552254098360656,-3.2258064516129004,8.333333333333332,-0.0893954918032787,0.3483606557377049
2026-09-23,6581,0.6552254098360656,-2.67857142857143,3.669724770642202,-0.406890368852459,0.061987704918032786
2026-09-23,6582,0.6552254098360656,-6.948638498756365,7.46753017543273,-0.1314036885245902,0.2838114754098361
2026-09-23,6584,0.6552254098360656,-21.90201729106628,29.704797047970477,-0.0053790983606557,0.4979508196721312
2026-09-23,6585,0.6552254098360656,-8.62068965517241,15.09433962264151,0.5321465163934427,0.9825819672131147
2026-09-23,6588,0.6552254098360656,-11.41732283464567,24.0,-0.2234887295081967,0.17008196721311475
2026-09-23,6589,0.6552254098360656,0.0,16.512061732699145,0.075563524590164,0.6416495901639344
2026-09-23,6590,0.6552254098360656,-9.59999593098958,29.052192933200487,-0.3650102459016393,0.07735655737704918
2026-09-23,6591,0.6552254098360656,-4.951559094258662,11.664782214922887,0.3629610655737705,0.9113729508196722
2026-09-23,6592,0.6552254098360656,-7.496013884767794,8.275860753552667,-0.2758709016393443,0.1260245901639344
2026-09-23,6593,0.6552254098360656,-1.8237150789990109,5.108363977871921,0.1016905737704917,0.6746926229508197
2026-09-23,6596,0.6552254098360656,-1.2219928569597416,5.360821596125981,-0.022797131147541,0.4667008196721312
2026-09-23,6597,0.6552254098360656,-10.526315789473683,16.176470588235293,-0.3808913934426229,0.07120901639344263
2026-09-23,6598,0.6552254098360656,-7.692305238810581,11.59419859189298,-0.3924180327868852,0.06711065573770492
2026-09-23,6603,0.6552254098360656,-9.33333079020182,21.69117445970495,0.0645491803278688,0.6265368852459017
2026-09-23,6605,0.6552254098360656,-2.464788732394363,5.415162454873646,0.0166495901639344,0.5496926229508197
2026-09-23,6606,0.6552254098360656,-4.743832948401194,7.768927224316126,-0.048796106557377,0.41956967213114754
2026-09-23,6609,0.6552254098360656,-3.627569662278885,7.402752976660561,0.005891393442623,0.5204918032786885
2026-09-23,6612,0.6552254098360656,-4.144393017431536,8.089265409515484,-0.0642930327868852,0.3944672131147541
2026-09-23,6613,0.6552254098360656,-7.081174438687388,14.869888475836431,0.2684426229508196,0.8388831967213115
2026-09-23,6614,0.6552254098360656,-2.469139937011966,3.6568193107169176,0.027920081967213,0.5630122950819673
2026-09-23,6615,0.6552254098360656,-2.5788008210015145,4.70588908475988,0.1042520491803278,0.6798155737704918
2026-09-23,6616,0.6552254098360656,-6.286378955305871,9.192549446235102,-0.2694672131147541,0.13268442622950818
2026-09-23,6617,0.6552254098360656,-4.697986577181212,25.352112676056336,-0.1306352459016393,0.2858606557377049
2026-09-23,6620,0.6552254098360656,-16.129032258064512,60.923074575570915,-0.7663934426229508,0.00665983606557377
2026-09-23,6624,0.6552254098360656,-11.29220536127048,14.042001320425973,-0.1644467213114754,0.24282786885245902
2026-09-23,6625,0.6552254098360656,-5.747126212786247,6.910577090273101,-0.0243340163934426,0.4649077868852459
2026-09-23,6629,0.6552254098360656,-8.771929824561408,12.980769230769232,0.1566342213114753,0.7361680327868853
2026-09-23,6637,0.6552254098360656,-7.849826952047689,9.999995761447485,0.2751024590163934,0.8468237704918032
2026-09-23,6640,0.6552254098360656,-20.45454545454546,29.04761904761905,-0.5941342213114754,0.015881147540983607
2026-09-23,6641,0.6552254098360656,-8.469941539240832,10.149246899049674,-0.0573770491803278,0.40496926229508196
2026-09-23,6642,0.6552254098360656,-8.60465293706849,13.867686688909686,0.1657274590163935,0.7474385245901639
2026-09-23,6643,0.6552254098360656,-8.365384615384619,25.183630640083944,0.1603483606557377,0.7397540983606558
2026-09-23,6645,0.6552254098360656,-8.088237872173154,11.600006103515652,0.1801997950819672,0.7622950819672131
2026-09-23,6649,0.6552254098360656,-2.609892096471589,5.641748820752814,-0.175717213114754,0.2305327868852459
2026-09-23,6651,0.6552254098360656,-3.797468354430378,14.802631578947366,0.1644467213114753,0.7443647540983607
2026-09-23,6654,0.6552254098360656,-13.938053097345138,31.619537275064268,-0.8096823770491803,0.004610655737704918
2026-09-23,6655,0.6552254098360656,-4.230769230769226,12.851405622489958,-0.1691854508196721,0.23719262295081966
2026-09-23,6657,0.6552254098360656,-14.743589743589746,27.368422199908952,-0.5721055327868853,0.018954918032786885
2026-09-23,6658,0.6552254098360656,-9.898477157360407,19.718309859154928,0.2727971311475409,0.8432377049180327
2026-09-23,6662,0.6552254098360656,-6.5573770491803245,10.526315789473683,-0.1278176229508196,0.29021516393442626
2026-09-23,6664,0.6552254098360656,-11.847133757961782,18.641618497109828,0.1949282786885245,0.774077868852459
2026-09-23,6666,0.6552254098360656,-1.311472074581621,7.1982278851910495,-0.1196209016393443,0.3048155737704918
2026-09-23,6667,0.6552254098360656,-2.9684601113172504,21.223709369024856,0.1132172131147541,0.6931352459016393
2026-09-23,6668,0.6552254098360656,-13.216262315796302,31.52289456136304,-0.0158811475409835,0.48104508196721313
2026-09-23,6669,0.6552254098360656,-26.782608695652176,37.52969121140142,-0.0151127049180327,0.48411885245901637
2026-09-23,6670,0.6552254098360656,-5.2083333333333375,7.875457875457875,-0.4053534836065574,0.0630122950819672
2026-09-23,6671,0.6552254098360656,-3.4042520725980685,4.185025246741165,-0.0724897540983606,0.3770491803278688
2026-09-23,6672,0.6552254098360656,-3.307086614173227,18.24104234527687,-0.2223360655737705,0.1716188524590164
2026-09-23,6674,0.6552254098360656,-0.5405426025390625,16.576088336780558,0.0822233606557376,0.6516393442622951
2026-09-23,6679,0.6552254098360656,-7.35632183908046,12.903225806451612,0.2832991803278689,0.8550204918032787
2026-09-23,6683,0.6552254098360656,-10.632183908045976,39.228295819935695,-0.0878586065573769,0.350922131147541
2026-09-23,6684,0.6552254098360656,-6.99433016297627,17.68292810575085,0.4193135245901638,0.9441598360655737
2026-09-23,6689,0.6552254098360656,-14.3239590165659,22.968745231628414,-0.2920081967213114,0.11782786885245902
2026-09-23,6690,0.6552254098360656,-11.194029850746269,22.689075630252105,-0.3354252049180328,0.09170081967213115
2026-09-23,6691,0.6552254098360656,-0.7680491551459334,8.204334365325078,0.3230020491803278,0.8826844262295082
2026-09-23,6692,0.6552254098360656,-8.130081174740656,9.513272487787694,-0.1279456967213114,0.2894467213114754
2026-09-23,6693,0.6552254098360656,0.0,17.258883248730964,0.317622950819672,0.8780737704918032
2026-09-23,6695,0.6552254098360656,-3.281854803046369,12.375251400740126,0.358094262295082,0.9072745901639344
2026-09-23,6697,0.6552254098360656,-4.302322032839756,7.290400701718866,-0.0819672131147541,0.3609118852459016
2026-09-23,6698,0.6552254098360656,-5.812217287435228,8.386074640949168,0.1946721311475409,0.7735655737704918
2026-09-23,6703,0.6552254098360656,-3.3816425120772986,4.0,-0.1050204918032787,0.32325819672131145
2026-09-23,6706,0.6552254098360656,-14.28571428571429,34.02777777777778,-0.2207991803278688,0.17494877049180327
2026-09-23,6708,0.6552254098360656,-2.624998092651365,8.857511412996159,0.1559938524590163,0.7351434426229508
2026-09-23,6712,0.6552254098360656,-0.917431192660545,7.4074074074074066,-0.0174180327868853,0.4764344262295082
2026-09-23,6715,0.6552254098360656,-4.171011470281538,37.43199129488575,0.1063012295081967,0.6834016393442623
2026-09-23,6716,0.6552254098360656,-14.855072463768115,21.70212765957447,-0.2820184426229508,0.12141393442622951
2026-09-23,6719,0.6552254098360656,-9.629629629629632,13.934426229508196,0.478483606557377,0.9692622950819673
2026-09-23,6720,0.6552254098360656,-4.4280442804427995,7.335907335907336,0.0066598360655737,0.5225409836065574
2026-09-23,6721,0.6552254098360656,-4.554082525870995,6.6600444127842255,-0.0087090163934426,0.49077868852459017
2026-09-23,6722,0.6552254098360656,-3.412465094671846,5.529957432900706,-0.0778688524590164,0.3662909836065574
2026-09-23,6725,0.6552254098360656,-9.730848861283649,16.51376146788991,0.3358094262295081,0.8898565573770492
2026-09-23,6727,0.6552254098360656,-23.140495867768596,30.53763440860215,-0.5207479508196722,0.02817622950819672
2026-09-23,6728,0.6552254098360656,-1.3636363636363669,3.686635944700461,-0.0274077868852458,0.45543032786885246
2026-09-23,6730,0.6552254098360656,-3.582091829670009,6.191950610652737,0.2729252049180328,0.84375
2026-09-23,6732,0.6552254098360656,-5.095541401273884,9.395973154362416,0.3383709016393442,0.8924180327868853
2026-09-23,6733,0.6552254098360656,-9.625664631118768,12.62326945734465,-0.3326075819672131,0.09631147540983606
2026-09-23,6735,0.6552254098360656,-7.132456956109101,15.203757153977508,0.4177766393442623,0.9426229508196722
2026-09-23,6739,0.6552254098360656,-22.627737226277368,35.094339622641506,-0.427126024590164,0.048668032786885244
2026-09-23,6741,0.6552254098360656,-8.68852333944352,9.694796143471242,-0.2838114754098361,0.12090163934426229
2026-09-23,6742,0.6552254098360656,-4.498267315640403,26.721014123432685,0.4031762295081966,0.9354508196721312
2026-09-23,6743,0.6552254098360656,-0.3284084695046596,11.037892386700191,0.1260245901639344,0.7072233606557377
2026-09-23,6752,0.6552254098360656,-8.909954052965785,12.90322759913271,-0.2346311475409835,0.1603483606557377
2026-09-23,6753,0.6552254098360656,-14.05228758169934,17.490494296577946,-0.0363729508196721,0.4413422131147541
2026-09-23,6754,0.6552254098360656,-2.8901734104046284,6.547619047619048,0.0496926229508197,0.6086065573770492
2026-09-23,6756,0.6552254098360656,-6.635071090047395,12.18274111675127,0.0555840163934425,0.6173155737704918
2026-09-23,6757,0.6552254098360656,-4.416961249818874,7.393715550497497,0.2261782786885245,0.8027663934426229
2026-09-23,6761,0.6552254098360656,-15.681233933161954,21.036585365853657,0.0251024590163934,0.5594262295081968
2026-09-23,6762,0.6552254098360656,-3.869047619047616,7.120743034055728,-0.2087602459016393,0.1910860655737705
2026-09-23,6763,0.6552254098360656,-1.9906376431639283,6.212669972798519,0.2336065573770491,0.8073770491803278
2026-09-23,6767,0.6552254098360656,-5.973029282614961,15.163937790103626,-0.171875,0.2341188524590164
2026-09-23,6768,0.6552254098360656,-4.11584910220284,7.154212863013315,0.2594774590163934,0.8324795081967213
2026-09-23,6770,0.6552254098360656,-2.921652707138056,11.76471447747048,0.0332991803278688,0.5758196721311475
2026-09-23,6771,0.6552254098360656,-2.552200726367948,7.142857142857142,-0.2228483606557377,0.1711065573770492
2026-09-23,6776,0.6552254098360656,-2.420855155662738,4.961836284554859,-0.040983606557377,0.4328893442622951
2026-09-23,6781,0.6552254098360656,-13.617021276595745,19.014778325123153,0.0010245901639344,0.5102459016393442
2026-09-23,6782,0.6552254098360656,-6.25,15.208333333333332,0.0851690573770491,0.6552254098360656
2026-09-23,6785,0.6552254098360656,-8.425924513075088,17.59353008839529,0.4477459016393443,0.9595286885245902
2026-09-23,6788,0.6552254098360656,-14.503816793893131,22.321428571428573,0.3442622950819672,0.8985655737704918
2026-09-23,6789,0.6552254098360656,-8.771929824561408,18.803418803418804,0.1244877049180328,0.7049180327868853
2026-09-23,6790,0.6552254098360656,-1.5645332411837742,1.8542965516349337,-0.0499487704918032,0.41700819672131145
2026-09-23,6791,0.6552254098360656,-5.167465575003738,7.0635722581045,-0.0558401639344262,0.4077868852459016
2026-09-23,6792,0.6552254098360656,-6.190478612506201,9.8138737509448,0.0576331967213115,0.6224385245901639
2026-09-23,6794,0.6552254098360656,-7.4074074074074066,11.73333740234375,-0.046234631147541,0.42315573770491804
2026-09-23,6796,0.6552254098360656,-19.842517282080465,27.504910766814085,0.1498463114754098,0.7295081967213115
2026-09-23,6799,0.6552254098360656,-1.0146492981386812,12.98404726679123,0.3501536885245901,0.9024077868852459
2026-09-23,6803,0.6552254098360656,-2.025782688766109,2.0676691729323307,-0.190061475409836,0.21567622950819673
2026-09-23,6804,0.6552254098360656,-3.1830258319758387,6.8493150684931505,-0.2774077868852459,0.12346311475409837
2026-09-23,6805,0.6552254098360656,-5.454545454545457,28.46153846153846,-0.0071721311475408,0.49436475409836067
2026-09-23,6807,0.6552254098360656,-5.194813773423501,8.371391278800385,-0.2633196721311475,0.13883196721311475
2026-09-23,6811,0.6552254098360656,-8.807339449541285,21.52917505030181,-0.1641905737704918,0.24334016393442623
2026-09-23,6821,0.6552254098360656,-6.896551724137934,9.876543209876544,0.2338627049180328,0.8078893442622951
2026-09-23,6823,0.6552254098360656,-4.595876040109581,13.122919619703834,0.0955430327868852,0.6667520491803278
2026-09-23,6829,0.6552254098360656,-21.886792452830186,30.193236714975846,-0.2243852459016393,0.16854508196721313
2026-09-23,6830,0.6552254098360656,-14.97659906396256,25.688073394495415,-0.4180327868852458,0.05327868852459016
2026-09-23,6831,0.6552254098360656,-19.27899686520376,25.8252427184466,0.0304815573770491,0.5691598360655737
2026-09-23,6834,0.6552254098360656,-6.198347107438018,29.955947136563875,0.301997950819672,0.8670594262295082
2026-09-23,6835,0.6552254098360656,-1.7322810616080209,5.929488257151671,0.1034836065573771,0.6785348360655737
2026-09-23,6838,0.6552254098360656,0.0,13.523806617373513,0.0368852459016394,0.5835040983606558
2026-09-23,6840,0.6552254098360656,-6.278026905829592,23.636360716021233,-0.0217725409836067,0.4672131147540984
2026-09-23,6841,0.6552254098360656,-1.6544145232252672,6.355143039025993,0.1262807377049181,0.7079918032786885
2026-09-23,6843,0.6552254098360656,-3.9702196139242303,6.718342177943697,-0.106045081967213,0.32172131147540983
2026-09-23,6844,0.6552254098360656,-5.794701840364014,7.557122911151613,-0.1188524590163934,0.30584016393442626
2026-09-23,6846,0.6552254098360656,-2.671122283906957,7.375648555796818,-0.1526639344262295,0.2574282786885246
2026-09-23,6854,0.6552254098360656,-10.097088860076608,17.062638565996778,0.4223872950819672,0.9462090163934426
2026-09-23,6855,0.6552254098360656,-3.734439834024894,8.189655172413794,-0.0256147540983606,0.4600409836065574
2026-09-23,6856,0.6552254098360656,-4.778162121419516,8.243729722171532,0.1096311475409835,0.6875
2026-09-23,6859,0.6552254098360656,-6.5891472868217065,19.08713692946058,-0.3560450819672131,0.08145491803278689
2026-09-23,6861,0.6552254098360656,-5.862068965517242,40.84249084249084,0.4008709016393442,0.9339139344262295
2026-09-23,6862,0.6552254098360656,-6.688963210702337,14.336917562724013,0.4690061475409836,0.9669569672131147
2026-09-23,6863,0.6552254098360656,-13.27433628318584,22.551018851143972,0.1394723360655737,0.7192622950819673
2026-09-23,6865,0.6552254098360656,-4.568522873015757,18.08510048277563,0.0783811475409835,0.6449795081967213
2026-09-23,6869,0.6552254098360656,-3.532606695685314,15.774643589073504,0.1657274590163934,0.7469262295081968
2026-09-23,6870,0.6552254098360656,-1.7937219730941756,26.027397260273972,-0.0829918032786884,0.3573258196721312
2026-09-23,6872,0.6552254098360656,-14.232896793750385,57.11206297670355,-0.7328381147540984,0.009221311475409836
2026-09-23,6873,0.6552254098360656,-3.203346732589729,7.625903671593975,0.2753586065573771,0.8478483606557377
2026-09-23,6874,0.6552254098360656,-9.87012788846895,13.688760505945377,0.2815061475409836,0.8529713114754098
2026-09-23,6875,0.6552254098360656,-12.258950273055614,18.367341927959952,0.0317622950819672,0.5722336065573771
2026-09-23,6877,0.6552254098360656,-0.7843137254901933,16.600790513833992,0.2599897540983606,0.8329918032786885
2026-09-23,6885,0.6552254098360656,-8.333333333333337,35.86776985609827,-0.0363729508196721,0.4413422131147541
2026-09-23,6887,0.6552254098360656,-7.932688930683474,14.09921073415572,-0.0151127049180328,0.48360655737704916
2026-09-23,6890,0.6552254098360656,-19.293478260869566,25.925925925925924,0.3258196721311475,0.8837090163934426
2026-09-23,6894,0.6552254098360656,-2.614379084967322,14.76510067114094,0.0512295081967212,0.6116803278688525
2026-09-23,6895,0.6552254098360656,-15.634218289085544,23.426573426573427,-0.5032018442622951,0.03125
2026-09-23,6899,0.6552254098360656,-8.534326824851334,10.547669053573594,-0.0261270491803278,0.45850409836065575
2026-09-23,6901,0.6552254098360656,-7.079650200153442,15.555560399615576,0.5947745901639345,0.9902663934426229
2026-09-23,6902,0.6552254098360656,-4.532577903682721,33.23442136498516,0.0322745901639344,0.5727459016393442
2026-09-23,6903,0.6552254098360656,-4.636785162287483,10.85899513776337,0.2251536885245901,0.7996926229508197
2026-09-23,6904,0.6552254098360656,-3.984063745019917,5.809128630705394,-0.2132428278688524,0.18596311475409835
2026-09-23,6906,0.6552254098360656,-7.666287691317608,20.390716664520376,-0.1337090163934425,0.2792008196721312
2026-09-23,6907,0.6552254098360656,-12.35154394299287,20.32520325203252,-0.3058401639344262,0.11065573770491803
2026-09-23,6908,0.6552254098360656,-7.476628739146241,8.585855796483722,0.0724897540983606,0.6383196721311475
2026-09-23,6909,0.6552254098360656,-5.795454545454537,11.21833902503958,0.1370389344262296,0.7161885245901639
2026-09-23,6910,0.6552254098360656,-2.857142857142858,8.431371053059895,0.1034836065573771,0.6785348360655737
2026-09-23,6913,0.6552254098360656,-24.2603550295858,36.328125,-0.0366290983606557,0.44031762295081966
2026-09-23,6914,0.6552254098360656,-4.743083003952564,7.053941908713693,0.1229508196721311,0.701844262295082
2026-09-23,6916,0.6552254098360656,-11.056512723795953,13.812154696132596,-0.1070696721311475,0.31890368852459017
2026-09-23,6918,0.6552254098360656,-7.054458956030718,10.918781062099493,-0.3278688524590164,0.09989754098360656
2026-09-23,6919,0.6552254098360656,-25.370370370370377,38.08932623851389,0.1408811475409836,0.7207991803278688
2026-09-23,6921,0.6552254098360656,-7.0200613718087945,16.02465566391203,0.3539959016393441,0.9052254098360656
2026-09-23,6922,0.6552254098360656,-5.760368663594473,17.359413202933986,0.1849385245901639,0.766905737704918
2026-09-23,6923,0.6552254098360656,-2.7883415504843967,5.997390448658532,-0.0940061475409835,0.3432377049180328
2026-09-23,6924,0.6552254098360656,-5.555555555555558,26.47058823529412,-0.2588370901639343,0.14293032786885246
2026-09-23,6925,0.6552254098360656,-0.4815397122542642,21.129029796969505,0.0806864754098359,0.6470286885245902
2026-09-23,6928,0.6552254098360656,-8.730161493387333,12.608702286430026,-0.1293545081967212,0.28790983606557374
2026-09-23,6929,0.6552254098360656,-7.740587493714324,15.41949993728672,0.2850922131147541,0.8555327868852459
2026-09-23,6931,0.6552254098360656,-7.619047619047626,10.05155032443017,-0.1690573770491803,0.23770491803278687
2026-09-23,6933,0.6552254098360656,-2.9126213592232997,35.42857142857142,-0.1265368852459015,0.29149590163934425
2026-09-23,6934,0.6552254098360656,-9.14634146341463,13.691271071466025,-0.324282786885246,0.10297131147540983
2026-09-23,6936,0.6552254098360656,-5.231691249700498,6.151421965108685,-0.2538422131147541,0.14702868852459017
2026-09-23,6937,0.6552254098360656,-4.912836767036454,14.499999999999998,-0.0993852459016393,0.3319672131147541
2026-09-23,6944,0.6552254098360656,-0.9485094850948506,8.481532147742818,0.1711065573770491,0.7520491803278688
2026-09-23,6945,0.6552254098360656,-0.363636363636366,32.481751824817515,-0.0002561475409835,0.5081967213114754
2026-09-23,6947,0.6552254098360656,-5.988861934529599,7.851856372974537,0.1768698770491803,0.7592213114754098
2026-09-23,6949,0.6552254098360656,-96.6241611250295,2866.302230354176,0.0358606557377049,0.5778688524590164
2026-09-23,6951,0.6552254098360656,-3.750000000000009,3.8961038961039,-0.2302766393442623,0.16342213114754098
2026-09-23,6953,0.6552254098360656,-8.543689320388347,15.92356687898089,-0.1057889344262295,0.32223360655737704
2026-09-23,6955,0.6552254098360656,-13.242009132420096,17.99999839381168,0.1623975409836065,0.742827868852459
2026-09-23,6957,0.6552254098360656,-5.288461538461542,33.16412859560068,-0.0074282786885244,0.49334016393442626
2026-09-23,6958,0.6552254098360656,-0.2309468822170757,21.296299828423383,0.0281762295081968,0.5655737704918032
2026-09-23,6961,0.6552254098360656,-7.61718887661117,8.668077722916388,-0.09375,0.34400614754098363
2026-09-23,6962,0.6552254098360656,-6.794678220973871,11.885889358641418,0.3201844262295082,0.8806352459016393
2026-09-23,6965,0.6552254098360656,-9.018569480459504,11.661807580174928,-0.0796618852459016,0.36424180327868855
2026-09-23,6967,0.6552254098360656,-10.270270270270265,17.16867699680558,0.3755122950819673,0.9190573770491803
2026-09-23,6968,0.6552254098360656,-2.4647852388045455,3.730443410494698,-0.1810963114754098,0.22617827868852458
2026-09-23,6969,0.6552254098360656,-14.401082285532386,17.138367590235287,-0.4485143442622951,0.04405737704918033
2026-09-23,6971,0.6552254098360656,-11.23595473511786,13.29114525095154,-0.0678790983606557,0.3875512295081967
2026-09-23,6982,0.6552254098360656,-10.47228066333119,13.073396245273974,0.0909323770491803,0.6588114754098361
2026-09-23,6983,0.6552254098360656,-4.657534246575345,13.649425287356324,-0.4277663934426229,0.04815573770491803
2026-09-23,6986,0.6552254098360656,-1.939658397159627,15.384615384615383,0.2402663934426229,0.813780737704918
2026-09-23,6988,0.6552254098360656,-4.799999999999994,10.504201680672267,-0.0340676229508196,0.44415983606557374
2026-09-23,6994,0.6552254098360656,-26.31579001558312,41.94138892153195,0.2581967213114754,0.8314549180327869
2026-09-23,6996,0.6552254098360656,-9.090909090909092,13.529411764705882,0.2339907786885246,0.8084016393442623
2026-09-23,6997,0.6552254098360656,-3.75181239396738,4.19790581689315,-0.1045081967213115,0.3237704918032787
2026-09-23,7402,0.6552254098360656,-17.355371900826444,22.400001525878903,0.213498975409836,0.7907274590163934
2026-09-23,7547,0.6552254098360656,-0.5524847905629349,11.944445857295284,0.2961065573770491,0.8632172131147541
2026-09-23,7556,0.6552254098360656,-4.379562043795615,14.122137404580156,0.211577868852459,0.788422131147541
2026-09-23,7584,0.6552254098360656,-6.872852143581265,13.284134061973344,0.0204918032786886,0.5522540983606558
2026-09-23,7610,0.6552254098360656,-15.89861751152074,39.726027397260275,-0.1867315573770491,0.2190061475409836
2026-09-23,7631,0.6552254098360656,-8.910891089108908,13.405797101449275,0.1652151639344262,0.7464139344262295
2026-09-23,7642,0.6552254098360656,-13.493069566028892,16.472308022019366,-0.0975922131147541,0.3358094262295082
2026-09-23,7689,0.6552254098360656,-11.51685393258427,16.19047619047619,0.3975409836065574,0.9318647540983607
2026-09-23,7703,0.6552254098360656,-7.3732718894009235,19.900497512437813,-0.3543801229508196,0.08196721311475409
2026-09-23,7704,0.6552254098360656,-4.031005386234254,9.531504653375908,0.1567622950819672,0.7366803278688525
2026-09-23,7705,0.6552254098360656,-3.5369786751679233,5.333334604899089,0.0504610655737704,0.6096311475409836
2026-09-23,7708,0.6552254098360656,-1.0752688172043,1.6304347826086956,-0.1616290983606557,0.2464139344262295
2026-09-23,7709,0.6552254098360656,-8.556149732620321,29.122808802197554,-0.3898565573770491,0.06839139344262295
2026-09-23,7711,0.6552254098360656,-19.55555555555556,43.646408839779006,-0.5023053278688525,0.031762295081967214
2026-09-23,7712,0.6552254098360656,-2.92397660818714,17.771084337349397,0.4316086065573771,0.953125
2026-09-23,7713,0.6552254098360656,-1.3333333333333308,4.459463583456504,-0.2320696721311475,0.16111680327868852
2026-09-23,7714,0.6552254098360656,-15.84415584415585,23.456790123456788,-0.0960553278688524,0.3401639344262295
2026-09-23,7715,0.6552254098360656,-11.68830702368766,15.073523379114842,0.0245901639344262,0.5586577868852459
2026-09-23,7716,0.6552254098360656,-1.2396741113686605,5.0209237744466835,0.171234631147541,0.7525614754098361
2026-09-23,7717,0.6552254098360656,-3.6450079239302657,36.51315789473684,-0.0153688524590164,0.48309426229508196
2026-09-23,7718,0.6552254098360656,-3.966600136437149,4.891304347826087,-0.1080942622950819,0.31813524590163933
2026-09-23,7721,0.6552254098360656,-3.125,12.903225806451612,0.1667520491803278,0.7479508196721312
2026-09-23,7722,0.6552254098360656,-10.8843537414966,14.31297709923664,0.0811987704918032,0.6485655737704918
2026-09-23,7723,0.6552254098360656,-11.138011038976693,13.079016722821711,-0.1024590163934426,0.32838114754098363
2026-09-23,7728,0.6552254098360656,-15.373563218390808,21.561969439728355,-0.212858606557377,0.1867315573770492
2026-09-23,7730,0.6552254098360656,-11.6580310880829,15.835777126099709,-0.1234631147540983,0.2989241803278688
2026-09-23,7734,0.6552254098360656,-18.483412322274884,29.45736434108527,0.2925204918032786,0.8611680327868853
2026-09-23,7736,0.6552254098360656,-2.115655807782302,4.178676458382368,-0.1344774590163933,0.2781762295081967
2026-09-23,7738,0.6552254098360656,-13.091922005571032,16.346153846153847,-0.1609887295081967,0.24846311475409835
2026-09-23,7740,0.6552254098360656,-19.202898550724633,24.66367713004484,-0.0863217213114754,0.3519467213114754
2026-09-23,7743,0.6552254098360656,-1.1857677711748504,17.79999542236328,-0.050717213114754,0.41572745901639346
2026-09-23,7744,0.6552254098360656,-6.643356643356646,17.696629213483146,-0.1111680327868853,0.3155737704918033
2026-09-23,7747,0.6552254098360656,-1.7316017316017285,3.9647577092511015,0.0230532786885246,0.555327868852459
2026-09-23,7749,0.6552254098360656,-2.3086269744835963,18.53233830845771,0.2940573770491803,0.8627049180327869
2026-09-23,7750,0.6552254098360656,-23.076923076923073,34.87179487179487,0.1201331967213115,0.6985143442622951
2026-09-23,7751,0.6552254098360656,-27.70780856423174,47.386759581881535,0.0412397540983606,0.5922131147540983
2026-09-23,7753,0.6552254098360656,-6.455864858195293,7.323950109347491,-0.0102459016393442,0.48975409836065575
2026-09-23,7757,0.6552254098360656,-4.904057520101979,7.735427984243744,-0.0717213114754098,0.3788422131147541
2026-09-23,7760,0.6552254098360656,-0.5970149253731405,6.606608897716076,0.0773565573770491,0.6444672131147541
2026-09-23,7765,0.6552254098360656,-6.538461538461537,18.72427983539095,-0.1234631147540983,0.2989241803278688
2026-09-23,7767,0.6552254098360656,-5.6622865919911725,10.610934111338592,-0.1513831967213114,0.25922131147540983
2026-09-23,7768,0.6552254098360656,-6.109324758842439,20.205479452054796,0.4797643442622951,0.9697745901639344
2026-09-23,7769,0.6552254098360656,-16.55027932960894,25.774058577405857,-0.1608606557377049,0.2492315573770492
2026-09-23,7770,0.6552254098360656,-2.4691358024691357,15.443034111698973,0.1650870901639343,0.7453893442622951
2026-09-23,7772,0.6552254098360656,-12.8140703517588,64.1498576667192,0.0140881147540983,0.545594262295082
2026-09-23,7777,0.6552254098360656,-18.20276785282653,22.67606493452905,-0.0927254098360655,0.3447745901639344
2026-09-23,7780,0.6552254098360656,-5.813957666177194,7.716055269594547,-0.003842213114754,0.5007684426229508
2026-09-23,7782,0.6552254098360656,-8.664265197746602,12.648224740860671,-0.2197745901639344,0.17802254098360656
2026-09-23,7786,0.6552254098360656,-2.904564315352698,7.6923076923076925,0.036372950819672,0.5804303278688525
2026-09-23,7788,0.6552254098360656,-16.42651296829971,28.10344827586207,-0.7379610655737705,0.007684426229508197
2026-09-23,7791,0.6552254098360656,-3.135891076705577,4.496402877697841,0.0983606557377049,0.6711065573770492
2026-09-23,7792,0.6552254098360656,0.0,28.880866425992775,0.0064036885245901,0.5220286885245902
2026-09-23,7795,0.6552254098360656,-16.581632653061227,25.4841997961264,0.3022540983606557,0.867827868852459
2026-09-23,7799,0.6552254098360656,-4.8387096774193505,38.79472693032015,0.0028176229508196,0.5125512295081968
2026-09-23,7803,0.6552254098360656,-9.749999999999991,13.850415512465371,0.0366290983606557,0.5817110655737705
2026-09-23,7805,0.6552254098360656,-4.761904761904767,6.1,0.0920850409836065,0.6608606557377049
2026-09-23,7810,0.6552254098360656,-2.2916666666666696,13.219616204690832,0.0071721311475408,0.5235655737704918
2026-09-23,7811,0.6552254098360656,-1.6172466274887332,3.0136944496468323,-0.1462602459016393,0.26434426229508196
2026-09-23,7814,0.6552254098360656,-6.000000000000005,6.737587299752742,0.0630122950819672,0.6252561475409836
2026-09-23,7818,0.6552254098360656,-3.2154352707518097,5.149505463153421,0.0513575819672131,0.6121926229508197
2026-09-23,7819,0.6552254098360656,-7.152494714250346,8.720930232558139,0.0414959016393442,0.5929815573770492
2026-09-23,7820,0.6552254098360656,-13.414634146341465,20.187793427230048,-0.1434426229508196,0.2671618852459016
2026-09-23,7821,0.6552254098360656,-8.343714566784378,9.375004146410063,-0.1857069672131147,0.22054303278688525
2026-09-23,7822,0.6552254098360656,-10.717896865520729,22.310305775764437,0.4408299180327869,0.9564549180327869
2026-09-23,7823,0.6552254098360656,-7.69230432332656,10.0746247766101,0.0384221311475408,0.5850409836065574
2026-09-23,7825,0.6552254098360656,-37.40585774058578,59.75935828877006,-0.1170594262295082,0.3086577868852459
2026-09-23,7827,0.6552254098360656,-2.68656716417911,13.803680981595091,0.3737192622950819,0.9180327868852459
2026-09-23,7828,0.6552254098360656,-11.659192825112108,34.01015228426396,-0.5896516393442622,0.016905737704918034
2026-09-23,7839,0.6552254098360656,-4.444444444444439,6.7441895950672235,-0.0263831967213114,0.4574795081967213
2026-09-23,7842,0.6552254098360656,-11.743122065832845,15.800413129347756,-0.2556352459016393,0.14523565573770492
2026-09-23,8011,0.6552254098360656,-4.790425795575648,8.490568640620591,0.1951844262295082,0.7745901639344263
2026-09-23,8016,0.6552254098360656,-7.553366174055832,11.72291296625222,0.2991803278688524,0.8647540983606558
2026-09-23,8021,0.6552254098360656,-0.6237006237006182,14.748953974895398,0.3365778688524591,0.8903688524590164
2026-09-23,8024,0.6552254098360656,-9.057970889299217,14.34263078389216,-0.1129610655737704,0.3130122950819672
2026-09-23,8027,0.6552254098360656,-8.311688311688314,17.847025495750707,0.2033811475409835,0.78125
2026-09-23,8028,0.6552254098360656,-5.839416058394164,22.28682170542636,0.4405737704918032,0.9559426229508197
2026-09-23,8032,0.6552254098360656,-2.0408163265306145,7.361115349663629,0.4193135245901639,0.944672131147541
2026-09-23,8033,0.6552254098360656,-20.330969267139476,27.299703264094955,0.0335553278688524,0.5763319672131147
2026-09-23,8034,0.6552254098360656,-4.861116323451354,10.7056002171129,0.1306352459016392,0.7105532786885246
2026-09-23,8038,0.6552254098360656,-4.824565757515764,15.668204304174004,0.2674180327868852,0.8381147540983607
2026-09-23,8039,0.6552254098360656,-29.670329670329664,43.359375,-0.4851434426229509,0.035860655737704916
2026-09-23,8040,0.6552254098360656,-2.0430123934181754,27.003291861864575,0.3112192622950819,0.8724385245901639
2026-09-23,8042,0.6552254098360656,-9.716599190283404,22.780270426797227,-0.1808401639344262,0.22694672131147542
2026-09-23,8043,0.6552254098360656,-15.705128205128204,20.912547528517113,-0.0571209016393442,0.40650614754098363
2026-09-23,8044,0.6552254098360656,-4.0000000000000036,8.750001589457195,0.3311987704918032,0.8862704918032787
2026-09-23,8045,0.6552254098360656,-9.153718328295602,24.049433256357673,0.0893954918032786,0.6577868852459017
2026-09-23,8046,0.6552254098360656,-9.363295880149812,26.859504132231404,0.1618852459016392,0.7407786885245902
2026-09-23,8047,0.6552254098360656,-8.499999999999996,19.453555247822745,-0.3142930327868852,0.10706967213114754
2026-09-23,8048,0.6552254098360656,-6.542056074766355,12.800003051757812,0.3214651639344262,0.8814036885245902
2026-09-23,8049,0.6552254098360656,-1.0121457177244553,2.0449897112391273,-0.076844262295082,0.3673155737704918
2026-09-23,8050,0.6552254098360656,-1.9834723354371089,10.623944887208792,-0.0033299180327868,0.5028176229508197
2026-09-23,8054,0.6552254098360656,-8.15217391304348,14.792899408284024,0.3432377049180328,0.8980532786885246
2026-09-23,8059,0.6552254098360656,-26.399770987063143,56.323689627133945,-0.8936987704918034,0.0030737704918032786
2026-09-23,8064,0.6552254098360656,-6.338028169014088,33.15789358956473,0.0399590163934426,0.5906762295081968
2026-09-23,8066,0.6552254098360656,-1.6233766635889046,7.5907567490872,-0.1472848360655737,0.26280737704918034
2026-09-23,8067,0.6552254098360656,-12.790695095526372,14.666663275824638,-0.1232069672131147,0.3007172131147541
2026-09-23,8068,0.6552254098360656,-2.37467411515635,18.648652772645693,0.208247950819672,0.7853483606557377
2026-09-23,8069,0.6552254098360656,-11.38461538461538,13.541666666666666,0.0701844262295082,0.6352459016393442
2026-09-23,8070,0.6552254098360656,-8.070504945588542,11.402626867556096,0.0829918032786884,0.6521516393442623
2026-09-23,8071,0.6552254098360656,-12.800003051757812,18.807341857607145,0.3867827868852459,0.9262295081967213
2026-09-23,8072,0.6552254098360656,-5.069932669927257,10.681398376709298,0.1185963114754098,0.6967213114754098
2026-09-23,8074,0.6552254098360656,-15.38461685671365,21.640318365898235,0.2630635245901639,0.8350409836065574
2026-09-23,8076,0.6552254098360656,-8.898306557310931,11.860470439112463,0.2770235655737705,0.8483606557377049
2026-09-23,8080,0.6552254098360656,-7.553369743124927,9.413859899786614,-0.4620901639344261,0.039959016393442626
2026-09-23,8081,0.6552254098360656,-4.933586337760909,7.984031936127744,0.3373463114754098,0.8913934426229508
2026-09-23,8083,0.6552254098360656,-2.8213166144200663,3.225806451612903,-0.113217213114754,0.3119877049180328
2026-09-23,8084,0.6552254098360656,-25.0,33.33333333333333,-0.0322745901639344,0.44672131147540983
2026-09-23,8085,0.6552254098360656,-14.457834440074269,18.661976111263975,-0.3898565573770491,0.06839139344262295
2026-09-23,8086,0.6552254098360656,-13.492063492063489,20.642201834862387,0.2523053278688524,0.8250512295081968
2026-09-23,8087,0.6552254098360656,-10.275226558020355,16.973413043081425,-0.008452868852459,0.4918032786885246
2026-09-23,8088,0.6552254098360656,-9.925288927704443,14.336490823890529,0.3150614754098361,0.8765368852459017
2026-09-23,8089,0.6552254098360656,-4.176905973150347,17.94871794871795,0.1652151639344261,0.7459016393442623
2026-09-23,8091,0.6552254098360656,-4.635761589403975,10.87962962962963,0.3552766393442623,0.9057377049180327
2026-09-23,8092,0.6552254098360656,-6.834531189473402,10.810808024326269,0.2748463114754097,0.8457991803278688
2026-09-23,8093,0.6552254098360656,-16.608391386867183,19.916142239102506,-0.4492827868852459,0.043545081967213115
2026-09-23,8096,0.6552254098360656,-27.6724124776906,38.85577816594633,0.0081967213114754,0.5289446721311475
2026-09-23,8097,0.6552254098360656,-5.984553126987668,8.418887905318433,0.1690573770491803,0.75
2026-09-23,8099,0.6552254098360656,-5.763235395828936,10.413215574154185,0.1037397540983606,0.6793032786885246
2026-09-23,8101,0.6552254098360656,-10.54687782307151,13.53711979523904,-0.0704405737704917,0.382172131147541
2026-09-23,8102,0.6552254098360656,-11.094672549426566,12.64558814329633,-0.0988729508196721,0.3332479508196721
2026-09-23,8103,0.6552254098360656,-6.439393939393945,19.838056680161944,-0.0760758196721311,0.3698770491803279
2026-09-23,8104,0.6552254098360656,-4.783953924110607,11.3452248430147,0.4976946721311475,0.975922131147541
2026-09-23,8105,0.6552254098360656,-11.309522052470722,17.785232794466808,0.0753073770491803,0.6408811475409836
2026-09-23,8107,0.6552254098360656,-4.687502910383001,6.55737871509894,-0.1442110655737705,0.26639344262295084
2026-09-23,8109,0.6552254098360656,-5.035971223021585,10.606060606060606,0.0160092213114753,0.5471311475409836
2026-09-23,8110,0.6552254098360656,-6.403009056278353,25.352109216699898,0.3388831967213114,0.8931864754098361
2026-09-23,8111,0.6552254098360656,-11.680575534596391,30.49932895303804,-0.2441086065573771,0.15368852459016394
2026-09-23,8112,0.6552254098360656,-11.940302999197838,14.043591183781848,0.0158811475409836,0.5466188524590164
2026-09-23,8114,0.6552254098360656,-12.5,14.571428571428571,-0.0873463114754097,0.3514344262295082
2026-09-23,8121,0.6552254098360656,-5.423730106677038,12.544803038905467,0.4643954918032787,0.9656762295081968
2026-09-23,8131,0.6552254098360656,-6.402434521243272,13.19217959743389,0.1429303278688524,0.7228483606557377
2026-09-23,8147,0.6552254098360656,-3.846153846153843,15.272727272727272,0.1329405737704918,0.7120901639344263
2026-09-23,8150,0.6552254098360656,-7.758620689655171,29.62616537218896,0.1739241803278688,0.7548668032786885
2026-09-23,8155,0.6552254098360656,-7.466666666666666,18.155619596541783,0.2430840163934426,0.8160860655737705
2026-09-23,8162,0.6552254098360656,-5.1204841080519925,13.174608018663196,0.6526639344262295,0.9969262295081968
2026-09-23,8163,0.6552254098360656,-10.10558713309001,13.758397294585908,0.251280737704918,0.8237704918032787
2026-09-23,8171,0.6552254098360656,-2.5943449274334895,9.92736650014081,0.1311475409836067,0.7110655737704918
2026-09-23,8176,0.6552254098360656,-2.2000026702880815,5.112474577216563,-0.0307377049180327,0.44774590163934425
2026-09-23,8182,0.6552254098360656,-3.575685274659557,13.473425612225892,0.5076844262295082,0.9795081967213115
2026-09-23,8201,0.6552254098360656,-4.347820186926176,9.504128779131385,0.1767418032786885,0.7587090163934426
2026-09-23,8210,0.6552254098360656,-11.683168316831685,15.358744394618832,0.3094262295081967,0.8714139344262295
2026-09-23,8213,0.6552254098360656,-2.3564041799193247,6.334842488107697,0.1020747950819672,0.6757172131147541
2026-09-23,8215,0.6552254098360656,-10.161289092033144,24.0574530383036,0.1931352459016393,0.7725409836065574
2026-09-23,8222,0.6552254098360656,-17.660816928796596,24.14772674933939,0.3151895491803278,0.8770491803278688
2026-09-23,8227,0.6552254098360656,-1.898734177215189,51.935483870967744,-0.015625,0.48206967213114754
2026-09-23,8234,0.6552254098360656,-14.144266784938475,16.47445808832388,-0.0945184426229508,0.3427254098360656
2026-09-23,8240,0.6552254098360656,-8.127206003767517,23.6538446866549,-0.1565061475409835,0.2515368852459016
2026-09-23,8249,0.6552254098360656,-6.831570020631716,13.52718683191556,0.4059938524590163,0.9380122950819673
2026-09-23,8255,0.6552254098360656,-11.041009463722396,18.79432624113475,0.5906762295081966,0.9897540983606558
2026-09-23,8261,0.6552254098360656,-9.750000000000004,23.26869806094183,0.6460040983606558,0.9953893442622951
2026-09-23,8271,0.6552254098360656,-17.827868852459016,22.693266832917704,-0.4144467213114754,0.05712090163934426
2026-09-23,8272,0.6552254098360656,-4.42478306301497,10.493831869996624,-0.0883709016393442,0.34964139344262296
2026-09-23,8277,0.6552254098360656,-23.17073170731707,79.23809233165923,-0.9877049180327868,0.0005122950819672131
2026-09-23,8279,0.6552254098360656,-4.171781013348353,4.9936000026571,-0.0404713114754098,0.4339139344262295
2026-09-23,8284,0.6552254098360656,-2.0085996524848992,7.027811431759146,-0.2589651639344262,0.14190573770491804
2026-09-23,8289,0.6552254098360656,-7.202506582542645,17.43532028566718,0.6682889344262295,0.9974385245901639
2026-09-23,8291,0.6552254098360656,-23.19587674476932,36.073826426917634,0.3747438524590163,0.9185450819672131
2026-09-23,8299,0.6552254098360656,-5.7446808510638325,20.31602708803612,0.2223360655737704,0.7986680327868853
2026-09-23,8341,0.6552254098360656,-2.864589179969268,3.7533553740341423,-0.0184426229508197,0.47540983606557374
2026-09-23,8342,0.6552254098360656,-3.181821649724792,8.2159627356001,0.2507684426229508,0.8227459016393442
2026-09-23,8349,0.6552254098360656,-3.874998092651371,6.631987481046808,0.0238217213114754,0.5568647540983607
2026-09-23,8354,0.6552254098360656,-4.444440205891931,7.84883907899905,-0.0694159836065574,0.3837090163934426
2026-09-23,8358,0.6552254098360656,-11.879432624113472,23.74245472837022,-0.4587602459016393,0.042008196721311473
2026-09-23,8367,0.6552254098360656,-2.7777813610949886,3.850939259025621,-0.342469262295082,0.08657786885245902
2026-09-23,8374,0.6552254098360656,-14.301806465293044,16.819978066242193,-0.0791495901639344,0.36475409836065575
2026-09-23,8383,0.6552254098360656,-7.9387247010669455,13.010593778130508,-0.2097848360655737,0.19006147540983606
2026-09-23,8390,0.6552254098360656,-12.233008227302031,14.380530730719595,-0.0750512295081967,0.37320696721311475
2026-09-23,8401,0.6552254098360656,-2.3809572957859237,3.1042163486596204,-0.2113217213114754,0.18903688524590165
2026-09-23,8403,0.6552254098360656,-1.041670598917377,2.368425068102385,-0.1155225409836064,0.3114754098360656
2026-09-23,8404,0.6552254098360656,-17.22054114306775,21.89780356271846,0.1278176229508196,0.7097848360655737
2026-09-23,8409,0.6552254098360656,-0.8130163668080392,3.551921054524117,0.0038422131147541,0.5163934426229508
2026-09-23,8410,0.6552254098360656,-7.692302889717539,9.75177278581517,-0.0640368852459016,0.3949795081967213
2026-09-23,8411,0.6552254098360656,-7.5757576852243265,8.196721439622994,-0.3942110655737705,0.06659836065573771
2026-09-23,8415,0.6552254098360656,-7.010576097005538,9.815079980578146,-0.0417520491803278,0.43084016393442626
2026-09-23,8416,0.6552254098360656,-2.3188405797101463,2.967359050445104,-0.3304303278688524,0.09784836065573771
2026-09-23,8421,0.6552254098360656,-8.571427209036687,14.843746798578684,-0.0600665983606557,0.4011270491803279
2026-09-23,8422,0.6552254098360656,-7.0652200579267355,7.60234226877227,-0.1280737704918032,0.2886782786885246
2026-09-23,8423,0.6552254098360656,-7.948714036207938,13.3704708441319,-0.2739497950819672,0.12807377049180327
2026-09-23,8424,0.6552254098360656,-1.85448709081385,2.3255790743460065,-0.1867315573770491,0.2190061475409836
2026-09-23,8426,0.6552254098360656,-3.0732843038010493,6.341459692978277,-0.258452868852459,0.14344262295081966
2026-09-23,8429,0.6552254098360656,-3.770492174906681,4.258943864974011,-0.1649590163934425,0.24180327868852458
2026-09-23,8431,0.6552254098360656,-10.099576074827532,39.08228525231415,-0.5220286885245902,0.027663934426229508
2026-09-23,8432,0.6552254098360656,-1.361869148169215,3.3530586535653764,-0.028688524590164,0.45286885245901637
2026-09-23,8433,0.6552254098360656,-5.54562111663488,7.0075773037936075,-0.2215676229508196,0.17418032786885246
2026-09-23,8435,0.6552254098360656,-1.8587360858383528,2.083330473514477,-0.2763831967213115,0.1244877049180328
2026-09-23,8436,0.6552254098360656,-17.647058823529417,23.809523809523807,0.1905737704918033,0.7710040983606558
2026-09-23,8437,0.6552254098360656,-0.2022290906913415,11.043568036740131,0.1721311475409834,0.7530737704918032
2026-09-23,8438,0.6552254098360656,-0.763356852123398,16.025641025641026,0.4610655737704917,0.9646516393442623
2026-09-23,8440,0.6552254098360656,-1.4527808358472891,5.651103670629109,0.21875,0.795594262295082
2026-09-23,8442,0.6552254098360656,-4.246284638626674,5.0997767513901655,-0.4600409836065574,0.04047131147540984
2026-09-23,8443,0.6552254098360656,-1.3157861714876984,3.999998304578977,-0.0537909836065573,0.4113729508196721
2026-09-23,8444,0.6552254098360656,-12.770139015358462,18.91892211176569,-0.0517418032786885,0.4141905737704918
2026-09-23,8446,0.6552254098360656,-2.549252027624238,2.6159389031543148,-0.2761270491803278,0.1255122950819672
2026-09-23,8450,0.6552254098360656,-3.050846164509402,5.244755174800163,0.0760758196721311,0.6429303278688525
2026-09-23,8454,0.6552254098360656,-5.048543689320384,9.8159509202454,0.3086577868852458,0.8703893442622951
2026-09-23,8455,0.6552254098360656,-7.644629434486916,9.395974700791625,0.0988729508196721,0.6723872950819673
2026-09-23,8462,0.6552254098360656,-10.22727272727273,11.708860759493673,-0.2704918032786885,0.13217213114754098
2026-09-23,8463,0.6552254098360656,-2.5463015495176378,5.225655208258013,-0.2879098360655738,0.11987704918032786
2026-09-23,8464,0.6552254098360656,-3.2299741602067167,7.209612817089453,-0.2768954918032786,0.12397540983606557
2026-09-23,8466,0.6552254098360656,-4.464285917022615,20.560743887392984,0.3988217213114754,0.9323770491803278
2026-09-23,8467,0.6552254098360656,-9.58763201212146,16.64766132516237,0.3911372950819672,0.9277663934426229
2026-09-23,8472,0.6552254098360656,-5.776167882672212,24.3933559766219,-0.2502561475409837,0.15061475409836064
2026-09-23,8473,0.6552254098360656,-8.875171446898634,13.21447515164036,0.3186475409836066,0.8790983606557377
2026-09-23,8476,0.6552254098360656,-3.225804619532213,7.435891567132412,0.104764344262295,0.6808401639344263
2026-09-23,8477,0.6552254098360656,-6.7524127193289925,9.310347458411908,-0.1810963114754098,0.22617827868852458
2026-09-23,8478,0.6552254098360656,-4.123711340206182,4.659498207885305,-0.0966956967213115,0.33760245901639346
2026-09-23,8481,0.6552254098360656,-2.033489209654027,3.296699509082473,-0.2535860655737705,0.14779713114754098
2026-09-23,8482,0.6552254098360656,-7.450978896197147,11.652542184529995,-0.2038934426229508,0.19595286885245902
2026-09-23,8487,0.6552254098360656,-3.310346932246766,3.5663338864735183,-0.0824795081967212,0.35911885245901637
2026-09-23,8488,0.6552254098360656,-12.98245255930224,17.137094719662997,-0.413422131147541,0.05891393442622951
2026-09-23,8489,0.6552254098360656,-4.228329877927262,10.816772171538773,0.1252561475409837,0.7054303278688525
2026-09-23,8499,0.6552254098360656,-12.456747404844291,15.41501976284585,0.199795081967213,0.7776639344262295
2026-09-23,8905,0.6552254098360656,-1.276597909048094,4.022992978654905,-0.3162141393442623,0.10604508196721311
2026-09-23,8906,0.6552254098360656,-3.4426204493788415,10.186756951718886,0.0204918032786886,0.5522540983606558
2026-09-23,8908,0.6552254098360656,-2.4390243902439046,5.332212448120117,-0.2990522540983606,0.11270491803278689
2026-09-23,8916,0.6552254098360656,-1.564374784878153,2.0782358005127923,-0.0809426229508196,0.36219262295081966
2026-09-23,8917,0.6552254098360656,0.0,6.363636363636363,0.0680071721311476,0.632172131147541
2026-09-23,8924,0.6552254098360656,-3.8834951456310662,4.949496490786774,-0.0961834016393442,0.3391393442622951
2026-09-23,8926,0.6552254098360656,-2.8286139624016826,7.363012199845715,-0.0993852459016393,0.3319672131147541
2026-09-23,8927,0.6552254098360656,-5.210914426494329,9.162303481929769,0.4188012295081967,0.9436475409836066
2026-09-23,8928,0.6552254098360656,-9.270218327836888,11.956521739130435,-0.1654713114754098,0.24129098360655737
2026-09-23,8929,0.6552254098360656,-4.83271098697352,5.468748428393179,-0.0820952868852459,0.36014344262295084
2026-09-23,8930,0.6552254098360656,-6.168830083099719,8.13148271674823,-0.2282274590163934,0.16495901639344263
2026-09-23,8931,0.6552254098360656,-2.6047598779919023,8.372098346089206,-0.1936475409836066,0.20952868852459017
2026-09-23,8932,0.6552254098360656,-3.801461006387752,12.64266845449909,0.3819159836065574,0.9226434426229508
2026-09-23,8933,0.6552254098360656,-6.832296664983096,10.666667090521916,-0.4095799180327869,0.05993852459016393
2026-09-23,8935,0.6552254098360656,-5.205483632544949,10.115607382519997,-0.0356045081967213,0.4426229508196721
2026-09-23,8936,0.6552254098360656,-1.70132608680289,5.57692601130559,0.0835040983606557,0.6547131147540983
2026-09-23,8937,0.6552254098360656,-16.049384314954573,21.875002191347175,-0.4144467213114754,0.05712090163934426
2026-09-23,8938,0.6552254098360656,-1.3207561564895332,5.162525434658502,-0.140625,0.27177254098360654
2026-09-23,8940,0.6552254098360656,-6.269592551462688,9.36454606282092,0.1956967213114754,0.7751024590163934
2026-09-23,8941,0.6552254098360656,-3.193834172258614,7.0534749374393995,-0.3002049180327869,0.11168032786885246
2026-09-23,8942,0.6552254098360656,-6.880734185760717,8.128077244052125,-0.1939036885245901,0.20876024590163936
2026-09-23,8996,0.6552254098360656,-6.9486404833836835,33.44155844155844,0.1603483606557376,0.7392418032786885
2026-09-23,9103,0.6552254098360656,-3.2882025877223553,4.400005340576172,-0.0682633196721311,0.38575819672131145
2026-09-23,9105,0.6552254098360656,-7.955803887893009,10.084035537591827,-0.3427254098360656,0.0860655737704918
2026-09-23,9110,0.6552254098360656,-7.006370103829774,21.232880403365034,-0.049436475409836,0.41854508196721313
2026-09-23,9136,0.6552254098360656,-23.416670163472496,31.55603646294527,0.0079405737704918,0.5276639344262295
2026-09-23,9802,0.6552254098360656,-12.054798701038097,15.57632472796216,0.0756915983606557,0.6424180327868853
2026-09-23,9902,0.6552254098360656,-4.316542764472753,6.390973049666125,-0.0947745901639344,0.34195696721311475
2026-09-23,9904,0.6552254098360656,-0.9940358003655893,4.618472434330713,0.0432889344262296,0.5973360655737705
2026-09-23,9905,0.6552254098360656,-1.624122907249037,2.8301813798515254,-0.2195184426229507,0.17981557377049182
2026-09-23,9906,0.6552254098360656,-8.015923003799031,18.72698350647157,0.057889344262295,0.6229508196721312
2026-09-23,9907,0.6552254098360656,-4.807692190128909,5.0505049207666834,-0.1675204918032786,0.2384733606557377
2026-09-23,9908,0.6552254098360656,-2.195944628896651,2.2452490549236015,-0.1631659836065573,0.24487704918032788
2026-09-23,9910,0.6552254098360656,-4.6321545711142225,8.714283534458705,0.0125512295081966,0.5420081967213115
2026-09-23,9911,0.6552254098360656,-2.39520958083832,2.8220896340586656,-0.0881147540983606,0.35040983606557374
2026-09-23,9912,0.6552254098360656,-11.034485389446402,15.50387642746198,-0.2523053278688524,0.14907786885245902
2026-09-23,9914,0.6552254098360656,-22.96983308972965,29.819269529152617,-0.063780737704918,0.39600409836065575
2026-09-23,9917,0.6552254098360656,-1.8433179723502335,3.5099513094190007,-0.186219262295082,0.2197745901639344
2026-09-23,9918,0.6552254098360656,-1.83907870588631,2.224826102963412,-0.2710040983606557,0.13140368852459017
2026-09-23,9919,0.6552254098360656,-2.0979034037302835,3.571428571428571,-0.3085297131147541,0.10860655737704918
2026-09-23,9921,0.6552254098360656,-14.407580045727208,22.369874048247855,-0.322233606557377,0.10399590163934426
2026-09-23,9924,0.6552254098360656,-4.303799399846719,5.026459164623668,-0.0901639344262295,0.3468237704918033
2026-09-23,9925,0.6552254098360656,-0.9962677725456226,2.1383705379078224,-0.0829918032786884,0.3573258196721312
2026-09-23,9926,0.6552254098360656,-1.9000015258789027,2.752290509927429,-0.1434426229508196,0.2671618852459016
2026-09-23,9927,0.6552254098360656,-0.2836836145279298,2.560459421932848,-0.164702868852459,0.24231557377049182
2026-09-23,9928,0.6552254098360656,-3.0302988904695294,4.261363544001069,-0.1233350409836065,0.30020491803278687
2026-09-23,9929,0.6552254098360656,-9.166669845581064,11.009172947355951,-0.3165983606557377,0.10553278688524591
2026-09-23,9930,0.6552254098360656,-4.8513336694724245,5.592107842998853,-0.0804303278688524,0.3637295081967213
2026-09-23,9931,0.6552254098360656,-1.0218933550980802,1.6224165554703094,-0.2584528688524589,0.14395491803278687
2026-09-23,9933,0.6552254098360656,-4.529618577230432,10.705590935610692,-0.2456454918032787,0.1526639344262295
2026-09-23,9934,0.6552254098360656,-13.303966327147432,16.463422907644414,-0.0655737704918033,0.39190573770491804
2026-09-23,9935,0.6552254098360656,-10.073715508506163,13.66120275533719,0.0942622950819672,0.6639344262295082
2026-09-23,9937,0.6552254098360656,-2.692998167781069,3.5055378212800283,-0.2118340163934425,0.1885245901639344
2026-09-23,9938,0.6552254098360656,-10.606067342475678,13.559324562811804,0.2202868852459016,0.7971311475409836
2026-09-23,9939,0.6552254098360656,-7.4074074074074066,8.4,-0.1107838114754098,0.3160860655737705
2026-09-23,9940,0.6552254098360656,-5.140188790084066,8.128077244052125,-0.0368852459016394,0.4395491803278688
2026-09-23,9941,0.6552254098360656,-7.304450850259214,8.632866054438844,-0.1129610655737705,0.3125
2026-09-23,9942,0.6552254098360656,-2.145922746781115,3.070175438596491,-0.1324282786885247,0.28125
2026-09-23,9943,0.6552254098360656,-2.6974980437733165,2.9702970297029703,0.0071721311475409,0.5243340163934426
2026-09-23,9944,0.6552254098360656,-2.279200204667753,3.498533454617724,-0.1825051229508196,0.22387295081967212
2026-09-23,9945,0.6552254098360656,-0.6722714720653888,7.275802619425524,0.0420081967213115,0.5952868852459017
2026-09-23,9946,0.6552254098360656,-5.205483632544949,9.537570469920007,0.556608606557377,0.9846311475409836
2026-09-23,9949,0.6552254098360656,-4.0000000000000036,4.583334922790527,0.0120389344262294,0.539702868852459
2026-09-23,9950,0.6552254098360656,-2.8708152747417337,3.448270354182423,-0.2790727459016393,0.12243852459016394
2026-09-23,9951,0.6552254098360656,-12.248630108756531,14.687498410542808,0.0665983606557376,0.6308913934426229
2026-09-23,9955,0.6552254098360656,-8.661412947368063,9.913789488897995,0.0558401639344262,0.6180840163934426
2026-09-23,9958,0.6552254098360656,-3.567682494230706,8.70511411008758,0.4523565573770491,0.9610655737704918
2026-09-23,9960,0.6552254098360656,-2.842383119205938,25.66489871673985,0.046106557377049,0.6014344262295082
2026-09-23,9962,0.6552254098360656,-4.306218349077473,5.500001907348651,-0.2291239754098361,0.16444672131147542
