Date,Code,BREADTH_5D,DIST_HIGH20,RANGE20_PCT,RS_ACCEL,RS_ACCEL_PCTL
2026-09-29,0050,0.4283520982599795,-2.1538461538461617,7.861635220125786,-0.0849539406345957,0.37461617195496416
2026-09-29,0051,0.4283520982599795,-1.343179300514119,5.377803877797397,-0.04042988741044,0.44319344933469806
2026-09-29,0052,0.4283520982599795,-1.441580430777134,7.544267168404782,-0.0519447287615149,0.42553735926305014
2026-09-29,0053,0.4283520982599795,-1.6856158371751362,7.356464197380857,-0.0273797338792221,0.4600818833162743
2026-09-29,0055,0.4283520982599795,-4.260703231256291,12.802282161670012,-0.5701125895598772,0.02354145342886387
2026-09-29,0056,0.4283520982599795,-2.2471884328616576,7.692304994024923,-0.2812180143295804,0.1519959058341863
2026-09-29,0057,0.4283520982599795,-1.5578635014836806,6.571209583411831,-0.0665301944728761,0.40609007164790173
2026-09-29,0061,0.4283520982599795,-4.617896792247944,6.255352670756173,-0.2351586489252814,0.19191402251791198
2026-09-29,1101,0.4283520982599795,0.0,45.150115473441105,0.003582395087001,0.5122824974411464
2026-09-29,1102,0.4283520982599795,-2.216062348851866,5.099147980341493,-0.1473899692937564,0.2858239508700102
2026-09-29,1103,0.4283520982599795,-2.9850718650553554,3.461536994347192,-0.2730296827021495,0.1586489252814739
2026-09-29,1104,0.4283520982599795,-4.838708376302792,5.461389286594427,-0.3730808597748208,0.08904810644831115
2026-09-29,1108,0.4283520982599795,-6.779662523760033,7.727276195179332,0.1114380757420675,0.6786079836233367
2026-09-29,1109,0.4283520982599795,-2.2058850959922327,2.2556419659378015,-0.048618219037871,0.43193449334698053
2026-09-29,1110,0.4283520982599795,-12.76596149266198,14.634151658114655,-0.2128966223132037,0.21238485158648926
2026-09-29,1201,0.4283520982599795,-6.504066490482452,6.956523397694463,-0.0280194472876151,0.4595701125895599
2026-09-29,1203,0.4283520982599795,-7.577371589632042,10.969976905311778,-0.3249744114636643,0.1154042988741044
2026-09-29,1210,0.4283520982599795,-2.272725860606184,2.7131738588791485,-0.1972876151484135,0.22364380757420677
2026-09-29,1213,0.4283520982599795,-12.06272577146673,19.067214840233564,-0.1192425793244626,0.32753326509723646
2026-09-29,1215,0.4283520982599795,-5.803571428571431,7.582938388625592,-0.3590071647901739,0.09672466734902764
2026-09-29,1216,0.4283520982599795,-3.6505828678606633,3.788899794644359,-0.2364380757420676,0.19089048106448311
2026-09-29,1217,0.4283520982599795,-1.4925391829658796,1.6161635427763907,-0.2189099283520983,0.2052200614124872
2026-09-29,1218,0.4283520982599795,-1.700678996659355,3.8062296936668862,0.0374872057318321,0.5711361310133061
2026-09-29,1219,0.4283520982599795,-3.404255319148941,5.286346973301572,-0.123976458546571,0.31985670419651996
2026-09-29,1220,0.4283520982599795,-3.153156481453967,4.186053608739132,-0.106704196519959,0.34186284544524054
2026-09-29,1225,0.4283520982599795,-6.153846153846154,7.786883682501121,0.1765609007164789,0.7425793244626407
2026-09-29,1227,0.4283520982599795,-2.94627511345088,3.2142870766775973,-0.2011258955987717,0.22159672466734903
2026-09-29,1229,0.4283520982599795,-6.611566883130104,7.20606440991427,-0.1919140225179119,0.22799385875127942
2026-09-29,1231,0.4283520982599795,-1.728395061728405,2.2613103665299157,-0.2947799385875127,0.14073694984646878
2026-09-29,1232,0.4283520982599795,-2.2222222222222254,2.5974025974025974,-0.3259979529170931,0.11463664278403275
2026-09-29,1233,0.4283520982599795,-4.82758620689655,5.072463768115937,-0.2679119754350051,0.16274309109518936
2026-09-29,1234,0.4283520982599795,-2.0833288866374144,2.1276549365382835,-0.2528147389969293,0.17528147389969292
2026-09-29,1235,0.4283520982599795,-18.283583640414868,22.374431546238817,-0.1957523029682702,0.22466734902763563
2026-09-29,1236,0.4283520982599795,-3.6121645042554102,5.9171597633136095,-0.324718526100307,0.11617195496417605
2026-09-29,1240,0.4283520982599795,-3.5842280724122544,3.71747070085604,-0.334186284544524,0.10951893551688843
2026-09-29,1256,0.4283520982599795,-13.810741687979544,17.804154302670625,0.0404298874104401,0.5777891504605936
2026-09-29,1259,0.4283520982599795,-1.449275362318836,11.32353053373449,-0.2237717502558853,0.20112589559877175
2026-09-29,1264,0.4283520982599795,-3.937007874015752,4.918032786885246,0.0111310133060388,0.5266120777891504
2026-09-29,1268,0.4283520982599795,-4.098360655737709,8.547008547008547,0.0793244626407368,0.6340839303991812
2026-09-29,1294,0.4283520982599795,-7.720590823661833,9.36255284039622,0.0069089048106448,0.518935516888434
2026-09-29,1295,0.4283520982599795,-4.263959390862948,11.028633643561935,0.1463664278403276,0.7164790174002047
2026-09-29,1301,0.4283520982599795,-9.269659032485588,15.479870255886588,-0.3490276356192425,0.09979529170931423
2026-09-29,1303,0.4283520982599795,-1.789264413518887,13.562753036437249,-0.1156601842374616,0.33316274309109517
2026-09-29,1304,0.4283520982599795,-6.463875613596959,9.349590394555053,0.054503582395087,0.5987717502558854
2026-09-29,1305,0.4283520982599795,-7.633590475953378,11.570252662847864,0.1333162743091095,0.7036847492323439
2026-09-29,1307,0.4283520982599795,-1.594896331738438,4.213940884730809,0.1427840327533265,0.7134083930399181
2026-09-29,1308,0.4283520982599795,-7.540983606557383,9.92907530872533,-0.1386898669396111,0.2978505629477994
2026-09-29,1309,0.4283520982599795,-7.142855938020764,12.454211056887448,-0.1770726714431935,0.24718526100307062
2026-09-29,1310,0.4283520982599795,-4.198062039337569,10.337079508920734,0.2415557830092118,0.7988741044012283
2026-09-29,1312,0.4283520982599795,-12.424242424242426,18.685119787301986,-0.2583162743091095,0.17093142272262027
2026-09-29,1313,0.4283520982599795,-4.365082260462383,7.883823758833665,-0.0652507676560901,0.4083930399181167
2026-09-29,1314,0.4283520982599795,-7.9999999999999964,17.162471395881006,-0.0893039918116683,0.36975435005117707
2026-09-29,1315,0.4283520982599795,-1.017441860465118,5.286348093623803,-0.2185261003070623,0.20624360286591606
2026-09-29,1316,0.4283520982599795,-7.1111111111111125,8.133974942294051,-0.2164790174002047,0.20752302968270214
2026-09-29,1319,0.4283520982599795,-6.826347305389224,7.45501677603832,-0.3140992835209826,0.12231320368474924
2026-09-29,1321,0.4283520982599795,-2.560243203031165,4.482228015268788,-0.1223132036847492,0.3219037871033777
2026-09-29,1323,0.4283520982599795,-3.1963453457687807,4.245281219482422,-0.3615660184237461,0.09518935516888434
2026-09-29,1324,0.4283520982599795,-3.106797910768122,3.607220544604835,0.0092118730808598,0.5230296827021494
2026-09-29,1325,0.4283520982599795,-3.4026492891466864,5.2837588315840565,-0.0990276356192425,0.3546571136131013
2026-09-29,1326,0.4283520982599795,-13.68286108159843,24.14814136646412,-0.5317297850562949,0.02968270214943705
2026-09-29,1336,0.4283520982599795,-4.273500112049944,9.523806117829825,-0.3656601842374616,0.0913510747185261
2026-09-29,1337,0.4283520982599795,-5.341876869841089,6.546274533928383,0.1793756397134084,0.7471852610030706
2026-09-29,1338,0.4283520982599795,-1.006708874970208,5.762707985053616,0.2319600818833163,0.7901740020470829
2026-09-29,1339,0.4283520982599795,-3.0927868927530966,4.255322756214905,-0.2612589559877175,0.16786079836233367
2026-09-29,1340,0.4283520982599795,-1.1385195662935277,4.030710904932297,0.0076765609007164,0.5204708290685772
2026-09-29,1342,0.4283520982599795,-3.809523809523807,6.534651954575341,0.1554503582395087,0.7236438075742068
2026-09-29,1402,0.4283520982599795,-5.772498196600296,7.567568942233249,-0.3032241555783009,0.1330603889457523
2026-09-29,1409,0.4283520982599795,-9.981513172692967,13.757693938895663,0.0271238485158649,0.5496417604912999
2026-09-29,1410,0.4283520982599795,-4.554455445544548,6.016600676097315,-0.1933213920163766,0.22722620266120777
2026-09-29,1413,0.4283520982599795,-5.906732031737471,7.709249000717346,-0.2551177072671443,0.17246673490276357
2026-09-29,1414,0.4283520982599795,-9.793812659230428,13.714283534458705,0.3597748208802456,0.8863868986693961
2026-09-29,1416,0.4283520982599795,-4.621845682027015,7.048451427846198,-0.1206499488229273,0.3257420675537359
2026-09-29,1417,0.4283520982599795,-3.7125792491899623,5.0995065205132795,0.1223132036847492,0.6924257932446264
2026-09-29,1418,0.4283520982599795,-3.430083043641141,9.289621655406847,0.0614124872057317,0.6092630501535312
2026-09-29,1419,0.4283520982599795,-4.373175715525457,5.640239250369189,-0.3073183213920163,0.12947799385875128
2026-09-29,1423,0.4283520982599795,-5.110499237429378,6.113543781130595,-0.2983623336745138,0.13766632548618218
2026-09-29,1432,0.4283520982599795,-1.6447356079093534,2.0066902390291976,-0.1780962128966222,0.24462640736949848
2026-09-29,1434,0.4283520982599795,-3.225808436366906,6.38888676961263,0.0015353121801432,0.5046059365404298
2026-09-29,1435,0.4283520982599795,-10.86065434409993,16.091954022988507,-0.2205731832139202,0.20368474923234392
2026-09-29,1436,0.4283520982599795,-9.898480646802232,10.985919791208186,-0.0504094165813715,0.428863868986694
2026-09-29,1437,0.4283520982599795,-3.776430609501058,5.337516030112465,-0.4314227226202661,0.06141248720573183
2026-09-29,1438,0.4283520982599795,-7.032967032967042,10.813422236882186,-0.4544524053224156,0.0511770726714432
2026-09-29,1439,0.4283520982599795,-6.166666666666676,8.70337748823962,-0.4861821903787103,0.040429887410440124
2026-09-29,1440,0.4283520982599795,-10.437712738404128,14.661659871725238,-0.0637154554759468,0.4104401228249744
2026-09-29,1441,0.4283520982599795,-0.962690929569454,16.735595552792095,-0.3283009211873081,0.1120777891504606
2026-09-29,1442,0.4283520982599795,-15.80594880234628,18.959110642897592,-0.3050153531218014,0.13101330603889458
2026-09-29,1443,0.4283520982599795,-7.444669428855399,10.217392962911855,-0.0243091095189355,0.4641760491299898
2026-09-29,1444,0.4283520982599795,-7.095044244680659,11.815557562308626,0.5161207778915046,0.9708290685772774
2026-09-29,1445,0.4283520982599795,-6.1032830217131355,6.4999961853027175,-0.0118986693961105,0.4825997952917093
2026-09-29,1446,0.4283520982599795,-3.956831896578328,4.868911000226754,0.0573183213920163,0.6033776867963152
2026-09-29,1447,0.4283520982599795,-9.09091030346383,13.846155313345102,0.4160696008188331,0.9222108495394064
2026-09-29,1449,0.4283520982599795,-2.7559040513512323,5.263154805913146,0.1809109518935516,0.7487205731832139
2026-09-29,1451,0.4283520982599795,-2.5936620840097513,2.662726407925758,-0.1473899692937564,0.2858239508700102
2026-09-29,1452,0.4283520982599795,-6.550216783918639,7.009344011823715,-0.046315250767656,0.43474923234390994
2026-09-29,1453,0.4283520982599795,-4.8458181760739905,5.55555908768267,-0.1937052200614125,0.22517911975435004
2026-09-29,1454,0.4283520982599795,-6.177604795737313,7.407404267738876,-0.3280450358239508,0.11258955987717502
2026-09-29,1455,0.4283520982599795,-8.67924856944361,11.2603321548336,-0.1563459570112589,0.2740532241555783
2026-09-29,1456,0.4283520982599795,-5.501616956366595,13.6986301369863,-0.1038894575230297,0.34493346980552714
2026-09-29,1457,0.4283520982599795,-2.054797079666426,2.4475551151729253,-0.313971340839304,0.12308085977482087
2026-09-29,1459,0.4283520982599795,-0.9287925696594312,5.937501192092887,0.0051177072671442,0.515353121801433
2026-09-29,1460,0.4283520982599795,-5.882354565748072,6.410257938580635,0.0307062436028658,0.558085977482088
2026-09-29,1463,0.4283520982599795,-2.228416411910772,5.982912503756009,-0.0619242579324461,0.41299897645854655
2026-09-29,1464,0.4283520982599795,-2.549017785558849,3.3199187495578943,0.0232855680655066,0.5440122824974412
2026-09-29,1465,0.4283520982599795,-6.854835844188667,8.22510492234002,-0.1008188331627431,0.3513306038894575
2026-09-29,1466,0.4283520982599795,-9.451217405998824,14.141411572594428,0.2598515864892528,0.8137154554759468
2026-09-29,1467,0.4283520982599795,-6.952492543272559,9.090909328436942,0.1875639713408393,0.7528147389969294
2026-09-29,1468,0.4283520982599795,-3.3088262415261527,8.365021912317326,-0.2584442169907881,0.17041965199590584
2026-09-29,1470,0.4283520982599795,-5.633804265506914,5.97015088046792,-0.6033776867963152,0.01842374616171955
2026-09-29,1471,0.4283520982599795,-6.626506381718478,7.849462775773894,0.132804503582395,0.7016376663254862
2026-09-29,1472,0.4283520982599795,-3.0803096577306066,5.6753688989784346,-0.167093142272262,0.259467758444217
2026-09-29,1473,0.4283520982599795,-4.218360469588289,4.404143101193123,-0.2466734902763561,0.18014329580348004
2026-09-29,1474,0.4283520982599795,-5.188682657325227,8.855724809181648,0.0222620266120778,0.5419651995905834
2026-09-29,1475,0.4283520982599795,-5.839414747466687,6.589142851127211,-0.1555783009211873,0.27533265097236437
2026-09-29,1476,0.4283520982599795,-13.880126182965302,16.117216117216117,-0.0501535312180143,0.4293756397134084
2026-09-29,1477,0.4283520982599795,-4.761904761904767,5.7894736842105265,-0.1206499488229273,0.3257420675537359
2026-09-29,1503,0.4283520982599795,-9.76744186046512,10.824742268041238,-0.0698567041965199,0.39815762538382804
2026-09-29,1504,0.4283520982599795,-8.422463629310995,10.51095558779083,-0.1508444216990788,0.2804503582395087
2026-09-29,1506,0.4283520982599795,-5.714282170724417,6.165095282447974,-0.1394575230296827,0.2952917093142272
2026-09-29,1512,0.4283520982599795,-6.990880380542142,8.660129472321158,-0.022517911975435,0.46673490276356194
2026-09-29,1513,0.4283520982599795,-2.052785923753664,5.089820359281437,-0.0049897645854656,0.49027635619242577
2026-09-29,1514,0.4283520982599795,-4.672897196261683,7.450978896197151,0.2955475946775844,0.8367451381780963
2026-09-29,1515,0.4283520982599795,-14.701597375399322,19.45392100884239,0.0406857727737973,0.5783009211873081
2026-09-29,1516,0.4283520982599795,-8.47457627118644,14.074071248372382,0.191914022517912,0.7579324462640737
2026-09-29,1517,0.4283520982599795,-8.000000000000007,9.17874396135265,0.0447799385875127,0.5890481064483112
2026-09-29,1519,0.4283520982599795,-12.468193384223913,14.244186046511627,-0.2876151484135107,0.14841351074718526
2026-09-29,1521,0.4283520982599795,-6.410253794750553,11.741682974559687,0.1635107471852609,0.72978505629478
2026-09-29,1522,0.4283520982599795,0.0,51.176471336215144,0.0079324462640737,0.5209825997952917
2026-09-29,1524,0.4283520982599795,-6.3405810046461175,7.543523260887633,0.1063203684749232,0.6719549641760492
2026-09-29,1525,0.4283520982599795,-6.047201869044027,6.593413779649479,-0.1793756397134084,0.2418116683725691
2026-09-29,1526,0.4283520982599795,-12.612610610471853,15.120273603196816,-0.2279938587512794,0.19754350051177072
2026-09-29,1527,0.4283520982599795,-1.5105740181268867,3.0674893431868333,-0.0150972364380757,0.477482088024565
2026-09-29,1528,0.4283520982599795,-8.602149287974436,36.07842688466988,-0.0099795291709313,0.4841351074718526
2026-09-29,1529,0.4283520982599795,-13.20224347070602,22.330089680199475,0.3718014329580348,0.8971340839303992
2026-09-29,1530,0.4283520982599795,-10.33898305084746,11.531190926275997,-0.1814227226202661,0.23643807574206754
2026-09-29,1531,0.4283520982599795,-9.375001350417712,11.206898195990204,0.1292221084953941,0.6990788126919141
2026-09-29,1532,0.4283520982599795,-5.1502114864958815,5.429860801178938,-0.2858239508700102,0.14969293756397134
2026-09-29,1533,0.4283520982599795,-5.295945653990075,7.236838340759277,0.1985670419651996,0.763050153531218
2026-09-29,1535,0.4283520982599795,-1.4069280350767266,4.610323356352051,0.0094677584442169,0.5240532241555783
2026-09-29,1536,0.4283520982599795,-9.43580035389109,11.60043292347778,0.1566018423746161,0.7241555783009211
2026-09-29,1537,0.4283520982599795,-2.941176470588236,4.329004329004329,0.0377430910951893,0.5719037871033776
2026-09-29,1539,0.4283520982599795,-4.0372693544643905,4.207123444689902,-0.2333674513817809,0.19344933469805528
2026-09-29,1540,0.4283520982599795,-3.2499999999999973,4.909564666353763,-0.0529682702149436,0.42246673490276354
2026-09-29,1541,0.4283520982599795,-5.829593190748039,8.571424938383556,-0.100818833162743,0.35209825997952915
2026-09-29,1558,0.4283520982599795,0.0,10.526315789473683,-0.1374104401228251,0.30194472876151485
2026-09-29,1560,0.4283520982599795,-3.629032258064513,34.41422594142259,-0.0353121801432957,0.4503582395087001
2026-09-29,1563,0.4283520982599795,-14.301804746961013,21.944815476526568,0.1770726714431933,0.7436028659160696
2026-09-29,1565,0.4283520982599795,-5.049504950495043,6.152243509779881,-0.302200614124872,0.1343398157625384
2026-09-29,1568,0.4283520982599795,-1.3698630136986356,15.27777895515348,0.3556806550665302,0.882804503582395
2026-09-29,1569,0.4283520982599795,-4.411764705882348,35.15384380634015,0.0017911975435005,0.5056294779938587
2026-09-29,1570,0.4283520982599795,-1.0494707350367172,5.303024523185961,0.4567553735926305,0.9493346980552713
2026-09-29,1580,0.4283520982599795,-8.82629107981221,11.4315123317416,0.2205731832139202,0.7830092118730808
2026-09-29,1582,0.4283520982599795,-9.196887602213645,12.125534950071328,0.2175025588536335,0.779682702149437
2026-09-29,1583,0.4283520982599795,-4.863218942913727,7.028752368606063,-0.081883316274309,0.38075742067553736
2026-09-29,1584,0.4283520982599795,-2.43243243243243,5.263162121548216,0.0130501535312179,0.529682702149437
2026-09-29,1586,0.4283520982599795,-1.6393442622950838,3.05555555555556,-0.0459314227226202,0.436028659160696
2026-09-29,1587,0.4283520982599795,-3.048781991217664,6.079667769138168,0.226202661207779,0.7881269191402251
2026-09-29,1590,0.4283520982599795,-17.4061433447099,27.27272727272727,0.1056806550665301,0.6699078812691914
2026-09-29,1591,0.4283520982599795,-4.1958076033938525,18.97810961498251,-0.3346980552712385,0.10849539406345957
2026-09-29,1593,0.4283520982599795,-2.163828461015449,3.791465578486005,-0.2725179119754349,0.15916069600818833
2026-09-29,1595,0.4283520982599795,-6.506024096385554,28.09278252198524,0.1548106448311157,0.7226202661207779
2026-09-29,1597,0.4283520982599795,-10.67073170731707,22.18430034129693,0.2059877175025589,0.7676560900716479
2026-09-29,1598,0.4283520982599795,-6.018520178291176,9.359604032168836,-0.138689866939611,0.29861821903787106
2026-09-29,1599,0.4283520982599795,-3.157894736842104,4.3478260869565215,-0.2809621289662231,0.15250767656090072
2026-09-29,1603,0.4283520982599795,-2.7508078609183584,5.657236667322044,0.0304503582395087,0.5568065506653019
2026-09-29,1604,0.4283520982599795,-1.6877668779021635,2.789706119651958,-0.3042476970317298,0.131525076765609
2026-09-29,1605,0.4283520982599795,-8.897246591773678,10.17881915526672,-0.2548618219037871,0.17349027635619244
2026-09-29,1608,0.4283520982599795,-8.333336975839256,9.09091342579234,-0.2395087001023541,0.18577277379733878
2026-09-29,1609,0.4283520982599795,-0.129701686121908,4.80519282353388,0.0147134083930399,0.5317297850562948
2026-09-29,1611,0.4283520982599795,-5.020918986123679,7.92951205753545,0.27021494370522,0.8219037871033776
2026-09-29,1612,0.4283520982599795,-0.1412429378531032,2.545968882602542,-0.071136131013306,0.3961105424769703
2026-09-29,1614,0.4283520982599795,-1.584783674014223,3.5426681936267106,-0.2041965199590584,0.21750255885363357
2026-09-29,1615,0.4283520982599795,-4.591268658055325,5.046951938682878,-0.0798362333674513,0.38331627430910953
2026-09-29,1616,0.4283520982599795,-7.575754014439207,11.202181623281676,0.1297338792221085,0.7001023541453428
2026-09-29,1617,0.4283520982599795,0.0,21.232876712328764,0.300921187308086,0.8449334698055271
2026-09-29,1618,0.4283520982599795,-5.541868371141112,5.997388459246666,-0.1207778915046058,0.3249744114636643
2026-09-29,1623,0.4283520982599795,-9.999999999999998,11.616161616161616,-0.3819089048106448,0.08290685772773797
2026-09-29,1626,0.4283520982599795,-3.9039017022371,6.04166587193807,-0.0825230296827021,0.37871033776867963
2026-09-29,1702,0.4283520982599795,-1.4947705576539794,4.097123790040544,-0.1079836233367451,0.34083930399181167
2026-09-29,1707,0.4283520982599795,-7.2354196377158,7.7997653947859,-0.1908904810644831,0.2292732855680655
2026-09-29,1708,0.4283520982599795,-2.621722846441943,11.538458604079024,0.3160184237461617,0.8572159672466735
2026-09-29,1709,0.4283520982599795,-12.871287128712872,40.22727446122603,-0.0161207778915046,0.47543500511770725
2026-09-29,1710,0.4283520982599795,-3.498540127557692,10.271902170786325,0.1412487205731831,0.7098259979529171
2026-09-29,1711,0.4283520982599795,-9.284117879434584,18.865601790083616,0.5445240532241555,0.9800409416581372
2026-09-29,1712,0.4283520982599795,-4.116220989018937,4.545452618839764,-0.3331627430910951,0.11003070624360287
2026-09-29,1713,0.4283520982599795,-7.828001308857591,9.688993390097004,0.1471340839303991,0.7175025588536336
2026-09-29,1714,0.4283520982599795,-15.09433613057246,24.76190233987477,0.5089559877175025,0.9675025588536336
2026-09-29,1717,0.4283520982599795,-15.204678362573098,24.000002104660563,0.4168372569089048,0.9232343909928352
2026-09-29,1718,0.4283520982599795,-11.715479762432135,16.587677725118482,0.2735414534288639,0.8239508700102354
2026-09-29,1720,0.4283520982599795,-1.2323930395474636,1.9607815937987412,-0.0767656090071646,0.38689866939611056
2026-09-29,1721,0.4283520982599795,-2.793297470443723,28.352488959886102,0.1271750255885363,0.6975435005117707
2026-09-29,1722,0.4283520982599795,-9.060773480662988,10.449574726609958,-0.0793244626407369,0.3843398157625384
2026-09-29,1723,0.4283520982599795,-10.51454291436209,11.750001907348633,-0.0442681678607984,0.43807574206755373
2026-09-29,1725,0.4283520982599795,-1.7340997126628732,10.58823080623851,-0.1014585465711359,0.34953940634595704
2026-09-29,1726,0.4283520982599795,-2.557540954337778,2.6246719160104988,-0.1878198567041966,0.23183213920163767
2026-09-29,1727,0.4283520982599795,-5.200000000000005,32.74261860907832,0.0171443193449334,0.5332650972364381
2026-09-29,1730,0.4283520982599795,-1.538461538461533,2.1484345197677612,-0.1821903787103377,0.2359263050153531
2026-09-29,1731,0.4283520982599795,-1.1848359097153316,1.9184670574087637,-0.1629989764585464,0.26356192425793246
2026-09-29,1732,0.4283520982599795,-2.075471698113207,3.082848697728504,-0.0548874104401228,0.41914022517911975
2026-09-29,1733,0.4283520982599795,-9.38461538461539,10.696095076400674,-0.2561412487205732,0.17195496417604914
2026-09-29,1734,0.4283520982599795,-2.134144065069432,7.632395188756449,-0.3275332650972364,0.11310133060388945
2026-09-29,1735,0.4283520982599795,-8.656039621408251,13.965092989571968,0.0767656090071647,0.6294779938587513
2026-09-29,1736,0.4283520982599795,-4.119850187265916,9.375,-0.1136131013306039,0.33572159672466734
2026-09-29,1737,0.4283520982599795,-3.074432460382859,5.342238335458186,0.0307062436028658,0.558085977482088
2026-09-29,1742,0.4283520982599795,-3.013698630136985,7.062146892655368,-0.1443193449334698,0.28761514841351077
2026-09-29,1752,0.4283520982599795,-2.0312499999999956,2.8708121803198514,-0.0657625383828044,0.4078812691914023
2026-09-29,1760,0.4283520982599795,-7.388317365242381,8.90537891847968,0.2965711361310133,0.8377686796315251
2026-09-29,1762,0.4283520982599795,-7.417586298614065,10.2373909879509,0.0717758444216991,0.6238485158648925
2026-09-29,1773,0.4283520982599795,-3.458213256484155,11.044776119402986,0.1044012282497441,0.6673490276356192
2026-09-29,1776,0.4283520982599795,-3.7037017600993423,10.71427942632319,-0.0294268167860798,0.458546571136131
2026-09-29,1777,0.4283520982599795,-2.5032957676965006,3.918920980917441,-0.2781473899692938,0.15404298874104402
2026-09-29,1780,0.4283520982599795,-0.5917174722386731,5.753971281505767,-0.1200102354145343,0.3265097236438076
2026-09-29,1781,0.4283520982599795,-5.75472037280389,6.806809861619467,0.0120266120777891,0.5273797338792221
2026-09-29,1783,0.4283520982599795,-11.686746987951812,14.733974149737808,0.2482088024564994,0.8024564994882293
2026-09-29,1784,0.4283520982599795,-3.00633028481484,9.298533055366155,0.3935516888433981,0.9094165813715456
2026-09-29,1785,0.4283520982599795,-6.666666666666665,11.73469387755102,0.5455475946775844,0.9805527123848515
2026-09-29,1786,0.4283520982599795,-12.602457650019817,15.357559758641376,0.1415046059365404,0.710849539406346
2026-09-29,1788,0.4283520982599795,-1.538461538461533,1.953125,-0.1251279426816786,0.3185772773797339
2026-09-29,1789,0.4283520982599795,-6.549120183812674,10.512133492935057,0.0181678607983623,0.5363357215967247
2026-09-29,1795,0.4283520982599795,-6.578947368421051,10.985915492957748,0.2191658137154555,0.781985670419652
2026-09-29,1796,0.4283520982599795,-6.035887900670012,6.423609786563447,-0.1724667349027635,0.25281473899692936
2026-09-29,1799,0.4283520982599795,-8.387096774193548,9.330985915492954,-0.031985670419652,0.4552200614124872
2026-09-29,1802,0.4283520982599795,-9.999999999999998,13.88888888888889,0.0351842374616171,0.5688331627430911
2026-09-29,1805,0.4283520982599795,-2.4271862728676874,3.383086474973755,-0.1553224155578301,0.2766120777891505
2026-09-29,1806,0.4283520982599795,-2.216747390344187,2.5188892854551224,-0.1740020470829069,0.2502558853633572
2026-09-29,1808,0.4283520982599795,-14.939438217822795,18.03797709790966,-0.4424257932446264,0.05629477993858751
2026-09-29,1809,0.4283520982599795,-4.761904761904767,25.0,0.3950870010235414,0.9109518935516888
2026-09-29,1810,0.4283520982599795,-5.952383799707817,7.594941537591477,-0.0724155578300921,0.3938075742067554
2026-09-29,1813,0.4283520982599795,-3.418801844324637,5.3097294495168885,-0.0939099283520982,0.36207778915046057
2026-09-29,1815,0.4283520982599795,-14.074074074074073,22.783404383166083,-0.539150460593654,0.02917093142272262
2026-09-29,1817,0.4283520982599795,-1.7262620227641912,1.7565852874794112,-0.361949846468782,0.09416581371545547
2026-09-29,1903,0.4283520982599795,-2.185222172179957,4.042548321663065,0.0148413510747186,0.5322415557830092
2026-09-29,1904,0.4283520982599795,-5.088059788177546,6.185567010309279,-0.3659160696008188,0.09058341862845445
2026-09-29,1905,0.4283520982599795,-8.865250692563698,10.116734486145742,0.0102354145342886,0.5255885363357216
2026-09-29,1906,0.4283520982599795,-5.676854323955249,7.870365072179706,-0.0803480040941657,0.3812691914022518
2026-09-29,1907,0.4283520982599795,-9.268292682926838,10.215053763440867,-0.3480040941658137,0.1008188331627431
2026-09-29,1909,0.4283520982599795,-12.22707277368058,14.427858798658075,-0.1496929375639713,0.28403275332650973
2026-09-29,2002,0.4283520982599795,-0.1333333333333297,50.46728870101541,0.0028147389969294,0.5092118730808598
2026-09-29,2006,0.4283520982599795,-4.044943820224711,11.124121779859484,-0.4332139201637667,0.06038894575230297
2026-09-29,2007,0.4283520982599795,-2.2662881597212636,6.231881570124971,0.0765097236438075,0.6289662231320369
2026-09-29,2008,0.4283520982599795,-3.1746031746031744,3.278688524590164,-0.2888945752302968,0.14687819856704196
2026-09-29,2009,0.4283520982599795,-7.007122520288123,10.34482563744712,-0.036847492323439,0.44728761514841353
2026-09-29,2010,0.4283520982599795,-1.535087719298256,5.790645879732743,0.0122824974411464,0.5286591606960082
2026-09-29,2012,0.4283520982599795,-4.067796610169494,6.713779570778351,0.1811668372569089,0.7492323439099283
2026-09-29,2013,0.4283520982599795,-2.253858817290033,3.883500701015436,-0.1388178096212896,0.29733879222108495
2026-09-29,2014,0.4283520982599795,-2.608695652173909,6.249995458693731,0.1145087001023541,0.6832139201637666
2026-09-29,2015,0.4283520982599795,-3.2208543658510114,3.328045876770501,-0.4211873080859775,0.06601842374616172
2026-09-29,2017,0.4283520982599795,-4.291842359676867,8.295961559620693,0.1937052200614125,0.7589559877175026
2026-09-29,2020,0.4283520982599795,0.0,12.139916125638988,0.0399181166837256,0.5759979529170931
2026-09-29,2022,0.4283520982599795,-4.6997370050044225,7.945204434329517,0.2510235414534288,0.8039918116683725
2026-09-29,2023,0.4283520982599795,-4.577463507013768,4.797046562842332,-0.3042476970317297,0.13203684749232344
2026-09-29,2024,0.4283520982599795,-5.2044596222442845,5.490194582471661,-0.1194984646878198,0.327021494370522
2026-09-29,2025,0.4283520982599795,-4.982206405693956,16.47939789161253,0.2287615148413511,0.789150460593654
2026-09-29,2027,0.4283520982599795,-7.185037976137865,12.407207792409531,-0.122057318321392,0.3224155578300921
2026-09-29,2028,0.4283520982599795,-2.639296187683282,9.939761334154994,0.0399181166837256,0.5759979529170931
2026-09-29,2029,0.4283520982599795,-0.4494382022471987,7.674947011013334,0.0941658137154555,0.6550665301944729
2026-09-29,2030,0.4283520982599795,0.0,33.83233418721638,0.0046059365404299,0.5140736949846468
2026-09-29,2031,0.4283520982599795,-2.45464247598719,7.986869227703607,-0.0539918116683725,0.4201637666325486
2026-09-29,2032,0.4283520982599795,-2.450980392156865,20.85427135678391,0.0324974411463665,0.5649948822927329
2026-09-29,2033,0.4283520982599795,-4.347826086956519,43.766234757064225,-0.0204708290685773,0.4692937563971341
2026-09-29,2034,0.4283520982599795,-6.400000000000006,21.15384941427117,0.0145854657113613,0.5312180143295804
2026-09-29,2038,0.4283520982599795,-4.8872180451127845,12.252964426877476,0.3016888433981576,0.8464687819856704
2026-09-29,2049,0.4283520982599795,-12.05766710353866,20.268256333830102,-0.0846980552712384,0.3758955987717503
2026-09-29,2059,0.4283520982599795,-17.80868385345997,25.381758151052413,-0.2016376663254862,0.22082906857727738
2026-09-29,2061,0.4283520982599795,0.0,22.558922558922557,0.4240020470829069,0.9273285568065507
2026-09-29,2062,0.4283520982599795,-8.163267093517012,9.166668785942928,-0.0316018423746161,0.4564994882292733
2026-09-29,2063,0.4283520982599795,-3.497939356986446,3.6247302220065993,-0.3229273285568065,0.11719549641760492
2026-09-29,2064,0.4283520982599795,-7.751935256601216,10.084030407817414,0.1052968270214943,0.6688843398157626
2026-09-29,2065,0.4283520982599795,-4.483693671925049,5.689900426742532,-0.0713920163766632,0.3955987717502559
2026-09-29,2066,0.4283520982599795,-4.181818181818175,9.108157945086424,0.3610542476970316,0.8884339815762539
2026-09-29,2067,0.4283520982599795,-7.964603323394581,20.961541395920975,0.4004605936540429,0.9132548618219037
2026-09-29,2069,0.4283520982599795,-3.811249604856892,26.981130635963297,-0.0893039918116683,0.36975435005117707
2026-09-29,2070,0.4283520982599795,-12.044819806848109,20.85987625608019,0.3116683725690889,0.853121801432958
2026-09-29,2072,0.4283520982599795,-8.680555555555557,13.688212927756654,0.4544524053224155,0.9488229273285568
2026-09-29,2073,0.4283520982599795,-5.2631592533547655,7.936507936507936,-0.1650460593654042,0.2610030706243603
2026-09-29,2101,0.4283520982599795,-6.4364218427526705,7.046981145871565,-0.0749744114636642,0.39022517911975435
2026-09-29,2102,0.4283520982599795,-12.129376439894036,14.110424767242618,-0.138689866939611,0.29861821903787106
2026-09-29,2103,0.4283520982599795,-6.960953174300832,15.693434833610146,-0.0197031729785056,0.47082906857727735
2026-09-29,2104,0.4283520982599795,-8.154503430362524,15.700928518705265,-0.0223899692937563,0.4672466734902764
2026-09-29,2105,0.4283520982599795,-3.3707853335113835,4.485051101228327,-0.0529682702149436,0.42246673490276354
2026-09-29,2106,0.4283520982599795,-6.000000000000005,6.686932410150313,-0.0317297850562948,0.45598771750255884
2026-09-29,2107,0.4283520982599795,-1.831499088035804,3.544771849219478,-0.3474923234390993,0.10133060388945753
2026-09-29,2108,0.4283520982599795,-11.459969663276016,16.134755831238227,-0.1214176049129989,0.323439099283521
2026-09-29,2109,0.4283520982599795,-4.966889818030118,5.2264834945625696,-0.2883828045035824,0.1476458546571136
2026-09-29,2114,0.4283520982599795,-0.7743379580347876,2.4526249471981254,-0.1358751279426816,0.30348004094165815
2026-09-29,2115,0.4283520982599795,-3.8539538873506807,4.64135182054737,-0.2773797338792221,0.15532241555783008
2026-09-29,2201,0.4283520982599795,-8.750000000000002,13.01369601733064,-0.5138178096212896,0.032753326509723645
2026-09-29,2204,0.4283520982599795,-5.626131687784119,6.153840285081129,-0.1276867963152507,0.3147389969293756
2026-09-29,2206,0.4283520982599795,-3.2507717085509813,4.0,-0.3473643807574206,0.10184237461617196
2026-09-29,2207,0.4283520982599795,-7.6642335766423315,8.49802371541502,-0.558085977482088,0.025076765609007165
2026-09-29,2208,0.4283520982599795,-3.045689034023802,5.235602094240837,-0.0505373592630501,0.42835209825997955
2026-09-29,2211,0.4283520982599795,-6.302019703070494,6.72588638847855,-0.0785568065506653,0.38485158648925283
2026-09-29,2221,0.4283520982599795,0.0,60.05555470784505,-0.0023029682702149,0.49590583418628453
2026-09-29,2227,0.4283520982599795,-7.349895016844299,7.932959188962116,-0.1340839303991811,0.304503582395087
2026-09-29,2228,0.4283520982599795,-3.969268290252648,6.26666259765625,0.1656857727737973,0.7323439099283521
2026-09-29,2230,0.4283520982599795,-7.051280536020399,11.264362554440552,0.3236949846468782,0.8631013306038895
2026-09-29,2231,0.4283520982599795,-3.157894736842104,7.065217391304348,0.3490276356192426,0.8792221084953941
2026-09-29,2233,0.4283520982599795,-5.0847457627118615,13.690476190476192,0.5901995905834188,0.9877175025588536
2026-09-29,2236,0.4283520982599795,-17.05426356589147,25.233644859813083,-0.0135619242579324,0.48004094165813715
2026-09-29,2237,0.4283520982599795,-4.946993903897933,5.94795255412843,0.0562947799385875,0.6013306038894575
2026-09-29,2239,0.4283520982599795,-7.616709348473149,9.840427561009184,0.1056806550665301,0.6699078812691914
2026-09-29,2241,0.4283520982599795,-2.0044576732590413,27.500005201859903,0.2656090071647902,0.8180655066530195
2026-09-29,2243,0.4283520982599795,-9.82142857142857,29.7029702970297,0.1448311156601842,0.7139201637666326
2026-09-29,2247,0.4283520982599795,-5.307855626326963,5.605381165919283,-0.3262538382804504,0.11412487205731832
2026-09-29,2248,0.4283520982599795,-2.8436007247322204,7.154467823059578,0.0337768679631524,0.5670419651995906
2026-09-29,2250,0.4283520982599795,-4.857622656413296,8.978877269046407,0.254222108495394,0.8075742067553736
2026-09-29,2254,0.4283520982599795,-0.3257328990228014,33.87799564270152,-0.0007676560900716,0.4997441146366428
2026-09-29,2258,0.4283520982599795,-3.432134986725932,7.269789983844912,-0.1532753326509723,0.27789150460593653
2026-09-29,2301,0.4283520982599795,-14.32926829268293,20.2846975088968,0.0281473899692937,0.553224155578301
2026-09-29,2302,0.4283520982599795,-4.1269841269841345,15.783667827547257,0.2848004094165814,0.8295803480040942
2026-09-29,2303,0.4283520982599795,-8.902077151335309,29.64169381107492,-0.0823950870010234,0.3794779938587513
2026-09-29,2305,0.4283520982599795,0.0,58.39363241678727,-0.0094677584442171,0.48464687819856705
2026-09-29,2308,0.4283520982599795,-6.61577608142494,22.070844686648503,0.4058341862845446,0.9176049129989765
2026-09-29,2312,0.4283520982599795,-8.902079213715075,12.052119748988446,0.1261514841351074,0.6960081883316275
2026-09-29,2313,0.4283520982599795,-12.909441233140653,20.575221238938052,0.0693449334698055,0.6207778915046059
2026-09-29,2314,0.4283520982599795,-5.55555401591038,12.21718939181365,0.6026100307062436,0.9907881269191402
2026-09-29,2316,0.4283520982599795,-5.263157894736848,11.419753086419751,0.4541965199590583,0.9483111566018424
2026-09-29,2317,0.4283520982599795,-3.2818532818532864,6.187624750499002,-0.1303735926305015,0.3111566018423746
2026-09-29,2321,0.4283520982599795,-11.22106126432232,17.83932495117189,-0.7855680655066529,0.004605936540429887
2026-09-29,2323,0.4283520982599795,-4.0358711562860865,7.009345794392524,0.0800921187308085,0.6356192425793245
2026-09-29,2324,0.4283520982599795,-14.370543214722533,16.782242646660464,-0.3761514841351074,0.08751279426816785
2026-09-29,2327,0.4283520982599795,-9.421487603305788,17.153284671532848,0.438971340839304,0.9401228249744115
2026-09-29,2328,0.4283520982599795,-3.4907612655175724,8.191494231528425,0.1109263050153531,0.6775844421699079
2026-09-29,2329,0.4283520982599795,-3.3112566497206064,10.04565687484393,0.1791197543500512,0.7466734902763562
2026-09-29,2330,0.4283520982599795,-1.3944223107569709,5.454545454545454,-0.0898157625383827,0.36898669396110545
2026-09-29,2331,0.4283520982599795,-6.965175895023334,9.090913170799215,0.1056806550665301,0.6699078812691914
2026-09-29,2332,0.4283520982599795,-4.964537292995175,12.43781094527363,0.1962640736949846,0.7604912998976459
2026-09-29,2337,0.4283520982599795,-8.846153846153848,13.502109704641349,0.0977482088024564,0.6596724667349028
2026-09-29,2338,0.4283520982599795,-13.577981651376149,35.56263269639066,-0.5399181166837257,0.027635619242579325
2026-09-29,2340,0.4283520982599795,0.0,19.21052430805407,0.1453428863868986,0.7154554759467758
2026-09-29,2342,0.4283520982599795,-5.471698113207546,32.3353308641506,0.3671954964176049,0.8925281473899693
2026-09-29,2344,0.4283520982599795,-9.375,19.25287356321839,-0.0532241555783009,0.4214431934493347
2026-09-29,2345,0.4283520982599795,-19.01565995525727,24.585635359116026,0.1164278403275332,0.6852610030706243
2026-09-29,2347,0.4283520982599795,-5.500000000000005,15.767197381882442,0.0296827021494371,0.5557830092118731
2026-09-29,2348,0.4283520982599795,-51.13924050632912,104.66321243523316,-0.0025588536335721,0.49488229273285567
2026-09-29,2349,0.4283520982599795,-7.964603323394581,11.538459704472452,0.4252814738996929,0.9283520982599796
2026-09-29,2351,0.4283520982599795,-16.147859922178988,19.953596287703014,-0.4293756397134084,0.062436028659160696
2026-09-29,2352,0.4283520982599795,-2.8475724308445582,6.896551724137931,-0.0823950870010234,0.3794779938587513
2026-09-29,2353,0.4283520982599795,-4.99243351028682,7.961783439490447,-0.2369498464687819,0.19012282497441146
2026-09-29,2354,0.4283520982599795,-5.65217391304349,9.831031529767904,-0.4600818833162743,0.0496417604912999
2026-09-29,2355,0.4283520982599795,-7.964603323394581,11.89904029552753,0.4366683725690889,0.9385875127942682
2026-09-29,2356,0.4283520982599795,-13.45029432842646,15.540543118038688,-0.1320368474923234,0.30808597748208805
2026-09-29,2357,0.4283520982599795,-6.504854368932033,13.499480789200415,-0.1162998976458546,0.330603889457523
2026-09-29,2359,0.4283520982599795,-15.181518151815176,20.622568093385212,0.1816786079836233,0.7497441146366428
2026-09-29,2360,0.4283520982599795,-13.976377952755904,29.061784897025177,-0.4247697031729784,0.06473899692937564
2026-09-29,2362,0.4283520982599795,-6.412828513079971,7.815849091817786,-0.4521494370522007,0.052200614124872056
2026-09-29,2363,0.4283520982599795,-6.0317460317460325,22.46621492746714,0.3592630501535312,0.8858751279426816
2026-09-29,2364,0.4283520982599795,-5.942028985507242,11.402159515992151,0.2561412487205732,0.8096212896622313
2026-09-29,2365,0.4283520982599795,-8.469057649269285,12.989329273590414,0.3183213920163767,0.8595189355168884
2026-09-29,2367,0.4283520982599795,-7.549235679088307,14.556216629299188,0.6235926305015352,0.9928352098259979
2026-09-29,2368,0.4283520982599795,-10.040160642570283,26.339285714285715,0.485670419651996,0.9616171954964176
2026-09-29,2369,0.4283520982599795,-5.952376681390337,15.348096437092067,0.4996161719549642,0.965711361310133
2026-09-29,2371,0.4283520982599795,-3.29489413146854,10.391826727118158,-0.0665301944728762,0.4053224155578301
2026-09-29,2373,0.4283520982599795,-2.416355493486755,2.6666623070126487,-0.1271750255885363,0.31601842374616174
2026-09-29,2374,0.4283520982599795,-7.799446815790501,9.21451073038614,-0.0478505629477993,0.4329580348004094
2026-09-29,2375,0.4283520982599795,-13.284132841328413,17.872340425531917,0.26471340839304,0.8162743091095189
2026-09-29,2376,0.4283520982599795,-3.723404255319151,9.668508287292818,-0.0890481064483111,0.3705220061412487
2026-09-29,2377,0.4283520982599795,-7.926829268292678,12.91390728476821,-0.4419140225179119,0.057318321392016376
2026-09-29,2379,0.4283520982599795,-4.282115869017633,15.0,0.1368986693961105,0.7052200614124872
2026-09-29,2380,0.4283520982599795,-14.02597402597402,20.24169414785334,0.0683213920163766,0.6187308085977482
2026-09-29,2382,0.4283520982599795,-4.267425320056894,7.578008915304606,-0.1897389969293756,0.2308085977482088
2026-09-29,2383,0.4283520982599795,-14.210985178727109,22.35772357723577,0.2126407369498464,0.7737973387922211
2026-09-29,2385,0.4283520982599795,-6.278026905829592,9.090909090909092,-0.1553224155578301,0.2766120777891505
2026-09-29,2387,0.4283520982599795,-3.204274335094204,4.689657277074353,-0.0757420675537359,0.38843398157625386
2026-09-29,2388,0.4283520982599795,-14.216867469879514,19.101121452417267,-0.1432958034800409,0.28863868986693964
2026-09-29,2390,0.4283520982599795,-2.857142857142869,6.764701768463734,0.3353377686796315,0.8694984646878199
2026-09-29,2392,0.4283520982599795,-14.807092075016282,18.604656765773218,-0.3134595701125895,0.12384851586489252
2026-09-29,2393,0.4283520982599795,-4.360902255639099,8.647798742138365,0.1087512794268167,0.6745138178096213
2026-09-29,2395,0.4283520982599795,-3.183023872679047,14.931506849315069,-0.0498976458546571,0.43014329580348004
2026-09-29,2397,0.4283520982599795,-1.8691542138383863,8.730152675083705,0.0689611054247697,0.6202661207778914
2026-09-29,2399,0.4283520982599795,-3.529411764705881,13.719512195121949,0.0483623336745138,0.5941658137154555
2026-09-29,2401,0.4283520982599795,-2.0676705773766457,11.13243615558646,0.4303991811668372,0.932446264073695
2026-09-29,2402,0.4283520982599795,-9.968355517226168,17.92618763258252,0.3822927328556806,0.9014841351074718
2026-09-29,2404,0.4283520982599795,-5.058365758754868,24.016393442622952,0.281345957011259,0.8280450358239508
2026-09-29,2405,0.4283520982599795,-2.5723484619195935,6.6006600660066,0.2530706243602865,0.8065506653019447
2026-09-29,2406,0.4283520982599795,-3.809523809523807,18.64686342749265,0.4759467758444216,0.9605936540429887
2026-09-29,2408,0.4283520982599795,-9.31899641577061,18.280632411067195,-0.1770726714431934,0.24769703172978505
2026-09-29,2409,0.4283520982599795,-4.365624718321315,32.0970097213941,-0.0007676560900717,0.49897645854657113
2026-09-29,2412,0.4283520982599795,-1.3698630136986356,7.638888888888889,-0.284544524053224,0.150460593654043
2026-09-29,2413,0.4283520982599795,-12.67123515844384,33.03922017415364,-0.539790174002047,0.028147389969293755
2026-09-29,2414,0.4283520982599795,-0.747663551401867,3.57815729920698,-0.0394063459570112,0.44472876151484136
2026-09-29,2415,0.4283520982599795,-8.403361344537819,11.559631627634031,0.4437052200614124,0.9406345957011258
2026-09-29,2417,0.4283520982599795,-12.64108201693983,16.795865633074932,0.3121801432958035,0.8541453428863869
2026-09-29,2419,0.4283520982599795,-5.383359344424665,19.82758620689655,0.0519447287615149,0.5967246673490276
2026-09-29,2420,0.4283520982599795,-2.707583907156053,4.63821892393321,0.2579324462640736,0.8132036847492323
2026-09-29,2421,0.4283520982599795,-11.141304347826086,15.902140672782874,-0.4634083930399182,0.04861821903787104
2026-09-29,2423,0.4283520982599795,-5.882352941176472,7.222217983669704,-0.173618219037871,0.25127942681678606
2026-09-29,2424,0.4283520982599795,-7.3059384949756945,13.300497543635627,0.0662743091095189,0.6161719549641761
2026-09-29,2425,0.4283520982599795,-3.104790371289945,9.078775770037131,0.246417604912999,0.8019447287615148
2026-09-29,2426,0.4283520982599795,-10.090090090090095,22.645289052225547,-0.4178607983623336,0.06704196519959059
2026-09-29,2427,0.4283520982599795,-5.295312739146951,11.827956989247312,-0.0649948822927327,0.40890481064483114
2026-09-29,2428,0.4283520982599795,-5.451127819548873,8.548707753479125,0.005885363357216,0.5163766632548619
2026-09-29,2429,0.4283520982599795,-8.233537126482338,11.092990296505404,0.3231832139201638,0.8623336745138178
2026-09-29,2430,0.4283520982599795,-0.8219178082191747,3.591158113426925,-0.1824462640736949,0.23541453428863868
2026-09-29,2431,0.4283520982599795,-4.306218349077473,7.5,0.1110542476970317,0.6780962128966224
2026-09-29,2432,0.4283520982599795,-1.601424823347963,4.3399665929094144,0.0501535312180143,0.5962128966223132
2026-09-29,2433,0.4283520982599795,-4.191616766467066,4.375,-0.2183981576253838,0.2067553735926305
2026-09-29,2434,0.4283520982599795,-11.232876712328776,24.69135802469136,-0.0527123848515864,0.4232343909928352
2026-09-29,2436,0.4283520982599795,-0.7843137254901933,16.337287912883934,0.1138689866939611,0.6819344933469805
2026-09-29,2438,0.4283520982599795,-14.347826086956529,25.380710659898476,-0.2523029682702148,0.17604912998976457
2026-09-29,2439,0.4283520982599795,-1.513244647638412,6.274009636208587,0.1658137154554759,0.7328556806550666
2026-09-29,2440,0.4283520982599795,-7.516341022212947,11.660781429007717,0.1097748208802456,0.6755373592630501
2026-09-29,2441,0.4283520982599795,-7.224334600760452,18.0327868852459,0.0999232343909928,0.661207778915046
2026-09-29,2442,0.4283520982599795,-20.97427418440838,28.631662242503943,0.1397134083930399,0.7082906857727738
2026-09-29,2444,0.4283520982599795,-2.9032258064516037,31.229234613057383,0.0245649948822925,0.5465711361310133
2026-09-29,2449,0.4283520982599795,-10.757575757575754,27.164685908319186,0.1207778915046059,0.6898669396110543
2026-09-29,2450,0.4283520982599795,-0.8787372802643967,1.418445127230164,-0.1676049129989764,0.2584442169907881
2026-09-29,2451,0.4283520982599795,-4.666666666666663,10.48951048951049,0.0716479017400204,0.623336745138178
2026-09-29,2453,0.4283520982599795,-4.804271754956879,8.411214953271028,-0.2763561924257932,0.15609007164790173
2026-09-29,2454,0.4283520982599795,-10.401459854014591,33.80855397148676,-0.098515864892528,0.3561924257932446
2026-09-29,2455,0.4283520982599795,-7.966101694915251,29.83425414364641,-0.4749232343909928,0.04452405322415558
2026-09-29,2457,0.4283520982599795,-8.227851055552449,12.413796611215878,0.1832139201637666,0.7512794268167861
2026-09-29,2458,0.4283520982599795,-2.508960573476704,11.029411764705882,0.5575742067553735,0.9825997952917093
2026-09-29,2459,0.4283520982599795,-3.56612621534661,3.698001620582136,-0.1764329580348003,0.24872057318321392
2026-09-29,2460,0.4283520982599795,-11.292723190388188,18.927978311152113,0.0278915046059365,0.5514329580348004
2026-09-29,2461,0.4283520982599795,-8.179423221822734,9.770119327238238,-0.132804503582395,0.3060388945752303
2026-09-29,2462,0.4283520982599795,-5.023921711459389,11.083117660407154,0.3961105424769703,0.9114636642784033
2026-09-29,2464,0.4283520982599795,-14.28571428571429,26.5625,-0.3803735926305014,0.0849539406345957
2026-09-29,2465,0.4283520982599795,-14.511627906976743,21.87159790437551,-0.0241811668372569,0.46519959058341864
2026-09-29,2466,0.4283520982599795,-5.809128630705396,22.731280221813037,-0.047338792221085,0.43346980552712383
2026-09-29,2467,0.4283520982599795,-15.396578538102643,23.52941176470588,0.3134595701125895,0.8551688843398157
2026-09-29,2468,0.4283520982599795,-6.875633388235669,37.56785936386655,-0.1507164790174001,0.28147389969293757
2026-09-29,2471,0.4283520982599795,-5.000000000000004,9.649124294228956,-0.2617707267144318,0.16734902763561924
2026-09-29,2472,0.4283520982599795,-9.936575052854124,14.788732394366196,0.2992579324462641,0.8405834186284544
2026-09-29,2474,0.4283520982599795,-4.1958041958041985,6.082725060827251,-0.2585721596724668,0.1699078812691914
2026-09-29,2476,0.4283520982599795,-4.230769230769226,12.048192771084338,0.1649181166837257,0.7313203684749232
2026-09-29,2477,0.4283520982599795,-1.4925405183465743,14.069264069264069,-0.0587256908904811,0.417093142272262
2026-09-29,2478,0.4283520982599795,-11.985018726591756,16.595744680851062,0.1993346980552712,0.7640736949846468
2026-09-29,2480,0.4283520982599795,-4.491017964071853,8.463949843260188,-0.3733367451381781,0.0882804503582395
2026-09-29,2481,0.4283520982599795,-3.038674033149169,19.943019943019944,0.3098771750255886,0.8526100307062436
2026-09-29,2482,0.4283520982599795,-2.6785670089070845,7.951065670095087,0.0757420675537359,0.627942681678608
2026-09-29,2483,0.4283520982599795,-11.323332477758708,21.692311213566708,0.5432446264073695,0.9790174002047083
2026-09-29,2484,0.4283520982599795,-3.270440251572315,19.245777700595333,0.5089559877175025,0.9675025588536336
2026-09-29,2485,0.4283520982599795,-9.761632943327802,16.352201257861633,0.5504094165813715,0.981064483111566
2026-09-29,2486,0.4283520982599795,-22.92682926829268,33.54430379746836,0.1258955987717502,0.695496417604913
2026-09-29,2488,0.4283520982599795,-2.2088338431980103,3.5934291581108826,-0.0094677584442169,0.4851586489252815
2026-09-29,2489,0.4283520982599795,-9.67032967032967,22.627735369976996,-0.238868986693961,0.18730808597748208
2026-09-29,2491,0.4283520982599795,-24.00756362864377,35.57214689491993,-0.0354401228249743,0.44959058341862845
2026-09-29,2492,0.4283520982599795,-12.209302325581394,24.503311258278146,0.003582395087001,0.5122824974411464
2026-09-29,2493,0.4283520982599795,-5.0847457627118615,19.897959183673468,0.3904810644831116,0.907625383828045
2026-09-29,2495,0.4283520982599795,-3.1094545751646607,11.039792649706152,0.3692425793244626,0.8940634595701126
2026-09-29,2496,0.4283520982599795,-1.6071428571428514,2.9038084829783912,0.0452917093142272,0.5895598771750256
2026-09-29,2497,0.4283520982599795,-5.217391304347818,8.715594580414097,0.2556294779938587,0.8085977482088025
2026-09-29,2498,0.4283520982599795,-2.2727272727272707,11.16278892339662,0.1599283520982599,0.7272262026612077
2026-09-29,2501,0.4283520982599795,-7.439826490542856,9.456264775413713,-0.1389457523029682,0.2965711361310133
2026-09-29,2504,0.4283520982599795,-3.779527559055118,4.091653027823241,-0.2720061412487206,0.15967246673490276
2026-09-29,2505,0.4283520982599795,-4.507042253521131,6.194685764369008,-0.0133060388945752,0.4805527123848516
2026-09-29,2506,0.4283520982599795,-3.775741187187065,6.420927013710194,-0.0442681678607982,0.43858751279426816
2026-09-29,2509,0.4283520982599795,-9.354838709677416,10.676156583629892,-0.3633572159672467,0.0931422722620266
2026-09-29,2511,0.4283520982599795,-3.4802771408578015,4.567309067799495,-0.3343142272262026,0.109007164790174
2026-09-29,2514,0.4283520982599795,-3.7974714513377528,3.947375113504006,-0.0829068577277379,0.3781985670419652
2026-09-29,2515,0.4283520982599795,-5.599999999999994,6.779662633346299,-0.1180910951893551,0.3280450358239509
2026-09-29,2516,0.4283520982599795,-4.792329947677699,11.74496644295302,-0.1114380757420674,0.33725690890481064
2026-09-29,2520,0.4283520982599795,-6.565652965416691,12.567561381572002,-0.4447287615148413,0.05527123848515865
2026-09-29,2524,0.4283520982599795,-8.666666666666668,12.700725471886404,-0.2349027635619242,0.19293756397134085
2026-09-29,2527,0.4283520982599795,-2.323232323232316,14.891418330795144,-0.0158648925281474,0.4759467758444217
2026-09-29,2528,0.4283520982599795,-6.537528539801285,7.253884033835613,-0.2297850562947799,0.195496417604913
2026-09-29,2530,0.4283520982599795,-5.41176470588235,12.43781094527363,-0.5411975435005119,0.02661207778915046
2026-09-29,2534,0.4283520982599795,-3.977274808509257,5.621306289582563,0.039790174002047,0.574718526100307
2026-09-29,2535,0.4283520982599795,-3.046791598899412,4.377106089650849,-0.2459058341862845,0.18065506653019447
2026-09-29,2536,0.4283520982599795,-8.373204069241691,11.74934725848564,0.1450870010235414,0.714431934493347
2026-09-29,2537,0.4283520982599795,-7.02479631960543,9.333335028754355,-0.2192937563971341,0.20419651995905835
2026-09-29,2538,0.4283520982599795,-3.222222222222215,6.199769940907316,0.2175025588536335,0.779682702149437
2026-09-29,2539,0.4283520982599795,-5.9474451870763385,6.61765154670267,-0.3300921187308086,0.11105424769703173
2026-09-29,2540,0.4283520982599795,-11.851851851851848,15.546221693022911,-0.347236438075742,0.10286591606960081
2026-09-29,2542,0.4283520982599795,-21.06339714616967,26.683941776888354,-0.1788638689866939,0.24309109518935518
2026-09-29,2543,0.4283520982599795,-5.569310497272206,8.387944332737755,-0.2981064483111566,0.13817809621289662
2026-09-29,2545,0.4283520982599795,-6.353593133882285,9.587020648967552,-0.0506653019447287,0.4278403275332651
2026-09-29,2546,0.4283520982599795,-3.1963470319634757,8.49056603773585,-0.1432958034800407,0.28915046059365407
2026-09-29,2547,0.4283520982599795,-2.955661377391383,5.583748599599424,-0.046315250767656,0.43474923234390994
2026-09-29,2548,0.4283520982599795,-6.4908707638579255,7.700649104252813,-0.3840839303991812,0.08137154554759468
2026-09-29,2596,0.4283520982599795,-4.081632653061229,6.950356774296321,-0.3927840327533264,0.07625383828045036
2026-09-29,2597,0.4283520982599795,-4.571428571428571,5.389221556886228,-0.3144831115660185,0.12128966223132037
2026-09-29,2603,0.4283520982599795,-3.054989816700615,7.773109243697479,-0.3563203684749233,0.09723643807574207
2026-09-29,2605,0.4283520982599795,-8.408800511179281,11.299435028248588,-0.5967246673490275,0.018935516888433982
2026-09-29,2606,0.4283520982599795,-10.15911537120413,13.351492401039891,-0.739252814738997,0.006653019447287615
2026-09-29,2607,0.4283520982599795,-1.6666666666666607,4.331448657364495,-0.3952149437052199,0.0752302968270215
2026-09-29,2608,0.4283520982599795,-2.5597244252207996,3.152362937058751,-0.3636131013306038,0.09263050153531217
2026-09-29,2609,0.4283520982599795,-7.448492215176017,11.643834310035183,-0.6862845445240532,0.012282497441146366
2026-09-29,2610,0.4283520982599795,-2.6634364585495174,3.731343283582089,-0.0617963152507676,0.413510747185261
2026-09-29,2611,0.4283520982599795,-7.868852459016384,11.0320298272944,-0.0685772773797339,0.40122824974411464
2026-09-29,2612,0.4283520982599795,-8.295630163793778,11.513164168909976,-0.6850051177072671,0.0127942681678608
2026-09-29,2613,0.4283520982599795,-6.595744680851068,7.744878191068123,-0.1500767656090071,0.28249744114636643
2026-09-29,2614,0.4283520982599795,-1.308900523560208,7.692309716019777,0.0470829068577276,0.5926305015353122
2026-09-29,2615,0.4283520982599795,-11.2,16.666666666666664,-0.6074718526100308,0.01791197543500512
2026-09-29,2616,0.4283520982599795,-2.9411791930148534,3.0303073651863004,-0.1775844421699079,0.24590583418628453
2026-09-29,2617,0.4283520982599795,-10.07194244604317,13.920001220703124,-0.7113613101330605,0.009211873080859774
2026-09-29,2618,0.4283520982599795,-3.9351868817508295,5.662656117634601,-0.2305527123848516,0.19396110542476971
2026-09-29,2630,0.4283520982599795,-11.641223947038029,13.71490775122756,0.0230296827021494,0.5427328556806551
2026-09-29,2633,0.4283520982599795,-3.2319363563432124,3.3398791240100105,-0.1911463664278403,0.22876151484135107
2026-09-29,2634,0.4283520982599795,-7.34214182988735,9.82566869768968,-0.2520470829068577,0.176560900716479
2026-09-29,2636,0.4283520982599795,-2.6279432525025515,5.539774894714355,-0.3776867963152507,0.08700102354145343
2026-09-29,2637,0.4283520982599795,-9.523809523809524,14.736842105263156,-0.8124360286591606,0.0035823950870010235
2026-09-29,2640,0.4283520982599795,-9.943181818181824,14.195583596214512,-0.2778915046059366,0.15455475946775846
2026-09-29,2641,0.4283520982599795,-6.989249219397076,7.803470413119806,-0.1885875127942681,0.23132036847492324
2026-09-29,2642,0.4283520982599795,-2.870811624313641,4.187193997387816,-0.0710081883316274,0.39662231320368474
2026-09-29,2643,0.4283520982599795,-0.947866104726991,2.2328512140058066,-0.160568065506653,0.26663254861821906
2026-09-29,2645,0.4283520982599795,-4.178272980501396,5.523255813953488,0.0189355168884339,0.5371033776867963
2026-09-29,2646,0.4283520982599795,-8.447486989748299,9.476307324340516,-0.172978505629478,0.2523029682702149
2026-09-29,2701,0.4283520982599795,-3.7558650972559615,4.390242041611073,-0.1402251791197543,0.2935005117707267
2026-09-29,2702,0.4283520982599795,-2.316600877866426,3.557310745178946,-0.2158393039918117,0.2082906857727738
2026-09-29,2704,0.4283520982599795,-2.8077737764193533,4.444444444444445,-0.3861310133060389,0.08034800409416581
2026-09-29,2705,0.4283520982599795,-5.345909678762883,5.980063910500143,-0.1549385875127943,0.2773797338792221
2026-09-29,2706,0.4283520982599795,-3.968256875651033,4.1322345576010635,-0.0621801432958035,0.4119754350051177
2026-09-29,2707,0.4283520982599795,-2.777777777777779,2.857142857142857,-0.2038126919140224,0.218014329580348
2026-09-29,2712,0.4283520982599795,-8.219180480246868,9.701495384102444,-0.0308341862845445,0.45752302968270214
2026-09-29,2718,0.4283520982599795,-4.912280701754391,8.487086747698532,0.3295803480040942,0.8648925281473899
2026-09-29,2719,0.4283520982599795,-5.882351181223844,6.770829359690349,0.1160440122824974,0.6842374616171955
2026-09-29,2722,0.4283520982599795,-3.8548719567840672,4.95282658990824,-0.0684493346980552,0.4017400204708291
2026-09-29,2723,0.4283520982599795,-8.809523809523812,10.574410540628062,-0.5168884339815762,0.03224155578300921
2026-09-29,2726,0.4283520982599795,-7.701147401769082,9.838106623325372,0.086489252814739,0.6453428863868986
2026-09-29,2727,0.4283520982599795,-0.2123142250530785,4.042553191489362,0.1299897645854657,0.7006141248720573
2026-09-29,2729,0.4283520982599795,-2.7692307692307683,8.227848101265822,0.0025588536335721,0.5076765609007164
2026-09-29,2731,0.4283520982599795,-1.718213058419249,4.545454545454546,0.0313459570112589,0.5609007164790174
2026-09-29,2732,0.4283520982599795,-3.157894736842093,7.298137830651324,0.1381780962128966,0.706243602865916
2026-09-29,2734,0.4283520982599795,-4.318938089682012,5.2083346578809895,-0.0794524053224155,0.38382804503582396
2026-09-29,2736,0.4283520982599795,-6.967211660279005,8.370042372380059,0.0307062436028659,0.5588536335721597
2026-09-29,2739,0.4283520982599795,-6.451612903225811,7.448277966729526,-0.2439866939611054,0.18167860798362334
2026-09-29,2740,0.4283520982599795,-4.665634384718431,13.53997235197033,-0.4698055271238484,0.0465711361310133
2026-09-29,2743,0.4283520982599795,-12.33552521574529,18.38649012581716,0.3573439099283521,0.8838280450358239
2026-09-29,2745,0.4283520982599795,-6.458800506292716,7.619049435570127,0.1701637666325486,0.7359263050153532
2026-09-29,2748,0.4283520982599795,-3.007522506234972,4.005175844335432,-0.1793756397134084,0.2418116683725691
2026-09-29,2751,0.4283520982599795,-3.4862385321100864,6.083651640569302,-0.0919907881269191,0.36438075742067555
2026-09-29,2752,0.4283520982599795,-1.933701657458564,4.507042253521127,-0.1161719549641759,0.33111566018423744
2026-09-29,2753,0.4283520982599795,-1.9178082191780856,3.35195530726257,-0.1402251791197543,0.2935005117707267
2026-09-29,2754,0.4283520982599795,-3.271696944400493,4.558832505170036,-0.2773797338792221,0.15532241555783008
2026-09-29,2755,0.4283520982599795,-3.4146341463414664,4.646463105172822,0.2181422722620265,0.7804503582395087
2026-09-29,2756,0.4283520982599795,-2.4960975229462057,5.75999755859375,-0.1023541453428863,0.34698055271238487
2026-09-29,2762,0.4283520982599795,-5.502390619714004,5.822782878634296,-0.1042732855680654,0.34390992835209827
2026-09-29,2801,0.4283520982599795,-7.563025210084029,18.545455932617188,-0.7587001023541453,0.00511770726714432
2026-09-29,2812,0.4283520982599795,-4.568531614641225,5.053195547550282,-0.5048618219037871,0.03480040941658137
2026-09-29,2816,0.4283520982599795,-3.7439649003636055,9.912172554427736,-0.4113357215967247,0.06857727737973388
2026-09-29,2820,0.4283520982599795,-4.261365711442644,6.824923552108447,-0.5831627430910951,0.02047082906857728
2026-09-29,2832,0.4283520982599795,-4.857622656413296,6.866199869505117,-0.2253070624360286,0.19959058341862845
2026-09-29,2834,0.4283520982599795,-6.382974924248829,13.352264057506211,-0.7076509723643807,0.01023541453428864
2026-09-29,2836,0.4283520982599795,0.0,50.6249984105428,0.0020470829068578,0.5061412487205732
2026-09-29,2838,0.4283520982599795,0.0,61.442309159498954,0.0007676560900715,0.5025588536335721
2026-09-29,2845,0.4283520982599795,-5.415165060018145,7.251914220911883,-0.5174002047082906,0.03172978505629478
2026-09-29,2849,0.4283520982599795,-4.9079710092355455,14.51612287952054,-0.665813715455476,0.015353121801432957
2026-09-29,2850,0.4283520982599795,-1.2269938650306789,4.968944099378882,-0.1302456499488229,0.311668372569089
2026-09-29,2851,0.4283520982599795,-2.989690721649485,9.032943676939428,-0.382804503582395,0.08239508700102355
2026-09-29,2852,0.4283520982599795,-2.8070175438596467,2.8880866425992804,-0.4019959058341863,0.07420675537359263
2026-09-29,2855,0.4283520982599795,-7.035177067446085,21.531532906197217,-0.0498976458546571,0.43014329580348004
2026-09-29,2880,0.4283520982599795,-7.039336005727581,18.040085688465687,-0.7981064483111565,0.0040941658137154556
2026-09-29,2881,0.4283520982599795,-66.90095846645367,202.12355212355217,-0.0007676560900716,0.4997441146366428
2026-09-29,2882,0.4283520982599795,-49.743589743589745,99.31972789115646,-0.0089559877175025,0.4856704196519959
2026-09-29,2883,0.4283520982599795,-79.06862705957425,378.2201315815053,-0.0005117707267144,0.5007676560900717
2026-09-29,2884,0.4283520982599795,-5.174231368687643,19.710464307619365,-0.8132036847492323,0.0030706243602865915
2026-09-29,2885,0.4283520982599795,-4.184096340210141,12.081507165012054,-0.5829068577277381,0.02098259979529171
2026-09-29,2886,0.4283520982599795,-7.183367516577343,10.488801478368444,-0.7031729785056294,0.010747185261003071
2026-09-29,2887,0.4283520982599795,-49.218749135200454,97.14285378927713,-0.0168884339815762,0.4741555783009212
2026-09-29,2889,0.4283520982599795,-6.2857142857142945,13.109753771526048,-0.7016376663254862,0.011258955987717503
2026-09-29,2890,0.4283520982599795,-5.285865274599777,15.375854214123008,-0.5739508700102354,0.02302968270214944
2026-09-29,2891,0.4283520982599795,-14.027777777777784,16.316639741518582,-0.2935005117707267,0.14124872057318322
2026-09-29,2892,0.4283520982599795,-5.738707494887885,17.22798322766556,-0.682446264073695,0.01330603889457523
2026-09-29,2897,0.4283520982599795,0.0,12.658224628947435,-0.0323694984646878,0.4539406345957011
2026-09-29,2901,0.4283520982599795,-11.194027322627598,18.907563025210084,0.0777891504605936,0.6325486182190379
2026-09-29,2903,0.4283520982599795,-3.3112566497206064,4.1095872992249936,-0.3523541453428863,0.09825997952917093
2026-09-29,2904,0.4283520982599795,-3.4482772732398193,4.761907789442275,0.2113613101330603,0.7732855680655066
2026-09-29,2905,0.4283520982599795,-5.263157894736848,11.11111111111111,-0.6756653019447287,0.013817809621289662
2026-09-29,2906,0.4283520982599795,-5.673761417205991,6.390980311802469,-0.2389969293756396,0.1862845445240532
2026-09-29,2908,0.4283520982599795,-3.982302505656854,4.608296688800577,-0.402763561924258,0.07267144319344933
2026-09-29,2910,0.4283520982599795,-7.228914241391127,8.225106573724126,-0.25,0.17860798362333674
2026-09-29,2911,0.4283520982599795,-8.636362316194624,9.618572216128834,-0.0632036847492323,0.4109518935516888
2026-09-29,2912,0.4283520982599795,-3.416856492027331,3.7735849056603774,-0.1975435005117707,0.22313203684749233
2026-09-29,2913,0.4283520982599795,-2.654868899744267,4.090907356955772,0.0246929375639713,0.5470829068577278
2026-09-29,2915,0.4283520982599795,-3.1456978110585565,7.863251775757879,-0.2502558853633572,0.1780962128966223
2026-09-29,2916,0.4283520982599795,-0.4907975460122782,2.0961737956130553,-0.1120777891504605,0.3367451381780962
2026-09-29,2923,0.4283520982599795,-15.39823008849558,24.058577405857744,-0.2016376663254862,0.22082906857727738
2026-09-29,2924,0.4283520982599795,-3.1496024204205053,15.718155113985222,0.0859774820880245,0.6443193449334698
2026-09-29,2926,0.4283520982599795,-5.591052011875042,7.445005878377481,-0.1530194472876151,0.27840327533265097
2026-09-29,2929,0.4283520982599795,-5.528456749513577,11.015488235552423,-0.11028659160696,0.33930399181166837
2026-09-29,2937,0.4283520982599795,-1.758241758241752,4.474272930648769,0.0356960081883316,0.5701125895598772
2026-09-29,2938,0.4283520982599795,-26.38889111749282,38.2749367274364,-0.023797338792221,0.4657113613101331
2026-09-29,2939,0.4283520982599795,-3.57142857142857,9.13580435293692,-0.22517911975435,0.2001023541453429
2026-09-29,2941,0.4283520982599795,-5.162246156664551,13.063765981149157,0.1276867963152508,0.6980552712384852
2026-09-29,2945,0.4283520982599795,-2.9268292682926855,5.904518779198729,-0.1013306038894575,0.3500511770726714
2026-09-29,2948,0.4283520982599795,-4.291289285304334,6.385875784832498,-0.1803991811668372,0.23848515864892528
2026-09-29,3002,0.4283520982599795,-11.475411417772872,24.867728904441552,-0.1230808597748208,0.32139201637666326
2026-09-29,3003,0.4283520982599795,-17.427389377477308,28.14070862941007,0.5028147389969293,0.9662231320368475
2026-09-29,3004,0.4283520982599795,-8.914728682170548,12.76595744680851,-0.0177840327533264,0.4728761514841351
2026-09-29,3005,0.4283520982599795,-2.500000000000002,6.837606837606838,-0.3142272262026612,0.1218014329580348
2026-09-29,3006,0.4283520982599795,-10.658307210031348,19.649122807017545,-0.6733623336745139,0.014329580348004094
2026-09-29,3008,0.4283520982599795,-24.702939337085684,34.30232558139535,-0.4698055271238485,0.04605936540429888
2026-09-29,3010,0.4283520982599795,-5.303030303030298,7.6,-0.0452917093142271,0.4375639713408393
2026-09-29,3011,0.4283520982599795,-6.603776946021867,14.1414199212585,0.4169651995905835,0.9237461617195496
2026-09-29,3013,0.4283520982599795,-8.596301844080244,12.380954197474887,0.2704708290685773,0.8224155578300921
2026-09-29,3014,0.4283520982599795,-1.0344827586206915,11.498257839721257,0.2525588536335721,0.8060388945752303
2026-09-29,3015,0.4283520982599795,-2.0072979057938145,8.007447368827833,0.4527891504605937,0.9462640736949847
2026-09-29,3016,0.4283520982599795,-1.9886363636363649,45.507246376811594,0.0230296827021494,0.5427328556806551
2026-09-29,3017,0.4283520982599795,-5.555555555555558,14.705882352941178,-0.3416069600818833,0.10516888433981576
2026-09-29,3018,0.4283520982599795,-8.778628610549,17.991636587486123,-0.0035823950870009,0.49181166837256907
2026-09-29,3019,0.4283520982599795,-16.871165644171782,23.616236162361623,-0.0887922210849539,0.3710337768679631
2026-09-29,3021,0.4283520982599795,0.0,33.614866153613946,0.0839303991811668,0.640992835209826
2026-09-29,3022,0.4283520982599795,-5.679511724932618,17.741935483870968,0.0322415557830091,0.562691914022518
2026-09-29,3023,0.4283520982599795,-11.637931034482762,13.658536585365855,-0.3377686796315251,0.10696008188331628
2026-09-29,3024,0.4283520982599795,-8.97436120022601,13.380285719750646,-0.477482088024565,0.04350051177072672
2026-09-29,3025,0.4283520982599795,-1.5037608110275769,6.297708467672799,0.451381780962129,0.9449846468781986
2026-09-29,3026,0.4283520982599795,-7.009345794392519,28.14070351758794,0.1711873080859774,0.7374616171954964
2026-09-29,3027,0.4283520982599795,-5.641025641025643,11.413045551465906,0.3792221084953941,0.9002047082906858
2026-09-29,3028,0.4283520982599795,-5.714285714285705,9.569377990430622,0.4132548618219038,0.9209314227226203
2026-09-29,3029,0.4283520982599795,-6.746031746031744,14.893617021276595,-0.5774053224155578,0.022517911975435005
2026-09-29,3030,0.4283520982599795,-9.951060358890707,17.57246376811594,0.5568065506653019,0.9820880245649949
2026-09-29,3031,0.4283520982599795,-1.2638230647709303,28.320002441406245,0.2464176049129989,0.8014329580348004
2026-09-29,3032,0.4283520982599795,-7.040576177680757,17.84339091897164,0.2804503582395086,0.827021494370522
2026-09-29,3033,0.4283520982599795,-6.770253693037698,11.42856961204892,0.417093142272262,0.9242579324462641
2026-09-29,3034,0.4283520982599795,-4.761904761904767,8.88888888888889,-0.441914022517912,0.05680655066530194
2026-09-29,3035,0.4283520982599795,-3.2258064516129004,24.761904761904763,0.2128966223132036,0.7745649948822927
2026-09-29,3036,0.4283520982599795,-0.9546539379474916,13.49397590361446,0.0959570112589559,0.6568577277379734
2026-09-29,3037,0.4283520982599795,-2.9166666666666674,28.068669527896994,0.09007164790174,0.6494370522006141
2026-09-29,3038,0.4283520982599795,-1.9323707642349477,4.433505053590671,0.0435005117707267,0.5870010235414534
2026-09-29,3040,0.4283520982599795,-9.370812897211112,12.555391432791726,0.0726714431934493,0.6253838280450358
2026-09-29,3041,0.4283520982599795,-3.4764856295131707,10.59322033898305,0.3019447287615148,0.8469805527123848
2026-09-29,3042,0.4283520982599795,-6.292134831460672,25.179856115107913,0.38971340839304,0.9068577277379734
2026-09-29,3043,0.4283520982599795,-6.293709626677191,8.20896281531794,-0.0405578300921187,0.4421699078812692
2026-09-29,3044,0.4283520982599795,-4.753199268738573,13.81957773512476,-0.1322927328556806,0.30731832139201637
2026-09-29,3045,0.4283520982599795,-3.585657370517925,9.917355371900827,-0.5001279426816786,0.036335721596724664
2026-09-29,3046,0.4283520982599795,-6.620211541572285,10.261194029850746,0.0793244626407369,0.6348515864892528
2026-09-29,3047,0.4283520982599795,-4.901961969837332,14.089348389930333,0.2492323439099283,0.8029682702149437
2026-09-29,3048,0.4283520982599795,-9.236233228290258,13.6986301369863,0.4575230296827022,0.9508700102354145
2026-09-29,3049,0.4283520982599795,-15.034966168237352,20.5761316872428,0.2656090071647902,0.8180655066530195
2026-09-29,3050,0.4283520982599795,-1.2711880365276595,7.725326800039413,0.313971340839304,0.8561924257932446
2026-09-29,3051,0.4283520982599795,-4.430382823368417,12.582783141146695,0.4004605936540429,0.9132548618219037
2026-09-29,3052,0.4283520982599795,-7.589284140540609,10.14492937908082,0.1123336745138178,0.6791197543500512
2026-09-29,3054,0.4283520982599795,-5.3140073352760275,13.77550760904948,0.1426560900716479,0.7128966223132037
2026-09-29,3055,0.4283520982599795,-9.95575221238938,53.31695331695332,0.0030706243602866,0.5099795291709315
2026-09-29,3056,0.4283520982599795,-7.357858349827007,10.830324909747292,-0.1632548618219038,0.2625383828045036
2026-09-29,3057,0.4283520982599795,-9.470755936954422,15.076927771935097,0.0775332650972364,0.631525076765609
2026-09-29,3058,0.4283520982599795,-2.8605522467440636,5.889576636940423,0.1420163766632549,0.7113613101330604
2026-09-29,3059,0.4283520982599795,-6.427690269221431,10.17173656226779,0.3451893551688844,0.8756397134083931
2026-09-29,3060,0.4283520982599795,-3.1746031746031855,10.382513661202193,0.3308597748208802,0.8659160696008188
2026-09-29,3062,0.4283520982599795,-5.1724169115389795,14.090910824862393,0.2625383828045036,0.8157625383828045
2026-09-29,3066,0.4283520982599795,-4.0650406504065035,26.779659723831433,-0.2093142272262026,0.21545547594677583
2026-09-29,3067,0.4283520982599795,-7.650269373920615,13.60946294118667,0.2155834186284544,0.7778915046059366
2026-09-29,3071,0.4283520982599795,-10.196078431372555,12.008733624454148,0.0800921187308086,0.6363868986693961
2026-09-29,3073,0.4283520982599795,-9.450549450549438,13.349514563106796,0.0203428863868986,0.5399181166837257
2026-09-29,3078,0.4283520982599795,-13.86792452830189,21.90580503833516,0.651740020470829,0.9938587512794268
2026-09-29,3081,0.4283520982599795,-26.38888888888889,38.301886792452834,-0.4495905834186284,0.05424769703172978
2026-09-29,3083,0.4283520982599795,-2.9914514100075063,7.709251101321586,0.3413510747185261,0.8735926305015353
2026-09-29,3085,0.4283520982599795,-4.6025089376044,9.64911778767902,-0.2528147389969293,0.17528147389969292
2026-09-29,3086,0.4283520982599795,-16.69172932330827,20.75812274368231,-0.3482599795291709,0.10030706243602866
2026-09-29,3088,0.4283520982599795,-1.0909090909090868,12.867647058823527,0.2071392016376664,0.7697031729785057
2026-09-29,3090,0.4283520982599795,-12.02185792349727,16.149068322981368,0.1573694984646877,0.7249232343909928
2026-09-29,3092,0.4283520982599795,-10.433069520981398,16.703293349716688,0.2505117707267145,0.8034800409416581
2026-09-29,3093,0.4283520982599795,-10.316651040305723,13.553532489611513,0.3416069600818833,0.8741044012282497
2026-09-29,3094,0.4283520982599795,0.0,33.500836242982494,-0.0025588536335722,0.49437052200614123
2026-09-29,3095,0.4283520982599795,-10.17172689386877,17.205877865062043,-0.1299897645854657,0.31218014329580346
2026-09-29,3105,0.4283520982599795,-4.826254826254828,19.878296146044622,-0.3004094165813715,0.13561924257932445
2026-09-29,3114,0.4283520982599795,-4.109589041095896,21.142856052943635,0.4847748208802456,0.9611054247697032
2026-09-29,3115,0.4283520982599795,-7.027027027027033,19.41860553830169,0.0411975435005117,0.5806038894575231
2026-09-29,3118,0.4283520982599795,-2.184085035019634,4.146728028901266,-0.2432190378710338,0.1827021494370522
2026-09-29,3122,0.4283520982599795,-11.654136605310994,15.744684097614694,0.0570624360286591,0.6028659160696008
2026-09-29,3128,0.4283520982599795,-7.499999999999996,11.30220755312308,0.2285056294779939,0.7886386898669396
2026-09-29,3130,0.4283520982599795,-0.9478672985781976,1.4354066985645932,-0.1104145342886386,0.33879222108495394
2026-09-29,3131,0.4283520982599795,-9.836065573770492,20.0,0.4488229273285568,0.9442169907881269
2026-09-29,3135,0.4283520982599795,-14.945652173913048,18.210862619808307,-0.0839303991811668,0.37768679631525076
2026-09-29,3138,0.4283520982599795,-13.1858407079646,27.52293577981651,0.0309621289662231,0.5596212896622313
2026-09-29,3141,0.4283520982599795,-22.545454545454547,41.54929756558557,-0.8178096212896623,0.00255885363357216
2026-09-29,3147,0.4283520982599795,-2.605210420841686,14.19753086419753,-0.1107983623336744,0.3382804503582395
2026-09-29,3149,0.4283520982599795,-1.0294117647058898,14.264485102705937,0.4628966223132036,0.9539406345957011
2026-09-29,3150,0.4283520982599795,-11.143691038593328,13.531348099409549,0.1489252814738997,0.7190378710337769
2026-09-29,3152,0.4283520982599795,-8.686868686868687,13.495575221238935,0.5202149437052199,0.9723643807574207
2026-09-29,3158,0.4283520982599795,-5.856353591160213,8.80281690140845,-0.3216479017400204,0.11796315250767656
2026-09-29,3162,0.4283520982599795,0.0,15.94561186650186,0.1650460593654042,0.7318321392016377
2026-09-29,3163,0.4283520982599795,-18.22784810126582,24.61300309597523,-0.1330603889457523,0.3055271238485159
2026-09-29,3164,0.4283520982599795,-0.3003003003002824,6.325298906808856,0.0406857727737974,0.5788126919140225
2026-09-29,3167,0.4283520982599795,-7.003089598352219,27.906976744186046,0.0330092118730809,0.5655066530194472
2026-09-29,3168,0.4283520982599795,-3.9863359112807473,6.168451456271316,-0.2538382804503583,0.1745138178096213
2026-09-29,3169,0.4283520982599795,-4.545454545454541,18.701297380191424,0.0470829068577277,0.5931422722620266
2026-09-29,3171,0.4283520982599795,-8.620688562431322,11.149228130360203,-0.0033265097236438,0.49283520982599793
2026-09-29,3176,0.4283520982599795,-6.624999999999992,14.725568942436412,-0.1397134083930399,0.2947799385875128
2026-09-29,3178,0.4283520982599795,-14.950978801782988,36.59942033311475,-0.0742067553735926,0.390992835209826
2026-09-29,3188,0.4283520982599795,-6.5737065991754,7.46268656716418,-0.1595445240532241,0.2676560900716479
2026-09-29,3189,0.4283520982599795,-4.116465863453811,24.083769633507853,0.0759979529170932,0.6284544524053224
2026-09-29,3191,0.4283520982599795,-8.077998335984493,10.000009247750947,0.0985158648925281,0.6601842374616171
2026-09-29,3205,0.4283520982599795,-2.604166666666663,4.705883984897226,0.0189355168884339,0.5371033776867963
2026-09-29,3206,0.4283520982599795,-3.760449772977714,9.985530428189444,-0.1775844421699078,0.24667349027635618
2026-09-29,3207,0.4283520982599795,-7.384986182575104,13.594773236443014,0.29503582395087,0.8357215967246674
2026-09-29,3209,0.4283520982599795,-5.699481865284972,9.010985657408996,0.4229785056294779,0.9268167860798362
2026-09-29,3211,0.4283520982599795,-5.853658536585371,15.803108808290157,0.3820368474923234,0.9007164790174002
2026-09-29,3213,0.4283520982599795,-6.691449814126393,11.95219123505976,0.296315250767656,0.8372569089048106
2026-09-29,3217,0.4283520982599795,-6.810035842293905,11.153846153846157,0.4288638689866939,0.9303991811668373
2026-09-29,3218,0.4283520982599795,-7.931034482758625,9.363295880149812,0.0012794268167861,0.5040941658137155
2026-09-29,3219,0.4283520982599795,0.0,35.21912107429656,0.0092118730808598,0.5230296827021494
2026-09-29,3221,0.4283520982599795,-3.05343793757088,15.944886395311734,0.4539406345957011,0.9472876151484135
2026-09-29,3224,0.4283520982599795,-13.888888888888884,18.064516129032263,-0.0017911975435005,0.49718526100307064
2026-09-29,3226,0.4283520982599795,-0.6611570247933907,13.31114808652246,-0.0729273285568065,0.3925281473899693
2026-09-29,3227,0.4283520982599795,-7.017543859649122,10.781671159029653,0.4055783009211873,0.917093142272262
2026-09-29,3228,0.4283520982599795,-4.255319148936165,16.11111111111111,0.1079836233367451,0.6737461617195496
2026-09-29,3229,0.4283520982599795,-21.67352701669017,42.90718038528897,-0.8485158648925281,0.0020470829068577278
2026-09-29,3230,0.4283520982599795,-9.446252571400072,14.028773319235237,0.2946519959058342,0.8352098259979529
2026-09-29,3231,0.4283520982599795,-7.481296758104739,14.285714285714285,-0.4126151484135107,0.06806550665301944
2026-09-29,3232,0.4283520982599795,-8.37004713251569,15.625,-0.1072159672466736,0.3413510747185261
2026-09-29,3234,0.4283520982599795,-20.68181818181818,33.2378223495702,-0.5396622313203684,0.028659160696008188
2026-09-29,3236,0.4283520982599795,-7.157894736842108,13.718819131656568,0.5583418628454452,0.9836233367451381
2026-09-29,3252,0.4283520982599795,-3.1347950799014757,10.032363694076798,0.2914534288638689,0.8336745138178097
2026-09-29,3257,0.4283520982599795,-3.3333333333333437,10.446250559592103,0.5405578300921188,0.9779938587512794
2026-09-29,3259,0.4283520982599795,-34.832213096675304,55.20082035712919,0.0066530194472876,0.5184237461617196
2026-09-29,3260,0.4283520982599795,-11.91588785046729,14.456233421750664,-0.2246673490276356,0.20061412487205732
2026-09-29,3264,0.4283520982599795,-16.580310880829018,28.778467908902694,-0.3129477993858751,0.12487205731832139
2026-09-29,3265,0.4283520982599795,-8.838383838383834,21.32963988919667,0.2456499488229274,0.8009211873080859
2026-09-29,3266,0.4283520982599795,-2.826852503984867,4.363632202148424,-0.3370010235414534,0.10747185261003071
2026-09-29,3268,0.4283520982599795,-1.826484018264829,24.41860642544058,0.2082906857727738,0.7717502558853634
2026-09-29,3272,0.4283520982599795,-12.17948932697862,14.963506434085604,-0.1505885363357215,0.281985670419652
2026-09-29,3276,0.4283520982599795,-5.460748391545211,7.94223413570692,0.1413766632548618,0.7103377686796315
2026-09-29,3284,0.4283520982599795,-8.274230024084906,10.824744234380034,0.1998464687819856,0.7650972364380757
2026-09-29,3285,0.4283520982599795,-7.142855561509398,15.625,0.1504605936540429,0.7200614124872057
2026-09-29,3287,0.4283520982599795,-8.444444444444443,25.970875638202557,-0.3413510747185261,0.10593654042988741
2026-09-29,3288,0.4283520982599795,-9.523811017918929,18.66028525612571,0.142272262026612,0.7118730808597749
2026-09-29,3289,0.4283520982599795,-5.102040816326525,12.544802867383511,0.4439611054247697,0.9411463664278403
2026-09-29,3290,0.4283520982599795,-4.970177485049687,11.82007889368544,0.5941658137154555,0.989252814738997
2026-09-29,3293,0.4283520982599795,-2.1356783919597944,13.992297817715018,0.1368986693961106,0.7057318321392017
2026-09-29,3294,0.4283520982599795,-8.990321960435633,22.94833174592456,0.4089048106448311,0.9188843398157626
2026-09-29,3296,0.4283520982599795,-6.081081081081086,23.561153823523217,-0.1937052200614124,0.2259467758444217
2026-09-29,3297,0.4283520982599795,-15.55270254129434,38.81279119436417,-0.1857727737973388,0.23336745138178097
2026-09-29,3303,0.4283520982599795,-7.3754802809751,10.031028518755654,0.215711361310133,0.7786591606960082
2026-09-29,3305,0.4283520982599795,-9.523809523809524,16.74641148325359,0.6581371545547594,0.9948822927328557
2026-09-29,3306,0.4283520982599795,-0.2096436058700246,7.457979987649363,0.1796315250767656,0.7476970317297851
2026-09-29,3308,0.4283520982599795,-5.53191489361703,12.162165598826366,0.083546571136131,0.6397134083930399
2026-09-29,3310,0.4283520982599795,-2.130683939442113,6.386068978053565,-0.1422722620266119,0.2906857727737973
2026-09-29,3311,0.4283520982599795,-1.801797944953276,19.528175244012637,-0.215711361310133,0.20905834186284544
2026-09-29,3312,0.4283520982599795,-11.631942103490356,21.41453381371639,0.3004094165813715,0.8428863868986693
2026-09-29,3313,0.4283520982599795,-9.482761597378133,11.428578694661493,0.0422210849539406,0.5839303991811668
2026-09-29,3317,0.4283520982599795,-10.41095890410958,30.12232532559549,0.718014329580348,0.9994882292732856
2026-09-29,3321,0.4283520982599795,-4.973823887414108,12.947660503965436,0.463408393039918,0.95496417604913
2026-09-29,3322,0.4283520982599795,-7.112969228720079,13.513513513513514,0.3570880245649949,0.8833162743091095
2026-09-29,3323,0.4283520982599795,-4.5528455284552845,14.480408858603068,0.558085977482088,0.9831115660184238
2026-09-29,3324,0.4283520982599795,-6.857142857142861,38.34355828220859,-0.0437563971340838,0.43961105424769703
2026-09-29,3325,0.4283520982599795,-8.235294117647063,14.957264957264956,0.2737973387922211,0.8244626407369499
2026-09-29,3338,0.4283520982599795,-5.431758894141614,12.812966977373662,-0.0945496417604914,0.36131013306038895
2026-09-29,3339,0.4283520982599795,-7.228914241391127,19.26406430991697,-0.1143807574206755,0.33469805527123847
2026-09-29,3346,0.4283520982599795,-8.461538461538453,32.35294438209854,0.3623336745138177,0.8889457523029682
2026-09-29,3349,0.4283520982599795,-14.743588353729065,22.055135932482575,0.1000511770726714,0.6617195496417605
2026-09-29,3354,0.4283520982599795,-7.728708845344112,28.71795393462874,-0.5,0.0368474923234391
2026-09-29,3356,0.4283520982599795,-12.211780760686253,16.04465158974252,-0.4224667349027635,0.06550665301944729
2026-09-29,3357,0.4283520982599795,-10.176991150442484,15.517241379310343,0.3050153531218014,0.8490276356192425
2026-09-29,3360,0.4283520982599795,-4.430380900535336,11.920531064469293,0.5409416581371544,0.9785056294779939
2026-09-29,3362,0.4283520982599795,-19.718309859154925,29.82456140350877,-0.1578812691914022,0.27021494370522003
2026-09-29,3363,0.4283520982599795,-23.29411764705882,33.895705521472394,-0.4414022517911975,0.05834186284544524
2026-09-29,3372,0.4283520982599795,-4.117647058823525,17.791408702639703,0.1924257932446264,0.7584442169907881
2026-09-29,3373,0.4283520982599795,-3.313255233919643,4.984424864391671,0.1637666325486181,0.7308085977482088
2026-09-29,3374,0.4283520982599795,-8.266129032258062,23.626373626373624,-0.4641760491299898,0.048106448311156604
2026-09-29,3376,0.4283520982599795,-21.68949771689498,28.279883381924197,-0.0524564994882292,0.42400204708290684
2026-09-29,3379,0.4283520982599795,-8.23529411764705,13.736263736263735,0.4631525076765609,0.9544524053224156
2026-09-29,3380,0.4283520982599795,-6.231456128775115,18.67089090468008,0.1505885363357215,0.7205731832139202
2026-09-29,3388,0.4283520982599795,-14.822549686231202,19.60784313725489,0.182446264073695,0.7502558853633572
2026-09-29,3390,0.4283520982599795,-2.1929824561403466,7.174884471123531,0.2860798362333674,0.8300921187308086
2026-09-29,3402,0.4283520982599795,-1.132075471698113,10.30534351145038,0.2249232343909929,0.7860798362333674
2026-09-29,3406,0.4283520982599795,-22.631578947368425,30.72562358276644,-0.6197543500511771,0.017400204708290685
2026-09-29,3413,0.4283520982599795,-0.512820512820511,7.216494845360824,0.22517911975435,0.7865916069600819
2026-09-29,3416,0.4283520982599795,-10.989010989010994,14.814814814814811,0.2679119754350051,0.81985670419652
2026-09-29,3419,0.4283520982599795,-2.479341917452804,12.71186440677966,0.4481832139201637,0.9437052200614124
2026-09-29,3430,0.4283520982599795,-3.433476394849788,14.755554199218752,0.5964687819856704,0.9902763561924258
2026-09-29,3432,0.4283520982599795,-5.732482931203686,10.81080694456357,-0.0683213920163767,0.4022517911975435
2026-09-29,3434,0.4283520982599795,-7.613474113342633,16.640259611247647,-0.3265097236438075,0.11361310133060389
2026-09-29,3437,0.4283520982599795,-7.818927146972133,30.357139451163157,-0.0995394063459569,0.3541453428863869
2026-09-29,3438,0.4283520982599795,-10.117298030788302,13.376830258143862,-0.2667604912998976,0.16376663254861823
2026-09-29,3441,0.4283520982599795,-7.960199004975122,41.891891891891895,-0.2840327533265097,0.15097236438075742
2026-09-29,3443,0.4283520982599795,-7.255705090696319,36.15141955835962,-0.0172722620266121,0.4733879222108495
2026-09-29,3444,0.4283520982599795,-7.35632183908047,12.40694789081886,0.0642272262026611,0.6146366427840327
2026-09-29,3447,0.4283520982599795,-12.70096570102698,16.390426382834082,0.1722108495394063,0.7389969293756398
2026-09-29,3450,0.4283520982599795,-19.601837672281775,31.238095238095237,0.0719037871033776,0.6243602865916069
2026-09-29,3455,0.4283520982599795,-3.2608695652173947,20.224719101123593,0.0905834186284545,0.6514841351074718
2026-09-29,3465,0.4283520982599795,-1.001671970942586,5.73356075190372,0.1883316274309109,0.7533265097236438
2026-09-29,3466,0.4283520982599795,-6.470588235294117,8.80503304599466,0.0104912998976458,0.526100307062436
2026-09-29,3467,0.4283520982599795,-15.990993878098436,55.294911279755055,-0.4209314227226203,0.06653019447287616
2026-09-29,3479,0.4283520982599795,-1.0714285714285676,12.996389891696747,0.0974923234390993,0.6591606960081884
2026-09-29,3481,0.4283520982599795,-5.05725467311321,12.36181211231941,0.3700102354145343,0.8945752302968271
2026-09-29,3483,0.4283520982599795,-7.2966490256688115,13.290316674017136,0.1915301944728761,0.7569089048106449
2026-09-29,3484,0.4283520982599795,-8.512717424686599,16.256681228066512,0.4213152507676561,0.9257932446264073
2026-09-29,3485,0.4283520982599795,-11.648351648351651,20.149253731343283,0.6934493346980553,0.9974411463664279
2026-09-29,3489,0.4283520982599795,-0.8528784648187626,10.537634408602148,0.2036847492323438,0.7666325486182191
2026-09-29,3490,0.4283520982599795,-10.159363915198515,22.28381205556662,0.2798106448311156,0.8265097236438076
2026-09-29,3491,0.4283520982599795,-7.361963190184051,21.192052980132452,-0.291453428863869,0.14431934493346982
2026-09-29,3492,0.4283520982599795,-2.806124340638827,4.98688064535146,0.218654042988741,0.7814738996929376
2026-09-29,3494,0.4283520982599795,-7.922075641237624,11.283493849050847,-0.2070112589559877,0.2164790174002047
2026-09-29,3498,0.4283520982599795,0.0,26.170212765957444,-0.0043500511770726,0.49129989764585463
2026-09-29,3499,0.4283520982599795,-8.053688921158775,19.708027804855,0.0839303991811668,0.640992835209826
2026-09-29,3501,0.4283520982599795,-7.178221327593914,7.73333740234375,-0.1755373592630501,0.24974411463664278
2026-09-29,3504,0.4283520982599795,-16.84100285679331,23.3962244957498,-0.1171954964176049,0.32932446264073695
2026-09-29,3508,0.4283520982599795,-6.317692110972162,29.28709202878507,-0.021494370522006,0.46827021494370524
2026-09-29,3511,0.4283520982599795,-3.473943582046235,12.082264172080857,0.5204708290685773,0.9728761514841351
2026-09-29,3512,0.4283520982599795,-3.030299293837857,4.166662693023682,0.0281473899692937,0.553224155578301
2026-09-29,3515,0.4283520982599795,-10.212765957446813,16.113744075829384,0.0657625383828044,0.6156601842374616
2026-09-29,3516,0.4283520982599795,-8.424905865705046,10.599998474121094,0.0562947799385875,0.6013306038894575
2026-09-29,3518,0.4283520982599795,0.0,26.470588235294112,0.0951893551688843,0.6560900716479018
2026-09-29,3520,0.4283520982599795,-3.932580152043541,4.678358111465187,-0.2146878198567041,0.2098259979529171
2026-09-29,3521,0.4283520982599795,-4.4715461967972825,5.5319165168924505,-0.1519959058341863,0.2796827021494371
2026-09-29,3522,0.4283520982599795,-7.38007510449068,15.93625498007968,-0.4730040941658137,0.04503582395087001
2026-09-29,3523,0.4283520982599795,-5.678235708573998,18.06020577217028,0.3467246673490277,0.876663254861822
2026-09-29,3526,0.4283520982599795,-6.239168110918547,9.79667282809612,0.3334186284544523,0.868474923234391
2026-09-29,3527,0.4283520982599795,-2.4574697322890193,9.205426356589149,0.3670675537359262,0.8920163766632548
2026-09-29,3528,0.4283520982599795,-2.643678160919538,11.806375442739078,0.2210849539406346,0.7837768679631525
2026-09-29,3529,0.4283520982599795,-3.079178885630496,33.28290468986384,0.0222620266120777,0.5414534288638689
2026-09-29,3530,0.4283520982599795,-4.262295081967215,10.102742338833744,0.3349539406345957,0.8689866939611054
2026-09-29,3532,0.4283520982599795,-4.2194092827004255,23.45814977973568,-0.0800921187308085,0.3820368474923234
2026-09-29,3533,0.4283520982599795,-3.3898305084745783,16.08187134502924,0.5703684749232344,0.9851586489252815
2026-09-29,3535,0.4283520982599795,-3.957219251336896,13.80846495086738,0.4298874104401228,0.9316786079836233
2026-09-29,3537,0.4283520982599795,-8.202442058708925,11.78707369380124,0.2792988741044012,0.8259979529170931
2026-09-29,3540,0.4283520982599795,-11.15459617285074,17.400876015818593,0.0028147389969293,0.5084442169907881
2026-09-29,3541,0.4283520982599795,-5.232555337138667,17.791404802131265,0.0281473899692936,0.5522006141248721
2026-09-29,3543,0.4283520982599795,-9.222421894072408,28.48605425709272,0.3879222108495395,0.9048106448311156
2026-09-29,3545,0.4283520982599795,-2.808991541230521,10.982660429555786,0.104145342886387,0.6668372569089048
2026-09-29,3546,0.4283520982599795,-4.593172032040249,7.290227541077416,-0.238229273285568,0.18833162743091095
2026-09-29,3548,0.4283520982599795,-16.91810618045062,21.400782168298058,-0.0910951893551688,0.3664278403275333
2026-09-29,3550,0.4283520982599795,0.0,19.083966553666208,0.4462640736949846,0.9426816786079836
2026-09-29,3551,0.4283520982599795,-2.3560209424083767,12.332439678284182,0.0803480040941657,0.6371545547594678
2026-09-29,3552,0.4283520982599795,-6.659504377805647,17.836593785960876,0.3581115660184238,0.8843398157625384
2026-09-29,3555,0.4283520982599795,-21.678321678321677,30.059523809523807,-0.1803991811668372,0.23848515864892528
2026-09-29,3556,0.4283520982599795,-8.818897637795276,15.025908053436016,0.5372313203684749,0.9769703172978506
2026-09-29,3557,0.4283520982599795,-8.61723726330721,11.184215545654297,-0.0033265097236437,0.49334698055271237
2026-09-29,3558,0.4283520982599795,-3.861003861003864,10.441767068273093,0.2603633572159671,0.8142272262026612
2026-09-29,3563,0.4283520982599795,-2.5766871165644134,22.16624685138539,0.1345957011258955,0.7041965199590583
2026-09-29,3564,0.4283520982599795,-5.617980225009989,19.2460332598005,-0.0759979529170931,0.38792221084953943
2026-09-29,3567,0.4283520982599795,-2.2727272727272596,6.201553344726557,0.1966479017400204,0.7610030706243602
2026-09-29,3570,0.4283520982599795,-2.9069767441860517,5.9880239520958085,-0.3601586489252815,0.09570112589559877
2026-09-29,3576,0.4283520982599795,-4.521272721037873,15.32033426183844,0.0849539406345956,0.642272262026612
2026-09-29,3577,0.4283520982599795,-2.400000000000002,18.0327868852459,0.2357983623336745,0.7947799385875128
2026-09-29,3580,0.4283520982599795,-0.4484304932735439,28.82882882882883,0.0399181166837255,0.5752302968270215
2026-09-29,3581,0.4283520982599795,-9.361702127659576,23.19248539741052,0.6637666325486182,0.9953940634595702
2026-09-29,3583,0.4283520982599795,-9.860935524652335,17.812061711079945,0.4022517911975435,0.9153019447287615
2026-09-29,3587,0.4283520982599795,-14.003590664272892,20.668058455114824,0.3006653019447287,0.8439099283520982
2026-09-29,3588,0.4283520982599795,-3.243243243243243,9.124770066813603,0.4080092118730808,0.9181166837256909
2026-09-29,3591,0.4283520982599795,-5.105281474129864,17.122369824033797,-0.1706755373592631,0.2553735926305015
2026-09-29,3592,0.4283520982599795,-2.1739130434782594,5.777777777777778,0.2404042988741044,0.7978505629477994
2026-09-29,3593,0.4283520982599795,-5.504583848886169,25.922330837805273,0.507164790174002,0.9667349027635619
2026-09-29,3594,0.4283520982599795,-10.943396226415093,16.737291368387513,0.4575230296827022,0.9508700102354145
2026-09-29,3596,0.4283520982599795,-5.5384615384615365,7.166123778501629,0.2402763561924257,0.7968270214943706
2026-09-29,3597,0.4283520982599795,-2.9616750534622427,10.2333945474676,0.0232855680655066,0.5440122824974412
2026-09-29,3605,0.4283520982599795,-4.199475065616798,42.19178082191781,-0.0028147389969295,0.4938587512794268
2026-09-29,3607,0.4283520982599795,-3.18020940397038,5.474452554744526,0.1842374616171955,0.7517911975435005
2026-09-29,3609,0.4283520982599795,-8.914725988660887,35.53190840051529,0.3364892528147389,0.8710337768679631
2026-09-29,3611,0.4283520982599795,-1.0810810810810811,2.459016393442623,0.0791965199590584,0.6335721596724667
2026-09-29,3615,0.4283520982599795,0.0,21.248501231547305,0.4355168884339816,0.9365404298874105
2026-09-29,3617,0.4283520982599795,-8.380952380952378,11.85031185031185,-0.426560900716479,0.06397134083930399
2026-09-29,3622,0.4283520982599795,-16.85288758726653,22.844346613526213,0.1079836233367451,0.6737461617195496
2026-09-29,3623,0.4283520982599795,-1.1864406779661052,25.90051196247186,-0.0939099283520982,0.36207778915046057
2026-09-29,3624,0.4283520982599795,-3.114186851211076,42.64285496303014,0.2238996929375639,0.7845445240532242
2026-09-29,3625,0.4283520982599795,-17.037037037037038,23.21428571428571,0.0424769703172978,0.5846980552712385
2026-09-29,3628,0.4283520982599795,-6.777489968126293,15.089163237311384,-0.4301432958034801,0.06192425793244626
2026-09-29,3629,0.4283520982599795,-18.969556482934948,25.14451087554755,-0.4426816786079837,0.05578300921187308
2026-09-29,3630,0.4283520982599795,-7.944734723060243,12.007507553243729,0.1916581371545548,0.7574206755373593
2026-09-29,3631,0.4283520982599795,-10.825891338516836,20.27534036075367,0.0429887410440121,0.5854657113613101
2026-09-29,3632,0.4283520982599795,-4.005337520502716,5.8414408825700574,0.2648413510747185,0.8170419651995906
2026-09-29,3645,0.4283520982599795,-6.555273588312005,15.130674002751032,0.6640225179119754,0.9959058341862845
2026-09-29,3646,0.4283520982599795,-1.391648603733564,6.653224268267231,-0.291069600818833,0.14483111566018425
2026-09-29,3652,0.4283520982599795,-3.2857142857142807,9.453473450338118,0.1494370522006141,0.7195496417604913
2026-09-29,3653,0.4283520982599795,-3.7011173184357538,28.281363306744016,-0.0005117707267144,0.5007676560900717
2026-09-29,3661,0.4283520982599795,-15.287356321839084,29.57937584803256,0.5644831115660184,0.9841351074718526
2026-09-29,3663,0.4283520982599795,-4.732824427480919,14.102562879904724,0.4710849539406346,0.9580348004094166
2026-09-29,3664,0.4283520982599795,-3.3805896806407776,30.135441041692367,0.0028147389969293,0.5084442169907881
2026-09-29,3665,0.4283520982599795,-1.0121457489878585,26.993865030674847,0.0585977482088023,0.6054247697031729
2026-09-29,3666,0.4283520982599795,0.0,2.3715384864053264,-0.1014585465711361,0.34851586489252817
2026-09-29,3669,0.4283520982599795,-9.861111111111098,12.326656394453003,0.188971340839304,0.7543500511770727
2026-09-29,3672,0.4283520982599795,-3.846153846153843,12.0,0.0711361310133059,0.6223132036847492
2026-09-29,3673,0.4283520982599795,-1.434715913954432,14.119355092055583,0.4342374616171954,0.9350051177072671
2026-09-29,3675,0.4283520982599795,-5.782792665726378,29.491017964071855,0.4155578300921188,0.9216990788126919
2026-09-29,3679,0.4283520982599795,-1.8099547511312264,4.6082949308755765,-0.2134083930399181,0.21187308085977483
2026-09-29,3680,0.4283520982599795,-4.363001745200701,16.149635036496353,-0.0033265097236439,0.4923234390992835
2026-09-29,3684,0.4283520982599795,-4.472274521712727,6.741577319884569,-0.273157625383828,0.15813715455475946
2026-09-29,3685,0.4283520982599795,-10.88607594936708,17.045454545454543,-0.4416581371545547,0.05783009211873081
2026-09-29,3686,0.4283520982599795,-7.476631115904775,13.804708667074388,0.2899181166837257,0.8331627430910952
2026-09-29,3687,0.4283520982599795,-7.230769230769241,8.457711442786072,0.0836745138178096,0.6402251791197543
2026-09-29,3689,0.4283520982599795,-11.290322580645162,16.818181818181817,0.3116683725690891,0.8536335721596725
2026-09-29,3691,0.4283520982599795,-9.195402298850574,33.755274261603375,0.458546571136131,0.9518935516888434
2026-09-29,3693,0.4283520982599795,-6.149732620320858,24.216524216524217,-0.3002814738996928,0.13613101330603888
2026-09-29,3694,0.4283520982599795,-3.262953020940129,7.14285411531963,0.2128966223132036,0.7745649948822927
2026-09-29,3701,0.4283520982599795,-7.530457167161131,15.928147367374626,0.1609518935516888,0.7282497441146366
2026-09-29,3702,0.4283520982599795,-4.1666666666666625,19.826089610224173,-0.1384339815762538,0.3001535312180143
2026-09-29,3703,0.4283520982599795,-5.569005519488346,7.6923076923076925,-0.380885363357216,0.08444216990788127
2026-09-29,3704,0.4283520982599795,-7.683483007710413,11.801242236024844,-0.001279426816786,0.4984646878198567
2026-09-29,3705,0.4283520982599795,-2.613243006975585,4.114495620318091,-0.3871545547594677,0.07932446264073695
2026-09-29,3706,0.4283520982599795,-9.40501332436282,12.029041053375511,-0.014329580348004,0.4790174002047083
2026-09-29,3707,0.4283520982599795,-4.5811537381885366,25.651578549985533,0.4273285568065506,0.9298874104401228
2026-09-29,3708,0.4283520982599795,-5.2427184466019465,9.938521463362912,0.3070624360286591,0.8505629477993859
2026-09-29,3709,0.4283520982599795,-5.325441649971719,11.093747615814207,0.4215711361310132,0.9263050153531218
2026-09-29,3710,0.4283520982599795,-2.961272675155391,15.02347104426281,-0.1583930399181167,0.2691914022517912
2026-09-29,3711,0.4283520982599795,-3.3755274261603407,21.251819505094613,0.085209825997953,0.6427840327533265
2026-09-29,3712,0.4283520982599795,-6.13636363636364,8.474576271186441,-0.23528659160696,0.19140225179119755
2026-09-29,3713,0.4283520982599795,-10.322580645161285,16.90647482014388,-0.1289662231320368,0.31371545547594676
2026-09-29,3714,0.4283520982599795,-5.8091326064691025,18.061678490099577,-0.0849539406345957,0.37461617195496416
2026-09-29,3715,0.4283520982599795,-9.782608695652172,18.072289156626507,0.388689866939611,0.9058341862845445
2026-09-29,3716,0.4283520982599795,-3.0042939628569743,4.277288386252074,0.0701125895598772,0.6218014329580348
2026-09-29,3717,0.4283520982599795,0.0,24.95511806631859,0.1898669396110541,0.7548618219037871
2026-09-29,4102,0.4283520982599795,-6.138103753915914,7.084464507141944,-0.1297338792221084,0.3132036847492323
2026-09-29,4104,0.4283520982599795,-1.2328767123287787,3.3287122411635317,-0.3817809621289663,0.08367451381780962
2026-09-29,4105,0.4283520982599795,-0.6305208480653746,3.807106598984772,-0.1046571136131013,0.34339815762538384
2026-09-29,4106,0.4283520982599795,-1.4227657562695395,2.4742283771947484,-0.3249744114636643,0.1154042988741044
2026-09-29,4107,0.4283520982599795,-3.0701754385964897,3.619909502262444,-0.1573694984646878,0.2712384851586489
2026-09-29,4108,0.4283520982599795,-4.621845682027015,7.929512057535433,0.3034800409416581,0.8480040941658137
2026-09-29,4109,0.4283520982599795,-2.6431750782979324,4.524886877828054,0.0017911975435004,0.5051177072671443
2026-09-29,4111,0.4283520982599795,-0.5181373367405095,1.9097261958652072,-0.0900716479017399,0.368474923234391
2026-09-29,4113,0.4283520982599795,-10.374641740020795,16.077170418006418,-0.3116683725690889,0.1269191402251791
2026-09-29,4114,0.4283520982599795,-2.657808542627882,2.730379332454538,-0.2674002047082907,0.1632548618219038
2026-09-29,4116,0.4283520982599795,-3.9024390243902474,4.441624365482234,-0.2267144319344933,0.19907881269191402
2026-09-29,4119,0.4283520982599795,-8.731467374503532,15.342960288808666,-0.7558853633572159,0.005629477993858751
2026-09-29,4120,0.4283520982599795,-2.7426191646199527,6.073759331361849,-0.15992835209826,0.2671443193449335
2026-09-29,4121,0.4283520982599795,-2.6717585593723503,4.31372848211551,0.1027379733879222,0.6647901740020471
2026-09-29,4123,0.4283520982599795,-2.515720931616272,7.903222114809099,0.3546571136131013,0.8817809621289662
2026-09-29,4126,0.4283520982599795,-0.5108595608781741,1.925545571245186,-0.08546571136131,0.3735926305015353
2026-09-29,4127,0.4283520982599795,-39.72081451722684,67.78948010896382,-0.0153531218014329,0.4764585465711361
2026-09-29,4128,0.4283520982599795,-1.9607855359147777,7.9999987284342335,0.3715455475946776,0.8966223132036848
2026-09-29,4129,0.4283520982599795,-1.0739892827950517,3.256941589429094,0.0614124872057317,0.6092630501535312
2026-09-29,4131,0.4283520982599795,-1.993860443389539,10.64162037928526,-0.1017144319344933,0.3474923234390993
2026-09-29,4133,0.4283520982599795,-1.9184670223086675,3.911986036230708,-0.1435516888433982,0.2881269191402252
2026-09-29,4137,0.4283520982599795,-10.942958508617709,14.77124581929126,0.2699590583418628,0.8208802456499488
2026-09-29,4138,0.4283520982599795,-3.163447236570349,9.437387954518064,-0.1013306038894574,0.35056294779938585
2026-09-29,4139,0.4283520982599795,-7.649664281254342,12.48498667044943,-0.386386898669396,0.07983623336745138
2026-09-29,4142,0.4283520982599795,-0.2754820936638924,6.077352281433434,0.0309621289662231,0.5596212896622313
2026-09-29,4147,0.4283520982599795,-5.263157894736848,12.222223433237229,0.2450102354145342,0.8004094165813715
2026-09-29,4148,0.4283520982599795,-10.629370629370626,15.17996989505392,-0.4700614124872057,0.045547594677584444
2026-09-29,4153,0.4283520982599795,-4.977379939457361,6.349212404281373,-0.1063203684749232,0.34237461617195497
2026-09-29,4154,0.4283520982599795,-0.7692307692307665,15.116277591202609,0.013689866939611,0.5307062436028659
2026-09-29,4155,0.4283520982599795,-5.194802846408264,9.589038483084051,-0.5002558853633572,0.03582395087001024
2026-09-29,4157,0.4283520982599795,-6.465514549956664,7.488474867860294,-0.1934493346980552,0.22671443193449334
2026-09-29,4160,0.4283520982599795,-3.221805509992437,7.565204068426897,-0.2277379733879221,0.19805527123848515
2026-09-29,4161,0.4283520982599795,-4.130434782608694,5.668934240362812,-0.0749744114636642,0.39022517911975435
2026-09-29,4162,0.4283520982599795,-7.820297160481459,11.191330231484091,0.3552968270214944,0.8822927328556807
2026-09-29,4163,0.4283520982599795,-4.255319148936165,11.11111111111111,0.1627430910951892,0.7292732855680655
2026-09-29,4164,0.4283520982599795,-1.2844036697247765,7.99256363765901,0.2244114636642784,0.7850562947799385
2026-09-29,4166,0.4283520982599795,-7.017542476803396,8.595384641763298,-0.1594165813715455,0.26816786079836236
2026-09-29,4167,0.4283520982599795,-2.736320253888025,7.161123368441297,0.0122824974411462,0.5281473899692938
2026-09-29,4168,0.4283520982599795,-3.7693980745843625,6.912442396313365,0.0818833162743091,0.6381780962128967
2026-09-29,4169,0.4283520982599795,-6.0126582278481,11.447811447811448,0.1709314227226203,0.736949846468782
2026-09-29,4171,0.4283520982599795,-4.347826086956519,7.272731896602746,0.1328045035823951,0.7024053224155579
2026-09-29,4173,0.4283520982599795,-2.28571428571428,3.508774160641676,-0.1557062436028659,0.27482088024564993
2026-09-29,4174,0.4283520982599795,0.0,31.837309292957787,0.0378710337768679,0.5726714431934493
2026-09-29,4175,0.4283520982599795,-2.8846153846153855,2.9702970297029703,-0.1157881269191403,0.3321392016376663
2026-09-29,4178,0.4283520982599795,-3.779074035508168,7.250759896915124,-0.0373592630501535,0.44626407369498466
2026-09-29,4183,0.4283520982599795,-2.7874590302189306,9.677422089388736,0.2141760491299897,0.7753326509723644
2026-09-29,4188,0.4283520982599795,-12.578614254804254,22.3021541568015,-0.2425793244626407,0.18372569089048107
2026-09-29,4190,0.4283520982599795,-5.64971480287928,8.183629688864457,-0.2287615148413511,0.1970317297850563
2026-09-29,4192,0.4283520982599795,-5.141391895700497,9.756101696148804,0.2310644831115659,0.7896622313203685
2026-09-29,4195,0.4283520982599795,0.0,18.987340564969223,0.2402763561924258,0.797338792221085
2026-09-29,4198,0.4283520982599795,-4.9523809523809526,21.042084168336675,-0.2372057318321392,0.18935516888433981
2026-09-29,4205,0.4283520982599795,-2.1428571428571463,2.627737226277368,-0.1333162743091095,0.30501535312180145
2026-09-29,4207,0.4283520982599795,-6.714630004102862,8.997429305912597,-0.0142016376663255,0.4795291709314227
2026-09-29,4303,0.4283520982599795,-13.24675324675325,16.31736526946109,-0.0066530194472876,0.4882292732855681
2026-09-29,4304,0.4283520982599795,-31.92307692307692,66.66666774426476,0.4721084953940634,0.9590583418628454
2026-09-29,4305,0.4283520982599795,-5.005689931169666,5.748504821411871,-0.2036847492323439,0.21903787103377687
2026-09-29,4306,0.4283520982599795,-4.560262958134887,6.825941170441833,0.0125383828045035,0.5291709314227226
2026-09-29,4401,0.4283520982599795,-3.484323123192268,5.776174662345596,-0.1383060388945752,0.30117707267144317
2026-09-29,4402,0.4283520982599795,-7.817591867413565,13.780924119713475,0.1737461617195496,0.7410440122824974
2026-09-29,4406,0.4283520982599795,-3.301890272396379,7.317073170731707,-0.1168116683725689,0.33009211873080857
2026-09-29,4413,0.4283520982599795,-4.2056057690345146,13.658532863709985,-0.0301944728761514,0.4580348004094166
2026-09-29,4414,0.4283520982599795,-4.5882352941176485,5.548702950248295,0.0058853633572159,0.5158648925281474
2026-09-29,4416,0.4283520982599795,-5.1724137931034475,30.909090909090907,0.2819856704196519,0.8285568065506653
2026-09-29,4417,0.4283520982599795,-1.6831683168316849,7.552870090634441,-0.4071136131013305,0.07062436028659161
2026-09-29,4419,0.4283520982599795,0.0,8.775508647062342,0.0465711361310133,0.5916069600818833
2026-09-29,4420,0.4283520982599795,-10.500000000000009,13.826817773573891,-0.2546059365404299,0.17400204708290687
2026-09-29,4426,0.4283520982599795,-5.465840749187567,7.884367693426104,0.0606448311156602,0.607727737973388
2026-09-29,4430,0.4283520982599795,-1.3850373829780716,5.898872118317679,0.0454196519959058,0.59007164790174
2026-09-29,4432,0.4283520982599795,-3.144651764315509,4.2207767437030626,-0.0720317297850563,0.394575230296827
2026-09-29,4433,0.4283520982599795,-5.249340037321959,6.925207756232686,0.0886642784032752,0.646878198567042
2026-09-29,4438,0.4283520982599795,-7.804878048780484,10.758374733899636,0.0565506653019446,0.6023541453428863
2026-09-29,4439,0.4283520982599795,-2.5252525252525304,6.0103658567438325,0.0831627430910951,0.6392016376663255
2026-09-29,4440,0.4283520982599795,-2.240898447738815,2.8653316989669064,-0.2377175025588536,0.18884339815762538
2026-09-29,4441,0.4283520982599795,-3.409090909090906,3.823529411764706,-0.0738229273285568,0.39201637666325484
2026-09-29,4442,0.4283520982599795,-10.437712738404114,17.669175800524258,-0.6225690890481065,0.016888433981576252
2026-09-29,4502,0.4283520982599795,-5.7057035453201514,7.961783439490458,-0.2300409416581372,0.19498464687819858
2026-09-29,4503,0.4283520982599795,-5.138337060327858,13.124998410542808,0.6980552712384851,0.9984646878198568
2026-09-29,4506,0.4283520982599795,-4.0650406504065035,4.661016949152542,-0.1903787103377686,0.23004094165813715
2026-09-29,4510,0.4283520982599795,-11.145512235099996,16.608598201809308,-0.0964687819856704,0.3577277379733879
2026-09-29,4513,0.4283520982599795,-4.117647058823525,11.656439377486327,0.1138689866939611,0.6819344933469805
2026-09-29,4523,0.4283520982599795,-4.5999999999999925,6.918237394256911,-0.2369498464687819,0.19012282497441146
2026-09-29,4526,0.4283520982599795,-3.886399800563756,11.66407465007776,0.3313715455475947,0.8664278403275333
2026-09-29,4527,0.4283520982599795,-1.564378457270299,3.5452341392162667,-0.1844933469805526,0.23439099283520984
2026-09-29,4528,0.4283520982599795,-2.94117768055564,5.387206671615241,-0.0964687819856703,0.35823950870010235
2026-09-29,4529,0.4283520982599795,-17.77778165003545,24.62462977962093,-0.0110030706243602,0.48311156601842375
2026-09-29,4530,0.4283520982599795,-20.000000000000007,34.09090909090909,0.2540941658137154,0.8070624360286591
2026-09-29,4532,0.4283520982599795,-2.1484389581018837,9.181641295046624,0.2331115660184237,0.7914534288638689
2026-09-29,4533,0.4283520982599795,-4.850743559958149,10.784313725490197,0.4382036847492324,0.9390992835209826
2026-09-29,4534,0.4283520982599795,-10.05746929250847,24.12140331329248,0.3078300921187308,0.8515864892528148
2026-09-29,4535,0.4283520982599795,-7.266434762109075,10.074622595488137,-0.1711873080859774,0.2548618219037871
2026-09-29,4536,0.4283520982599795,-3.869047619047616,4.953560371517028,-0.1430399181166837,0.2896622313203685
2026-09-29,4538,0.4283520982599795,-3.0386760766745624,5.698005698005698,0.118474923234391,0.687308085977482
2026-09-29,4540,0.4283520982599795,-1.5723246825673942,13.099036658533848,0.1397134083930399,0.7082906857727738
2026-09-29,4541,0.4283520982599795,-12.489826505668155,19.66872062490119,0.0342886386898669,0.567553735926305
2026-09-29,4542,0.4283520982599795,-5.042016806722693,31.858407079646017,0.489252814738997,0.9631525076765609
2026-09-29,4543,0.4283520982599795,-7.166126085557822,11.228072852419134,0.3707778915046059,0.8961105424769703
2026-09-29,4545,0.4283520982599795,-0.1404494382022614,12.376931749818702,0.1832139201637665,0.7507676560900717
2026-09-29,4549,0.4283520982599795,-6.101436092238455,9.82430471947684,0.1397134083930399,0.7082906857727738
2026-09-29,4550,0.4283520982599795,-1.2269969471501496,4.96894725854846,0.0010235414534287,0.5033265097236438
2026-09-29,4551,0.4283520982599795,0.0,15.32033426183844,0.4700614124872057,0.9570112589559877
2026-09-29,4552,0.4283520982599795,-10.233920131172049,13.680784244102451,0.0475946775844421,0.593654042988741
2026-09-29,4554,0.4283520982599795,-6.8106324102632065,7.664882775508996,0.1212896622313203,0.6908904810644831
2026-09-29,4555,0.4283520982599795,-11.677279516565264,14.54326739678016,0.02021494370522,0.5394063459570113
2026-09-29,4556,0.4283520982599795,-11.153846153846148,41.12554112554112,-0.3472364380757421,0.1023541453428864
2026-09-29,4557,0.4283520982599795,-1.764705882352935,3.992015968063872,-0.0409416581371545,0.44114636642784033
2026-09-29,4558,0.4283520982599795,-11.28608568591364,15.976324589294796,-0.1507164790174002,0.28096212896622313
2026-09-29,4560,0.4283520982599795,-3.770491803278686,6.643954899282633,0.257164790174002,0.8111566018423746
2026-09-29,4561,0.4283520982599795,-6.053808445055786,13.36515148954915,0.3004094165813716,0.8433981576253838
2026-09-29,4562,0.4283520982599795,-5.9561117280596765,10.833333333333334,0.3633572159672467,0.8894575230296827
2026-09-29,4563,0.4283520982599795,-2.281368821292784,24.70816823758968,-0.0199590583418627,0.4703172978505629
2026-09-29,4564,0.4283520982599795,-4.142009670596369,8.950616106574918,0.4305271238485159,0.9329580348004094
2026-09-29,4566,0.4283520982599795,-2.659574468085102,17.213116838632388,0.0542476970317297,0.598259979529171
2026-09-29,4568,0.4283520982599795,-3.461064861640606,4.99359990509463,-0.0408137154554759,0.44165813715455476
2026-09-29,4569,0.4283520982599795,-16.076294277929158,20.454545454545457,0.0596212896622313,0.6064483111566018
2026-09-29,4571,0.4283520982599795,-6.727828746177367,11.147540983606556,0.317553735926305,0.8587512794268168
2026-09-29,4572,0.4283520982599795,-6.081081081081086,6.83453237410072,-0.2405322415557829,0.18526100307062435
2026-09-29,4576,0.4283520982599795,-6.5891472868217065,20.539419087136928,-0.3915046059365404,0.07727737973387923
2026-09-29,4577,0.4283520982599795,-14.198162726488397,19.761902945382253,-0.0918628454452405,0.36489252814739
2026-09-29,4580,0.4283520982599795,-6.896551724137934,10.617282066816164,-0.2789150460593654,0.15327533265097237
2026-09-29,4581,0.4283520982599795,-1.6494845360824684,2.9350136810878538,-0.1238485158648925,0.3203684749232344
2026-09-29,4582,0.4283520982599795,-7.500000000000007,9.00900900900901,0.0655066530194473,0.6151484135107472
2026-09-29,4583,0.4283520982599795,-12.893401015228424,17.132867132867133,0.2975946775844422,0.8393039918116684
2026-09-29,4585,0.4283520982599795,-5.537459283387625,7.241379310344828,-0.1777123848515865,0.24513817809621288
2026-09-29,4588,0.4283520982599795,-3.993053012240022,13.924045114362006,0.0918628454452404,0.6519959058341863
2026-09-29,4590,0.4283520982599795,-7.135364988461424,9.604519774011283,-0.3034800409416581,0.13254861821903788
2026-09-29,4702,0.4283520982599795,-4.8979610346198355,6.974255066572871,0.1049129989764584,0.6678607983623337
2026-09-29,4706,0.4283520982599795,-21.27906976744186,33.38256790859837,-0.413510747185261,0.06755373592630501
2026-09-29,4707,0.4283520982599795,-14.921086662263438,32.54636664816742,0.6778403275332652,0.996417604912999
2026-09-29,4711,0.4283520982599795,-4.705882352941182,5.8642022403669944,-0.0354401228249743,0.44959058341862845
2026-09-29,4714,0.4283520982599795,-8.880307538246935,20.762710248009633,-0.2650972364380757,0.16632548618219037
2026-09-29,4716,0.4283520982599795,-17.35941628605192,24.55622204662075,0.3893295803480041,0.906345957011259
2026-09-29,4720,0.4283520982599795,-5.198023382582595,12.271542461982907,0.3994370522006141,0.9124872057318322
2026-09-29,4721,0.4283520982599795,-1.4814814814814836,15.16290535604147,0.3167860798362333,0.857727737973388
2026-09-29,4722,0.4283520982599795,-12.643678160919537,21.31578947368421,0.592374616171955,0.9887410440122825
2026-09-29,4726,0.4283520982599795,-7.172129696269581,10.154523702120406,0.0734390992835209,0.6258955987717503
2026-09-29,4728,0.4283520982599795,-1.6009852216748777,4.005006257822278,-0.2608751279426816,0.1683725690890481
2026-09-29,4729,0.4283520982599795,-2.083337224191928,5.585112470261594,0.1775844421699078,0.7448822927328557
2026-09-29,4735,0.4283520982599795,-6.821103161397335,9.944747166080369,-0.0614124872057317,0.4140225179119754
2026-09-29,4736,0.4283520982599795,-4.460966542750933,8.949416342412452,-0.4557318321392016,0.05066530194472876
2026-09-29,4737,0.4283520982599795,-8.552630431434105,13.669062003814917,-0.4347492323439099,0.059877175025588536
2026-09-29,4739,0.4283520982599795,-7.039106145251395,17.668265562791092,0.7085465711361311,0.9989764585465711
2026-09-29,4741,0.4283520982599795,-9.286526351478509,18.851443325237984,0.7195496417604913,1.0
2026-09-29,4743,0.4283520982599795,-3.78947368421052,9.846827133479213,0.5174002047082906,0.9718526100307062
2026-09-29,4744,0.4283520982599795,-8.757960674965748,17.452006980802793,-0.362589559877175,0.09365404298874104
2026-09-29,4745,0.4283520982599795,-0.4115226337448652,5.371900826446284,0.3006653019447288,0.8444216990788127
2026-09-29,4746,0.4283520982599795,-3.830642202766232,9.643602671113404,0.3129477993858752,0.8546571136131014
2026-09-29,4747,0.4283520982599795,-19.039450055437424,25.847456010721498,0.1545547594677584,0.7221084953940634
2026-09-29,4749,0.4283520982599795,-7.393939393939397,16.230366492146597,0.5271238485158649,0.9733879222108496
2026-09-29,4754,0.4283520982599795,-3.3333333333333215,5.437663758781291,0.0176560900716478,0.5353121801432958
2026-09-29,4755,0.4283520982599795,-2.8806584362139898,10.59322033898305,0.4014841351074718,0.9145342886386899
2026-09-29,4760,0.4283520982599795,-8.450704225352112,15.710220336914062,-0.0381269191402251,0.44575230296827023
2026-09-29,4763,0.4283520982599795,-12.429906542056068,18.356453520002333,-0.5273797338792221,0.030194472876151485
2026-09-29,4764,0.4283520982599795,-26.94610778443114,41.2568306010929,0.0023029682702149,0.5069089048106449
2026-09-29,4766,0.4283520982599795,-3.125,6.3049853372434015,-0.0555271238485158,0.4181166837256909
2026-09-29,4767,0.4283520982599795,-6.6006577142559975,10.777382463111474,0.1013306038894575,0.6632548618219037
2026-09-29,4768,0.4283520982599795,0.0,19.16083916083916,0.1210337768679632,0.6903787103377687
2026-09-29,4770,0.4283520982599795,-2.881355932203389,29.84293193717277,-0.0002558853633572,0.5015353121801432
2026-09-29,4771,0.4283520982599795,-3.863636363636369,9.929078014184398,-0.1786079836233367,0.24385875127942683
2026-09-29,4772,0.4283520982599795,-0.73260073260073,16.420664206642066,0.2551177072671443,0.808085977482088
2026-09-29,4807,0.4283520982599795,-9.331264023312968,16.80961072342678,-0.1299897645854656,0.3126919140225179
2026-09-29,4903,0.4283520982599795,-3.3860045146726914,26.051398304021244,0.1092630501535312,0.6750255885363358
2026-09-29,4904,0.4283520982599795,-2.7906976744186074,7.368418132289188,-0.4962896622313203,0.038894575230296824
2026-09-29,4905,0.4283520982599795,-16.174863387978146,20.730119329698702,-0.2909416581371545,0.14534288638689866
2026-09-29,4906,0.4283520982599795,-1.470588235294101,14.800998820594286,0.2374616171954964,0.7952917093142272
2026-09-29,4907,0.4283520982599795,-5.532362090734367,10.607741550845995,0.0240532241555783,0.5460593654042989
2026-09-29,4908,0.4283520982599795,-22.45283018867924,37.71289537712895,-0.8710337768679631,0.0015353121801432957
2026-09-29,4909,0.4283520982599795,-11.931122617034262,20.530732650330613,0.6550665301944728,0.9943705220061413
2026-09-29,4911,0.4283520982599795,-5.166666666666664,6.678381787452631,-0.157625383828045,0.27072671443193447
2026-09-29,4912,0.4283520982599795,-8.24644549763034,21.177685950413224,-0.0946775844421699,0.3607983623336745
2026-09-29,4915,0.4283520982599795,-4.511278195488721,11.811023622047244,-0.3671954964176049,0.08955987717502559
2026-09-29,4916,0.4283520982599795,-5.581395348837215,14.975366451470148,0.0322415557830091,0.562691914022518
2026-09-29,4919,0.4283520982599795,-5.902777777777779,25.830258302583022,0.4350051177072672,0.936028659160696
2026-09-29,4923,0.4283520982599795,-9.198815112041723,28.594771241830063,0.0010235414534287,0.5033265097236438
2026-09-29,4924,0.4283520982599795,-19.999999999999996,59.00000254313152,-0.3831883316274309,0.08188331627430911
2026-09-29,4927,0.4283520982599795,-4.891304347826086,13.714285714285715,-0.0341606960081882,0.4524053224155578
2026-09-29,4930,0.4283520982599795,-3.3536562885576715,4.4164025821144275,-0.1023541453428864,0.34646878198567044
2026-09-29,4931,0.4283520982599795,-14.583333333333336,26.422764227642276,0.347236438075742,0.8776867963152508
2026-09-29,4933,0.4283520982599795,-4.301073960349711,9.550558940301674,0.5356960081883317,0.9764585465711362
2026-09-29,4934,0.4283520982599795,-6.907893568690115,14.13427561837456,0.5168884339815762,0.9713408393039918
2026-09-29,4935,0.4283520982599795,-6.446995494285279,13.476268073136008,0.0383828045035824,0.5731832139201638
2026-09-29,4938,0.4283520982599795,-5.020918986123679,8.700442209117739,-0.2871033776867964,0.1489252814738997
2026-09-29,4939,0.4283520982599795,-20.317460317460323,30.810088908688165,-0.4045547594677584,0.07113613101330604
2026-09-29,4942,0.4283520982599795,-4.768999324724666,9.233173256935274,0.3386642784032753,0.872057318321392
2026-09-29,4943,0.4283520982599795,-17.591502007726444,27.79369709484898,0.0411975435005117,0.5806038894575231
2026-09-29,4946,0.4283520982599795,-0.4878048780487809,15.68627450980392,0.1601842374616172,0.7277379733879222
2026-09-29,4949,0.4283520982599795,-10.588235294117643,18.421052631578945,-0.1146366427840327,0.33418628454452404
2026-09-29,4950,0.4283520982599795,-5.757575757575751,7.395495939101424,-0.2606192425793244,0.16939611054247697
2026-09-29,4951,0.4283520982599795,-17.625570776255707,34.70066857179358,-0.0518167860798362,0.42681678607983625
2026-09-29,4952,0.4283520982599795,-5.7471278143531475,12.296746416789729,0.5552712384851587,0.9815762538382804
2026-09-29,4953,0.4283520982599795,-7.171314741035861,8.15450643776824,-0.1665813715455476,0.2599795291709314
2026-09-29,4956,0.4283520982599795,-3.866245628245179,35.97825921100119,0.0220061412487205,0.5409416581371546
2026-09-29,4958,0.4283520982599795,-9.363636363636363,20.762286860581742,0.2105936540429887,0.7722620266120778
2026-09-29,4960,0.4283520982599795,-6.012026922129577,23.24094141978445,0.2151995905834185,0.7768679631525077
2026-09-29,4961,0.4283520982599795,-1.8617021276595704,15.989159891598916,-0.1361310133060389,0.3029682702149437
2026-09-29,4966,0.4283520982599795,-3.885135135135131,12.478031634446396,0.3602865916069601,0.8879222108495394
2026-09-29,4967,0.4283520982599795,-5.391304347826087,7.904411764705882,-0.5033265097236438,0.035312180143295804
2026-09-29,4968,0.4283520982599795,-1.4861963838612713,7.974131353970247,0.3167860798362334,0.8582395087001023
2026-09-29,4971,0.4283520982599795,-25.61983471074381,38.148148148148145,-0.4465199590583419,0.054759467758444216
2026-09-29,4972,0.4283520982599795,-4.105567556501699,5.5045848228151275,0.0859774820880244,0.6438075742067554
2026-09-29,4973,0.4283520982599795,-14.28571428571429,18.51851851851852,0.0424769703172978,0.5846980552712385
2026-09-29,4974,0.4283520982599795,-6.490066225165569,10.623229461756374,-0.4664790174002046,0.04759467758444217
2026-09-29,4976,0.4283520982599795,-15.476190476190476,20.985917642082967,-0.0404298874104401,0.44268167860798363
2026-09-29,4977,0.4283520982599795,-11.08179419525066,17.210682492581604,-0.6427840327533265,0.016376663254861822
2026-09-29,4979,0.4283520982599795,-13.829787234042556,27.689594356261026,-0.1210337768679631,0.32446264073694986
2026-09-29,4989,0.4283520982599795,-13.138686131386857,17.142858425108322,0.214431934493347,0.7758444216990789
2026-09-29,4991,0.4283520982599795,-15.267857142857144,30.136986301369863,0.5281473899692937,0.9744114636642784
2026-09-29,4994,0.4283520982599795,-5.18433513081159,9.356020142936474,0.1064483111566018,0.6724667349027635
2026-09-29,4995,0.4283520982599795,-4.752848947992039,9.181633680880426,-0.4332139201637666,0.0609007164790174
2026-09-29,4999,0.4283520982599795,-6.349204458997704,7.344628457969192,0.0584698055271238,0.6049129989764586
2026-09-29,5007,0.4283520982599795,-2.120138704013863,2.5270716808332865,-0.1682446264073696,0.25742067553735926
2026-09-29,5009,0.4283520982599795,-7.5177304964539005,10.58282442619464,0.1187308085977482,0.6878198567041965
2026-09-29,5011,0.4283520982599795,-0.7936507936507908,5.599997965494785,0.3678352098259979,0.8930399181166837
2026-09-29,5013,0.4283520982599795,0.0,24.68085322819703,0.0133060388945751,0.5301944728761515
2026-09-29,5014,0.4283520982599795,-1.9230769230769384,7.549018485873357,0.177840327533265,0.7456499488229273
2026-09-29,5015,0.4283520982599795,-4.6874983768377625,6.323186798453051,-0.1722108495394063,0.2533265097236438
2026-09-29,5016,0.4283520982599795,0.0,2.620969280119868,-0.090711361310133,0.3669396110542477
2026-09-29,5201,0.4283520982599795,-5.288463854460501,18.781729761113976,-0.3597748208802457,0.09621289662231321
2026-09-29,5202,0.4283520982599795,-10.37735634035688,30.17543324253013,-0.2233879222108495,0.20266120777891505
2026-09-29,5203,0.4283520982599795,-2.4958402662229595,8.532425812080046,0.3183213920163767,0.8595189355168884
2026-09-29,5206,0.4283520982599795,-4.411761641679068,12.307688954112294,0.122057318321392,0.691914022517912
2026-09-29,5209,0.4283520982599795,-8.51648351648352,18.01801801801802,-0.7264585465711362,0.007676560900716479
2026-09-29,5210,0.4283520982599795,-1.1437908496732097,8.760328056398507,0.0770214943705219,0.6299897645854657
2026-09-29,5211,0.4283520982599795,-5.827509177058676,12.128716648215116,-0.1763050153531218,0.24923234390992835
2026-09-29,5212,0.4283520982599795,-0.2040816326530636,5.930473468055023,-0.0724155578300921,0.3938075742067554
2026-09-29,5213,0.4283520982599795,-3.0303064793475443,6.009615384615384,0.1995905834186284,0.7645854657113613
2026-09-29,5215,0.4283520982599795,-5.808077178649795,6.702412868632708,-0.0207267144319344,0.4687819856704197
2026-09-29,5220,0.4283520982599795,0.0,12.954547188498758,0.0603889457523028,0.6069600818833163
2026-09-29,5222,0.4283520982599795,-3.686635944700456,7.177033492822966,0.3231832139201637,0.8618219037871033
2026-09-29,5223,0.4283520982599795,-9.6267217661823,13.043481577997628,0.0626919140225179,0.6118219037871033
2026-09-29,5225,0.4283520982599795,-10.37277258314665,16.455700341443688,0.5903275332650973,0.9882292732855681
2026-09-29,5227,0.4283520982599795,-6.554875875214272,12.39803992515676,-0.0218781985670418,0.4677584442169908
2026-09-29,5228,0.4283520982599795,-12.555555555555554,17.15374841168996,0.1755373592630501,0.7415557830092119
2026-09-29,5230,0.4283520982599795,-6.144067796610186,28.442441367672483,0.0345445240532241,0.5680655066530195
2026-09-29,5234,0.4283520982599795,0.0,13.664596273291924,0.4176049129989764,0.925281473899693
2026-09-29,5236,0.4283520982599795,-2.166064981949456,6.642066420664207,0.3735926305015352,0.898157625383828
2026-09-29,5243,0.4283520982599795,-9.949238578680198,15.107104313279487,-0.0537359263050153,0.42067553735926305
2026-09-29,5244,0.4283520982599795,-4.569894430306254,13.23943876884353,-0.1980552712384851,0.2226202661207779
2026-09-29,5245,0.4283520982599795,-13.445375376641255,16.99029126213592,0.1852610030706243,0.7523029682702149
2026-09-29,5251,0.4283520982599795,-8.952961136976567,25.833333333333336,-0.2474411463664278,0.1796315250767656
2026-09-29,5258,0.4283520982599795,-13.717277486910984,16.86893389062974,0.0665301944728761,0.6166837256908905
2026-09-29,5263,0.4283520982599795,-15.471698113207555,20.089285714285715,0.0562947799385875,0.6013306038894575
2026-09-29,5269,0.4283520982599795,-1.9933554817275767,13.898305084745765,-0.0342886386898669,0.4518935516888434
2026-09-29,5272,0.4283520982599795,-2.5568202938422324,7.5801816000535265,0.2874872057318321,0.8311156601842374
2026-09-29,5274,0.4283520982599795,-11.03211009174312,35.00902294405775,-0.203684749232344,0.21852610030706243
2026-09-29,5278,0.4283520982599795,-3.042594848425373,6.69456226556371,-0.0204708290685772,0.46980552712384854
2026-09-29,5283,0.4283520982599795,-6.571934790764522,9.505703422053232,-0.4984646878198567,0.037871033776867964
2026-09-29,5284,0.4283520982599795,-17.24137931034483,24.833333333333332,0.4357727737973387,0.9370522006141249
2026-09-29,5285,0.4283520982599795,-5.8272617721519815,18.45303530192507,-0.1737461617195496,0.2507676560900716
2026-09-29,5287,0.4283520982599795,-1.0791366906474864,3.636363636363636,-0.0373592630501534,0.4467758444216991
2026-09-29,5288,0.4283520982599795,-3.617571059431523,8.310991957104557,-0.1399692937563971,0.29426816786079835
2026-09-29,5289,0.4283520982599795,-13.513513513513509,18.75,0.1361310133060389,0.7047082906857728
2026-09-29,5291,0.4283520982599795,-19.672127798617332,28.40135535415338,0.125639713408393,0.6949846468781986
2026-09-29,5292,0.4283520982599795,-9.33609958506224,15.102974828375288,-0.227482088024565,0.1985670419651996
2026-09-29,5299,0.4283520982599795,-2.4390243902439046,11.400001525878906,0.4621289662231319,0.9529170931422722
2026-09-29,5301,0.4283520982599795,-17.247100723424413,26.653314640144544,-0.0263561924257932,0.46238485158648923
2026-09-29,5302,0.4283520982599795,-9.158876885367365,12.037037821954168,0.36489252814739,0.890992835209826
2026-09-29,5306,0.4283520982599795,-6.63856841368008,9.029345372460496,0.049897645854657,0.5951893551688844
2026-09-29,5309,0.4283520982599795,0.0,18.69712481038825,0.3032241555783008,0.8474923234390993
2026-09-29,5310,0.4283520982599795,-2.1922428330522714,21.551725453343877,0.0289150460593654,0.554503582395087
2026-09-29,5312,0.4283520982599795,-2.6002199050979224,3.1145751409986633,-0.1673490276356193,0.25895598771750256
2026-09-29,5314,0.4283520982599795,-41.3461528899715,79.41711926069416,-0.4882292732855681,0.03991811668372569
2026-09-29,5315,0.4283520982599795,-4.347822354126851,8.288765973585813,0.2521750255885363,0.8055271238485159
2026-09-29,5321,0.4283520982599795,-23.382518536787757,35.99999886971933,-0.4101842374616172,0.06960081883316274
2026-09-29,5324,0.4283520982599795,-5.70341931777254,8.870963127382325,-0.1320368474923233,0.3085977482088025
2026-09-29,5328,0.4283520982599795,-18.914728682170544,25.239007194912915,0.1542988741044012,0.721596724667349
2026-09-29,5340,0.4283520982599795,-9.346849962291204,14.906832298136646,-0.2185261003070624,0.20573183213920163
2026-09-29,5344,0.4283520982599795,-6.315789473684208,10.861421792248215,0.1733623336745138,0.740532241555783
2026-09-29,5345,0.4283520982599795,-3.930129404028504,12.954547188498758,0.1197543500511771,0.6893551688843398
2026-09-29,5347,0.4283520982599795,-2.1917808219178103,19.88795518207283,0.1727226202661207,0.7400204708290685
2026-09-29,5348,0.4283520982599795,-3.2544356860648493,9.48011765786266,-0.3075742067553736,0.12871033776867963
2026-09-29,5351,0.4283520982599795,-13.779527559055117,22.37442922374429,-0.2661207778915046,0.1647901740020471
2026-09-29,5353,0.4283520982599795,-1.5570921261941484,5.799647165308518,0.1939611054247696,0.759467758444217
2026-09-29,5355,0.4283520982599795,-1.408449379940424,22.142853055681503,-0.1581371545547595,0.26970317297850566
2026-09-29,5356,0.4283520982599795,-3.5916852005182243,3.921571619370407,-0.2100818833162742,0.214431934493347
2026-09-29,5364,0.4283520982599795,-2.4532758098404717,4.311384555108533,-0.039150460593654,0.4452405322415558
2026-09-29,5381,0.4283520982599795,-15.482698159620556,21.120696232236664,0.5324974411463663,0.9759467758444217
2026-09-29,5386,0.4283520982599795,-15.92920353982301,30.526315789473685,-0.7420675537359263,0.006141248720573183
2026-09-29,5388,0.4283520982599795,-8.19462048548153,11.297069001563589,0.0685772773797339,0.6192425793244627
2026-09-29,5392,0.4283520982599795,-17.313748712889964,21.573604060913706,0.1194984646878198,0.6888433981576254
2026-09-29,5398,0.4283520982599795,-5.442175643845326,7.553955462339109,0.1171954964176049,0.686028659160696
2026-09-29,5403,0.4283520982599795,-2.925806726782376,3.9827738947709377,-0.145854657113613,0.2868474923234391
2026-09-29,5410,0.4283520982599795,-8.91632563762218,13.102416532585416,0.4930910951893552,0.9636642784032753
2026-09-29,5425,0.4283520982599795,-1.8442607605146375,13.778702451192263,0.5396622313203685,0.977482088024565
2026-09-29,5426,0.4283520982599795,-12.44094488188976,16.546763962121318,-0.0696008188331627,0.3991811668372569
2026-09-29,5432,0.4283520982599795,-6.413994169096215,17.75700934579439,-0.0779170931422721,0.38536335721596726
2026-09-29,5434,0.4283520982599795,-2.3508137432188048,8.518518518518519,-0.14060900716479,0.2922210849539406
2026-09-29,5438,0.4283520982599795,-4.494377928932192,9.411755730124082,0.255885363357216,0.8091095189355169
2026-09-29,5439,0.4283520982599795,-9.80392156862745,17.193675889328063,0.5138178096212898,0.9692937563971341
2026-09-29,5443,0.4283520982599795,-10.97560975609756,19.17808219178082,0.257164790174002,0.8111566018423746
2026-09-29,5450,0.4283520982599795,-2.9605250981045383,6.779661016949152,0.0640992835209826,0.6141248720573184
2026-09-29,5452,0.4283520982599795,-4.232805521421012,10.681398226630842,0.3661719549641761,0.8915046059365405
2026-09-29,5455,0.4283520982599795,-0.967741935483868,6.514657980456026,-0.1519959058341863,0.2796827021494371
2026-09-29,5457,0.4283520982599795,-18.118469075632415,22.97872989735705,0.3188331627430911,0.8602865916069601
2026-09-29,5460,0.4283520982599795,-5.5865901667118685,12.426032117132603,-0.363868986693961,0.09211873080859775
2026-09-29,5464,0.4283520982599795,-9.819642036158427,35.33333672417533,-0.298618219037871,0.13664278403275332
2026-09-29,5465,0.4283520982599795,-6.0893098782138,38.616716896079126,0.0174002047082907,0.5348004094165814
2026-09-29,5468,0.4283520982599795,-10.350877192982455,17.61252446183953,0.0987717502558853,0.6606960081883316
2026-09-29,5469,0.4283520982599795,-3.03030497976301,6.793478260869566,0.2922210849539406,0.834186284544524
2026-09-29,5471,0.4283520982599795,-16.349206349206348,24.85768211408177,0.5308341862845446,0.9754350051177073
2026-09-29,5474,0.4283520982599795,-7.602339181286554,15.822784810126585,-0.1499488229273285,0.28300921187308087
2026-09-29,5475,0.4283520982599795,-16.04651162790698,26.038781163434905,0.5893039918116685,0.9872057318321392
2026-09-29,5478,0.4283520982599795,-2.316216496548318,2.88660108428639,-0.0519447287615149,0.42553735926305014
2026-09-29,5481,0.4283520982599795,-1.3452881045931897,11.136358434503729,-0.2388689866939611,0.18679631525076765
2026-09-29,5483,0.4283520982599795,-6.435643564356431,16.93121693121693,0.1725946775844422,0.7395087001023541
2026-09-29,5484,0.4283520982599795,-9.77011494252874,13.503182769581011,0.0667860798362333,0.617195496417605
2026-09-29,5487,0.4283520982599795,-6.2499988235925175,8.421051293088679,-0.485670419651996,0.04094165813715456
2026-09-29,5488,0.4283520982599795,-4.4715461967972825,7.234045799742354,0.2198055271238485,0.7824974411463664
2026-09-29,5489,0.4283520982599795,-9.442057120591096,17.89099345275011,0.3822927328556806,0.9014841351074718
2026-09-29,5490,0.4283520982599795,-9.59147301996035,12.37720871721129,0.3687308085977482,0.8935516888433982
2026-09-29,5493,0.4283520982599795,-3.7194473963868218,12.582784825339743,0.1760491299897645,0.7420675537359263
2026-09-29,5498,0.4283520982599795,-18.678628677923616,24.573721163490468,0.055783009211873,0.6003070624360286
2026-09-29,5508,0.4283520982599795,-11.66666666666667,15.660375918982163,-0.2922210849539406,0.14380757420675538
2026-09-29,5511,0.4283520982599795,-2.5174825174825166,3.5868005738880915,-0.1691402251791197,0.2561412487205732
2026-09-29,5512,0.4283520982599795,-1.7857161972334668,4.545459499606838,0.031985670419652,0.5619242579324463
2026-09-29,5514,0.4283520982599795,-1.948049519230466,7.947018604404868,-0.3133316274309109,0.12436028659160696
2026-09-29,5515,0.4283520982599795,-0.9398510446784858,9.20304039623977,0.0396622313203685,0.5742067553735927
2026-09-29,5516,0.4283520982599795,-2.834011098452094,7.083336512247736,-0.124360286591607,0.3193449334698055
2026-09-29,5519,0.4283520982599795,-10.554564158907043,12.600006103515629,0.0040941658137154,0.5133060388945753
2026-09-29,5520,0.4283520982599795,-0.952380952380949,3.004807692307692,-0.0350562947799386,0.4508700102354145
2026-09-29,5521,0.4283520982599795,-1.8691571292548723,4.285712469191778,-0.2123848515864892,0.21340839303991813
2026-09-29,5522,0.4283520982599795,-6.037149483344706,7.57825119295073,-0.2743091095189355,0.15762538382804503
2026-09-29,5523,0.4283520982599795,-1.2569018825736578e-06,0.6589810969998455,-0.1811668372569089,0.23694984646878198
2026-09-29,5525,0.4283520982599795,-3.938732457088212,5.239178216538831,-0.2697031729785055,0.16120777891504606
2026-09-29,5529,0.4283520982599795,-0.3759398496240629,17.73585049611218,-0.1095189355168885,0.34032753326509724
2026-09-29,5530,0.4283520982599795,-5.339805825242716,7.794870229867788,-0.1005629477993859,0.3526100307062436
2026-09-29,5531,0.4283520982599795,-8.422460126564568,9.197080570415864,0.0394063459570112,0.5736949846468782
2026-09-29,5533,0.4283520982599795,-2.8070175438596467,4.332132718192985,-0.2984902763561924,0.13715455475946775
2026-09-29,5534,0.4283520982599795,-6.505103860483297,7.776268182314759,-0.2139201637666325,0.21033776867963153
2026-09-29,5536,0.4283520982599795,-0.5512679162072764,10.08869179600887,0.3915046059365404,0.9083930399181167
2026-09-29,5538,0.4283520982599795,-6.842105263157894,9.180790960451978,-0.1212896622313204,0.3239508700102354
2026-09-29,5543,0.4283520982599795,-10.76159165839412,15.584418415359751,0.1005629477993859,0.6624872057318322
2026-09-29,5546,0.4283520982599795,-9.615386825576532,10.638300577799496,-0.1646622313203685,0.2615148413510747
2026-09-29,5547,0.4283520982599795,-1.960782480441492,4.250001907348633,-0.1235926305015353,0.3208802456499488
2026-09-29,5548,0.4283520982599795,-2.6506024096385583,3.7128712871287126,0.0324974411463664,0.5644831115660184
2026-09-29,5601,0.4283520982599795,-7.0739561237451065,7.612458067369301,-0.2927328556806551,0.14278403275332652
2026-09-29,5603,0.4283520982599795,-6.944441979313998,7.462686567164178,0.0305783009211872,0.5573183213920164
2026-09-29,5604,0.4283520982599795,-2.9780552661148985,3.7156692036519336,-0.2433469805527123,0.18219037871033777
2026-09-29,5607,0.4283520982599795,-11.130139308298736,13.87283383996041,-0.4764585465711362,0.044012282497441144
2026-09-29,5608,0.4283520982599795,-6.963792255208556,10.479041916167663,-0.3817809621289663,0.08367451381780962
2026-09-29,5609,0.4283520982599795,-1.5113369053120107,2.3017941838335196,-0.341351074718526,0.10644831115660185
2026-09-29,5701,0.4283520982599795,-8.539321922530352,11.056506370150778,0.0266120777891504,0.548618219037871
2026-09-29,5704,0.4283520982599795,-5.063294195399093,6.22222900390625,-0.2626663254861822,0.1668372569089048
2026-09-29,5706,0.4283520982599795,-3.303968007630742,4.1002347420451315,-0.0367195496417604,0.44779938587512796
2026-09-29,5864,0.4283520982599795,-3.4031432905118675,11.24661660129785,0.3428863868986694,0.8751279426816786
2026-09-29,5871,0.4283520982599795,-14.615384615384608,17.11711711711711,-0.1775844421699079,0.24590583418628453
2026-09-29,5876,0.4283520982599795,-2.300000000000002,15.353121801432955,-0.4953940634595701,0.03940634595701126
2026-09-29,5878,0.4283520982599795,-2.067185393199178,2.110819954985368,-0.1384339815762538,0.3001535312180143
2026-09-29,5880,0.4283520982599795,-5.615943333502182,9.788871955505488,-0.7323439099283522,0.007164790174002047
2026-09-29,5902,0.4283520982599795,-2.5640983283365393,4.678358111465187,-0.2443705220061411,0.1811668372569089
2026-09-29,5903,0.4283520982599795,-0.2673796791443861,1.876675603217158,-0.0312180143295803,0.4570112589559877
2026-09-29,5904,0.4283520982599795,-9.473684210526322,10.75581395348838,-0.3904810644831115,0.07778915046059365
2026-09-29,5905,0.4283520982599795,-5.852418902043022,8.513515060012404,0.2146878198567042,0.7763561924257932
2026-09-29,5907,0.4283520982599795,-5.893912447828953,8.141969589201544,-0.0683213920163766,0.40276356192425794
2026-09-29,6005,0.4283520982599795,-4.668676889518908,7.424961710804824,-0.0330092118730809,0.4534288638689867
2026-09-29,6015,0.4283520982599795,-4.657534246575345,14.080458673937567,-0.2164790174002047,0.20752302968270214
2026-09-29,6016,0.4283520982599795,-3.0927835051546393,15.744684097614694,0.1243602865916069,0.6939611054247697
2026-09-29,6020,0.4283520982599795,-4.2056057690345146,5.36585551936452,0.0969805527123848,0.6586489252814739
2026-09-29,6021,0.4283520982599795,-10.359866155289213,18.004860611147542,-0.7210849539406347,0.008700102354145343
2026-09-29,6023,0.4283520982599795,-3.0439650971100685,7.790694125863008,-0.3006653019447287,0.13510747185261002
2026-09-29,6024,0.4283520982599795,-5.642632100486534,6.810629961894592,-0.305783009211873,0.13050153531218014
2026-09-29,6026,0.4283520982599795,-1.8518564741414112,8.490568436916508,0.0301944728761514,0.5562947799385876
2026-09-29,6028,0.4283520982599795,-1.1011011011011096,6.376519763035336,-0.1264073694984646,0.31678607983623336
2026-09-29,6101,0.4283520982599795,-5.696202531645566,9.395973154362416,-0.1261514841351074,0.3172978505629478
2026-09-29,6103,0.4283520982599795,-11.063829787234049,42.22487947016812,0.4329580348004094,0.9334698055271239
2026-09-29,6104,0.4283520982599795,-8.5427135678392,11.318684672261332,0.3332906857727739,0.8679631525076765
2026-09-29,6108,0.4283520982599795,-6.692159250703011,19.467213114754102,0.1942169907881269,0.7599795291709315
2026-09-29,6109,0.4283520982599795,-9.21052327776869,11.594201055701788,0.148157625383828,0.7182702149437052
2026-09-29,6111,0.4283520982599795,-1.562503911554669,14.02117209459739,0.3702661207778914,0.8953428863868986
2026-09-29,6112,0.4283520982599795,-10.828622672980714,19.00739176346357,-0.4818321392016377,0.04247697031729785
2026-09-29,6113,0.4283520982599795,-6.932770125854571,10.383743733907664,0.2607471852610031,0.8147389969293757
2026-09-29,6114,0.4283520982599795,-9.708737864077666,13.11827628843246,0.3764073694984646,0.8991811668372569
2026-09-29,6115,0.4283520982599795,-3.083703697853135,4.318185286088423,-0.2024053224155578,0.2195496417604913
2026-09-29,6116,0.4283520982599795,-8.307692307692305,17.78523233912934,0.3702661207778914,0.8953428863868986
2026-09-29,6117,0.4283520982599795,-7.634734758629036,9.886551521585671,0.2812180143295803,0.8275332650972365
2026-09-29,6118,0.4283520982599795,-5.059523809523814,12.852664576802514,0.1716990788126918,0.7379733879222109
2026-09-29,6120,0.4283520982599795,-5.43478391571619,15.708813722106232,0.2954196519959058,0.8362333674513818
2026-09-29,6121,0.4283520982599795,-7.6642335766423315,10.80368906455863,0.2993858751279427,0.8413510747185261
2026-09-29,6122,0.4283520982599795,-0.5000000000000004,20.686764613268164,0.0214943705220062,0.5404298874104401
2026-09-29,6123,0.4283520982599795,-1.3698612956889455,3.240735442550094,-0.0951893551688842,0.36003070624360284
2026-09-29,6124,0.4283520982599795,-1.0810810810810811,7.650274613733066,0.1284544524053225,0.6985670419651996
2026-09-29,6125,0.4283520982599795,-10.77898674040274,15.6345193156131,0.1586489252814739,0.7256908904810645
2026-09-29,6126,0.4283520982599795,-4.049839675753086,11.85064191942091,0.0410696008188331,0.5798362333674514
2026-09-29,6127,0.4283520982599795,-1.9230769230769271,12.94117347866881,0.5273797338792221,0.973899692937564
2026-09-29,6128,0.4283520982599795,-5.210916319644365,7.329840934713474,0.1032497441146366,0.665813715455476
2026-09-29,6129,0.4283520982599795,-5.787782506080664,14.675771823922126,0.196775844421699,0.7615148413510747
2026-09-29,6130,0.4283520982599795,-13.454545454545451,18.067223685128347,0.0619242579324462,0.6105424769703173
2026-09-29,6133,0.4283520982599795,-3.06122323199971,26.666668005156936,-0.0184237461617194,0.4718526100307062
2026-09-29,6134,0.4283520982599795,-3.6243834189252144,8.547008547008547,0.2066274309109518,0.7681678607983623
2026-09-29,6136,0.4283520982599795,-0.7952286282306154,4.408820693144095,-0.11489252814739,0.3336745138178096
2026-09-29,6138,0.4283520982599795,-6.543624161073824,13.285457809694792,0.6067041965199591,0.9912998976458547
2026-09-29,6139,0.4283520982599795,-6.153846153846154,11.612021857923498,0.4539406345957011,0.9472876151484135
2026-09-29,6140,0.4283520982599795,-13.361171862220466,38.07229651025979,-0.2932446264073695,0.14176049129989765
2026-09-29,6141,0.4283520982599795,-11.686145822307967,22.87335026241656,0.268935516888434,0.8203684749232344
2026-09-29,6142,0.4283520982599795,-1.4145810663764855,7.726271841962864,0.1450870010235415,0.7149437052200615
2026-09-29,6143,0.4283520982599795,-9.49720670391061,12.592588824990356,0.2356704196519959,0.7942681678607983
2026-09-29,6144,0.4283520982599795,-8.058605489167848,11.553783340758049,-0.1383060388945752,0.30117707267144317
2026-09-29,6146,0.4283520982599795,-7.692307692307687,11.38888888888889,0.2567809621289662,0.8101330603889457
2026-09-29,6147,0.4283520982599795,-10.51502145922747,29.73621103117506,-0.2929887410440123,0.14227226202661208
2026-09-29,6148,0.4283520982599795,-8.55106556912114,37.792205810546875,-0.3943193449334699,0.07574206755373593
2026-09-29,6150,0.4283520982599795,-5.909090909090908,11.59420412711667,-0.1322927328556806,0.30731832139201637
2026-09-29,6151,0.4283520982599795,-4.269970439773651,7.33812730089366,0.1022262026612078,0.6642784032753326
2026-09-29,6152,0.4283520982599795,-4.7318634916031606,16.88741848168785,-0.3126919140225179,0.1253838280450358
2026-09-29,6153,0.4283520982599795,-4.076084967822313,8.781865365782137,0.297338792221085,0.838792221084954
2026-09-29,6154,0.4283520982599795,-1.0489523687702509,3.53356890459364,-0.1159160696008188,0.33162743091095187
2026-09-29,6155,0.4283520982599795,-1.3867488443759737,17.343751192092903,0.4713408393039918,0.9585465711361311
2026-09-29,6156,0.4283520982599795,-0.6880733944954254,9.468822170900696,0.4449846468781985,0.9416581371545547
2026-09-29,6158,0.4283520982599795,-5.9945523629554405,10.724639892578123,-0.0181678607983623,0.47236438075742065
2026-09-29,6160,0.4283520982599795,-10.610933572322269,12.589928057553957,-0.0916069600818833,0.3654042988741044
2026-09-29,6161,0.4283520982599795,-7.547169811320753,11.326529055225606,0.2338792221084955,0.7922210849539406
2026-09-29,6163,0.4283520982599795,-4.597701149425292,13.493972226797815,0.4089048106448311,0.9188843398157626
2026-09-29,6164,0.4283520982599795,-4.247102836801875,15.322577568792529,0.4480552712384851,0.9431934493346981
2026-09-29,6165,0.4283520982599795,-5.329454564810298,9.41657824794492,-0.2707267144319345,0.16069600818833163
2026-09-29,6166,0.4283520982599795,-5.923344947735187,26.666666666666668,0.1255117707267145,0.6944728761514841
2026-09-29,6167,0.4283520982599795,-4.2253486821474,7.058816797593061,0.2935005117707267,0.8346980552712385
2026-09-29,6168,0.4283520982599795,-0.8771896655832112,40.044244411772326,-0.0017911975435005,0.49718526100307064
2026-09-29,6169,0.4283520982599795,-5.138337060327847,7.083328564961737,0.234007164790174,0.7927328556806551
2026-09-29,6170,0.4283520982599795,-0.4081632653061273,2.7663903158219134,0.093654042988741,0.6542988741044012
2026-09-29,6171,0.4283520982599795,-1.4814814814814723,6.76691442503965,-0.0122824974411464,0.4820880245649949
2026-09-29,6173,0.4283520982599795,-10.120845921450153,32.10084033613445,-0.2507676560900717,0.17732855680655066
2026-09-29,6174,0.4283520982599795,-4.6560846560846585,15.53829078801332,0.451381780962129,0.9449846468781986
2026-09-29,6175,0.4283520982599795,-10.362690757106751,14.161843095900696,0.3464687819856704,0.8761514841351075
2026-09-29,6176,0.4283520982599795,-6.237003262557616,9.201768760934916,0.0959570112589559,0.6568577277379734
2026-09-29,6177,0.4283520982599795,-8.234129762373133,9.513516812711147,-0.4580348004094165,0.05015353121801433
2026-09-29,6179,0.4283520982599795,-10.620528314612177,35.24699803188105,-0.4037871033776867,0.07190378710337769
2026-09-29,6180,0.4283520982599795,-4.084010586786812,5.961063134409215,0.2428352098259979,0.7998976458546572
2026-09-29,6182,0.4283520982599795,-3.200000000000003,20.66115702479339,0.4112077789150461,0.9196519959058342
2026-09-29,6183,0.4283520982599795,-3.311964235745357,3.977898866432148,-0.2950358239508701,0.14022517911975435
2026-09-29,6184,0.4283520982599795,-4.523809523809518,6.608482608176823,-0.084186284544524,0.37717502558853633
2026-09-29,6185,0.4283520982599795,-5.363986057500936,7.692306147895829,-0.0419651995905834,0.4406345957011259
2026-09-29,6186,0.4283520982599795,-12.386702909749792,14.6551671521417,0.068833162743091,0.6197543500511771
2026-09-29,6187,0.4283520982599795,-8.710801393728218,19.46564885496183,0.190890481064483,0.7563971340839304
2026-09-29,6188,0.4283520982599795,-11.239195035133145,13.149354364964868,0.1695240532241555,0.7343909928352098
2026-09-29,6189,0.4283520982599795,-0.1988071570576455,8.565737051792823,0.1806550665301944,0.7482088024564995
2026-09-29,6190,0.4283520982599795,-5.32786490551328,10.966808764965505,0.3137154554759467,0.8556806550665302
2026-09-29,6191,0.4283520982599795,-3.1468565917521896,6.377861674798813,0.257164790174002,0.8111566018423746
2026-09-29,6192,0.4283520982599795,-7.203389830508478,8.67579908675799,-0.031985670419652,0.4552200614124872
2026-09-29,6194,0.4283520982599795,-3.1096538814576857,3.8851338463860583,-0.2827533265097236,0.15148413510747186
2026-09-29,6195,0.4283520982599795,0.0,4.240281337562806,-0.0680655066530194,0.4032753326509724
2026-09-29,6196,0.4283520982599795,-3.886925795053009,16.452205882352942,0.0496417604912998,0.5946775844421699
2026-09-29,6197,0.4283520982599795,-4.347826086956519,13.009404388714737,0.1269191402251791,0.6965199590583419
2026-09-29,6199,0.4283520982599795,-0.7874015748031482,29.52380710177951,0.0061412487205732,0.5171443193449334
2026-09-29,6201,0.4283520982599795,-9.70378077406635,11.199096748731794,-0.3428863868986694,0.10363357215967246
2026-09-29,6202,0.4283520982599795,-2.990034452038703,11.4726040461292,0.4362845445240532,0.9378198567041965
2026-09-29,6203,0.4283520982599795,-1.80327868852459,3.005008347245404,0.0258444216990788,0.5481064483111566
2026-09-29,6204,0.4283520982599795,-14.166666666666671,34.95145631067961,-0.1051688843398158,0.3428863868986694
2026-09-29,6205,0.4283520982599795,-9.426751592356696,26.019690576652604,0.2648413510747185,0.8170419651995906
2026-09-29,6206,0.4283520982599795,-1.379310344827589,8.741258741258742,-0.0455475946775845,0.4367963152507677
2026-09-29,6207,0.4283520982599795,0.0,25.09090909090909,0.3014329580348004,0.845957011258956
2026-09-29,6208,0.4283520982599795,-9.356017941962104,13.941020812170116,0.3288126919140225,0.8643807574206755
2026-09-29,6209,0.4283520982599795,-7.909604519774016,16.196315273916795,-0.1392016376663255,0.29580348004094165
2026-09-29,6210,0.4283520982599795,-1.6620457049360104,9.014075910541374,0.0933981576253838,0.6535312180143296
2026-09-29,6212,0.4283520982599795,-3.71959942775395,13.075782356432262,-0.0706243602865916,0.3976458546571136
2026-09-29,6213,0.4283520982599795,-1.273885350318471,23.548387096774192,0.0629477993858751,0.6131013306038895
2026-09-29,6214,0.4283520982599795,-3.076923076923077,8.465608465608465,-0.5777891504605936,0.022006141248720572
2026-09-29,6215,0.4283520982599795,-7.867298578199044,10.802469135802468,-0.1038894575230297,0.34493346980552714
2026-09-29,6216,0.4283520982599795,-6.474821855013147,8.205130161383213,0.2572927328556806,0.8121801432958035
2026-09-29,6217,0.4283520982599795,-17.814726840855112,31.502890173410403,0.1778403275332651,0.7461617195496417
2026-09-29,6218,0.4283520982599795,-8.405797101449275,46.12342013588434,-0.0951893551688842,0.36003070624360284
2026-09-29,6219,0.4283520982599795,-6.538461538461537,9.46501743646314,-0.0606448311156602,0.4150460593654043
2026-09-29,6220,0.4283520982599795,-4.356059224042886,6.33663215259514,0.2320880245649949,0.7906857727737974
2026-09-29,6221,0.4283520982599795,-3.0973451327433565,39.26940639269406,-0.0593654042988741,0.4165813715455476
2026-09-29,6222,0.4283520982599795,-9.832135942269083,14.095742651756774,-0.1563459570112589,0.2740532241555783
2026-09-29,6223,0.4283520982599795,-14.438943894389444,22.950819672131143,-0.3794779938587513,0.08546571136131013
2026-09-29,6224,0.4283520982599795,-12.5000028774655,22.536949571130293,-0.6711873080859776,0.014841351074718526
2026-09-29,6225,0.4283520982599795,-30.75,69.31408217667673,-0.5583418628454452,0.02456499488229273
2026-09-29,6226,0.4283520982599795,-5.104166666666677,40.83424891650873,-0.2295291709314226,0.19651995905834185
2026-09-29,6227,0.4283520982599795,-6.529209621993126,27.573529411764707,-0.0962128966223132,0.3587512794268168
2026-09-29,6228,0.4283520982599795,-1.0000000000000009,18.68687254009825,0.1067041965199591,0.672978505629478
2026-09-29,6229,0.4283520982599795,-2.2403258655804503,8.12499841054281,0.2620266120777892,0.8152507676560901
2026-09-29,6230,0.4283520982599795,-6.302521008403361,12.10762331838565,0.0409416581371545,0.579324462640737
2026-09-29,6231,0.4283520982599795,-1.4314928425357865,16.804979253112034,0.3600307062436029,0.8868986693961105
2026-09-29,6233,0.4283520982599795,-0.6833747504588428,8.944957628162628,0.4332139201637667,0.9339815762538383
2026-09-29,6234,0.4283520982599795,-8.146395745986379,24.935724802679147,0.3318833162743091,0.8669396110542477
2026-09-29,6235,0.4283520982599795,-4.66257668711656,8.236810200616352,0.2331115660184237,0.7914534288638689
2026-09-29,6236,0.4283520982599795,-3.1496024204205053,25.203249964933743,-0.3024564994882291,0.13357215967246674
2026-09-29,6237,0.4283520982599795,-7.060335581703114,16.298346756571565,0.4298874104401228,0.9316786079836233
2026-09-29,6239,0.4283520982599795,-6.9536423841059625,14.23487544483986,0.2075230296827022,0.77021494370522
2026-09-29,6240,0.4283520982599795,-9.734513274336289,27.25490495270374,-0.0985158648925281,0.3556806550665302
2026-09-29,6241,0.4283520982599795,-13.12848976877925,18.649515231705937,-0.0913510747185261,0.36591606960081885
2026-09-29,6242,0.4283520982599795,-1.1594202898550732,2.6393006624014843,-0.0491299897645854,0.4311668372569089
2026-09-29,6243,0.4283520982599795,-5.797104921309437,13.0769289456881,0.3840839303991811,0.9037871033776868
2026-09-29,6244,0.4283520982599795,-4.4715461967972825,12.340423908639462,0.4872057318321392,0.9626407369498464
2026-09-29,6245,0.4283520982599795,-1.114823837529444,15.332580015920062,-0.0017911975435004,0.49795291709314227
2026-09-29,6246,0.4283520982599795,-7.194242057367816,13.178293095078564,0.1636386898669396,0.7302968270214943
2026-09-29,6248,0.4283520982599795,-2.034888066363305,3.857575821239799,0.0432446264073695,0.586489252814739
2026-09-29,6257,0.4283520982599795,-10.076045627376429,25.792811839323463,-0.1658137154554758,0.26049129989764586
2026-09-29,6259,0.4283520982599795,-9.984636907026978,16.382249955838045,0.5442681678607982,0.9795291709314228
2026-09-29,6261,0.4283520982599795,-5.199512825778385,12.499994161177652,0.2031729785056294,0.7661207778915046
2026-09-29,6263,0.4283520982599795,-10.888252148997136,14.469453376205788,0.1171954964176049,0.686028659160696
2026-09-29,6264,0.4283520982599795,-1.1513145490861576,2.9950054632050427,-0.1366427840327533,0.3024564994882293
2026-09-29,6265,0.4283520982599795,-18.43003200570148,24.68619087251161,-0.0708802456499488,0.3971340839303992
2026-09-29,6266,0.4283520982599795,-1.388891874377174,3.219320500640562,-0.0800921187308085,0.3820368474923234
2026-09-29,6269,0.4283520982599795,-21.14216574307426,29.738063253864116,0.1192425793244627,0.6883316274309109
2026-09-29,6270,0.4283520982599795,-2.1035598705501535,10.743802913949503,0.3944472876151484,0.9104401228249744
2026-09-29,6271,0.4283520982599795,-7.72357723577236,15.418502202643172,0.0353121801432958,0.5696008188331627
2026-09-29,6272,0.4283520982599795,-18.589745580483815,24.40945182259627,-0.1627430910951893,0.2640736949846469
2026-09-29,6274,0.4283520982599795,-2.941176470588236,17.17171717171717,0.4866939611054247,0.962128966223132
2026-09-29,6275,0.4283520982599795,-4.8057289418186215,9.344795464701097,0.151740020470829,0.7210849539406345
2026-09-29,6276,0.4283520982599795,-7.3809523809523885,11.311057907143718,-0.077021494370522,0.3858751279426817
2026-09-29,6277,0.4283520982599795,-6.349208094014259,8.083447949982684,-0.2750767656090071,0.1571136131013306
2026-09-29,6278,0.4283520982599795,-2.483069977426633,19.444444444444446,0.1182190378710337,0.6867963152507677
2026-09-29,6279,0.4283520982599795,-12.890625,16.143497757847534,0.148157625383828,0.7182702149437052
2026-09-29,6281,0.4283520982599795,-0.9671194498276914,1.757813990116125,-0.145854657113613,0.2868474923234391
2026-09-29,6282,0.4283520982599795,-6.345734605088282,9.696265247380625,0.3485158648925281,0.8781985670419652
2026-09-29,6283,0.4283520982599795,-7.616709348473149,13.563835874516911,0.3512026612077788,0.8802456499488229
2026-09-29,6284,0.4283520982599795,-6.3260305855198595,11.818177854859991,0.5285312180143296,0.9749232343909928
2026-09-29,6285,0.4283520982599795,-8.823529411764708,16.7741935483871,0.4598259979529171,0.9524053224155579
2026-09-29,6290,0.4283520982599795,-7.547169811320753,17.25417439703154,-0.1568577277379733,0.27226202661207777
2026-09-29,6291,0.4283520982599795,-7.421150278293132,30.26052104208417,-0.3290685772773797,0.11156601842374617
2026-09-29,6292,0.4283520982599795,-2.906981050935742,13.772461942569938,-0.3057830092118732,0.1299897645854657
2026-09-29,6294,0.4283520982599795,-5.201339854844367,6.371678715258573,-0.0621801432958034,0.4124872057318321
2026-09-29,6405,0.4283520982599795,0.0,18.551046159997593,0.4575230296827022,0.9508700102354145
2026-09-29,6409,0.4283520982599795,-17.65258215962441,24.9714937286203,0.3249744114636643,0.8638689866939611
2026-09-29,6411,0.4283520982599795,-6.174332407183936,8.774187641759072,0.1624872057318321,0.7287615148413511
2026-09-29,6412,0.4283520982599795,-7.835822644668844,10.52631990790528,0.4009723643807574,0.9140225179119754
2026-09-29,6414,0.4283520982599795,-2.8083028083028094,11.55778894472362,0.0864892528147389,0.6448311156601843
2026-09-29,6415,0.4283520982599795,-9.513274336283184,16.381418092909534,0.2732855680655067,0.823439099283521
2026-09-29,6416,0.4283520982599795,-6.451612903225811,24.568965517241377,-0.6454708290685773,0.01586489252814739
2026-09-29,6417,0.4283520982599795,-5.555555555555558,7.84313725490196,0.074078812691914,0.6264073694984647
2026-09-29,6418,0.4283520982599795,-10.362690757106751,17.630053393413565,0.0844421699078812,0.6417604912998977
2026-09-29,6419,0.4283520982599795,-5.882352941176472,12.171052631578949,-0.2236438075742067,0.2018935516888434
2026-09-29,6423,0.4283520982599795,-3.483146067415721,11.990690397855428,-0.0084442169907881,0.48643807574206754
2026-09-29,6425,0.4283520982599795,-5.491702278626254,25.27027645626584,0.0785568065506654,0.6330603889457523
2026-09-29,6426,0.4283520982599795,-14.077669902912628,46.04519774011299,-0.4837512794268166,0.041453428863868984
2026-09-29,6431,0.4283520982599795,-13.75921537583531,20.22792674877025,0.0772773797338792,0.6305015353121801
2026-09-29,6432,0.4283520982599795,-11.194029850746269,25.210084033613445,0.695496417604913,0.9979529170931423
2026-09-29,6435,0.4283520982599795,-1.9417475728155331,12.475247524752476,0.6288382804503583,0.9933469805527124
2026-09-29,6438,0.4283520982599795,-2.9940119760479056,15.123456790123456,0.1424002047082907,0.7123848515864892
2026-09-29,6441,0.4283520982599795,-7.992563751001802,25.858584317294035,-0.313971340839304,0.12308085977482087
2026-09-29,6442,0.4283520982599795,-21.875,28.999999999999996,-0.2497441146366428,0.17911975435005117
2026-09-29,6443,0.4283520982599795,-8.94039965142257,27.27272727272727,0.4677584442169908,0.9559877175025588
2026-09-29,6446,0.4283520982599795,-27.35562310030395,43.51464435146444,0.0890481064483111,0.648157625383828
2026-09-29,6449,0.4283520982599795,-16.632860040567955,20.194647201946474,0.0323694984646878,0.5634595701125895
2026-09-29,6451,0.4283520982599795,-17.524752475247528,26.77070828331333,0.2067553735926305,0.7686796315250768
2026-09-29,6456,0.4283520982599795,0.0,31.31990880774172,0.0414534288638689,0.5818833162743091
2026-09-29,6461,0.4283520982599795,-17.34693770307343,25.102882228270477,-0.4790174002047083,0.042988741044012284
2026-09-29,6462,0.4283520982599795,-0.961538461538458,8.640778180464958,0.3323950870010236,0.8674513817809621
2026-09-29,6464,0.4283520982599795,-3.807110324332519,4.221641923003587,-0.3845957011258956,0.08085977482088025
2026-09-29,6465,0.4283520982599795,-15.92291959136466,20.868510762802508,0.2351586489252814,0.793756397134084
2026-09-29,6469,0.4283520982599795,-5.701756489586263,7.286822888278221,0.0235414534288638,0.5452917093142272
2026-09-29,6470,0.4283520982599795,-2.7334885744172643,6.5573841961541275,-0.1719549641760491,0.25409416581371547
2026-09-29,6472,0.4283520982599795,-5.69196428571429,13.017751479289942,-0.052200614124872,0.4247697031729785
2026-09-29,6474,0.4283520982599795,-5.333333333333334,7.042253521126761,0.1131013306038893,0.6806550665301945
2026-09-29,6477,0.4283520982599795,-9.308506957866058,12.023455935838983,0.1901228249744114,0.7556294779938587
2026-09-29,6482,0.4283520982599795,-8.610564785729713,11.349034768866268,-0.0846980552712384,0.3758955987717503
2026-09-29,6485,0.4283520982599795,-9.443729318962568,26.85714721679687,0.3407113613101329,0.8730808597748209
2026-09-29,6486,0.4283520982599795,-12.95896184866,20.843666777125662,-0.2093142272262027,0.21494370522006143
2026-09-29,6488,0.4283520982599795,-6.896551724137934,15.132275132275131,0.4334698055271238,0.9344933469805528
2026-09-29,6491,0.4283520982599795,-1.2165450121654486,12.807881773399016,-0.0244370522006142,0.46366427840327534
2026-09-29,6492,0.4283520982599795,-2.2889863962113677,5.270861601934252,0.3940634595701125,0.90992835209826
2026-09-29,6494,0.4283520982599795,-10.405644944533831,15.55118410606084,0.36028659160696,0.887410440122825
2026-09-29,6498,0.4283520982599795,-16.149068322981364,24.148152669270832,0.6148925281473899,0.9918116683725691
2026-09-29,6499,0.4283520982599795,-5.336718057313716,13.691271071466025,0.0269959058341863,0.5491299897645855
2026-09-29,6504,0.4283520982599795,-6.532661524876371,9.946238610052292,-0.0693449334698055,0.3999488229273286
2026-09-29,6505,0.4283520982599795,-1.2565445026178068,25.874869062437867,-0.0626919140225178,0.41146366427840325
2026-09-29,6506,0.4283520982599795,-2.1164001407603106,7.027022903029984,0.0061412487205732,0.5171443193449334
2026-09-29,6508,0.4283520982599795,-7.375642012576722,16.851849026150173,-0.0364636642784033,0.4483111566018424
2026-09-29,6509,0.4283520982599795,-0.5165289256198302,8.411218122282254,0.2886386898669395,0.8321392016376663
2026-09-29,6510,0.4283520982599795,-20.20330368487929,42.35668789808918,-0.7251791197543501,0.008188331627430911
2026-09-29,6512,0.4283520982599795,-3.80047157271185,5.432091230227623,-0.2579324462640737,0.1714431934493347
2026-09-29,6515,0.4283520982599795,-31.2953995157385,48.1057268722467,-0.0470829068577277,0.43398157625383826
2026-09-29,6516,0.4283520982599795,-5.7046955724292525,8.362983893669371,-0.2883828045035824,0.1476458546571136
2026-09-29,6517,0.4283520982599795,-14.441418672371045,19.74522535967979,0.0273797338792221,0.5501535312180144
2026-09-29,6523,0.4283520982599795,-0.659340659340657,2.2123893805309733,-0.1171954964176049,0.32932446264073695
2026-09-29,6525,0.4283520982599795,-8.247422680412376,19.850187265917604,0.470317297850563,0.9575230296827022
2026-09-29,6526,0.4283520982599795,-5.56844547563805,32.55528255528255,0.0373592630501535,0.5706243602865916
2026-09-29,6527,0.4283520982599795,-4.3367365557468895,6.799997965494792,-0.2551177072671442,0.172978505629478
2026-09-29,6530,0.4283520982599795,-5.238095238095242,20.00000153354664,-0.2963152507676561,0.13920163766632548
2026-09-29,6531,0.4283520982599795,-12.76995305164319,20.021528525296016,-0.5864892528147391,0.019447287615148412
2026-09-29,6532,0.4283520982599795,0.0,17.50000141285084,-0.0084442169907881,0.48643807574206754
2026-09-29,6533,0.4283520982599795,0.0,26.19439868204283,0.0191914022517912,0.5383828045035824
2026-09-29,6534,0.4283520982599795,-3.6480655145625818,4.231620737598325,-0.1404810644831115,0.29273285568065505
2026-09-29,6535,0.4283520982599795,-6.162790697674414,15.241639469340534,0.3881780962128966,0.9053224155578301
2026-09-29,6538,0.4283520982599795,-23.39743589743589,75.45327754532775,-0.9078812691914022,0.0010235414534288639
2026-09-29,6541,0.4283520982599795,-16.92094137630259,20.36727625061953,0.0442681678607983,0.5882804503582395
2026-09-29,6546,0.4283520982599795,-9.147286821705425,12.798634812286688,0.0928863868986694,0.6530194472876152
2026-09-29,6547,0.4283520982599795,-15.650965963811316,25.779962148180935,0.170675537359263,0.7364380757420675
2026-09-29,6548,0.4283520982599795,-7.948717948717954,13.231197771587745,0.1033776867963152,0.6663254861821903
2026-09-29,6550,0.4283520982599795,-13.499234516670244,56.410509964515434,-0.946519959058342,0.0005117707267144319
2026-09-29,6552,0.4283520982599795,-1.7821782178217838,9.07258064516129,0.4984646878198566,0.9646878198567042
2026-09-29,6556,0.4283520982599795,-0.4823163332149049,4.3618752228424125,0.123336745138178,0.6931934493346981
2026-09-29,6558,0.4283520982599795,-2.1194633786868255,11.417328842042938,0.4362845445240532,0.9378198567041965
2026-09-29,6560,0.4283520982599795,-9.49720477519126,17.592589060465496,-0.058085977482088,0.41760491299897645
2026-09-29,6561,0.4283520982599795,-5.657492354740057,7.13128038897893,-0.1691402251791197,0.2561412487205732
2026-09-29,6568,0.4283520982599795,-1.0309278350515427,12.152777777777777,0.1573694984646877,0.7249232343909928
2026-09-29,6569,0.4283520982599795,-1.0752688172043,4.3478260869565215,0.2077789150460594,0.7707267144319345
2026-09-29,6570,0.4283520982599795,-9.73535232009304,14.45026497566263,0.3047594677584442,0.8485158648925282
2026-09-29,6573,0.4283520982599795,-12.63736629958242,16.666670265437673,0.2343909928352098,0.7932446264073695
2026-09-29,6574,0.4283520982599795,-2.8455284552845517,5.439330543933055,-0.2135363357215967,0.2113613101330604
2026-09-29,6576,0.4283520982599795,-4.550898203592812,6.022588521653466,-0.2507676560900717,0.17732855680655066
2026-09-29,6577,0.4283520982599795,-2.216745093462902,4.6599457786425535,-0.076381780962129,0.387410440122825
2026-09-29,6578,0.4283520982599795,-10.540540540540531,13.595166163141997,-0.302200614124872,0.1343398157625384
2026-09-29,6579,0.4283520982599795,-1.869158878504673,11.428571428571429,0.1131013306038895,0.6811668372569089
2026-09-29,6581,0.4283520982599795,-3.57142857142857,3.7037037037037033,-0.4037871033776867,0.07190378710337769
2026-09-29,6582,0.4283520982599795,-6.948636193803226,7.46752999045632,-0.1486693961105425,0.28454452405322417
2026-09-29,6584,0.4283520982599795,-21.757925072046113,29.65009208103131,0.0087001023541453,0.5214943705220061
2026-09-29,6585,0.4283520982599795,-9.60698689956332,14.009661835748794,0.2716223132036847,0.8229273285568065
2026-09-29,6588,0.4283520982599795,-15.354330708661411,25.116279069767444,-0.3918884339815762,0.0767656090071648
2026-09-29,6589,0.4283520982599795,-4.267164120161682,17.24806497263354,-0.2232599795291709,0.2031729785056295
2026-09-29,6590,0.4283520982599795,-11.733333333333327,29.754362077511328,-0.3119242579324462,0.12589559877175024
2026-09-29,6591,0.4283520982599795,-9.999999999999998,15.509261025322807,0.0927584442169908,0.6525076765609007
2026-09-29,6592,0.4283520982599795,0.0,39.79057591623037,0.0094677584442171,0.5245649948822927
2026-09-29,6593,0.4283520982599795,-1.8264794581155488,4.961235578670058,0.0312180143295803,0.5603889457523029
2026-09-29,6596,0.4283520982599795,-1.3238258540144154,5.366353919754594,-0.0926305015353121,0.3633572159672467
2026-09-29,6597,0.4283520982599795,-9.868421052631582,16.05839416058394,-0.3216479017400204,0.11796315250767656
2026-09-29,6598,0.4283520982599795,-9.03009917383736,11.764701674966252,-0.4836233367451381,0.04196519959058342
2026-09-29,6603,0.4283520982599795,-2.500000000000002,20.170938866770165,-0.0281473899692937,0.45905834186284544
2026-09-29,6605,0.4283520982599795,-2.127659574468088,4.710144927536232,-0.1903787103377686,0.23004094165813715
2026-09-29,6606,0.4283520982599795,-5.172415179074818,6.868689951270518,-0.3490276356192426,0.0992835209825998
2026-09-29,6609,0.4283520982599795,-4.232160915837346,7.449487243035827,0.0775332650972364,0.631525076765609
2026-09-29,6612,0.4283520982599795,-4.0106991034237875,8.077998679328429,-0.1271750255885363,0.31601842374616174
2026-09-29,6613,0.4283520982599795,-6.735751295336789,14.814814814814811,0.3826765609007165,0.9022517911975435
2026-09-29,6614,0.4283520982599795,-3.56653151091626,3.840684958575965,-0.1325486182190378,0.30655066530194475
2026-09-29,6615,0.4283520982599795,-4.297998453572083,4.790426014426226,-0.0821392016376663,0.38024564994882293
2026-09-29,6616,0.4283520982599795,-4.190921375937739,8.99149754502214,-0.3784544524053224,0.08623336745138178
2026-09-29,6617,0.4283520982599795,-10.738255033557042,27.06766917293233,-0.5827789150460594,0.021494370522006142
2026-09-29,6620,0.4283520982599795,-12.25806451612903,50.14705657958984,-0.5264841351074718,0.031218014329580348
2026-09-29,6624,0.4283520982599795,-7.438013193898851,12.11734693877551,0.3398157625383828,0.8725690890481065
2026-09-29,6625,0.4283520982599795,-3.9011722579346375,5.006772094231013,0.003582395087001,0.5122824974411464
2026-09-29,6629,0.4283520982599795,-7.9999999999999964,11.594202898550725,0.0697287615148414,0.6212896622313203
2026-09-29,6637,0.4283520982599795,-5.913043478260871,7.948242582366999,0.2108495394063459,0.7727737973387923
2026-09-29,6640,0.4283520982599795,-21.212121212121215,31.25,-0.4536847492323439,0.05168884339815762
2026-09-29,6641,0.4283520982599795,-4.237292263341697,6.489677766783047,0.0637154554759467,0.6136131013306039
2026-09-29,6642,0.4283520982599795,-4.38388798458067,11.524167350381427,0.2840327533265097,0.8290685772773797
2026-09-29,6643,0.4283520982599795,-5.4307116104868935,26.534653465346537,0.1458546571136132,0.7159672466734903
2026-09-29,6645,0.4283520982599795,-8.088237872173154,12.800003051757828,-0.1525076765609007,0.2789150460593654
2026-09-29,6649,0.4283520982599795,-2.6455006805399917,9.239124215167502,0.0455475946775844,0.5905834186284544
2026-09-29,6651,0.4283520982599795,-4.746835443037978,14.950166112956811,0.2871033776867961,0.8306038894575231
2026-09-29,6654,0.4283520982599795,-11.504424778761058,24.5,-0.2897901740020472,0.1458546571136131
2026-09-29,6655,0.4283520982599795,-4.230769230769226,12.851405622489958,-0.1770726714431933,0.24820880245649948
2026-09-29,6657,0.4283520982599795,-16.794871794871792,28.043144472942146,-0.5102354145342887,0.03428863868986694
2026-09-29,6658,0.4283520982599795,-8.121827411167516,19.060773480662984,0.2574206755373592,0.812691914022518
2026-09-29,6661,0.4283520982599795,-6.896551724137923,9.876542032500836,-0.0980040941658138,0.35670419651995905
2026-09-29,6664,0.4283520982599795,-5.73248407643312,17.43243243243243,0.267656090071648,0.8193449334698055
2026-09-29,6666,0.4283520982599795,-0.6528835690968515,7.557502738225637,-0.0670419651995906,0.404042988741044
2026-09-29,6667,0.4283520982599795,-3.8961038961038974,21.428571428571427,-0.1937052200614124,0.2259467758444217
2026-09-29,6668,0.4283520982599795,-11.922363504698565,31.059809521638083,-0.3418628454452405,0.10440122824974411
2026-09-29,6669,0.4283520982599795,-26.956521739130434,38.095238095238095,0.123336745138178,0.6931934493346981
2026-09-29,6670,0.4283520982599795,-5.2083333333333375,7.142857142857142,-0.3666837256908906,0.09007164790174002
2026-09-29,6671,0.4283520982599795,-2.765957446808509,4.157552573039182,-0.1629989764585465,0.263050153531218
2026-09-29,6672,0.4283520982599795,-0.592592592592589,22.65275707898659,0.041453428863869,0.582906857727738
2026-09-29,6674,0.4283520982599795,-1.3513513513513489,16.712329812245827,0.0573183213920164,0.6038894575230297
2026-09-29,6679,0.4283520982599795,-5.287356321839076,12.62135922330097,0.4571392016376662,0.9498464687819856
2026-09-29,6680,0.4283520982599795,-10.000000000000009,12.865494101600571,-0.7011258955987718,0.011770726714431934
2026-09-29,6683,0.4283520982599795,-15.22988505747126,40.67796610169492,-0.1110542476970317,0.33776867963152507
2026-09-29,6684,0.4283520982599795,-3.780721111889762,17.092339416383993,0.3060388945752302,0.8500511770726714
2026-09-29,6689,0.4283520982599795,-13.788483760419425,22.82608221776737,-0.4618730808597747,0.04912998976458546
2026-09-29,6690,0.4283520982599795,-11.69154228855721,22.816901408450704,-0.4501023541453429,0.05373592630501536
2026-09-29,6691,0.4283520982599795,-2.095808383233533,10.703363914373089,0.1888433981576253,0.7538382804503583
2026-09-29,6692,0.4283520982599795,-5.3061224489796,9.267241379310338,-0.1274309109518936,0.31525076765609006
2026-09-29,6693,0.4283520982599795,-1.13378684807256,26.376146788990823,0.3513306038894574,0.8807574206755373
2026-09-29,6695,0.4283520982599795,-0.7339449541284404,16.451019456338088,0.2262026612077788,0.7876151484135108
2026-09-29,6697,0.4283520982599795,-4.418604651162783,7.2992700729927,-0.2068833162743091,0.21699078812691913
2026-09-29,6698,0.4283520982599795,0.0,8.849558647403319,0.3641248720573183,0.8904810644831116
2026-09-29,6703,0.4283520982599795,-3.3816425120772986,4.0,-0.026740020470829,0.4616171954964176
2026-09-29,6706,0.4283520982599795,-10.119047619047617,32.450331125827816,-0.0248208802456498,0.4631525076765609
2026-09-29,6708,0.4283520982599795,0.0,22.316685999871307,0.0291709314227226,0.5552712384851587
2026-09-29,6712,0.4283520982599795,-0.9202453987730008,7.120743034055728,0.0611566018423745,0.6084953940634595
2026-09-29,6715,0.4283520982599795,-5.735140771637126,38.05309734513274,0.2016376663254862,0.7656090071647902
2026-09-29,6716,0.4283520982599795,-17.028985507246375,22.270742358078603,-0.2712384851586489,0.1601842374616172
2026-09-29,6719,0.4283520982599795,-6.361323155216281,10.597826086956522,0.4539406345957011,0.9472876151484135
2026-09-29,6720,0.4283520982599795,-5.555555555555558,7.0588235294117645,-0.0553991811668372,0.4186284544524053
2026-09-29,6721,0.4283520982599795,-4.580155450365043,6.100006103515625,0.0324974411463663,0.563971340839304
2026-09-29,6722,0.4283520982599795,-4.154304840488498,5.572758961019133,-0.2302968270214944,0.19447287615148415
2026-09-29,6725,0.4283520982599795,-6.852248394004279,12.873563218390805,0.2996417604912998,0.8418628454452405
2026-09-29,6727,0.4283520982599795,-20.16528925619835,29.39958592132505,-0.2295291709314227,0.19600818833162742
2026-09-29,6728,0.4283520982599795,-0.917431192660545,2.7777777777777777,-0.1028659160696008,0.345957011258956
2026-09-29,6730,0.4283520982599795,-3.0303030303030276,4.6875,0.3193449334698055,0.8607983623336745
2026-09-29,6732,0.4283520982599795,-2.265372168284785,7.6158940397351,0.3993091095189355,0.9119754350051177
2026-09-29,6733,0.4283520982599795,-10.516931612471891,12.748999424664625,-0.0230296827021495,0.4662231320368475
2026-09-29,6735,0.4283520982599795,-5.53129129118457,14.946066176028022,0.4457523029682702,0.9421699078812692
2026-09-29,6739,0.4283520982599795,-17.88321167883211,28.88888888888889,-0.2750767656090072,0.15660184237461616
2026-09-29,6741,0.4283520982599795,-9.180327868852457,10.830324909747292,-0.2421954964176049,0.1842374616171955
2026-09-29,6742,0.4283520982599795,-6.228372464669995,27.2140221402214,0.1100307062436029,0.6760491299897646
2026-09-29,6743,0.4283520982599795,-3.863987635239563,16.881027712315998,0.0414534288638689,0.5818833162743091
2026-09-29,6751,0.4283520982599795,-0.6629834254143541,9.677415960224902,0.1028659160696008,0.6653019447287615
2026-09-29,6752,0.4283520982599795,-9.099526066350704,12.93013714898739,-0.0877686796315251,0.3725690890481064
2026-09-29,6753,0.4283520982599795,-7.017543859649122,9.433962264150944,0.0174002047082906,0.5340327533265097
2026-09-29,6754,0.4283520982599795,-4.277456647398847,6.642512077294686,-0.1566018423746161,0.2727737973387922
2026-09-29,6756,0.4283520982599795,-6.350710900473933,12.145748987854253,0.095957011258956,0.657625383828045
2026-09-29,6757,0.4283520982599795,-5.150975624084142,6.928840380036429,-0.039790174002047,0.44421699078812693
2026-09-29,6761,0.4283520982599795,-15.938303341902316,21.100917431192663,0.2405322415557829,0.7983623336745138
2026-09-29,6763,0.4283520982599795,-3.6299783026813026,6.3183530712475315,0.1294779938587512,0.6995905834186285
2026-09-29,6767,0.4283520982599795,-5.780349590901301,15.132927455785085,-0.0532241555783009,0.4214431934493347
2026-09-29,6768,0.4283520982599795,-4.725607539981924,7.199999999999999,0.1970317297850562,0.7620266120777891
2026-09-29,6770,0.4283520982599795,-3.984067636352884,11.894890876231846,-0.2981064483111565,0.13868986693961105
2026-09-29,6771,0.4283520982599795,-3.0162378657662026,7.177033492822966,-0.4025076765609007,0.07318321392016376
2026-09-29,6776,0.4283520982599795,-2.990654205607479,4.624280396683828,-0.0150972364380758,0.47697031729785055
2026-09-29,6781,0.4283520982599795,-14.04255319148936,19.10891089108911,0.3839559877175025,0.9032753326509724
2026-09-29,6782,0.4283520982599795,-8.3984375,15.56503198294243,-0.1385619242579324,0.2993858751279427
2026-09-29,6785,0.4283520982599795,-10.925925925925927,18.087319673470795,0.004861821903787,0.5148413510747185
2026-09-29,6788,0.4283520982599795,-12.34096692111959,21.77068214804064,0.5846980552712384,0.9861821903787104
2026-09-29,6789,0.4283520982599795,-6.725146198830412,18.39080459770115,0.2389969293756396,0.7963152507676561
2026-09-29,6790,0.4283520982599795,-1.699346405228752,1.861702127659582,-0.0859774820880246,0.37308085977482086
2026-09-29,6791,0.4283520982599795,-5.167464114832542,7.063572149344097,-0.07996417604913,0.3828045035823951
2026-09-29,6792,0.4283520982599795,-6.507936507936507,9.847197346452544,0.0887922210849539,0.6473899692937564
2026-09-29,6794,0.4283520982599795,-8.184139639389143,10.306402434877702,-0.1591606960081883,0.2686796315250768
2026-09-29,6796,0.4283520982599795,-15.66068410528888,22.823983050407247,0.2894063459570112,0.8326509723643808
2026-09-29,6799,0.4283520982599795,-2.7987082884822434,17.275744128728896,0.2791709314227226,0.8254861821903787
2026-09-29,6803,0.4283520982599795,-1.841620626151008,2.4390243902439024,-0.1307574206755373,0.31064483111566016
2026-09-29,6804,0.4283520982599795,-3.4666666666666623,6.353589052653444,-0.0754861821903786,0.38945752302968273
2026-09-29,6805,0.4283520982599795,-8.545454545454545,29.4234592445328,0.0174002047082906,0.5340327533265097
2026-09-29,6807,0.4283520982599795,-6.725148279621774,8.463952234919917,-0.353121801432958,0.0977482088024565
2026-09-29,6811,0.4283520982599795,-12.110091743119266,22.33820459290188,-0.4393551688843397,0.0593654042988741
2026-09-29,6821,0.4283520982599795,-4.545457940607733,8.302812029008317,0.4657113613101331,0.9554759467758445
2026-09-29,6823,0.4283520982599795,-1.869158878504673,14.285713074699286,0.2992579324462641,0.8405834186284544
2026-09-29,6829,0.4283520982599795,-21.320754716981128,29.97601918465228,-0.1832139201637666,0.23490276356192427
2026-09-29,6830,0.4283520982599795,-16.84867394695788,26.26641651031895,-0.7100818833162743,0.009723643807574206
2026-09-29,6831,0.4283520982599795,-22.88401253918495,30.99593495934959,0.0120266120777891,0.5273797338792221
2026-09-29,6834,0.4283520982599795,-7.024793388429751,30.22222222222222,0.1384339815762538,0.7067553735926305
2026-09-29,6835,0.4283520982599795,-2.677165354330713,5.98705625071109,0.1468781985670419,0.7169907881269192
2026-09-29,6838,0.4283520982599795,-3.752343838065031,14.619883040935674,0.0442681678607983,0.5882804503582395
2026-09-29,6840,0.4283520982599795,-10.76233183856502,24.824117535921797,-0.3656601842374616,0.0913510747185261
2026-09-29,6841,0.4283520982599795,-0.8960573476702538,8.679927667269435,0.2674002047082906,0.8188331627430911
2026-09-29,6843,0.4283520982599795,-4.838707875873338,6.779657038125407,-0.0754861821903787,0.3889457523029683
2026-09-29,6844,0.4283520982599795,-4.8092856944485725,7.317074499894518,-0.0697287615148413,0.3986693961105425
2026-09-29,6846,0.4283520982599795,-2.838065914146004,7.388321394772873,-0.0648669396110542,0.4094165813715456
2026-09-29,6854,0.4283520982599795,-11.6504854368932,17.362640716217374,0.0429887410440122,0.5859774820880246
2026-09-29,6856,0.4283520982599795,-4.891924290368676,8.253590341960415,0.0898157625383828,0.6489252814738997
2026-09-29,6859,0.4283520982599795,-6.976744186046513,19.166666666666668,-0.2136642784032754,0.21084953940634596
2026-09-29,6861,0.4283520982599795,-1.7241379310344862,39.122807017543856,0.336489252814739,0.8715455475946776
2026-09-29,6862,0.4283520982599795,-6.122448979591832,12.681159420289855,0.6202661207778916,0.9923234390992836
2026-09-29,6863,0.4283520982599795,-12.941176470588234,20.37421878806766,0.3196008188331628,0.861310133060389
2026-09-29,6865,0.4283520982599795,-5.245344423280374,18.21428026471819,0.1015864892528148,0.6637666325486182
2026-09-29,6869,0.4283520982599795,-3.668476263719555,15.796892733768953,0.1125895598771751,0.68014329580348
2026-09-29,6870,0.4283520982599795,-2.7941176470588247,27.08018154311649,-0.0770214943705219,0.38638689866939613
2026-09-29,6872,0.4283520982599795,-11.275413394030032,55.208329359690346,-0.4503582395087001,0.05322415557830092
2026-09-29,6873,0.4283520982599795,-5.431758894141614,7.805600959878957,0.0281473899692937,0.553224155578301
2026-09-29,6874,0.4283520982599795,-8.831168831168823,13.53276353276353,0.510747185261003,0.9682702149437052
2026-09-29,6875,0.4283520982599795,-13.636361821205869,18.660282214102377,-0.113868986693961,0.3352098259979529
2026-09-29,6877,0.4283520982599795,-1.538461538461533,18.359375,0.2080348004094165,0.7712384851586489
2026-09-29,6881,0.4283520982599795,-2.500000000000002,4.662004662004662,-0.0670419651995906,0.404042988741044
2026-09-29,6884,0.4283520982599795,-4.307692307692301,10.12861613675329,-0.1312691914022519,0.30962128966223135
2026-09-29,6885,0.4283520982599795,-6.060606060606055,34.35483747912991,-0.3879222108495395,0.07881269191402251
2026-09-29,6887,0.4283520982599795,-4.391464344114226,9.58004648604105,-0.3149948822927328,0.12077789150460594
2026-09-29,6890,0.4283520982599795,-20.10869565217391,26.190476190476193,0.2210849539406346,0.7837768679631525
2026-09-29,6894,0.4283520982599795,-5.35947712418301,14.226519337016574,-0.1645342886386899,0.26202661207778916
2026-09-29,6895,0.4283520982599795,-14.454277286135698,23.103448275862068,-0.1312691914022518,0.3101330603889457
2026-09-29,6899,0.4283520982599795,-8.163267905969063,10.505053587634148,0.0615404298874104,0.6100307062436029
2026-09-29,6901,0.4283520982599795,0.0,15.942028985507244,0.299897645854657,0.842374616171955
2026-09-29,6902,0.4283520982599795,-11.202185792349727,38.46153846153847,0.0253326509723643,0.5475946775844421
2026-09-29,6903,0.4283520982599795,-5.873261205564139,11.001642036124796,0.2991299897645854,0.8398157625383829
2026-09-29,6904,0.4283520982599795,-3.1872509960159334,5.761316872427984,0.176560900716479,0.7430910951893551
2026-09-29,6906,0.4283520982599795,-5.63697533288503,15.29270659780559,-0.0360798362333674,0.44882292732855683
2026-09-29,6907,0.4283520982599795,-14.251781472684089,20.77562326869806,-0.3416069600818833,0.10516888433981576
2026-09-29,6908,0.4283520982599795,-15.732083221724713,18.853968481039164,-0.0524564994882292,0.42400204708290684
2026-09-29,6909,0.4283520982599795,-4.659090909090901,11.084628190414556,-0.0849539406345957,0.37461617195496416
2026-09-29,6910,0.4283520982599795,-0.7490636704119868,9.811319315208577,0.0800921187308086,0.6363868986693961
2026-09-29,6913,0.4283520982599795,-24.852071005917164,36.61417322834646,-0.2090583418628454,0.21596724667349027
2026-09-29,6914,0.4283520982599795,-3.629032258064513,5.02092050209205,0.0548874104401228,0.5997952917093142
2026-09-29,6916,0.4283520982599795,-9.336611036134556,13.550135501355015,-0.1008188331627431,0.3513306038894575
2026-09-29,6918,0.4283520982599795,-7.499999999999996,10.000002061998522,-0.0482343909928352,0.43244626407369496
2026-09-29,6919,0.4283520982599795,-23.188405797101453,32.95597100407822,0.1406090071647902,0.7093142272262026
2026-09-29,6921,0.4283520982599795,-4.01146551481032,15.522390337132697,0.2070112589559878,0.7691914022517912
2026-09-29,6922,0.4283520982599795,-1.5317286652078763,20.88888888888889,0.0719037871033777,0.6248720573183214
2026-09-29,6923,0.4283520982599795,-5.196453037499782,6.149730580375794,-0.3213920163766633,0.1187308085977482
2026-09-29,6924,0.4283520982599795,-6.25,24.444444444444443,-0.5269959058341864,0.030706243602865915
2026-09-29,6925,0.4283520982599795,0.0,34.3999989827474,0.0289150460593654,0.554503582395087
2026-09-29,6928,0.4283520982599795,-6.762293624288429,9.230770907559238,-0.0143295803480041,0.47850562947799385
2026-09-29,6929,0.4283520982599795,-9.414224495576118,15.704386228777246,-0.0885363357215966,0.37154554759467756
2026-09-29,6931,0.4283520982599795,-7.738095238095233,10.064520066784274,-0.0719037871033776,0.39508700102354144
2026-09-29,6933,0.4283520982599795,-4.303797468354431,30.29100529100529,-0.0547594677584442,0.4196519959058342
2026-09-29,6934,0.4283520982599795,-7.195121951219519,13.403412546967395,-0.3242067553735926,0.11668372569089049
2026-09-29,6936,0.4283520982599795,-4.229602835829949,5.047313798489255,-0.1128454452405322,0.33623336745138177
2026-09-29,6937,0.4283520982599795,-2.377179080824088,12.987012987012983,-0.0660184237461617,0.4068577277379734
2026-09-29,6944,0.4283520982599795,-2.3899371069182385,15.335051546391751,0.0962128966223131,0.6581371545547595
2026-09-29,6945,0.4283520982599795,0.0,33.57142857142857,-0.0243091095189353,0.4646878198567042
2026-09-29,6947,0.4283520982599795,-6.406689214820571,7.88690930321103,0.0775332650972364,0.631525076765609
2026-09-29,6949,0.4283520982599795,-96.6979865771812,2930.3861788617883,0.0276356192425793,0.5506653019447287
2026-09-29,6951,0.4283520982599795,-4.027777777777786,4.196816208393641,-0.1919140225179119,0.22799385875127942
2026-09-29,6952,0.4283520982599795,-2.7568959494035483,7.474230736801306,-0.4270726714431935,0.06345957011258956
2026-09-29,6953,0.4283520982599795,-6.407766990291264,15.560165975103734,0.0401740020470828,0.577021494370522
2026-09-29,6955,0.4283520982599795,-11.759259259259258,16.36935831492245,0.2517911975435005,0.804503582395087
2026-09-29,6957,0.4283520982599795,0.0,36.592592592592595,0.0023029682702149,0.5069089048106449
2026-09-29,6958,0.4283520982599795,0.0,21.967966878441437,0.0199590583418628,0.5388945752302968
2026-09-29,6961,0.4283520982599795,-6.200785992851953,7.764954381824666,0.0063971340839303,0.5179119754350051
2026-09-29,6962,0.4283520982599795,-5.908415256355548,11.77393435683318,0.3236949846468782,0.8631013306038895
2026-09-29,6965,0.4283520982599795,-13.71504485139291,15.895059373643669,-0.0959570112589559,0.3592630501535312
2026-09-29,6967,0.4283520982599795,-9.189189189189184,16.964287984938846,0.4627686796315249,0.9534288638689867
2026-09-29,6968,0.4283520982599795,-1.4234911130679873,2.647418264304114,-0.1415046059365404,0.29119754350051175
2026-09-29,6969,0.4283520982599795,-14.80484872133202,21.80095268840097,-0.4506141248720572,0.05271238485158649
2026-09-29,6971,0.4283520982599795,-11.235957592568912,13.291145678813953,-0.0601330603889457,0.41606960081883315
2026-09-29,6982,0.4283520982599795,-10.40164637779364,12.75861893577137,0.0872569089048106,0.6458546571136131
2026-09-29,6983,0.4283520982599795,-5.205479452054796,9.393063583815028,-0.1803991811668372,0.23848515864892528
2026-09-29,6986,0.4283520982599795,-5.1724169115389795,15.909090909090908,0.3302200614124871,0.8654042988741044
2026-09-29,6988,0.4283520982599795,-7.9999999999999964,10.869565217391305,-0.2789150460593654,0.15327533265097237
2026-09-29,6994,0.4283520982599795,-26.822555387622582,40.41352666410288,0.0414534288638689,0.5818833162743091
2026-09-29,6996,0.4283520982599795,-9.89304812834224,13.649851632047476,0.1901228249744114,0.7556294779938587
2026-09-29,6997,0.4283520982599795,-1.87590619698369,4.117651546702666,-0.007804503582395,0.4872057318321392
2026-09-29,7402,0.4283520982599795,-12.300884955752222,14.530778532672963,0.1992067553735926,0.7635619242579325
2026-09-29,7547,0.4283520982599795,0.0,26.72282010088653,0.0626919140225179,0.6118219037871033
2026-09-29,7556,0.4283520982599795,-2.1937842778793404,13.644859813084112,0.1330603889457524,0.7031729785056294
2026-09-29,7584,0.4283520982599795,-0.5154652216611155,12.435234478306482,0.0715199590583418,0.6228249744114637
2026-09-29,7610,0.4283520982599795,-20.276497695852537,41.61849710982659,-0.5406857727737974,0.02712384851586489
2026-09-29,7631,0.4283520982599795,-9.24092409240924,13.454545454545457,0.1775844421699078,0.7448822927328557
2026-09-29,7642,0.4283520982599795,-13.619171041782716,16.496354820084395,-0.1157881269191402,0.33265097236438074
2026-09-29,7689,0.4283520982599795,-9.943181818181824,14.826498422712934,0.3584953940634596,0.8853633572159673
2026-09-29,7703,0.4283520982599795,-8.064516129032262,20.050125313283207,-0.4673746161719549,0.04708290685772774
2026-09-29,7704,0.4283520982599795,-4.961240310077519,9.62479857402758,-0.0665301944728761,0.40609007164790173
2026-09-29,7705,0.4283520982599795,-3.0944649489594744,4.0336160098805145,-0.0603889457523029,0.4155578300921187
2026-09-29,7708,0.4283520982599795,-1.711229946524062,2.1762785636561475,-0.1288382804503581,0.3142272262026612
2026-09-29,7709,0.4283520982599795,-8.947368421052627,30.52023297789469,-0.0263561924257932,0.46238485158648923
2026-09-29,7711,0.4283520982599795,-19.11111111111111,43.40659340659341,-0.5619242579324463,0.024053224155578302
2026-09-29,7712,0.4283520982599795,-5.847953216374268,18.32298136645963,0.4242579324462641,0.9278403275332651
2026-09-29,7713,0.4283520982599795,-1.2000000000000122,2.699055330634278,-0.3088536335721595,0.12794268167860798
2026-09-29,7714,0.4283520982599795,-14.73684210526316,21.91358024691358,-0.4291197543500512,0.06294779938587512
2026-09-29,7715,0.4283520982599795,-8.457710284556807,12.499995853589928,0.1770726714431934,0.744114636642784
2026-09-29,7716,0.4283520982599795,-1.2396725350475313,5.020923694307335,0.2420675537359262,0.7993858751279427
2026-09-29,7717,0.4283520982599795,-6.180665610142633,37.5,-0.335209825997953,0.10798362333674513
2026-09-29,7718,0.4283520982599795,-1.5806127521187152,3.961461003893703,0.016632548618219,0.5327533265097236
2026-09-29,7721,0.4283520982599795,-3.4375000000000044,12.944983818770227,0.4160696008188332,0.9227226202661207
2026-09-29,7722,0.4283520982599795,-12.0954003407155,14.34108527131783,0.0903275332650972,0.6502047082906858
2026-09-29,7723,0.4283520982599795,-11.38014364136598,13.38797605754248,-0.09007164790174,0.36770726714431934
2026-09-29,7728,0.4283520982599795,-12.787356321839082,20.922570016474467,0.2059877175025588,0.7671443193449334
2026-09-29,7730,0.4283520982599795,-9.585492227979277,15.472779369627506,0.0803480040941658,0.6376663254861822
2026-09-29,7732,0.4283520982599795,-3.873740410989046,6.119398430212229,-0.1342118730808597,0.3039918116683726
2026-09-29,7734,0.4283520982599795,-14.37699680511182,27.05223880597015,0.5140736949846468,0.9698055271238485
2026-09-29,7736,0.4283520982599795,-3.808182606164523,4.252201650848836,-0.1614636642784032,0.26509723643807576
2026-09-29,7738,0.4283520982599795,-13.091922005571032,16.346153846153847,-0.2128966223132036,0.2128966223132037
2026-09-29,7740,0.4283520982599795,-24.444444444444446,32.35294117647059,-0.0491299897645854,0.4311668372569089
2026-09-29,7743,0.4283520982599795,-5.447473624040966,19.54732510288066,-0.4094165813715456,0.07011258955987718
2026-09-29,7744,0.4283520982599795,-8.566433566433563,18.068833652007648,-0.2658648925281474,0.1653019447287615
2026-09-29,7747,0.4283520982599795,-3.8961038961038974,4.054054054054054,-0.2406601842374616,0.18474923234390994
2026-09-29,7749,0.4283520982599795,-6.196840826245442,19.300518134715023,0.3147389969293757,0.8567041965199591
2026-09-29,7750,0.4283520982599795,-20.80808080808081,31.63265306122449,0.215711361310133,0.7786591606960082
2026-09-29,7751,0.4283520982599795,-13.128491620111726,31.189710610932476,0.4129989764585465,0.9201637666325486
2026-09-29,7753,0.4283520982599795,-6.1923602521620325,7.443824510895804,0.0377430910951893,0.5719037871033776
2026-09-29,7757,0.4283520982599795,-4.029695576650316,8.176797266164522,-0.0168884339815762,0.4741555783009212
2026-09-29,7760,0.4283520982599795,-0.7462686567164201,6.7669172932330826,0.1270470829068576,0.6970317297850563
2026-09-29,7765,0.4283520982599795,-8.846153846153848,19.198312236286917,-0.3116683725690891,0.12640736949846468
2026-09-29,7767,0.4283520982599795,-6.572296689174529,10.714287365669811,-0.3318833162743091,0.1105424769703173
2026-09-29,7768,0.4283520982599795,-2.564102564102566,19.73684210526316,0.3904810644831116,0.907625383828045
2026-09-29,7769,0.4283520982599795,-21.99720670391061,28.46911369740376,-0.0987717502558853,0.35516888433981575
2026-09-29,7770,0.4283520982599795,0.0,19.906864899001388,0.0754861821903787,0.6274309109518935
2026-09-29,7772,0.4283520982599795,-11.557788944723612,63.238638097589664,-0.0125383828045035,0.48157625383828045
2026-09-29,7777,0.4283520982599795,-14.11339120690669,17.13483788993921,0.1106704196519959,0.6770726714431935
2026-09-29,7780,0.4283520982599795,-5.8650984270246065,6.8535789893795025,-0.0725435005117707,0.3930399181166837
2026-09-29,7782,0.4283520982599795,-8.440366972477065,11.022044088176353,-0.1985670419651996,0.22210849539406347
2026-09-29,7786,0.4283520982599795,-1.6597510373444035,7.59493670886076,-0.0024309109518935,0.4953940634595701
2026-09-29,7788,0.4283520982599795,-17.146974063400577,28.347826086956523,-0.1844933469805527,0.2338792221084954
2026-09-29,7791,0.4283520982599795,-3.4843231231922567,4.512635379061372,-0.0401740020470828,0.4437052200614125
2026-09-29,7792,0.4283520982599795,-8.167770419426045,37.62019230769231,0.0046059365404299,0.5140736949846468
2026-09-29,7795,0.4283520982599795,-15.502555366269169,25.0,0.3582395087001023,0.8848515864892528
2026-09-29,7799,0.4283520982599795,-12.096774193548388,41.99796126401631,-0.3991811668372569,0.07471852610030706
2026-09-29,7803,0.4283520982599795,-11.250000000000004,14.084507042253522,-0.0670419651995905,0.4048106448311157
2026-09-29,7805,0.4283520982599795,-6.857142857142861,7.361963190184049,0.0890481064483111,0.648157625383828
2026-09-29,7810,0.4283520982599795,-5.2083333333333375,13.626373626373626,-0.0271238485158649,0.46059365404298874
2026-09-29,7811,0.4283520982599795,-0.9433921523345434,2.993193126860119,-0.0337768679631524,0.45291709314227224
2026-09-29,7814,0.4283520982599795,-5.333333333333334,6.6901395018671606,0.1328045035823951,0.7024053224155579
2026-09-29,7818,0.4283520982599795,-3.6977503773759746,5.175295974655024,0.0680655066530194,0.6182190378710338
2026-09-29,7819,0.4283520982599795,-7.422400252871708,8.746355685131196,-0.0103633572159672,0.4836233367451382
2026-09-29,7820,0.4283520982599795,-11.0655737704918,18.89400921658986,0.3495394063459569,0.8797338792221086
2026-09-29,7821,0.4283520982599795,-10.087176517959662,11.35734494703299,-0.1734902763561924,0.2517911975435005
2026-09-29,7822,0.4283520982599795,-1.3144590495449917,20.18442622950819,0.4731320368474923,0.9600818833162743
2026-09-29,7823,0.4283520982599795,-8.151548333529101,10.124998092651367,-0.1789918116683725,0.24257932446264074
2026-09-29,7825,0.4283520982599795,-30.0418410041841,53.468899521531114,-0.4399948822927328,0.05885363357215967
2026-09-29,7827,0.4283520982599795,-2.38805970149254,13.761467889908255,0.0035823950870008,0.5112589559877175
2026-09-29,7828,0.4283520982599795,-14.798206278026903,26.842105263157897,-0.4989764585465711,0.03735926305015353
2026-09-29,7839,0.4283520982599795,-3.3482126397441636,6.235567581846312,0.1691402251791197,0.7333674513817809
2026-09-29,7842,0.4283520982599795,-9.541284403669724,15.415818405925156,-0.063971340839304,0.40992835209826
2026-09-29,8011,0.4283520982599795,-5.389225879179172,8.544306211833701,0.2253070624360286,0.7871033776867963
2026-09-29,8016,0.4283520982599795,-5.785123966942152,10.87719298245614,0.4022517911975435,0.9153019447287615
2026-09-29,8021,0.4283520982599795,-0.3115264797507788,14.791666666666666,0.3354657113613101,0.8700102354145343
2026-09-29,8024,0.4283520982599795,-9.057972271435876,14.34263100187142,0.052840327533265,0.5972364380757421
2026-09-29,8027,0.4283520982599795,0.0,20.2970297029703,0.4260491299897646,0.9293756397134084
2026-09-29,8028,0.4283520982599795,-2.1996615905245376,27.33564013840831,0.3531218014329581,0.8812691914022518
2026-09-29,8032,0.4283520982599795,-2.5850340136054473,7.40223889910309,0.3469805527123848,0.8771750255885363
2026-09-29,8033,0.4283520982599795,-12.207792207792211,15.976331360946746,0.0742067553735926,0.6269191402251791
2026-09-29,8034,0.4283520982599795,-5.092594268717687,10.73171103872904,0.158904810644831,0.7264585465711362
2026-09-29,8038,0.4283520982599795,-5.116961180994551,15.71648807848914,0.363868986693961,0.8899692937563971
2026-09-29,8039,0.4283520982599795,-21.181556195965424,34.36928702010969,0.1061924257932446,0.6714431934493347
2026-09-29,8040,0.4283520982599795,-2.4390243902439046,34.099998474121094,0.169396110542477,0.7338792221084954
2026-09-29,8042,0.4283520982599795,-9.716599190283404,21.076233183856505,-0.013050153531218,0.481064483111566
2026-09-29,8043,0.4283520982599795,-13.201320132013205,17.490494296577946,0.1975435005117707,0.7625383828045036
2026-09-29,8044,0.4283520982599795,-3.018110140670216,8.091289472777813,0.3755117707267144,0.8986693961105425
2026-09-29,8045,0.4283520982599795,-7.772023155936525,23.68914143423016,0.0857215967246672,0.6432958034800409
2026-09-29,8046,0.4283520982599795,-4.868913857677903,25.590551181102363,0.1550665301944729,0.7231320368474923
2026-09-29,8047,0.4283520982599795,0.0,19.41176769780178,-0.0020470829068577,0.49641760491299897
2026-09-29,8048,0.4283520982599795,-5.794392523364489,12.69841572595021,0.4691658137154554,0.9564994882292733
2026-09-29,8049,0.4283520982599795,-0.8097196630031722,2.0408163265306123,-0.0189355168884339,0.4713408393039918
2026-09-29,8050,0.4283520982599795,-0.7552870090634434,18.26483902140114,0.0097236438075741,0.5250767656090072
2026-09-29,8054,0.4283520982599795,-5.217391304347818,14.3348623853211,0.4132548618219038,0.9209314227226203
2026-09-29,8059,0.4283520982599795,-25.31219697289093,36.491824023296374,-0.4022517911975435,0.0736949846468782
2026-09-29,8064,0.4283520982599795,-4.7138047138047146,35.75971623612798,0.1005629477993859,0.6624872057318322
2026-09-29,8066,0.4283520982599795,-2.597400184666021,7.666664123535144,-0.2351586489252813,0.19242579324462641
2026-09-29,8067,0.4283520982599795,-2.766795486836038,11.382110719758304,0.158904810644831,0.7264585465711362
2026-09-29,8068,0.4283520982599795,-7.124014293337922,19.60227706215598,0.3011770726714431,0.8454452405322416
2026-09-29,8069,0.4283520982599795,-10.9375,15.087719298245611,0.1159160696008188,0.6837256908904811
2026-09-29,8070,0.4283520982599795,-2.9296889464603515,5.935615217181998,0.0628198567041964,0.612589559877175
2026-09-29,8071,0.4283520982599795,-10.997960574209063,16.704803746133972,0.3769191402251791,0.8996929375639714
2026-09-29,8072,0.4283520982599795,-3.639516005497656,11.3309338796053,0.046954964176049,0.5921187308085978
2026-09-29,8074,0.4283520982599795,-12.413793103448278,18.011814027320682,0.5962128966223131,0.9897645854657113
2026-09-29,8076,0.4283520982599795,-8.119656621813276,10.930234332417331,0.2745649948822927,0.8249744114636642
2026-09-29,8080,0.4283520982599795,-8.045979315446639,8.928574153355193,-0.544396110542477,0.026100307062436028
2026-09-29,8081,0.4283520982599795,-1.7307692307692355,6.457925636007827,0.382804503582395,0.9027635619242579
2026-09-29,8083,0.4283520982599795,-2.5078369905956133,3.215434083601286,-0.1498208802456498,0.2835209825997953
2026-09-29,8084,0.4283520982599795,-39.18367346938776,64.42953020134227,-0.0058853633572159,0.48925281473899696
2026-09-29,8085,0.4283520982599795,-13.636363636363637,17.89473818059553,-0.1686284544524053,0.2569089048106448
2026-09-29,8086,0.4283520982599795,-12.698412698412698,20.454545454545457,0.4292476970317297,0.9309109518935517
2026-09-29,8087,0.4283520982599795,-15.596330275229352,18.478260869565215,0.0881525076765608,0.6463664278403275
2026-09-29,8088,0.4283520982599795,-8.549785059977854,12.781068700305104,0.3487717502558853,0.8787103377686797
2026-09-29,8089,0.4283520982599795,-5.896807660811754,18.276762402088774,0.112589559877175,0.6796315250767656
2026-09-29,8091,0.4283520982599795,-2.8697571743929395,10.681818181818182,0.4524053224155577,0.9457523029682702
2026-09-29,8092,0.4283520982599795,-8.058605489167848,9.163343573946388,-0.0167604912998976,0.4749232343909928
2026-09-29,8093,0.4283520982599795,-16.60839272067739,25.36687790972631,-0.4247697031729784,0.06473899692937564
2026-09-29,8096,0.4283520982599795,-23.203463203463205,38.44419219179379,0.3922722620266121,0.9089048106448311
2026-09-29,8097,0.4283520982599795,-7.046330677258272,8.722739848516191,-0.0440122824974411,0.4390992835209826
2026-09-29,8099,0.4283520982599795,-4.777068906857796,8.193976105654919,-0.0148413510747185,0.4779938587512794
2026-09-29,8101,0.4283520982599795,-14.741037152339176,17.289721408737048,-0.0693449334698055,0.3999488229273286
2026-09-29,8103,0.4283520982599795,-11.363636363636363,20.085470085470085,-0.511770726714432,0.03326509723643808
2026-09-29,8104,0.4283520982599795,-1.2578592662177757,9.235667574937176,0.3426305015353122,0.8746161719549642
2026-09-29,8105,0.4283520982599795,-11.309519781817468,17.785232339129365,0.5683213920163765,0.984646878198567
2026-09-29,8107,0.4283520982599795,-5.859376402804606,6.6390057322395295,-0.1005629477993858,0.353121801432958
2026-09-29,8109,0.4283520982599795,-3.237410071942448,10.408921933085502,0.0335209825997953,0.5660184237461617
2026-09-29,8110,0.4283520982599795,-8.851221486214722,26.0330546985973,0.2379733879222108,0.7958034800409417
2026-09-29,8111,0.4283520982599795,-5.005961203210962,27.227102588380745,-0.1389457523029682,0.2965711361310133
2026-09-29,8112,0.4283520982599795,-50.32573207603781,101.42076169206796,0.0,0.5020470829068577
2026-09-29,8114,0.4283520982599795,-10.050251256281406,13.687150837988826,0.3071903787103378,0.8510747185261003
2026-09-29,8121,0.4283520982599795,-2.595419847328251,21.15987460815047,0.4953940634595702,0.9641760491299898
2026-09-29,8131,0.4283520982599795,-6.097558791406188,13.149348172274502,0.2968270214943705,0.8382804503582395
2026-09-29,8147,0.4283520982599795,-1.3333333333333308,18.91891891891892,0.1716990788126919,0.7384851586489253
2026-09-29,8150,0.4283520982599795,-9.913793103448276,30.33492530932267,0.132164790174002,0.7011258955987717
2026-09-29,8155,0.4283520982599795,-18.40000000000001,22.54901960784314,-0.0322415557830092,0.45445240532241554
2026-09-29,8162,0.4283520982599795,-5.07982793667181,16.513766134186255,0.3845957011258956,0.9042988741044012
2026-09-29,8163,0.4283520982599795,-5.928234890138507,9.950248756218906,0.4987205731832139,0.9651995905834186
2026-09-29,8171,0.4283520982599795,-2.830192176164148,9.951461866063978,0.1049129989764585,0.6683725690890481
2026-09-29,8176,0.4283520982599795,-2.200000000000002,5.112474437627812,-0.1609518935516889,0.2656090071647902
2026-09-29,8182,0.4283520982599795,-3.2863849765258135,14.805825242718448,0.5147134083930398,0.970317297850563
2026-09-29,8201,0.4283520982599795,0.0,21.232876712328768,0.0606448311156602,0.607727737973388
2026-09-29,8210,0.4283520982599795,-13.16831683168317,15.621436716077536,0.1105424769703173,0.676560900716479
2026-09-29,8213,0.4283520982599795,-2.9585776912210204,5.945118462167136,0.0547594677584442,0.5992835209825998
2026-09-29,8215,0.4283520982599795,-9.677419354838712,23.214285714285715,0.138689866939611,0.7072671443193449
2026-09-29,8222,0.4283520982599795,-11.528825438503745,16.00567004498274,0.404042988741044,0.9165813715455476
2026-09-29,8227,0.4283520982599795,0.0,54.00593471810089,-0.0046059365404298,0.4907881269191402
2026-09-29,8234,0.4283520982599795,-11.664299709518676,15.61997516527652,0.093654042988741,0.6542988741044012
2026-09-29,8240,0.4283520982599795,-4.385964912280704,23.302753693466887,-0.0061412487205732,0.4887410440122825
2026-09-29,8249,0.4283520982599795,-7.023809523809533,12.548019272417172,0.4347492323439099,0.9355168884339816
2026-09-29,8255,0.4283520982599795,-4.290429042904287,13.448275862068964,0.6867963152507676,0.9969293756397134
2026-09-29,8261,0.4283520982599795,-5.36193029490617,16.147308781869686,0.5859774820880245,0.9866939611054247
2026-09-29,8271,0.4283520982599795,-14.925373134328357,18.79699248120301,-0.2858239508700102,0.14969293756397134
2026-09-29,8272,0.4283520982599795,-3.3923347319055663,10.38168404848521,0.0232855680655066,0.5440122824974412
2026-09-29,8277,0.4283520982599795,-23.902439024390244,37.5,-0.4964176049129989,0.0383828045035824
2026-09-29,8279,0.4283520982599795,-2.599013579755205,4.06607951415085,0.0903275332650972,0.6502047082906858
2026-09-29,8284,0.4283520982599795,-2.4390201186157423,7.058816797593061,-0.4112077789150461,0.06908904810644831
2026-09-29,8289,0.4283520982599795,-3.459121040982094,16.395220927384468,0.5711361310133061,0.9856704196519959
2026-09-29,8291,0.4283520982599795,-22.727275879914966,32.3529490962573,-0.0076765609007164,0.48771750255885365
2026-09-29,8299,0.4283520982599795,-9.999999999999998,21.27659574468085,0.1141248720573182,0.6827021494370522
2026-09-29,8341,0.4283520982599795,-3.129070461191452,3.633912447163106,-0.1015864892528147,0.34800409416581374
2026-09-29,8342,0.4283520982599795,-5.113636363636365,8.383233532934131,0.0089559877175025,0.5220061412487206
2026-09-29,8349,0.4283520982599795,-0.2200220022002263,17.64057163629669,0.0460593654042988,0.5910951893551689
2026-09-29,8354,0.4283520982599795,-6.111111111111123,7.98816793769069,-0.2894063459570112,0.14636642784032752
2026-09-29,8358,0.4283520982599795,-11.702127659574469,18.97590361445783,0.4040429887410439,0.9160696008188332
2026-09-29,8367,0.4283520982599795,-2.791263936028643,3.3707922317562033,-0.2694472876151484,0.1617195496417605
2026-09-29,8374,0.4283520982599795,-14.414417355703502,17.894744873046875,0.0591095189355168,0.6059365404298874
2026-09-29,8383,0.4283520982599795,-3.70369951747882,10.355023942755526,-0.2107215967246672,0.21392016376663256
2026-09-29,8390,0.4283520982599795,-10.510511877378592,12.192395442817569,0.0498976458546571,0.5957011258955988
2026-09-29,8401,0.4283520982599795,-1.0869565217391353,2.637364314152644,-0.1260235414534288,0.3178096212896622
2026-09-29,8403,0.4283520982599795,-0.7812539425987364,2.3622087293409613,-0.074078812691914,0.3915046059365404
2026-09-29,8404,0.4283520982599795,-20.543802983669636,25.85550750616385,0.0401740020470828,0.577021494370522
2026-09-29,8409,0.4283520982599795,-2.439028424559042,3.611119588216146,-0.1679887410440123,0.2579324462640737
2026-09-29,8410,0.4283520982599795,-8.346969887865374,10.714282989501951,-0.1317809621289662,0.3091095189355169
2026-09-29,8411,0.4283520982599795,-9.848483545830511,13.025208481219632,-0.321136131013306,0.11975435005117707
2026-09-29,8415,0.4283520982599795,-7.0105801337223,9.815080406655628,0.0092118730808598,0.5230296827021494
2026-09-29,8416,0.4283520982599795,-2.0289855072463725,2.6627218934911245,-0.3112845445240532,0.12743091095189354
2026-09-29,8421,0.4283520982599795,-6.884059258004072,13.229570500117784,0.0793244626407369,0.6348515864892528
2026-09-29,8422,0.4283520982599795,-6.764169490553817,7.450981888116577,-0.1564738996929375,0.27328556806550663
2026-09-29,8423,0.4283520982599795,-7.435897435897432,13.296396778561071,-0.266632548618219,0.16427840327533266
2026-09-29,8424,0.4283520982599795,-1.6853932584269704,3.857142857142861,-0.0923746161719548,0.3638689866939611
2026-09-29,8426,0.4283520982599795,-2.132703191156926,6.053268765133173,-0.0515609007164791,0.4273285568065507
2026-09-29,8429,0.4283520982599795,-4.098359156410957,4.786323156112275,-0.0926305015353122,0.36284544524053225
2026-09-29,8431,0.4283520982599795,-5.689904520790479,29.26093744476457,-0.0455475946775845,0.4367963152507677
2026-09-29,8432,0.4283520982599795,-1.556423155894493,3.359685302251884,-0.0350562947799384,0.45138178096212894
2026-09-29,8433,0.4283520982599795,-4.504504504504503,6.22641365483122,-0.1218014329580348,0.32292732855680656
2026-09-29,8435,0.4283520982599795,-1.4869874505675895,2.0754688190964035,-0.1796315250767656,0.24002047082906858
2026-09-29,8436,0.4283520982599795,-16.600790513833996,22.748815165876778,0.2881269191402251,0.8316274309109519
2026-09-29,8437,0.4283520982599795,-6.912445669132172,20.29703159143431,0.1161719549641761,0.6847492323439099
2026-09-29,8438,0.4283520982599795,-4.076738609112718,21.62500190734864,0.4388433981576254,0.9396110542476971
2026-09-29,8440,0.4283520982599795,-2.558139534883719,9.54653937947494,0.1699078812691914,0.7354145342886387
2026-09-29,8442,0.4283520982599795,-4.8832240947625944,6.808034011295865,-0.5115148413510747,0.033776867963152504
2026-09-29,8443,0.4283520982599795,-2.192979183296695,4.035872728835291,-0.1251279426816786,0.3185772773797339
2026-09-29,8444,0.4283520982599795,-11.99999999999999,17.9545445875688,0.0190634595701126,0.537871033776868
2026-09-29,8446,0.4283520982599795,-2.2016257063378064,2.6066404948302355,-0.1962640736949846,0.2241555783009212
2026-09-29,8450,0.4283520982599795,-2.3728813559321993,5.208333333333333,0.0419651995905834,0.5834186284544524
2026-09-29,8454,0.4283520982599795,-6.349206349206349,7.838983050847458,-0.0689611054247697,0.4007164790174002
2026-09-29,8455,0.4283520982599795,-8.677688829479091,9.502265895653627,0.0033265097236437,0.510747185261003
2026-09-29,8462,0.4283520982599795,-8.720930232558144,10.191082802547772,-0.3075742067553736,0.12871033776867963
2026-09-29,8463,0.4283520982599795,-3.009260972177352,5.2505984795691,-0.265353121801433,0.16581371545547594
2026-09-29,8464,0.4283520982599795,-3.746770025839796,7.248322147651007,-0.1609518935516887,0.2661207778915046
2026-09-29,8466,0.4283520982599795,-9.226186353873588,21.639339259413426,0.4726202661207779,0.9595701125895599
2026-09-29,8467,0.4283520982599795,-5.882352941176472,12.61363462968306,0.3363613101330603,0.8705220061412487
2026-09-29,8472,0.4283520982599795,-12.033692728929813,26.12858888388659,-0.5511770726714432,0.0255885363357216
2026-09-29,8473,0.4283520982599795,-7.350556776851091,12.997021252595925,0.5116427840327533,0.9687819856704196
2026-09-29,8476,0.4283520982599795,-2.457002457002455,8.312338725745835,0.121417604912999,0.6914022517911975
2026-09-29,8477,0.4283520982599795,-9.03225806451613,11.347517730496453,-0.179503582395087,0.240532241555783
2026-09-29,8478,0.4283520982599795,-3.806228373702425,4.676258992805756,-0.142911975435005,0.2901740020470829
2026-09-29,8481,0.4283520982599795,-2.631577170186328,3.3169495678650947,-0.18014329580348,0.23950870010235414
2026-09-29,8482,0.4283520982599795,-7.7450980392156925,11.68969181721573,-0.2952917093142272,0.13971340839303992
2026-09-29,8487,0.4283520982599795,-2.086232954166223,2.698865803805264,0.0437563971340839,0.5875127942681678
2026-09-29,8488,0.4283520982599795,-14.03508484271817,17.34693682923607,-0.3894575230296827,0.07830092118730808
2026-09-29,8489,0.4283520982599795,-5.919660216118327,11.011230811644136,0.0583418628454452,0.6044012282497441
2026-09-29,8499,0.4283520982599795,-5.166051660516602,8.171206225680933,0.4255373592630501,0.9288638689866939
2026-09-29,8905,0.4283520982599795,-0.2836879432624117,3.982934639769292,-0.186284544524053,0.23285568065506654
2026-09-29,8906,0.4283520982599795,-5.573770491803276,10.416666666666666,-0.2689355168884339,0.16223132036847493
2026-09-29,8908,0.4283520982599795,-1.8292682926829285,5.178539205041732,-0.1809109518935517,0.2374616171954964
2026-09-29,8916,0.4283520982599795,-1.201919453031075,2.5547426692470725,-0.0519447287615147,0.4263050153531218
2026-09-29,8917,0.4283520982599795,-0.9090909090909038,6.422018348623854,0.0030706243602866,0.5099795291709315
2026-09-29,8923,0.4283520982599795,-5.141391895700497,7.588084151105183,0.0235414534288638,0.5452917093142272
2026-09-29,8924,0.4283520982599795,-4.077669902912628,4.959515714452334,-0.0424769703172978,0.44012282497441146
2026-09-29,8926,0.4283520982599795,-2.9950058566077575,7.375641916055827,-0.09007164790174,0.36770726714431934
2026-09-29,8927,0.4283520982599795,-6.699750094728496,9.308510638297872,0.309365404298874,0.8520982599795291
2026-09-29,8928,0.4283520982599795,-8.216435672356814,10.26201039943112,0.007164790174002,0.5194472876151485
2026-09-29,8929,0.4283520982599795,-3.7313405430164592,5.038756732792804,0.0351842374616171,0.5688331627430911
2026-09-29,8930,0.4283520982599795,-6.818179509997169,8.362368008816285,-0.096596724667349,0.3572159672466735
2026-09-29,8931,0.4283520982599795,-2.265009040356991,8.342994875592954,-0.1097748208802456,0.3398157625383828
2026-09-29,8932,0.4283520982599795,-3.2124352331606154,12.205569085523454,0.2151995905834186,0.7773797338792221
2026-09-29,8933,0.4283520982599795,-5.1759819390272295,11.135365765167636,0.0905834186284544,0.6509723643807575
2026-09-29,8935,0.4283520982599795,0.0,14.507772020725392,0.3728249744114636,0.8976458546571137
2026-09-29,8936,0.4283520982599795,-1.890361998174428,5.587671533485369,0.0177840327533265,0.5358239508700102
2026-09-29,8937,0.4283520982599795,-22.53086784594181,29.48207779234624,-0.2236438075742067,0.2018935516888434
2026-09-29,8938,0.4283520982599795,-0.5660377358490565,5.123341106146969,0.1060644831115659,0.6709314227226203
2026-09-29,8940,0.4283520982599795,-5.9561117280596765,9.333330790201822,0.0537359263050153,0.5977482088024565
2026-09-29,8941,0.4283520982599795,-3.083703697853135,7.045459747314453,-0.2190378710337769,0.2047082906857728
2026-09-29,8942,0.4283520982599795,-6.293709626677191,6.840799815619173,-0.1178352098259978,0.3285568065506653
2026-09-29,8996,0.4283520982599795,-4.229607250755285,32.49211356466877,0.0075486182190378,0.5199590583418628
2026-09-29,9103,0.4283520982599795,-3.6893221718256264,4.032263832707559,-0.0882804503582395,0.372057318321392
2026-09-29,9105,0.4283520982599795,-4.309394281937529,9.699770815102662,0.0319856704196519,0.5614124872057318
2026-09-29,9110,0.4283520982599795,-8.064513300757659,20.35087451600192,-0.1554503582395087,0.2758444216990788
2026-09-29,9136,0.4283520982599795,-21.965810693688848,29.025189586693713,0.067553735926305,0.6177072671443193
2026-09-29,9802,0.4283520982599795,-11.369863013698623,15.455950540958268,0.2699590583418629,0.8213920163766633
2026-09-29,9902,0.4283520982599795,-5.776175880399748,6.130271122373392,-0.2017656090071648,0.22006141248720573
2026-09-29,9904,0.4283520982599795,-0.9980009767452724,4.233867891373173,-0.1038894575230297,0.34493346980552714
2026-09-29,9905,0.4283520982599795,-1.6241264475714612,2.8301814817032724,-0.1874360286591606,0.2323439099283521
2026-09-29,9906,0.4283520982599795,-9.512536748079036,19.036717693920963,-0.1786079836233367,0.24385875127942683
2026-09-29,9907,0.4283520982599795,-5.769233073473401,6.122451574624008,-0.215711361310133,0.20905834186284544
2026-09-29,9908,0.4283520982599795,-2.364866123136755,2.42214664868418,-0.1484135107471852,0.2850562947799386
2026-09-29,9910,0.4283520982599795,-5.85831258377133,8.827783609437184,-0.0657625383828045,0.40736949846468784
2026-09-29,9911,0.4283520982599795,-1.923073325636704,2.450980392156863,-0.101458546571136,0.3490276356192426
2026-09-29,9912,0.4283520982599795,-4.779414435571394,8.494211439920681,-0.0844421699078812,0.3766632548618219
2026-09-29,9914,0.4283520982599795,-19.350958580272337,25.782407484893117,0.0944216990788127,0.6555783009211873
2026-09-29,9917,0.4283520982599795,-2.7649769585253448,3.3175355450236967,-0.3496673490276356,0.09877175025588536
2026-09-29,9918,0.4283520982599795,-2.298850574712641,2.705882352941173,-0.3428863868986694,0.10363357215967246
2026-09-29,9919,0.4283520982599795,-4.195805473650349,5.8394174506194405,-0.3733367451381781,0.0882804503582395
2026-09-29,9921,0.4283520982599795,-9.082125603864744,19.34112321811072,0.3052712384851587,0.849539406345957
2026-09-29,9924,0.4283520982599795,-4.430379746835444,5.0331166248447845,-0.0997952917093142,0.35363357215967245
2026-09-29,9925,0.4283520982599795,-1.743465751620743,2.1546319108196688,-0.1409928352098259,0.2917093142272262
2026-09-29,9926,0.4283520982599795,-2.400000000000002,2.7663903158219134,-0.2924769703172978,0.14329580348004095
2026-09-29,9927,0.4283520982599795,-0.8510638297872242,2.575111662028344,-0.2428352098259979,0.18321392016376664
2026-09-29,9928,0.4283520982599795,-1.6574606361713595,3.932588555839625,0.0620522006141248,0.6110542476970318
2026-09-29,9929,0.4283520982599795,-9.166666666666668,11.009172562065476,-0.3167860798362334,0.1202661207778915
2026-09-29,9930,0.4283520982599795,-5.790299589242476,6.146181936675919,-0.1795035823950869,0.24104401228249744
2026-09-29,9931,0.4283520982599795,-1.6058394160583855,1.6320474777447986,-0.3619498464687819,0.09467758444216991
2026-09-29,9933,0.4283520982599795,-6.271775342416708,10.90457920986776,-0.5854657113613101,0.019959058341862845
2026-09-29,9934,0.4283520982599795,-11.659189802749347,14.416244429380138,0.1696519959058341,0.7349027635619243
2026-09-29,9935,0.4283520982599795,-9.000000000000007,11.813184717199306,0.2520470829068577,0.8050153531218014
2026-09-29,9937,0.4283520982599795,-2.872532748696166,3.5120176079092533,-0.2387410440122825,0.18781985670419651
2026-09-29,9938,0.4283520982599795,-9.263654668582522,11.518318615658744,0.4170931422722621,0.9247697031729785
2026-09-29,9939,0.4283520982599795,-6.3909774436090245,7.228915662650602,-0.3213920163766632,0.11924257932446264
2026-09-29,9940,0.4283520982599795,-7.0093441367701015,8.291455369498863,-0.3784544524053224,0.08623336745138178
2026-09-29,9941,0.4283520982599795,-42.72036622780703,74.58212180215806,-0.0051177072671443,0.4897645854657114
2026-09-29,9942,0.4283520982599795,-2.586206896551724,2.6548672566371683,-0.1571136131013305,0.27175025588536333
2026-09-29,9943,0.4283520982599795,-2.9013553980732354,3.1872525158156404,-0.0268679631525076,0.4611054247697032
2026-09-29,9944,0.4283520982599795,-2.005734943477988,2.923976608187134,-0.2606192425793245,0.16888433981576254
2026-09-29,9945,0.4283520982599795,-4.440788274574126,9.638551590569868,-0.1719549641760491,0.25409416581371547
2026-09-29,9946,0.4283520982599795,-7.67123287671232,9.79228260255355,0.2249232343909928,0.785568065506653
2026-09-29,9949,0.4283520982599795,-3.0000000000000027,4.536084047297841,0.2182702149437052,0.7809621289662231
2026-09-29,9950,0.4283520982599795,-1.4423040772329363,2.9268218249809106,-0.1622313203684749,0.2645854657113613
2026-09-29,9951,0.4283520982599795,-13.89396829421734,16.66666828649565,-0.0460593654042988,0.43551688843398156
2026-09-29,9955,0.4283520982599795,-7.346938775510203,11.013215859030838,-0.0609007164790173,0.41453428863868985
2026-09-29,9958,0.4283520982599795,-2.021276595744692,7.274698097982832,0.0826509723643807,0.638689866939611
2026-09-29,9960,0.4283520982599795,-0.4830917874396045,29.975730007134587,0.0278915046059365,0.5514329580348004
2026-09-29,9962,0.4283520982599795,-2.870811624313641,6.305412705895935,0.0336489252814738,0.5665301944728761
