Date,Code,BREADTH_5D,DIST_HIGH20,RANGE20_PCT,RS_ACCEL,RS_ACCEL_PCTL
2026-09-24,0050,0.5627883136852896,-1.1868131868131848,7.784697508896797,-0.0212711430035879,0.47719118400820093
2026-09-24,0051,0.5627883136852896,-0.5036896757737774,5.332429224761643,0.0210148641722194,0.5671450538185546
2026-09-24,0052,0.5627883136852896,-0.7587276393044573,7.492357073209336,-0.0002562788313684,0.5233213736545361
2026-09-24,0053,0.5627883136852896,-0.7056080205600557,7.283857957769914,0.0192209123526397,0.5638134290107637
2026-09-24,0055,0.5627883136852896,-3.618679904012123,13.221645239721058,-0.5199897488467452,0.02665299846232701
2026-09-24,0056,0.5627883136852896,-2.0743275812840523,7.678726344432646,-0.2247565351101998,0.1824705279343926
2026-09-24,0057,0.5627883136852896,-1.0385756676557834,6.536727973903673,-0.0509994874423371,0.43311122501281396
2026-09-24,0061,0.5627883136852896,-1.512052814617626,3.5684593485598888,0.0215274218349563,0.5681701691440287
2026-09-24,1101,0.5627883136852896,-0.1154734411085378,45.20231213872832,0.0033316248077908,0.5325474115838031
2026-09-24,1102,0.5627883136852896,-1.1080290610201438,5.042014669637386,-0.0766273705791902,0.38185545873910814
2026-09-24,1103,0.5627883136852896,-2.6119375260747923,3.4482744004991184,-0.1696565863659662,0.25525371604305486
2026-09-24,1104,0.5627883136852896,-4.480285432334075,5.440896268633472,-0.3741670937980523,0.07022039979497693
2026-09-24,1108,0.5627883136852896,-6.355933717049844,7.692311144522412,0.1268580215274218,0.6960533059969246
2026-09-24,1109,0.5627883136852896,-2.2058850959922327,2.2556419659378015,-0.0891850333162481,0.3654536135315223
2026-09-24,1110,0.5627883136852896,-10.334350663189152,13.898310257216629,-0.269861609431061,0.14146591491542798
2026-09-24,1201,0.5627883136852896,-5.691058373008384,6.465518885645367,-0.278575089697591,0.13685289595079447
2026-09-24,1203,0.5627883136852896,-7.577371589632042,10.969976905311778,-0.1799077396207073,0.238851870835469
2026-09-24,1210,0.5627883136852896,-1.7045440342143725,2.6974907729896738,-0.0743208610968734,0.3862121988723731
2026-09-24,1213,0.5627883136852896,-14.234016493158908,16.877634448173513,-0.0189646335212711,0.4805228088159918
2026-09-24,1215,0.5627883136852896,-5.803571428571431,7.582938388625592,-0.3213736545361353,0.10558687852383393
2026-09-24,1216,0.5627883136852896,-2.86831425785683,3.7583831172661495,-0.2601230138390569,0.1496668375192209
2026-09-24,1217,0.5627883136852896,-0.9950267545970282,1.608042117938319,-0.2397488467452589,0.1670937980522809
2026-09-24,1218,0.5627883136852896,-2.040815055494438,3.8194457689921184,0.0890568939005637,0.6586365966171194
2026-09-24,1219,0.5627883136852896,-2.553191489361706,5.2401780041024315,0.1199384930804715,0.6899026140440799
2026-09-24,1220,0.5627883136852896,-3.153156481453967,4.186053608739132,-0.1175038441824705,0.3249615581752947
2026-09-24,1225,0.5627883136852896,-7.386362298132609,9.406949844828413,0.0986673500768836,0.6678626345463865
2026-09-24,1227,0.5627883136852896,-2.595154423633228,3.019539543409331,-0.1009738595592004,0.35161455663762176
2026-09-24,1229,0.5627883136852896,-5.535926314967455,6.234415867679427,-0.1691440287032291,0.25627883136852897
2026-09-24,1231,0.5627883136852896,-1.8495665873529576,2.3869365903001336,-0.1588928754484879,0.26806765761148127
2026-09-24,1232,0.5627883136852896,-1.904761904761909,2.5889967637540456,-0.2974115838031779,0.12147616606868272
2026-09-24,1233,0.5627883136852896,-3.103448275862064,4.0925253328479485,-0.0898257303946694,0.3649410558687852
2026-09-24,1234,0.5627883136852896,-1.636900294935162,1.8154265480214635,-0.3262429523321373,0.10097385955920041
2026-09-24,1235,0.5627883136852896,-11.691542288557224,16.92823812995159,-0.2145053818554587,0.1901588928754485
2026-09-24,1236,0.5627883136852896,-3.422050430299317,5.905511811023622,-0.3610968733982573,0.07585853408508457
2026-09-24,1240,0.5627883136852896,-1.0752674646311575,3.2608681830807007,-0.2361609431060994,0.1709379805228088
2026-09-24,1256,0.5627883136852896,-14.83375959079284,18.01801801801802,-0.1140440799589953,0.3300871348026653
2026-09-24,1259,0.5627883136852896,-1.449275362318836,11.470587113324331,-0.0653511019989749,0.40594566888774986
2026-09-24,1264,0.5627883136852896,-3.740157480314965,4.9079754601226995,-0.0274218349564326,0.469502819067145
2026-09-24,1268,0.5627883136852896,-4.6448087431694045,8.595988538681947,0.0481804202972835,0.6048180420297283
2026-09-24,1294,0.5627883136852896,-7.706422018348624,8.54870623670089,-0.004356740133265,0.5056381342901076
2026-09-24,1295,0.5627883136852896,-4.365482233502538,11.040341322589072,0.1563300871348026,0.7327011788826243
2026-09-24,1301,0.5627883136852896,-9.971906253596377,15.60061807379522,-0.5269092772936956,0.023833931317273193
2026-09-24,1303,0.5627883136852896,-5.3677932405566615,14.07563025210084,-0.4687339825730394,0.03741670937980523
2026-09-24,1304,0.5627883136852896,-4.942963021948133,9.199996948242172,-0.0973859559200409,0.35520246027678115
2026-09-24,1305,0.5627883136852896,-7.633590475953378,11.570252662847864,-0.1217324449000512,0.31906714505381856
2026-09-24,1307,0.5627883136852896,-1.2861748442551724,3.4201991674566115,0.0509994874423372,0.6094310609943618
2026-09-24,1308,0.5627883136852896,-6.229508196721312,9.790207122589312,-0.3639159405433112,0.07483341875961046
2026-09-24,1309,0.5627883136852896,-6.122447761515504,12.318839197573457,-0.319323423885187,0.10661199384930804
2026-09-24,1310,0.5627883136852896,-4.198062039337569,10.337079508920734,-0.0558687852383393,0.4238851870835469
2026-09-24,1312,0.5627883136852896,-11.515151515151524,18.493149378528333,-0.5579190158892876,0.020502306509482315
2026-09-24,1313,0.5627883136852896,-3.5714314908396716,7.818936320489356,-0.0832906201947719,0.37365453613531524
2026-09-24,1314,0.5627883136852896,-6.736842105263163,16.93002257336343,-0.1955407483341875,0.21373654536135314
2026-09-24,1315,0.5627883136852896,-0.2919708029197165,4.831629651182742,-0.1066119938493079,0.3418759610456176
2026-09-24,1316,0.5627883136852896,-12.552299859470706,14.832537710381484,-0.248077908764736,0.1573552024602768
2026-09-24,1319,0.5627883136852896,-6.405697338400285,8.365026747168091,-0.1845207585853409,0.22962583290620195
2026-09-24,1321,0.5627883136852896,-3.85185185185184,6.163328197226502,-0.0679138903126602,0.40030753459764223
2026-09-24,1323,0.5627883136852896,-2.2831033207288742,4.205605694066699,-0.3090722706304459,0.10917478216299334
2026-09-24,1324,0.5627883136852896,-2.4271862728676874,3.5820956253886815,0.0458739108149666,0.6043054843669913
2026-09-24,1325,0.5627883136852896,-3.74532110249034,6.225682418170143,-0.2842132239876986,0.13403382880574063
2026-09-24,1326,0.5627883136852896,-14.32224729580881,24.328351376661615,-0.7465402357765248,0.007688364941055869
2026-09-24,1336,0.5627883136852896,-2.5640983283365393,9.356721799973158,-0.0397232188621219,0.44848795489492566
2026-09-24,1337,0.5627883136852896,-7.291670350564705,9.21349043256781,0.0292157867760122,0.5848282931829831
2026-09-24,1338,0.5627883136852896,-1.006708874970208,5.762707985053616,0.2032291132752435,0.7762685802152742
2026-09-24,1339,0.5627883136852896,-2.863691826305703,3.537735849056604,-0.2977960020502307,0.12096360840594567
2026-09-24,1340,0.5627883136852896,-1.6981167452068455,4.606530670927491,-0.0584315735520246,0.4195284469502819
2026-09-24,1341,0.5627883136852896,-0.1663868164059168,3.6666615804036455,-0.0426704254228601,0.44284982060481803
2026-09-24,1342,0.5627883136852896,-3.809523809523807,6.534651954575341,0.1518452075858534,0.7265504869297796
2026-09-24,1402,0.5627883136852896,-4.4142639363711105,7.460036879110929,-0.2416709379805228,0.16401845207585852
2026-09-24,1409,0.5627883136852896,-10.166356061455406,13.786001951115612,-0.1842644797539723,0.23167606355715017
2026-09-24,1410,0.5627883136852896,-4.950495049504955,6.041669845581055,-0.144413121476166,0.2870322911327524
2026-09-24,1413,0.5627883136852896,-4.766835613619758,7.616972897335527,-0.2744746283956946,0.1389031266017427
2026-09-24,1414,0.5627883136852896,-10.28277986883326,14.04011898532638,0.1652998462327011,0.7396207073295745
2026-09-24,1416,0.5627883136852896,-3.781509520635185,6.986892900092082,-0.0032034853921065,0.5105074320861097
2026-09-24,1417,0.5627883136852896,-2.994016407765998,5.061732398139107,0.132752434648898,0.7009226037929267
2026-09-24,1418,0.5627883136852896,-3.430079155672816,9.289617486338797,0.083803177857509,0.6524859046642747
2026-09-24,1419,0.5627883136852896,-3.7900853235469434,5.606055982185133,-0.2854946181445412,0.13223987698616094
2026-09-24,1423,0.5627883136852896,-4.558013061228106,6.07815423681146,-0.2283444387493593,0.17811378780112763
2026-09-24,1432,0.5627883136852896,-0.9868408628117442,1.9933567490688708,-0.0716299333675037,0.3926191696565864
2026-09-24,1434,0.5627883136852896,-3.49462563515478,6.406683111589268,-0.1778575089697591,0.2416709379805228
2026-09-24,1435,0.5627883136852896,-8.811473984194173,15.730337078651685,0.0110199897488467,0.5535622757560226
2026-09-24,1436,0.5627883136852896,-8.248734517800017,9.543570575212872,0.0648385443362378,0.6286519733470015
2026-09-24,1437,0.5627883136852896,-1.8126842954092504,5.230765709510217,-0.1604305484366991,0.265504869297796
2026-09-24,1438,0.5627883136852896,-5.494505494505497,10.637389781863174,-0.1537672988211174,0.274218349564326
2026-09-24,1439,0.5627883136852896,-6.166666666666676,8.70337748823962,-0.4610456176319836,0.03997949769349052
2026-09-24,1440,0.5627883136852896,-9.090911426199687,14.444450095847827,0.0023065094823168,0.5274218349564326
2026-09-24,1442,0.5627883136852896,-13.302036499070324,17.148017194727274,-0.3546899026140441,0.08124038954382368
2026-09-24,1443,0.5627883136852896,-7.799999999999995,10.84598698481562,-0.0376729882111737,0.4536135315222963
2026-09-24,1444,0.5627883136852896,-8.165994743301052,11.95334832105275,0.0430548436699128,0.5996924654023578
2026-09-24,1445,0.5627883136852896,-5.633799436821696,6.4676578958235975,0.0799589953869809,0.6483854433623782
2026-09-24,1446,0.5627883136852896,-2.158270696139719,4.779408959781409,0.2450025627883136,0.8103536647872885
2026-09-24,1447,0.5627883136852896,-10.62937182140522,14.084508534701593,-0.0084572014351614,0.5007688364941056
2026-09-24,1449,0.5627883136852896,-1.9685024647224991,5.220880470122678,0.1471040492055356,0.7196309584828293
2026-09-24,1451,0.5627883136852896,-1.7241357764788967,2.923976608187134,-0.2048949256791388,0.20194771911840081
2026-09-24,1452,0.5627883136852896,-5.676854323955249,6.481479715417931,-0.1099436186570989,0.33751922091235265
2026-09-24,1453,0.5627883136852896,-4.803491863991882,6.422016598762722,-0.1515889287544848,0.2767811378780113
2026-09-24,1454,0.5627883136852896,-5.019303620376048,7.317070069351816,-0.3777549974372116,0.06765761148129165
2026-09-24,1455,0.5627883136852896,-8.67924856944361,11.2603321548336,-0.2872885699641209,0.12967708867247565
2026-09-24,1456,0.5627883136852896,-4.854367757437594,13.60544217687075,0.0025627883136853,0.5279343926191696
2026-09-24,1457,0.5627883136852896,-1.712331335189743,2.4390270485695353,-0.3004869297796002,0.1168631471040492
2026-09-24,1459,0.5627883136852896,-0.3125000000000044,5.015675177021087,-0.0679138903126601,0.4008200922603793
2026-09-24,1460,0.5627883136852896,-6.156154006090919,6.879997558593744,-0.0340850845720143,0.45617631983598156
2026-09-24,1463,0.5627883136852896,-1.114210331134835,5.915499405122139,0.0335725269092773,0.5894413121476166
2026-09-24,1464,0.5627883136852896,-3.20388528761103,4.312941877389982,0.0961045617631983,0.6642747309072271
2026-09-24,1465,0.5627883136852896,-6.827307809535688,8.18965352814773,-0.0654792414146591,0.4054331112250128
2026-09-24,1466,0.5627883136852896,-10.060973517742934,12.203384658037594,0.0800871348026653,0.6488980010251153
2026-09-24,1467,0.5627883136852896,-6.720742836032878,9.068323218304178,-0.1299333675038441,0.3070220399794977
2026-09-24,1468,0.5627883136852896,-2.9411791930148534,8.333336223255518,-0.2811378780112763,0.1353152229625833
2026-09-24,1470,0.5627883136852896,-4.627768063646654,5.907171386203686,-0.4008200922603793,0.05996924654023578
2026-09-24,1471,0.5627883136852896,-6.93069658446751,8.936171836041408,0.1422347514095335,0.7124551512045105
2026-09-24,1472,0.5627883136852896,-3.190320656984025,5.681818181818182,-0.1811891337775499,0.23731419784725782
2026-09-24,1473,0.5627883136852896,-3.225804619532213,4.102562146309087,-0.2569195284469502,0.1522296258329062
2026-09-24,1474,0.5627883136852896,-5.6603807535574475,8.900003433227557,-0.1592772936955406,0.2675550999487442
2026-09-24,1475,0.5627883136852896,-3.83211544944756,6.451608560116965,0.0594566888774987,0.6219887237314198
2026-09-24,1476,0.5627883136852896,-12.77602523659306,15.913200723327304,-0.0781650435674013,0.38083034341363403
2026-09-24,1477,0.5627883136852896,-4.260651629072687,5.7591623036649215,-0.1191696565863659,0.32342388518708354
2026-09-24,1503,0.5627883136852896,-8.837209302325578,10.20408163265306,0.0345976422347514,0.5904664274730907
2026-09-24,1504,0.5627883136852896,-8.422463629310995,10.510953360230392,-0.296514607893388,0.12327011788826243
2026-09-24,1506,0.5627883136852896,-5.490194311145591,5.8091266521279685,-0.18990261404408,0.22014351614556638
2026-09-24,1512,0.5627883136852896,-6.079026266625897,8.576047459080767,0.0181957970271655,0.5627883136852896
2026-09-24,1513,0.5627883136852896,-4.046242774566478,6.626506024096386,0.096873398257304,0.6652998462327012
2026-09-24,1514,0.5627883136852896,-8.520179372197312,11.862743602079505,0.2256535110199898,0.7954894925679139
2026-09-24,1515,0.5627883136852896,-23.40702362641882,33.27674412363049,0.3869810353664787,0.9159405433111225
2026-09-24,1516,0.5627883136852896,-11.1486497937196,14.828898788858275,0.0530497180932854,0.6114812916453101
2026-09-24,1517,0.5627883136852896,-10.434782608695649,11.650485436893195,-0.2124551512045104,0.19323423885187083
2026-09-24,1519,0.5627883136852896,-11.068702290076338,13.161659513590845,-0.1641465914915428,0.26140440799589953
2026-09-24,1521,0.5627883136852896,-5.494502853407601,11.627906976744184,0.1150691952844694,0.6852895950794464
2026-09-24,1522,0.5627883136852896,0.0,51.36718824505806,0.0056381342901077,0.5392106611993849
2026-09-24,1524,0.5627883136852896,-5.967448973939549,7.6923076923076925,0.1386468477703741,0.707842132239877
2026-09-24,1525,0.5627883136852896,-5.014753537934624,6.521746238566332,-0.2045105074320861,0.20348539210661198
2026-09-24,1526,0.5627883136852896,-11.711709688930338,14.965985097041749,-0.1932342388518708,0.2168118913377755
2026-09-24,1527,0.5627883136852896,-1.5083001594693002,3.2159358399933,-0.0561250640697077,0.42337262942080983
2026-09-24,1528,0.5627883136852896,-8.781360759958812,36.14930788051403,0.0289595079446437,0.583803177857509
2026-09-24,1529,0.5627883136852896,-14.87603126874838,24.595464317543986,0.4236289082521783,0.9354177344951307
2026-09-24,1530,0.5627883136852896,-9.49152542372882,10.861421792248215,-0.2988211173757048,0.11993849308047155
2026-09-24,1531,0.5627883136852896,-14.963502465735424,18.88411853446469,0.1285238339313172,0.6975909789851358
2026-09-24,1532,0.5627883136852896,-4.291842359676846,4.9327320047558185,-0.2221937467965146,0.18400820092260378
2026-09-24,1533,0.5627883136852896,-6.481485885738514,8.250831377388227,0.0381855458739108,0.5953357252690927
2026-09-24,1535,0.5627883136852896,-1.2987029286388174,4.605268177233244,0.1473603280369042,0.7201435161455664
2026-09-24,1536,0.5627883136852896,-9.441235803115768,12.553194735912568,0.140056381342901,0.7093798052280882
2026-09-24,1537,0.5627883136852896,-3.765690376569042,4.782608695652174,0.0174269605330599,0.5617631983598155
2026-09-24,1539,0.5627883136852896,-3.7267103556115178,4.193552078739289,-0.1629933367503844,0.26345463864684776
2026-09-24,1540,0.5627883136852896,-2.500000000000002,4.871798784304888,0.0372885699641209,0.5940543311122501
2026-09-24,1558,0.5627883136852896,-0.8849557522123908,11.160714285714286,-0.1488980010251153,0.28088159917990774
2026-09-24,1560,0.5627883136852896,-2.116935483870963,33.88259526261586,0.0158892875448487,0.5589441312147616
2026-09-24,1563,0.5627883136852896,-15.31531822564346,22.20745289579351,-0.3088159917990774,0.1096873398257304
2026-09-24,1565,0.5627883136852896,-5.44554455445545,6.178012068983148,-0.2895950794464377,0.12865197334700154
2026-09-24,1568,0.5627883136852896,-2.9827327161428774,12.783173990095316,0.2311635058944131,0.7995899538698104
2026-09-24,1569,0.5627883136852896,-4.852941176470582,36.08964215474666,0.0105074320861096,0.5520246027678114
2026-09-24,1570,0.5627883136852896,-2.8106486937990893,6.697104583229285,0.3877498718605843,0.9174782162993337
2026-09-24,1580,0.5627883136852896,-9.345794392523366,11.9587613135269,0.2770374167093797,0.840594566888775
2026-09-24,1582,0.5627883136852896,-9.909906371516763,12.857142857142856,0.1537672988211173,0.7293695540748334
2026-09-24,1583,0.5627883136852896,-4.863218942913727,7.028752368606063,0.0028190671450537,0.5287032291132753
2026-09-24,1584,0.5627883136852896,-3.743319435188197,6.388897365993923,-0.0422860071758072,0.4433623782675551
2026-09-24,1586,0.5627883136852896,-1.0989052448102776,2.5000042385525174,-0.0971296770886724,0.3564838544336238
2026-09-24,1587,0.5627883136852896,-4.6653129262759885,6.382978723404255,0.0056381342901076,0.5381855458739108
2026-09-24,1590,0.5627883136852896,-19.06354515050167,24.793388429752067,-0.0797027165556125,0.3787801127626858
2026-09-24,1591,0.5627883136852896,-5.827509177058676,19.306938246925277,-0.1078933880061506,0.3408508457201435
2026-09-24,1593,0.5627883136852896,-1.700149922915983,4.088047915284738,-0.0904664274730907,0.36442849820604817
2026-09-24,1595,0.5627883136852896,-5.03067484662576,26.227389195168666,0.1963095848282932,0.7701178882624296
2026-09-24,1597,0.5627883136852896,-18.59756097560976,24.344569288389515,-0.1135315222962583,0.33111225012813944
2026-09-24,1598,0.5627883136852896,-5.787038700897796,9.336607462065224,-0.3217580727831882,0.10456176319835982
2026-09-24,1599,0.5627883136852896,-2.947368421052632,4.3383947939262475,-0.2606355715017939,0.14915427985648386
2026-09-24,1603,0.5627883136852896,-3.0448741657336797,4.958677685950414,0.0397232188621219,0.5971296770886725
2026-09-24,1604,0.5627883136852896,-1.0548555058714992,2.771861517607276,-0.2744746283956945,0.13941568426447976
2026-09-24,1605,0.5627883136852896,-8.145366921279374,10.095502116995643,-0.3077908764736032,0.11071245515120451
2026-09-24,1608,0.5627883136852896,-8.268735658537485,9.43662616568552,-0.3024090210148641,0.11404407995899539
2026-09-24,1609,0.5627883136852896,-1.5604700937165372,4.623513870541611,-0.1245515120451051,0.31368528959507946
2026-09-24,1611,0.5627883136852896,-5.785126937200169,9.210527988902324,0.0032034853921066,0.5307534597642235
2026-09-24,1612,0.5627883136852896,-2.094969980569561,3.708984984480876,-0.080471553049718,0.3769861609431061
2026-09-24,1614,0.5627883136852896,-1.2678264555730512,3.531295262025983,-0.1358277806253203,0.2998462327011789
2026-09-24,1615,0.5627883136852896,-4.6874983768377625,5.386415075083248,-0.1942593541773449,0.2157867760123014
2026-09-24,1616,0.5627883136852896,-8.955225608498763,12.841532139178833,0.0750896975909789,0.6422347514095336
2026-09-24,1617,0.5627883136852896,-5.225649771634632,19.047615223361134,0.2895950794464377,0.8503331624807791
2026-09-24,1618,0.5627883136852896,-5.846526873729618,6.727033568230515,-0.0779087647360328,0.3813429010763711
2026-09-24,1623,0.5627883136852896,-10.22727272727273,11.645569620253164,-0.3121476166068683,0.10866222450025628
2026-09-24,1626,0.5627883136852896,-3.2032032032032087,5.997933325624517,-0.0617631983598154,0.41260891850333165
2026-09-24,1702,0.5627883136852896,-1.34529372997213,4.090916026722302,-0.1196822142491029,0.32265504869297795
2026-09-24,1707,0.5627883136852896,-6.0475146505387105,7.3563235929642605,-0.1619682214249103,0.2639671963095848
2026-09-24,1708,0.5627883136852896,-1.5065913370998163,10.898658650327144,0.1975909789851357,0.7713992824192721
2026-09-24,1709,0.5627883136852896,-13.861386138613865,40.689656926297594,-0.1781137878011276,0.24090210148641722
2026-09-24,1710,0.5627883136852896,-4.373175715525457,10.365852495519128,-0.102255253716043,0.3503331624807791
2026-09-24,1711,0.5627883136852896,-14.60177135295747,21.11399359035986,0.0576627370579189,0.6186570989236289
2026-09-24,1712,0.5627883136852896,-3.510894101323347,4.516936604919816,-0.2944643772424397,0.1255766273705792
2026-09-24,1713,0.5627883136852896,-8.489522830564344,9.759034306169992,-0.0093541773449513,0.49974372116863147
2026-09-24,1714,0.5627883136852896,-15.09433613057246,24.76190233987477,-0.0420297283444387,0.44387493593029215
2026-09-24,1717,0.5627883136852896,-16.491228070175435,24.36975003624496,0.0566376217324449,0.6166068682726806
2026-09-24,1718,0.5627883136852896,-12.133889810951429,16.666666666666664,-0.0743208610968733,0.3869810353664787
2026-09-24,1720,0.5627883136852896,-1.056336699154492,1.9572926585784585,-0.1274987186058431,0.30958482829318296
2026-09-24,1721,0.5627883136852896,-9.869647463016795,30.578510820373033,0.1993849308047155,0.7729369554074833
2026-09-24,1722,0.5627883136852896,-8.72928176795581,9.685230024213077,-0.0953357252690927,0.3593029215786776
2026-09-24,1723,0.5627883136852896,-9.95525880757686,11.552798822059394,-0.1166068682726806,0.3264992311635059
2026-09-24,1725,0.5627883136852896,-2.023117066449165,10.619464525430956,-0.1227575602255253,0.31701691440287033
2026-09-24,1726,0.5627883136852896,-2.429663711495711,2.6212279793475552,-0.2452588416196822,0.1583803177857509
2026-09-24,1727,0.5627883136852896,-7.599999999999996,33.59307623528815,0.0128139415684263,0.5545873910814967
2026-09-24,1730,0.5627883136852896,-1.538461538461533,2.1484345197677612,-0.1353152229625833,0.300871348026653
2026-09-24,1731,0.5627883136852896,-0.9478690893549468,1.6746429735393618,-0.2378267555099948,0.16914402870322912
2026-09-24,1732,0.5627883136852896,-2.793297470443723,4.4061288066294,-0.0025627883136852,0.5140953357252691
2026-09-24,1733,0.5627883136852896,-6.769230769230772,8.74587332848275,-0.1558175294720656,0.27191184008200925
2026-09-24,1734,0.5627883136852896,-2.134144065069432,7.632395188756449,-0.0635571501793952,0.4092772936955407
2026-09-24,1735,0.5627883136852896,-7.517087496986907,13.793109085759506,0.3107380830343413,0.8662224500256279
2026-09-24,1736,0.5627883136852896,-4.49438202247191,9.411764705882351,-0.1834956432598667,0.23321373654536134
2026-09-24,1737,0.5627883136852896,-3.2206095382668165,5.823627287853577,-0.2598667350076883,0.15017939518195797
2026-09-24,1742,0.5627883136852896,-3.0470873147256383,5.999995640345982,-0.3475140953357253,0.08944131214761661
2026-09-24,1752,0.5627883136852896,-2.0312499999999956,2.8708121803198514,-0.109046642747309,0.3390568939005638
2026-09-24,1760,0.5627883136852896,-8.673468202778666,10.055861659556127,-0.0099948744233726,0.4964120963608406
2026-09-24,1762,0.5627883136852896,-7.417586298614065,10.2373909879509,-0.0410046130189646,0.44669400307534596
2026-09-24,1773,0.5627883136852896,-5.187319884726227,11.246200607902736,-0.0038441824705278,0.5082009226037929
2026-09-24,1776,0.5627883136852896,-4.232802299879001,10.773474340280774,-0.1368528959507944,0.29779600205023066
2026-09-24,1777,0.5627883136852896,-2.1080388586466214,3.903097612219255,-0.2193746796514608,0.18554587391081498
2026-09-24,1780,0.5627883136852896,-2.564104030329173,5.870448432953252,-0.3508457201435162,0.08610968733982573
2026-09-24,1781,0.5627883136852896,-6.9444460878646534,8.756220044188256,0.2079702716555612,0.7806253203485393
2026-09-24,1783,0.5627883136852896,-11.566265060240957,14.713900615473856,0.186570989236289,0.7631983598154792
2026-09-24,1784,0.5627883136852896,-3.00633028481484,9.298533055366155,0.3830087134802665,0.9133777549974372
2026-09-24,1785,0.5627883136852896,-8.76190476190476,12.004175365344468,0.2042542286007175,0.7780625320348539
2026-09-24,1786,0.5627883136852896,-14.870256888269871,18.405623620448058,0.1906714505381855,0.7670425422860072
2026-09-24,1788,0.5627883136852896,-1.538461538461533,1.953125,-0.133264992311635,0.30317785750896975
2026-09-24,1789,0.5627883136852896,-6.297231019887628,10.483875069566952,-0.1632496155817529,0.2629420809841107
2026-09-24,1795,0.5627883136852896,-8.595021237634281,12.252233782385131,-0.0297283444387493,0.46514607893388005
2026-09-24,1796,0.5627883136852896,-3.7520379538112936,5.423730106677039,-0.1496668375192209,0.278575089697591
2026-09-24,1799,0.5627883136852896,-6.774193548387098,8.996541112351995,0.0761148129164531,0.6447975397232188
2026-09-24,1802,0.5627883136852896,-8.750000000000002,13.6986301369863,-0.0338288057406458,0.4566888774987186
2026-09-24,1805,0.5627883136852896,-2.4154625338692837,3.8613895378490666,-0.1538954382368016,0.27370579190158895
2026-09-24,1806,0.5627883136852896,-1.7241365459630509,2.506263273999207,-0.1609431060994361,0.2644797539723219
2026-09-24,1808,0.5627883136852896,-14.131901238878086,17.86834334131319,-0.4169656586365966,0.05433111225012814
2026-09-24,1809,0.5627883136852896,0.0,20.617420066152153,0.4215786776012301,0.9338800615069195
2026-09-24,1810,0.5627883136852896,-10.467289719626171,13.987475496742077,0.0873910814966683,0.655561250640697
2026-09-24,1813,0.5627883136852896,-4.6413532807119795,6.63716814159292,-0.0210148641722193,0.477703741670938
2026-09-24,1815,0.5627883136852896,-14.074074074074073,25.24645575161638,-0.425422860071758,0.05074320861096873
2026-09-24,1817,0.5627883136852896,-0.9864346352316812,1.6189233155208982,-0.3213736545361354,0.10507432086109687
2026-09-24,1903,0.5627883136852896,-2.7863792397958,4.883225556391819,-0.1519733470015377,0.27626858021527423
2026-09-24,1904,0.5627883136852896,-2.923975164461423,6.4257043432519145,-0.3901845207585854,0.0645822655048693
2026-09-24,1905,0.5627883136852896,-7.092201095142759,8.778630322172456,-0.0574064582265505,0.42183495643259866
2026-09-24,1906,0.5627883136852896,-6.956521739130439,8.411214953271031,-0.1824705279343925,0.2352639671963096
2026-09-24,1907,0.5627883136852896,-8.130081300813007,9.026548672566374,-0.3508457201435161,0.08687852383393131
2026-09-24,1909,0.5627883136852896,-11.790391543698895,14.356433755100364,-0.3413634033828805,0.09277293695540749
2026-09-24,2002,0.5627883136852896,0.0,50.3999989827474,0.0028190671450537,0.5287032291132753
2026-09-24,2006,0.5627883136852896,-1.348314606741574,10.82004555808656,-0.0287032291132751,0.4674525884161968
2026-09-24,2007,0.5627883136852896,-2.4079312203593606,6.240926390981467,0.0627883136852895,0.6258329062019478
2026-09-24,2008,0.5627883136852896,-3.1746031746031744,3.278688524590164,-0.3651973347001537,0.07380830343413634
2026-09-24,2009,0.5627883136852896,-8.528035752626861,12.132822477650064,-0.1578677601230138,0.26986160943106097
2026-09-24,2010,0.5627883136852896,-2.4017450990925893,6.263980396108606,-0.0402357765248589,0.4479753972321886
2026-09-24,2012,0.5627883136852896,-4.054055290556535,7.042253521126761,0.1709379805228088,0.7447462839569452
2026-09-24,2013,0.5627883136852896,-2.6066368318777067,4.014600396446364,-0.1916965658636596,0.21834956432598668
2026-09-24,2014,0.5627883136852896,-2.0289855072463836,6.213013237044657,0.0410046130189646,0.5981547924141466
2026-09-24,2015,0.5627883136852896,-1.0736150015434265,2.480617789335029,-0.186570989236289,0.22757560225525372
2026-09-24,2017,0.5627883136852896,-5.068640480402086,9.899892584235303,0.3088159917990773,0.8651973347001538
2026-09-24,2020,0.5627883136852896,-0.8968575959776959,4.298637355614572,-0.0181957970271654,0.48180420297283444
2026-09-24,2022,0.5627883136852896,-6.892068313092137,8.519554937352016,-0.0099948744233726,0.4964120963608406
2026-09-24,2023,0.5627883136852896,-3.873238145441915,4.7619033645797515,-0.3569964120963608,0.07893388006150692
2026-09-24,2024,0.5627883136852896,-9.15492835723082,10.852711699729737,-0.0674013326499231,0.4018452075858534
2026-09-24,2025,0.5627883136852896,-2.6022304832713727,12.213737546032604,0.2385955920041004,0.8062532034853921
2026-09-24,2027,0.5627883136852896,-6.299211191180543,12.2899127607586,-0.2137365453613531,0.1922091235263967
2026-09-24,2028,0.5627883136852896,-3.2448377581120957,9.451221838230047,0.0210148641722194,0.5671450538185546
2026-09-24,2029,0.5627883136852896,-3.579419990225152,8.352673523940508,0.0665043567401332,0.6319835981547924
2026-09-24,2030,0.5627883136852896,0.0,27.302630324112737,0.0069195284469503,0.5427985648385444
2026-09-24,2031,0.5627883136852896,-0.2164502164502146,6.507590535923101,0.0056381342901076,0.5381855458739108
2026-09-24,2032,0.5627883136852896,-2.368421052631575,14.824797843665769,0.0440799589953869,0.601742696053306
2026-09-24,2033,0.5627883136852896,-8.571428571428575,45.788044514863394,-0.0135827780625319,0.49051768323936445
2026-09-24,2034,0.5627883136852896,-2.145922746781115,14.254389311137954,0.0148641722193747,0.5561250640697079
2026-09-24,2035,0.5627883136852896,-4.84739807173562,6.981133514980101,-0.3391850333162481,0.09456688877498719
2026-09-24,2038,0.5627883136852896,-3.088801661440599,9.5617514682481,0.3108662224500256,0.866735007688365
2026-09-24,2049,0.5627883136852896,-14.678899082568808,20.89093701996928,-0.214120963608406,0.19169656586365966
2026-09-24,2059,0.5627883136852896,-16.214382632293077,24.898785425101213,-0.1291645310097386,0.3080471553049718
2026-09-24,2061,0.5627883136852896,-5.263157894736848,20.37037037037037,0.3523833931317274,0.8918503331624807
2026-09-24,2062,0.5627883136852896,-7.653063021814321,8.83978111309241,0.0700922603792927,0.6350589441312148
2026-09-24,2063,0.5627883136852896,-2.8806553869884843,3.1779661016949152,-0.2457713992824192,0.15786776012301384
2026-09-24,2065,0.5627883136852896,-4.993250405279415,6.392045454545454,-0.2273193234238851,0.18016401845207586
2026-09-24,2066,0.5627883136852896,-3.818181818181821,9.073722565331847,0.3249615581752947,0.8769861609431061
2026-09-24,2067,0.5627883136852896,-7.610619469026558,20.88122714981723,0.2452588416196822,0.8111225012813942
2026-09-24,2069,0.5627883136852896,-6.715060937540462,27.82101018883375,-0.0520246027678112,0.4305484366991287
2026-09-24,2070,0.5627883136852896,-14.56582815633334,21.475413588226814,-0.088672475653511,0.36699128651973345
2026-09-24,2072,0.5627883136852896,-12.413793103448278,14.960629921259844,0.0349820604818042,0.5914915427985649
2026-09-24,2101,0.5627883136852896,-7.870374709217643,8.877727054870707,-0.0540748334187596,0.42798564838544334
2026-09-24,2102,0.5627883136852896,-12.79999999999999,14.678899082568796,-0.17247565351102,0.2511532547411584
2026-09-24,2103,0.5627883136852896,-5.602718914071647,15.46763001586036,-0.2652485904664275,0.14607893388006152
2026-09-24,2104,0.5627883136852896,-4.291842359676834,15.067258757860657,-0.0105074320861097,0.4946181445412609
2026-09-24,2105,0.5627883136852896,-3.3707853335113835,4.485051101228327,-0.0873910814966683,0.3682726806765761
2026-09-24,2106,0.5627883136852896,-4.857142857142859,6.606608897716076,-0.1045617631983598,0.34648898001025114
2026-09-24,2107,0.5627883136852896,-1.2820485232300394,3.5250421357729884,-0.2314197847257816,0.17631983598154793
2026-09-24,2108,0.5627883136852896,-9.890110969362476,15.853662524073798,-0.1973347001537673,0.21091747821629933
2026-09-24,2109,0.5627883136852896,-0.6622516556291314,3.333330790201809,-0.0708610968733982,0.3946694003075346
2026-09-24,2114,0.5627883136852896,-0.5530990237160194,2.4471686069373955,-0.089185033316248,0.36596617119425934
2026-09-24,2115,0.5627883136852896,-3.8539538873506807,4.64135182054737,-0.4707842132239876,0.03587903639159405
2026-09-24,2201,0.5627883136852896,-8.59375,12.991450383112982,-0.6717068170169144,0.009738595592004101
2026-09-24,2204,0.5627883136852896,-4.718690646320511,6.095232282366071,-0.0635571501793952,0.4092772936955407
2026-09-24,2206,0.5627883136852896,-2.6315766474857116,3.97456279809221,-0.420553562275756,0.05330599692465402
2026-09-24,2207,0.5627883136852896,-6.934306569343063,8.431372549019608,-0.509226037929267,0.027678113787801127
2026-09-24,2208,0.5627883136852896,-2.7568959494035483,6.443298969072166,0.0535622757560225,0.6127626858021528
2026-09-24,2211,0.5627883136852896,-5.350771172137203,6.4070332589460985,-0.0715017939518195,0.3936442849820605
2026-09-24,2221,0.5627883136852896,-2.670623145400597,58.90243809397627,-0.0025627883136853,0.5133264992311635
2026-09-24,2227,0.5627883136852896,-6.832296664983096,7.333331637912327,-0.1107124551512045,0.33675038441824706
2026-09-24,2228,0.5627883136852896,-3.969268290252648,6.399993896484375,-0.2585853408508457,0.15120451050743208
2026-09-24,2230,0.5627883136852896,-4.670909862831262,11.581284962677476,0.3728856996412096,0.9077396207073296
2026-09-24,2231,0.5627883136852896,-7.384615384615389,9.966777408637874,0.2562788313685289,0.8252178370066633
2026-09-24,2233,0.5627883136852896,-7.344632768361581,14.02439024390244,0.5466427473090723,0.9794976934905176
2026-09-24,2235,0.5627883136852896,-1.7361085080069505,7.950530035335689,-0.1442849820604818,0.28754484879548947
2026-09-24,2236,0.5627883136852896,-16.666666666666664,20.930232558139537,-0.0335725269092772,0.45771399282419273
2026-09-24,2237,0.5627883136852896,-4.946993903897933,5.94795255412843,0.1455663762173244,0.7186058431573552
2026-09-24,2239,0.5627883136852896,-7.107841400218318,10.02638321124155,-0.0279343926191696,0.46873398257303944
2026-09-24,2241,0.5627883136852896,-2.8953229398663627,27.75229532784278,0.2678113787801128,0.8347001537672988
2026-09-24,2243,0.5627883136852896,-10.357142857142854,29.880478087649397,0.2119425935417734,0.7844695028190671
2026-09-24,2247,0.5627883136852896,-2.7600849256900206,3.930131004366813,-0.2361609431060994,0.1709379805228088
2026-09-24,2248,0.5627883136852896,-3.6334901497343974,7.213111001937116,-0.0961045617631982,0.35879036391594055
2026-09-24,2250,0.5627883136852896,-5.573770491803276,11.111113760206434,0.6278831368528961,0.9917990773962071
2026-09-24,2254,0.5627883136852896,-0.6711409395973256,32.88288202371684,-0.0025627883136853,0.5133264992311635
2026-09-24,2258,0.5627883136852896,-4.836191182395499,7.377049180327869,-0.1769605330599692,0.24397744746283956
2026-09-24,2301,0.5627883136852896,-12.5,19.860627177700348,-0.0638134290107637,0.4082521783700666
2026-09-24,2302,0.5627883136852896,-1.7075741732691774,14.65798045602606,0.3580215274218349,0.8974884674525884
2026-09-24,2303,0.5627883136852896,-8.605341246290799,31.493506493506494,0.1435161455663761,0.7145053818554588
2026-09-24,2305,0.5627883136852896,-4.115851428237816,58.823526379413934,-0.0158892875448488,0.4848795489492568
2026-09-24,2308,0.5627883136852896,-2.7989821882951627,21.20418848167539,0.2157867760123014,0.7888262429523322
2026-09-24,2312,0.5627883136852896,-9.050447162878406,12.071780629492508,-0.0722706304459251,0.3915940543311123
2026-09-24,2313,0.5627883136852896,-14.423076923076929,21.123595505617978,0.1427473090722705,0.7134802665299846
2026-09-24,2314,0.5627883136852896,-6.808510638297882,12.78538464411207,0.5966171194259353,0.9871860584315736
2026-09-24,2316,0.5627883136852896,-6.140350877192979,11.526479750778815,0.2590978985135828,0.8277806253203486
2026-09-24,2317,0.5627883136852896,-3.2818532818532864,6.187624750499002,-0.2521783700666324,0.15376729882111737
2026-09-24,2323,0.5627883136852896,-3.1390101390551095,6.944444444444444,0.0788057406458225,0.64633521271143
2026-09-24,2324,0.5627883136852896,-13.301659565530432,15.890406778413965,-0.3771143003587903,0.06817016914402871
2026-09-24,2327,0.5627883136852896,-4.918032786885251,17.06896551724138,0.380830343413634,0.9123526396719631
2026-09-24,2328,0.5627883136852896,-3.4907612655175724,8.191494231528425,0.1465914915427985,0.7191184008200923
2026-09-24,2329,0.5627883136852896,-1.986753316155132,9.909904754913605,0.3546899026140442,0.8949256791389031
2026-09-24,2330,0.5627883136852896,-1.3944223107569709,5.454545454545454,-0.0700922603792926,0.3956945156330087
2026-09-24,2331,0.5627883136852896,-6.2189072524700295,9.018571686681447,0.112890825217837,0.6791389031266017
2026-09-24,2332,0.5627883136852896,-4.964537292995175,12.43781094527363,0.1204510507432085,0.690415171706817
2026-09-24,2337,0.5627883136852896,-9.999999999999998,13.675213675213676,0.1755509994874423,0.751922091235264
2026-09-24,2338,0.5627883136852896,-13.577981651376149,35.56263269639066,-0.2631983598154793,0.14710404920553563
2026-09-24,2340,0.5627883136852896,-7.372652260883172,19.102745221768725,0.3544336237826756,0.893900563813429
2026-09-24,2342,0.5627883136852896,-5.3045186640471425,29.25311361605695,0.3762173244490004,0.9097898513582778
2026-09-24,2344,0.5627883136852896,-10.677083333333336,19.533527696793,0.048949256791389,0.6063557150179395
2026-09-24,2345,0.5627883136852896,-15.212527964205814,23.48284960422164,0.429779600205023,0.938493080471553
2026-09-24,2347,0.5627883136852896,-0.3164589051690258,10.264555108610269,0.0584315735520245,0.6204510507432086
2026-09-24,2348,0.5627883136852896,-50.696202531645575,103.33761232349164,-0.0035879036391594,0.5089697590978985
2026-09-24,2349,0.5627883136852896,-8.407081192032118,11.594201055701788,0.1742696053305997,0.7493593029215787
2026-09-24,2351,0.5627883136852896,-14.591439688715957,18.223234624145785,-0.4090210148641722,0.05740645822655049
2026-09-24,2352,0.5627883136852896,-2.8475724308445582,6.896551724137931,-0.1272424397744745,0.3113787801127627
2026-09-24,2353,0.5627883136852896,-3.933431972981094,7.874015748031496,-0.3334187596104562,0.09789851358277807
2026-09-24,2354,0.5627883136852896,-4.492753623188395,9.711686685703954,-0.3590466427473091,0.07790876473603281
2026-09-24,2355,0.5627883136852896,-8.149782822738072,12.350123563258768,0.3839056893900563,0.9138903126601743
2026-09-24,2356,0.5627883136852896,-12.426902538390973,14.858099375423883,-0.1214761660686827,0.31983598154792414
2026-09-24,2357,0.5627883136852896,-7.4757281553398,13.641133263378803,-0.3926191696565863,0.06355715017939519
2026-09-24,2359,0.5627883136852896,-15.841584158415843,20.784313725490197,0.0066632496155817,0.5420297283444387
2026-09-24,2360,0.5627883136852896,-9.645669291338589,27.66884531590414,0.0217837006663249,0.5689390056381343
2026-09-24,2362,0.5627883136852896,-4.6092213538031395,7.66807043251871,-0.1494105586878523,0.27934392619169657
2026-09-24,2363,0.5627883136852896,-6.825396825396823,22.65757962020536,0.3690415171706817,0.9046642747309073
2026-09-24,2364,0.5627883136852896,-6.41025234169168,13.089799808403493,0.3013839056893899,0.8595592004100461
2026-09-24,2365,0.5627883136852896,-8.441556173586074,13.297872340425531,0.3716043054843669,0.9072270630445926
2026-09-24,2367,0.5627883136852896,-9.935203699481931,16.18705035971223,0.575089697590979,0.9835981547924142
2026-09-24,2368,0.5627883136852896,-11.24497991967871,26.69683257918552,0.2995899538698103,0.8575089697590978
2026-09-24,2369,0.5627883136852896,-6.994043395362281,15.5199951171875,0.4415684264479754,0.9441312147616607
2026-09-24,2371,0.5627883136852896,-4.9423405687518684,10.57192771025712,-0.2403895438236802,0.16555612506406972
2026-09-24,2373,0.5627883136852896,-1.8587346677352623,2.6515108166318955,-0.0574064582265504,0.4223475140953357
2026-09-24,2374,0.5627883136852896,-7.660171055693521,9.200612524156297,0.0074320861096873,0.5443362378267556
2026-09-24,2375,0.5627883136852896,-17.832167832167833,24.25531914893617,0.2334700153767298,0.8021527421834956
2026-09-24,2376,0.5627883136852896,-3.856382978723405,9.681881051175658,-0.1063557150179396,0.3423885187083547
2026-09-24,2377,0.5627883136852896,-7.621951219512191,13.2013201320132,-0.3546899026140441,0.08124038954382368
2026-09-24,2379,0.5627883136852896,-5.6675062972292185,15.220293724966622,0.2683239364428498,0.8354689902614044
2026-09-24,2380,0.5627883136852896,-12.72727272727272,19.940478461129334,0.3282931829830856,0.8795489492567914
2026-09-24,2382,0.5627883136852896,-3.69843527738265,7.533234859675036,-0.1842644797539724,0.23116350589441312
2026-09-24,2383,0.5627883136852896,-11.944202266782913,21.782178217821784,0.2478216299333675,0.8159917990773962
2026-09-24,2385,0.5627883136852896,-6.278026905829592,9.090909090909092,-0.0835468990261403,0.3731419784725782
2026-09-24,2387,0.5627883136852896,-2.1361835691366293,4.638474114432341,0.0215274218349563,0.5681701691440287
2026-09-24,2388,0.5627883136852896,-15.542168674698797,19.400853743396713,-0.1938749359302921,0.21629933367503845
2026-09-24,2390,0.5627883136852896,-4.716984561093018,7.821781800525041,0.1141722193746796,0.6834956432598668
2026-09-24,2392,0.5627883136852896,-12.72158637305829,18.16010104855044,-0.2511532547411584,0.15479241414659148
2026-09-24,2393,0.5627883136852896,-5.3731343283582085,9.463722397476342,0.2421834956432598,0.8083034341363403
2026-09-24,2395,0.5627883136852896,-0.8241758241758212,11.49584487534626,-0.0310097385955919,0.46335212711430035
2026-09-24,2397,0.5627883136852896,-3.115260192075364,8.842437596949733,0.1847770374167093,0.7621732444900051
2026-09-24,2399,0.5627883136852896,-7.254901960784322,14.270613107822411,-0.124038954382368,0.3149666837519221
2026-09-24,2401,0.5627883136852896,-3.9473697985402456,11.350292049042164,0.4331112250128139,0.93900563813429
2026-09-24,2402,0.5627883136852896,-13.291140287240664,18.61314007835667,0.3498206048180421,0.8903126601742696
2026-09-24,2404,0.5627883136852896,0.0,22.801556420233464,0.2831881086622245,0.8457201435161456
2026-09-24,2405,0.5627883136852896,-3.833863470640897,7.308966297643909,0.322655048692978,0.8754484879548949
2026-09-24,2406,0.5627883136852896,-3.1746031746031744,18.52458891321401,0.4943618657098922,0.9666837519220912
2026-09-24,2408,0.5627883136852896,-11.59929701230229,20.576540755467196,-0.0561250640697078,0.4228600717580728
2026-09-24,2409,0.5627883136852896,-6.6848606381337605,33.4795343945598,-0.0051255766273705,0.503844182470528
2026-09-24,2412,0.5627883136852896,-0.6849315068493178,7.586206896551724,-0.2009226037929267,0.20912352639671963
2026-09-24,2413,0.5627883136852896,-12.157536541728808,32.84600836026971,-0.5330599692465403,0.02255253716043055
2026-09-24,2414,0.5627883136852896,-1.121495327102806,3.5916853041189154,0.0599692465402357,0.623526396719631
2026-09-24,2415,0.5627883136852896,-9.999999999999998,12.592591179741753,0.199641209636084,0.7734495130702204
2026-09-24,2417,0.5627883136852896,-13.98678703184466,19.462233774182742,0.4605330599692465,0.9533572526909277
2026-09-24,2419,0.5627883136852896,-6.52528431785403,20.069808027923212,-0.0246027678113788,0.47360328036904153
2026-09-24,2420,0.5627883136852896,-2.707583907156053,4.63821892393321,0.0848282931829831,0.6535110199897488
2026-09-24,2421,0.5627883136852896,-9.239130434782606,16.16766467065868,-0.1483854433623782,0.28190671450538185
2026-09-24,2423,0.5627883136852896,-6.949803295152323,8.851997090573132,-0.1248077908764735,0.3131727319323424
2026-09-24,2424,0.5627883136852896,-6.39269650970451,13.170736591990403,0.2983085597129676,0.8559712967708867
2026-09-24,2425,0.5627883136852896,-4.398451381019042,9.201627945545075,0.1248077908764736,0.6940030753459764
2026-09-24,2426,0.5627883136852896,-12.702702702702696,23.323011841198237,-0.2116863147104049,0.1940030753459764
2026-09-24,2427,0.5627883136852896,-4.684314756818875,11.752136752136751,-0.0016658124038955,0.5171706817016914
2026-09-24,2428,0.5627883136852896,-4.135338345864659,8.431372549019608,0.1417221937467965,0.7114300358790364
2026-09-24,2429,0.5627883136852896,-12.857142857142856,16.39344262295082,0.1450538185545873,0.7178370066632496
2026-09-24,2430,0.5627883136852896,0.0,3.561641745371362,-0.1167350076883649,0.3259866735007688
2026-09-24,2431,0.5627883136852896,-6.074764680858225,9.950248756218905,0.246668375192209,0.8139415684264479
2026-09-24,2432,0.5627883136852896,-3.0249123485074803,4.403672524548452,-0.1732444900051256,0.24884674525884162
2026-09-24,2433,0.5627883136852896,-3.952095808383227,4.364089775561097,-0.1476166068682726,0.2839569451563301
2026-09-24,2434,0.5627883136852896,-10.684931506849315,33.435581651933354,-0.0732957457713993,0.3887749871860584
2026-09-24,2436,0.5627883136852896,-0.8219178082191747,12.29281978712556,0.1868272680676574,0.7637109174782163
2026-09-24,2438,0.5627883136852896,-15.217391304347828,25.64102564102564,-0.1532547411583802,0.2752434648898001
2026-09-24,2439,0.5627883136852896,-1.3871412476993972,6.265986605983256,-0.035879036391594,0.4556637621732445
2026-09-24,2440,0.5627883136852896,-6.209151496025145,11.498261827209696,0.1519733470015377,0.7273193234238852
2026-09-24,2441,0.5627883136852896,-5.703422053231943,17.741935483870968,0.2762685802152741,0.8400820092260379
2026-09-24,2442,0.5627883136852896,-22.44583671202518,30.690393247804444,0.1852895950794464,0.7626858021527422
2026-09-24,2444,0.5627883136852896,-4.516129032258065,31.75675546800768,0.0415171706817018,0.5986673500768837
2026-09-24,2449,0.5627883136852896,-5.757575757575761,25.884244372990356,0.2296258329062018,0.7990773962070733
2026-09-24,2450,0.5627883136852896,-0.7029903605485499,1.415934604881084,-0.1945156330087135,0.2150179395181958
2026-09-24,2451,0.5627883136852896,-5.32445923460898,10.720562390158172,0.0894413121476166,0.6596617119425935
2026-09-24,2453,0.5627883136852896,-4.804271754956879,8.411214953271028,-0.1765761148129164,0.2450025627883137
2026-09-24,2454,0.5627883136852896,-3.558394160583944,31.409649952696313,-0.0110199897488466,0.49333675038441827
2026-09-24,2455,0.5627883136852896,-6.101694915254241,29.24187725631769,-0.1722193746796514,0.25243464889800105
2026-09-24,2457,0.5627883136852896,-7.383969226178221,12.30068684710457,0.084315735520246,0.6529984623270118
2026-09-24,2458,0.5627883136852896,-2.8268551236749095,12.363636363636363,0.5921322398769862,0.9861609431060995
2026-09-24,2459,0.5627883136852896,-3.1203610052480624,3.527612042573332,-0.2171963095848282,0.1875961045617632
2026-09-24,2460,0.5627883136852896,-10.252604366824905,18.70861432410234,0.0435674013326499,0.6007175807278319
2026-09-24,2461,0.5627883136852896,-6.068605364853131,9.55056608392951,0.0715017939518195,0.637109174782163
2026-09-24,2462,0.5627883136852896,-2.631577170186328,10.810805187178476,0.3910814966683751,0.9195284469502819
2026-09-24,2464,0.5627883136852896,-12.72321428571429,26.08695652173913,0.2662737057919015,0.8336750384418247
2026-09-24,2465,0.5627883136852896,-17.30232558139534,22.60967207437693,-0.2908764736032804,0.1273705791901589
2026-09-24,2466,0.5627883136852896,-0.8298755186721962,21.589960712768033,0.0153767298821116,0.557150179395182
2026-09-24,2467,0.5627883136852896,-17.729393468118193,24.196597353497165,0.2479497693490517,0.8165043567401332
2026-09-24,2468,0.5627883136852896,-6.471184456154166,37.40540375580659,0.0107637109174781,0.5530497180932855
2026-09-24,2471,0.5627883136852896,-4.814814814814817,9.630351678870532,-0.1886212198872373,0.2229625832906202
2026-09-24,2472,0.5627883136852896,-10.997963340122196,18.53546910755149,0.5717580727831881,0.9825730394669401
2026-09-24,2474,0.5627883136852896,-3.7296037296037254,6.053268765133172,-0.2385955920041004,0.16760635571501795
2026-09-24,2476,0.5627883136852896,-5.769230769230771,12.244897959183673,0.3598154792414146,0.8987698616094311
2026-09-24,2477,0.5627883136852896,-1.7057601276142198,14.099783080260304,-0.0028190671450537,0.5117888262429523
2026-09-24,2478,0.5627883136852896,-11.764705882352944,18.333333333333332,0.2612762685802152,0.8288057406458227
2026-09-24,2480,0.5627883136852896,-3.59281437125748,8.385093167701864,-0.1699128651973347,0.2547411583803178
2026-09-24,2481,0.5627883136852896,-3.5911602209944715,20.057306590257877,0.3572526909277292,0.8959507944643772
2026-09-24,2482,0.5627883136852896,-3.273805131176777,7.999995304987981,0.0880317785750897,0.6565863659661711
2026-09-24,2483,0.5627883136852896,-15.454545454545466,27.342548751245083,0.6330087134802664,0.9928241927216812
2026-09-24,2484,0.5627883136852896,-8.08080453895047,19.91758241758242,0.5975140953357252,0.9876986160943106
2026-09-24,2485,0.5627883136852896,-11.824327354626108,17.4968129982589,0.2201435161455664,0.792157867760123
2026-09-24,2486,0.5627883136852896,-23.902439024390244,33.97435897435898,0.1750384418247053,0.7508969759097899
2026-09-24,2488,0.5627883136852896,-1.907630522088344,3.582396648801331,0.0556125064069707,0.615325474115838
2026-09-24,2489,0.5627883136852896,-10.329670329670336,22.794115777109187,-0.2382111737570477,0.16863147104049206
2026-09-24,2491,0.5627883136852896,-29.87588842200183,45.006328828717606,-0.2519220912352639,0.15427985648385442
2026-09-24,2492,0.5627883136852896,-9.447674418604644,23.75601926163724,0.0105074320861097,0.5525371604305485
2026-09-24,2493,0.5627883136852896,-7.506053268765134,20.418848167539267,0.0661199384930804,0.6304459251665813
2026-09-24,2495,0.5627883136852896,-2.8606983609802517,11.011521733829827,0.4169656586365966,0.9318298308559713
2026-09-24,2496,0.5627883136852896,-1.2500000000000069,2.893306463148452,0.0881599179907739,0.6576114812916453
2026-09-24,2497,0.5627883136852896,-5.8064516129032295,9.81734985630262,0.4037672988211173,0.9256791389031266
2026-09-24,2498,0.5627883136852896,-5.000000000000004,11.483251763302745,0.1609431060994361,0.7375704766786263
2026-09-24,2501,0.5627883136852896,-7.8602604738637005,9.715636194599748,-0.0748334187596104,0.3849308047155305
2026-09-24,2504,0.5627883136852896,-3.1347950799014757,4.53074310203972,-0.0671450538185546,0.40235776524859046
2026-09-24,2505,0.5627883136852896,-3.3802816901408517,6.122444530965288,-0.2086109687339825,0.19887237314197848
2026-09-24,2506,0.5627883136852896,-3.775741187187065,6.420927013710194,-0.3826242952332137,0.06560738083034341
2026-09-24,2509,0.5627883136852896,-8.012822762200223,10.80139505738582,-0.1870835468990261,0.22629420809841108
2026-09-24,2511,0.5627883136852896,-2.6682121648794466,4.529202794289844,-0.282931829830856,0.13480266529984622
2026-09-24,2514,0.5627883136852896,-4.1840988890851305,4.803495115588341,-0.062532034853921,0.4110712455151205
2026-09-24,2515,0.5627883136852896,-4.400000000000004,6.69456226556371,-0.1437724243977447,0.28805740645822653
2026-09-24,2516,0.5627883136852896,-1.2779552715655007,11.32686331048368,-0.0197334700153767,0.47847257816504357
2026-09-24,2520,0.5627883136852896,-5.808077178649795,12.734584450402146,-0.3001025115325473,0.11788826242952333
2026-09-24,2524,0.5627883136852896,-7.0666666666666655,12.48206161871189,0.0533059969246539,0.6119938493080471
2026-09-24,2527,0.5627883136852896,-1.9427433460838304,13.764342625272906,0.0033316248077908,0.5325474115838031
2026-09-24,2528,0.5627883136852896,-5.783132530120483,7.672634271099745,-0.203997949769349,0.20502306509482318
2026-09-24,2530,0.5627883136852896,-5.176470588235304,12.40694789081886,-0.210276781137878,0.1973347001537673
2026-09-24,2534,0.5627883136852896,-5.6497215809915176,6.287432002450179,-0.1945156330087135,0.2150179395181958
2026-09-24,2535,0.5627883136852896,-2.2850941142667502,4.342986108996555,-0.1453100973859559,0.28549461814454125
2026-09-24,2536,0.5627883136852896,-8.788595268941613,12.499998013178509,0.1204510507432086,0.690927729369554
2026-09-24,2537,0.5627883136852896,-5.785126937200169,9.210527988902324,-0.1583803177857509,0.2685802152742183
2026-09-24,2538,0.5627883136852896,-3.543740226290115,6.544198562849813,0.0730394669400307,0.6386468477703742
2026-09-24,2539,0.5627883136852896,-4.702631961611159,6.386068978053565,-0.1309584828293182,0.3054843669912865
2026-09-24,2540,0.5627883136852896,-9.259259259259256,15.102043930365111,-0.2985648385443362,0.12045105074320861
2026-09-24,2542,0.5627883136852896,-19.222906406054463,25.569624116149136,-0.2060481804202973,0.2009226037929267
2026-09-24,2543,0.5627883136852896,-5.569310497272206,8.387944332737755,-0.4369554074833419,0.047667862634546386
2026-09-24,2545,0.5627883136852896,-5.524863869580344,9.502923976608187,0.1544079958995386,0.7309072270630446
2026-09-24,2546,0.5627883136852896,-2.73972602739726,8.450704225352112,-0.0312660174269605,0.46232701178882624
2026-09-24,2547,0.5627883136852896,-3.251227890962771,5.6008068947102165,-0.0389543823680164,0.4500256278831369
2026-09-24,2548,0.5627883136852896,-5.476671965201296,7.618024113863835,-0.140056381342901,0.2936955407483342
2026-09-24,2596,0.5627883136852896,-3.537414965986385,6.911144606317215,-0.1678626345463865,0.25781650435674014
2026-09-24,2597,0.5627883136852896,-4.285714285714281,5.3731343283582085,-0.3962070732957458,0.06304459251665813
2026-09-24,2603,0.5627883136852896,-1.0183299389002087,7.613168724279835,-0.2265504869297795,0.18195797027165556
2026-09-24,2605,0.5627883136852896,-5.562746289775244,11.50685140531357,-0.5225525371604306,0.025115325474115838
2026-09-24,2606,0.5627883136852896,-6.119947533669723,14.080828451581851,-0.570732957457714,0.017939518195797026
2026-09-24,2607,0.5627883136852896,-0.5555555555555536,4.283052582980534,-0.2447462839569452,0.15889287544848796
2026-09-24,2608,0.5627883136852896,-2.047779019398843,3.13588717257935,-0.2763967196309585,0.13787801127626859
2026-09-24,2609,0.5627883136852896,-5.5467489045289415,12.248320867551254,-0.4402870322911327,0.04561763198359815
2026-09-24,2610,0.5627883136852896,-1.6949134382365785,3.694581280788177,0.0899538698103536,0.6604305484366991
2026-09-24,2611,0.5627883136852896,-9.354838709677416,12.811389257899384,-0.0727831881086622,0.3898001025115325
2026-09-24,2612,0.5627883136852896,-6.184016384670599,12.218653197457169,-0.6394156842644798,0.010763710917478216
2026-09-24,2613,0.5627883136852896,-5.53191489361703,7.657661094321861,-0.1257047667862634,0.31266017426960535
2026-09-24,2614,0.5627883136852896,-1.6172466274887332,4.931504759069991,0.0089697590978985,0.5476678626345464
2026-09-24,2615,0.5627883136852896,-7.599999999999996,16.017316017316016,-0.415684264479754,0.0548436699128652
2026-09-24,2616,0.5627883136852896,-2.9411791930148534,3.0303059202252203,-0.2241158380317786,0.18298308559712967
2026-09-24,2617,0.5627883136852896,-5.611510791366914,13.567075496766623,-0.5838031778575089,0.016914402870322913
2026-09-24,2618,0.5627883136852896,-2.777779494783972,5.5952435448056175,-0.0311378780112763,0.4628395694515633
2026-09-24,2630,0.5627883136852896,-15.045871559633028,18.250539956803465,-0.0530497180932855,0.42901076371091745
2026-09-24,2633,0.5627883136852896,-3.036054534679689,3.3268116691574425,-0.2657611481291645,0.1450538185545874
2026-09-24,2634,0.5627883136852896,-12.96551724137931,16.798732171156896,-0.221937467965146,0.18452075858534084
2026-09-24,2636,0.5627883136852896,-0.553250345781453,5.841448575631298,-0.119682214249103,0.32188621219887237
2026-09-24,2637,0.5627883136852896,-4.285714285714281,14.129350197255922,-0.5653511019989749,0.018964633521271142
2026-09-24,2640,0.5627883136852896,-10.79545454545454,14.331210191082802,-0.3518708354689903,0.08508457201435161
2026-09-24,2641,0.5627883136852896,-5.645163225457727,7.692309865924367,-0.1758072783188108,0.24654023577652487
2026-09-24,2642,0.5627883136852896,-2.392342716059037,4.1666685366163065,-0.0552280881599178,0.42542286007175806
2026-09-24,2643,0.5627883136852896,-1.2598425196850394,2.5518316971628288,-0.2446181445412609,0.15940543311122501
2026-09-24,2645,0.5627883136852896,-8.510638297872342,10.465116279069768,0.0999487442337263,0.6694003075345977
2026-09-24,2646,0.5627883136852896,-7.762555470968369,9.405938705595414,-0.0224243977447462,0.47565351101998976
2026-09-24,2701,0.5627883136852896,-4.2056057690345146,4.878048780487805,-0.1968221424910302,0.21219887237314197
2026-09-24,2702,0.5627883136852896,-0.7721993107180691,3.501944040973827,-0.1186570989236289,0.3239364428498206
2026-09-24,2704,0.5627883136852896,-2.6997824139487148,4.439511653718092,-0.4320861096873398,0.0486929779600205
2026-09-24,2705,0.5627883136852896,-4.716978846063635,5.940591541453939,-0.1973347001537673,0.21091747821629933
2026-09-24,2706,0.5627883136852896,-3.968256875651033,4.1322345576010635,-0.1226294208098411,0.3177857508969759
2026-09-24,2707,0.5627883136852896,-2.216066481994461,2.5495750708215295,-0.1404407995899538,0.2926704254228601
2026-09-24,2712,0.5627883136852896,-8.561646224723562,9.737829144081386,-0.0740645822655048,0.3880061506919528
2026-09-24,2718,0.5627883136852896,-5.882349628324402,9.926468718285657,0.4597642234751409,0.9518195797027166
2026-09-24,2719,0.5627883136852896,-4.166664874631554,6.649612465782847,0.3226550486929779,0.8749359302921579
2026-09-24,2722,0.5627883136852896,-4.308386711704881,4.9762997017087525,0.0007688364941055,0.5248590466427473
2026-09-24,2723,0.5627883136852896,-6.547619047619047,10.318469393784833,-0.4974372116863147,0.0292157867760123
2026-09-24,2724,0.5627883136852896,-0.7575757575757569,23.664119225421917,0.0684264479753973,0.6335212711430036
2026-09-24,2726,0.5627883136852896,-7.1264347454911725,9.777227250656278,0.1160943106099436,0.6873398257303946
2026-09-24,2727,0.5627883136852896,-1.4861995753715496,4.094827586206897,0.1491542798564837,0.7216811891337775
2026-09-24,2729,0.5627883136852896,-3.076923076923077,8.253968253968253,0.0055099948744233,0.5371604305484367
2026-09-24,2731,0.5627883136852896,-1.0309278350515427,4.513888888888888,-0.0507432086109687,0.433623782675551
2026-09-24,2732,0.5627883136852896,-4.96240601503759,7.436710067942172,0.0738083034341363,0.6396719630958483
2026-09-24,2734,0.5627883136852896,-3.6544862708603576,4.482762566928218,-0.0802152742183496,0.3780112762685802
2026-09-24,2736,0.5627883136852896,-8.53658678416761,9.33333502875434,-0.0699641209636084,0.39671963095848284
2026-09-24,2739,0.5627883136852896,-6.06451612903226,7.417582417582426,-0.1919528446950281,0.21783700666324962
2026-09-24,2740,0.5627883136852896,-4.510113396765281,13.51792027973585,-0.4379805228088159,0.04664274730907227
2026-09-24,2743,0.5627883136852896,-10.690788353001302,18.047880731234898,0.6071245515120451,0.9892362890825218
2026-09-24,2745,0.5627883136852896,-5.895440974328836,7.68321513002364,0.1535110199897488,0.7288569964120963
2026-09-24,2748,0.5627883136852896,-2.7568959494035483,3.9948532261799294,-0.2319323423885186,0.17529472065607382
2026-09-24,2751,0.5627883136852896,-2.1621621621621623,7.734808034879288,0.0276781137878011,0.5814966683751922
2026-09-24,2752,0.5627883136852896,-1.6574585635359074,4.49438202247191,-0.2908764736032804,0.1273705791901589
2026-09-24,2753,0.5627883136852896,-1.3698630136986356,3.3333333333333335,-0.0694515633008714,0.39876986160943106
2026-09-24,2754,0.5627883136852896,-2.8449544309199104,4.538808350681736,-0.3692977960020502,0.0717580727831881
2026-09-24,2755,0.5627883136852896,-3.707317073170724,4.660586093334442,0.1758072783188109,0.752434648898001
2026-09-24,2756,0.5627883136852896,-1.7160663031297818,5.714283292255704,-0.3545617631983599,0.08252178370066633
2026-09-24,2762,0.5627883136852896,-9.71428571428572,10.759493670886076,-0.0715017939518196,0.39313172731932344
2026-09-24,2801,0.5627883136852896,-6.72268907563025,18.37837975304406,-0.5212711430035878,0.026140440799589954
2026-09-24,2812,0.5627883136852896,-3.553303227562954,5.0000040154708065,-0.4364428498206048,0.04818042029728344
2026-09-24,2816,0.5627883136852896,-3.019327245912151,9.838108998603868,-0.3973603280369041,0.06099436186570989
2026-09-24,2820,0.5627883136852896,-3.409093002642438,6.764703638413374,-0.4593798052280881,0.04100461301896463
2026-09-24,2832,0.5627883136852896,-4.958677685950407,8.173914370329484,-0.1863147104049205,0.22808815991799078
2026-09-24,2834,0.5627883136852896,-5.053187636240997,13.4453760141752,-0.6184008200922604,0.013326499231163505
2026-09-24,2836,0.5627883136852896,0.0,50.6249984105428,0.0028190671450538,0.5294720656073808
2026-09-24,2838,0.5627883136852896,0.0,61.442309159498954,0.0007688364941056,0.5256278831368529
2026-09-24,2845,0.5627883136852896,-3.971121778491693,7.142862879244034,-0.4889800102511533,0.030753459764223477
2026-09-24,2849,0.5627883136852896,-3.987725567389433,14.376990711346222,-0.5302409021014864,0.023065094823167605
2026-09-24,2850,0.5627883136852896,-3.963414634146345,5.714285714285714,-0.2088672475653511,0.1981035366478729
2026-09-24,2851,0.5627883136852896,-2.061855670103097,8.947368421052632,-0.1640184520758586,0.2619169656586366
2026-09-24,2852,0.5627883136852896,-2.1015735660044887,3.041139442293717,-0.2414146591491542,0.16453100973859558
2026-09-24,2855,0.5627883136852896,-3.182580801772683,20.674741804393516,-0.0017939518195797,0.5158892875448488
2026-09-24,2880,0.5627883136852896,-5.279501609399473,19.562843197681865,-0.5676576114812917,0.018452075858534086
2026-09-24,2881,0.5627883136852896,-66.90095846645367,202.3166023166023,-0.0007688364941055,0.5202460276781138
2026-09-24,2882,0.5627883136852896,-49.743589743589745,99.31972789115646,-0.0094823167606355,0.49871860584315736
2026-09-24,2883,0.5627883136852896,-79.11764666833405,379.4600849420252,-0.000512557662737,0.5212711430035879
2026-09-24,2884,0.5627883136852896,-3.6958786283331047,20.285087719298247,-0.5922603792926704,0.015889287544848796
2026-09-24,2885,0.5627883136852896,-3.4867462407939143,11.994213038097229,-0.4124807790876474,0.05689390056381343
2026-09-24,2886,0.5627883136852896,-6.238187959719676,12.802423969391857,-0.6294208098411072,0.011788826242952332
2026-09-24,2887,0.5627883136852896,-48.99553484568485,96.93653933068072,-0.0217837006663249,0.4761660686827268
2026-09-24,2889,0.5627883136852896,-5.428571428571427,12.990934250938196,-0.5461301896463353,0.021527421834956432
2026-09-24,2890,0.5627883136852896,-2.5889935569061495,15.393127238631646,-0.4192721681189134,0.053818554587391085
2026-09-24,2891,0.5627883136852896,-15.27777777777778,18.688524590163933,-0.2624295233213736,0.1476166068682727
2026-09-24,2892,0.5627883136852896,-3.5409053380329403,18.9873417721519,-0.5015376729882112,0.028190671450538187
2026-09-24,2897,0.5627883136852896,0.0,13.025206878405646,-0.0181957970271655,0.4812916453100974
2026-09-24,2901,0.5627883136852896,-12.873131848040098,19.271948608137045,0.0261404407995899,0.5789338800615069
2026-09-24,2903,0.5627883136852896,-2.4282544273436124,4.0723964639378885,-0.2437211686314709,0.1619682214249103
2026-09-24,2904,0.5627883136852896,-3.831419030092031,4.7808795336233185,0.1190415171706816,0.6888774987186058
2026-09-24,2905,0.5627883136852896,-3.68421052631579,10.92896174863388,-0.5797027165556126,0.01742696053305997
2026-09-24,2906,0.5627883136852896,-4.9295761877997,7.037035624186198,-0.2398769861609431,0.1663249615581753
2026-09-24,2908,0.5627883136852896,-1.9911520967879848,4.288942496340646,-0.2696053305996925,0.14197847257816504
2026-09-24,2910,0.5627883136852896,-5.421685298041612,7.43099787685775,-0.1578677601230138,0.26986160943106097
2026-09-24,2911,0.5627883136852896,-8.270678007216524,9.016395006023476,-0.084828293182983,0.371604305484367
2026-09-24,2912,0.5627883136852896,-3.628117913832196,4.0,-0.2365453613531522,0.16965658636596617
2026-09-24,2913,0.5627883136852896,-2.6431750782979324,4.524886877828054,-0.1804202972834444,0.23833931317273194
2026-09-24,2915,0.5627883136852896,-0.6622516556291314,7.66666793823242,-0.0384418247052793,0.45233213736545363
2026-09-24,2916,0.5627883136852896,-0.3680981595092003,2.093592300790871,-0.1731163505894413,0.2501281394156843
2026-09-24,2923,0.5627883136852896,-13.982300884955745,23.662551440329217,-0.1491542798564838,0.28011276268580215
2026-09-24,2924,0.5627883136852896,-0.2624631971810065,15.526309766267476,0.1101998974884674,0.6763198359815479
2026-09-24,2929,0.5627883136852896,-5.040651879029134,10.958901823383489,-0.1991286519733469,0.2096360840594567
2026-09-24,2938,0.5627883136852896,-25.736740929601975,38.88889292560557,-0.0189646335212711,0.4805228088159918
2026-09-24,2939,0.5627883136852896,-6.666666666666665,9.438777456478196,-0.624038954382368,0.012813941568426449
2026-09-24,2941,0.5627883136852896,-4.719768300474813,13.00309833727385,0.182214249103024,0.7596104561763198
2026-09-24,2945,0.5627883136852896,-2.682926829268295,5.889720486519033,-0.0153767298821118,0.48641722193746795
2026-09-24,2948,0.5627883136852896,-5.071523340043694,6.438362435118792,-0.4677088672475653,0.03844182470527934
2026-09-24,2949,0.5627883136852896,-1.538461538461533,6.093752384185791,-0.2493593029215786,0.15581752947206562
2026-09-24,3002,0.5627883136852896,-11.475411417772872,24.867728904441552,0.2032291132752435,0.7762685802152742
2026-09-24,3003,0.5627883136852896,-17.89617144042349,29.450910063630925,0.5058944131214762,0.9712967708867247
2026-09-24,3004,0.5627883136852896,-9.302325581395356,12.82051282051282,-0.0044848795489492,0.5048692977960021
2026-09-24,3005,0.5627883136852896,-2.9166666666666674,6.866952789699571,-0.3567401332649922,0.07944643772424398
2026-09-24,3006,0.5627883136852896,-13.793103448275868,20.363636363636363,-0.6837519220912353,0.009226037929267043
2026-09-24,3008,0.5627883136852896,-21.888680425265793,33.066453162530024,-0.1040492055356228,0.3480266529984623
2026-09-24,3010,0.5627883136852896,-4.545454545454541,7.5396825396825395,0.0970015376729882,0.6658124038954383
2026-09-24,3011,0.5627883136852896,-6.542054408814158,15.0,0.3708354689902614,0.9062019477191184
2026-09-24,3013,0.5627883136852896,-8.052232212199772,12.30769411346616,0.0849564325986673,0.6540235776524859
2026-09-24,3014,0.5627883136852896,-2.430555555555558,11.032028469750893,0.2998462327011788,0.8580215274218349
2026-09-24,3015,0.5627883136852896,-3.4420303200703772,8.818012688441751,0.4900051255766273,0.9641209636084059
2026-09-24,3016,0.5627883136852896,0.0,39.0625,0.0369041517170681,0.593029215786776
2026-09-24,3017,0.5627883136852896,-1.2499999999999956,14.064697609001406,-0.0633008713480267,0.41004613018964636
2026-09-24,3018,0.5627883136852896,-8.396949232350448,17.916671435038264,0.1667093798052281,0.7401332649923117
2026-09-24,3019,0.5627883136852896,-17.177914110429448,23.703703703703702,-0.2011788826242952,0.20861096873398258
2026-09-24,3021,0.5627883136852896,-3.921566014187961,31.168829753359084,0.1509482316760635,0.7252690927729369
2026-09-24,3022,0.5627883136852896,-5.578091845066968,17.722878625134264,0.0978985135827781,0.6673500768836494
2026-09-24,3023,0.5627883136852896,-10.632183908045976,12.218649517684888,-0.323680164018452,0.10302409021014865
2026-09-24,3024,0.5627883136852896,-6.410258698823923,13.013702549346515,-0.4065863659661711,0.057919015889287544
2026-09-24,3025,0.5627883136852896,-3.8532110091743177,8.778623042215827,0.5046130189646335,0.9702716555612506
2026-09-24,3026,0.5627883136852896,-5.373831775700932,27.65432098765432,0.0797027165556124,0.6476166068682727
2026-09-24,3027,0.5627883136852896,-4.871794871794865,11.320756773421706,0.3785238339313172,0.911327524346489
2026-09-24,3028,0.5627883136852896,-6.015037593984962,9.6,0.4548949256791389,0.9497693490517684
2026-09-24,3029,0.5627883136852896,-4.761904761904767,14.583333333333334,-0.0625320348539211,0.4105586878523834
2026-09-24,3030,0.5627883136852896,-11.908646003262646,17.962962962962965,0.5094823167606356,0.9718093285494618
2026-09-24,3031,0.5627883136852896,-1.932367149758463,27.09359856466159,0.284469502819067,0.8462327011788826
2026-09-24,3032,0.5627883136852896,-5.727927060805904,17.594938640353046,0.1137878011276269,0.6822142491030241
2026-09-24,3033,0.5627883136852896,-9.229097301787135,13.8755962609104,0.2499999999999999,0.8185545873910814
2026-09-24,3034,0.5627883136852896,-4.232804232804233,8.83977900552486,-0.2316760635571501,0.17580727831881088
2026-09-24,3035,0.5627883136852896,-1.6666666666666718,21.791767554479417,0.2693490517683239,0.83623782675551
2026-09-24,3036,0.5627883136852896,-1.19331742243437,13.526570048309178,0.0759866735007688,0.6432598667350077
2026-09-24,3037,0.5627883136852896,-3.658536585365857,30.126582278481013,0.1806765761148129,0.7575602255253716
2026-09-24,3038,0.5627883136852896,-1.9323707642349477,4.433505053590671,-0.0015376729882111,0.5181957970271656
2026-09-24,3040,0.5627883136852896,-6.648932381850392,12.82051282051282,0.428754484879549,0.9377242439774475
2026-09-24,3041,0.5627883136852896,-5.112477398504489,10.775862068965518,0.2465402357765248,0.8134290107637109
2026-09-24,3042,0.5627883136852896,-4.245283018867929,20.689655172413794,0.349820604818042,0.8898001025115325
2026-09-24,3043,0.5627883136852896,-4.1860465116279055,8.252430888055597,0.236032803690415,0.805740645822655
2026-09-24,3044,0.5627883136852896,-1.645338208409508,13.382899628252789,0.0156330087134802,0.5581752947206561
2026-09-24,3045,0.5627883136852896,-2.39043824701195,9.79591836734694,-0.3502050230650949,0.08764736032803691
2026-09-24,3046,0.5627883136852896,-7.560138668831917,11.710035756618115,0.1494105586878523,0.7224500256278832
2026-09-24,3047,0.5627883136852896,-4.901961969837332,14.089348389930333,0.2460276781137876,0.8118913377754997
2026-09-24,3048,0.5627883136852896,-10.362696662792237,16.570331963041156,0.5287032291132753,0.9753972321886212
2026-09-24,3049,0.5627883136852896,-14.335665478263993,20.40816326530612,0.1681189133777549,0.7411583803177858
2026-09-24,3050,0.5627883136852896,-2.953589621963526,8.260876199473536,0.2460276781137877,0.8124038954382368
2026-09-24,3051,0.5627883136852896,-6.498953277476671,13.452914798206278,0.6017426960533061,0.9882111737570477
2026-09-24,3052,0.5627883136852896,-7.964603323394581,11.057697809659537,0.132752434648898,0.7009226037929267
2026-09-24,3054,0.5627883136852896,-5.9581297343557775,13.869860400892284,0.0581752947206559,0.619682214249103
2026-09-24,3055,0.5627883136852896,-11.946902654867252,54.52261306532663,-0.0028190671450537,0.5117888262429523
2026-09-24,3056,0.5627883136852896,-6.0200656906187255,10.676156583629892,-0.0015376729882111,0.5181957970271656
2026-09-24,3057,0.5627883136852896,-11.9777196187003,15.506333942654765,-0.0968733982573039,0.3572526909277294
2026-09-24,3058,0.5627883136852896,-2.0262257016240737,5.839422091370371,0.1896463352127113,0.7652485904664275
2026-09-24,3059,0.5627883136852896,-6.427690269221431,10.17173656226779,0.199128651973347,0.7724243977447462
2026-09-24,3060,0.5627883136852896,-4.151627188682494,8.28625522764389,0.2168118913377755,0.7898513582778063
2026-09-24,3062,0.5627883136852896,-5.3879341458309415,14.123008571616069,0.2831881086622244,0.8452075858534085
2026-09-24,3066,0.5627883136852896,-10.894308943089436,28.832115396095897,-0.3790363915940542,0.06714505381855458
2026-09-24,3071,0.5627883136852896,-9.80392156862745,11.956521739130435,0.1123782675550999,0.6786263454638647
2026-09-24,3073,0.5627883136852896,-10.769230769230765,13.546798029556651,-0.1824705279343926,0.23449513070220399
2026-09-24,3078,0.5627883136852896,-14.567670398114563,22.4422459030571,0.62019477191184,0.99128651973347
2026-09-24,3081,0.5627883136852896,-25.0,37.592592592592595,-0.3029215786776012,0.11276268580215275
2026-09-24,3083,0.5627883136852896,-2.350425758531771,7.658643326039387,0.3485392106611993,0.8882624295233214
2026-09-24,3085,0.5627883136852896,-4.1840988890851305,9.606981902143303,-0.1760635571501794,0.2460276781137878
2026-09-24,3086,0.5627883136852896,-14.887218045112782,24.734982332155475,-0.4318298308559714,0.04920553562275756
2026-09-24,3088,0.5627883136852896,-1.520912547528519,8.880308880308881,0.1436442849820605,0.7152742183495643
2026-09-24,3090,0.5627883136852896,-10.32608695652174,16.363636363636363,0.2319323423885186,0.8006150691952845
2026-09-24,3092,0.5627883136852896,-10.433069520981398,16.703293349716688,0.3908252178370066,0.9190158892875449
2026-09-24,3093,0.5627883136852896,-10.40000000000001,15.625,0.5361353152229625,0.9779600205023065
2026-09-24,3094,0.5627883136852896,-6.055363321799312,36.37200877152754,-0.0038441824705278,0.5082009226037929
2026-09-24,3095,0.5627883136852896,-10.17172689386877,17.205877865062043,-0.1961814454126089,0.21271143003587903
2026-09-24,3105,0.5627883136852896,-3.0888030888030937,19.52191235059761,-0.0325474115838031,0.45976422347514095
2026-09-24,3114,0.5627883136852896,0.0,15.03649523658474,0.5005125576627372,0.9692465402357765
2026-09-24,3115,0.5627883136852896,-13.729729729729724,20.927318295739347,-0.2442337262942081,0.16043054843669913
2026-09-24,3118,0.5627883136852896,-3.7441474746524928,4.213935938607931,-0.3318810866222449,0.09892362890825218
2026-09-24,3122,0.5627883136852896,-9.774437384147394,15.416669845581056,0.1144284982060482,0.6842644797539723
2026-09-24,3128,0.5627883136852896,-7.499999999999996,11.30220755312308,0.2888262429523321,0.849820604818042
2026-09-24,3130,0.5627883136852896,-1.1848341232227444,1.4388489208633095,-0.0538185545873911,0.4284982060481804
2026-09-24,3131,0.5627883136852896,-12.204007285974496,20.539419087136928,0.2124551512045105,0.7867760123013839
2026-09-24,3135,0.5627883136852896,-14.945652173913048,18.210862619808307,-0.0889287544848795,0.3664787288569964
2026-09-24,3138,0.5627883136852896,-12.03539823008849,27.16297786720322,0.0207585853408508,0.5653511019989749
2026-09-24,3141,0.5627883136852896,-23.72727272727272,42.19308882703087,-0.8380317785750897,0.0046130189646335215
2026-09-24,3147,0.5627883136852896,-2.605210420841686,14.19753086419753,0.045105074320861,0.6027678113787801
2026-09-24,3149,0.5627883136852896,-7.320648357758941,15.63981283709148,0.6078933880061508,0.9897488467452589
2026-09-24,3150,0.5627883136852896,-11.271672387610309,14.983708384759264,0.3016401845207586,0.8600717580727832
2026-09-24,3152,0.5627883136852896,-9.5703125,16.846652267818573,0.6558175294720657,0.9948744233726294
2026-09-24,3158,0.5627883136852896,-5.635359116022098,8.782201405152225,-0.2842132239876986,0.13403382880574063
2026-09-24,3162,0.5627883136852896,-6.002557941985042,13.994569363801377,0.2206560738083035,0.7934392619169657
2026-09-24,3163,0.5627883136852896,-17.341772151898738,24.349157733537517,-0.0861096873398257,0.3705791901588929
2026-09-24,3164,0.5627883136852896,-0.9118541033434568,5.214721586075282,0.0032034853921066,0.5307534597642235
2026-09-24,3167,0.5627883136852896,-2.2657054582904235,26.55426765015806,-0.0005125576627369,0.521783700666325
2026-09-24,3168,0.5627883136852896,-3.9863359112807473,6.168451456271316,-0.3531522296258329,0.0840594566888775
2026-09-24,3169,0.5627883136852896,-5.371900826446286,18.864627488315367,0.0663762173244491,0.6314710404920554
2026-09-24,3171,0.5627883136852896,-7.523509865925348,11.016949152542372,0.0816248077908764,0.6504356740133265
2026-09-24,3176,0.5627883136852896,-5.625000000000002,14.56953642384106,-0.2570476678626345,0.15171706817016914
2026-09-24,3178,0.5627883136852896,-15.563723911280237,36.86501844873968,0.072270630445925,0.6376217324449001
2026-09-24,3188,0.5627883136852896,-6.374503414951893,7.446810133913724,-0.2034853921066119,0.20553562275756024
2026-09-24,3189,0.5627883136852896,-3.4136546184738936,23.90852390852391,0.1014864172219374,0.6704254228600718
2026-09-24,3191,0.5627883136852896,-7.713496682947262,11.04477839683419,0.3420041004613018,0.8854433623782676
2026-09-24,3205,0.5627883136852896,-1.880874614045891,4.366345552844615,0.0527934392619169,0.6107124551512045
2026-09-24,3206,0.5627883136852896,-3.621174012880712,9.971100470923275,-0.1955407483341876,0.21322398769861609
2026-09-24,3207,0.5627883136852896,-8.111378447809802,13.70224179957695,0.3962070732957458,0.920553562275756
2026-09-24,3209,0.5627883136852896,-8.049714534464647,12.357037140292372,0.3252178370066633,0.8774987186058432
2026-09-24,3211,0.5627883136852896,-8.685162846803374,17.305151915455745,0.3787801127626857,0.9118400820092261
2026-09-24,3213,0.5627883136852896,-7.434944237918217,12.048192771084338,0.1009738595592004,0.6699128651973347
2026-09-24,3217,0.5627883136852896,-7.168458781362008,11.196911196911197,0.5151204510507432,0.9728344438749359
2026-09-24,3218,0.5627883136852896,-7.241379310344831,9.293680297397769,-0.1973347001537672,0.21168631471040492
2026-09-24,3219,0.5627883136852896,0.0,28.99563052248226,0.0092260379292671,0.5494618144541261
2026-09-24,3221,0.5627883136852896,-6.297712652258469,16.49694967172782,0.446694003075346,0.9456688877498719
2026-09-24,3224,0.5627883136852896,-11.388888888888893,14.890282131661442,-0.0676576114812916,0.40133264992311635
2026-09-24,3226,0.5627883136852896,0.0,10.256410256410255,-0.1237826755509995,0.3157355202460277
2026-09-24,3227,0.5627883136852896,-8.933002481389574,11.989100817438691,0.3782675550999487,0.910814966683752
2026-09-24,3228,0.5627883136852896,-7.446808510638303,19.54022988505747,0.1084059456688877,0.6755509994874423
2026-09-24,3229,0.5627883136852896,-22.633746475329687,43.43971631205674,-0.7965146078933879,0.005125576627370579
2026-09-24,3230,0.5627883136852896,-17.538461538461537,21.2686567164179,0.0058944131214761,0.5397232188621219
2026-09-24,3231,0.5627883136852896,-7.980049875311723,14.363143631436316,-0.4897488467452588,0.030240902101486417
2026-09-24,3232,0.5627883136852896,-7.048461273850048,15.402843601895732,-0.1086622245002563,0.3398257303946694
2026-09-24,3234,0.5627883136852896,-19.090909090909093,32.58426966292135,-0.460789338800615,0.040492055356227574
2026-09-24,3236,0.5627883136852896,-8.455117738755835,14.70923777181175,0.1791389031266018,0.7570476678626346
2026-09-24,3252,0.5627883136852896,-4.374999999999996,10.45751883313548,0.1499231163505894,0.7234751409533573
2026-09-24,3257,0.5627883136852896,-5.620152247825205,11.806981519507186,0.5041004613018965,0.9697590978985136
2026-09-24,3259,0.5627883136852896,-36.01286252119472,60.40201196718456,0.009226037929267,0.5486929779600205
2026-09-24,3260,0.5627883136852896,-11.6822429906542,14.417989417989418,-0.2212967708867247,0.18503331624807792
2026-09-24,3264,0.5627883136852896,-15.025906735751294,28.252032520325205,-0.1399282419272167,0.29420809841107126
2026-09-24,3265,0.5627883136852896,-7.57575757575758,21.03825136612022,0.2024602767811378,0.7754997437211686
2026-09-24,3266,0.5627883136852896,-1.060068004057313,4.285710198538632,-0.1845207585853408,0.230138390568939
2026-09-24,3268,0.5627883136852896,-3.1553415991895872,19.79950257112508,0.3159917990773963,0.8713480266529985
2026-09-24,3272,0.5627883136852896,-10.57692526360231,12.544802867383517,-0.1896463352127114,0.2211686314710405
2026-09-24,3276,0.5627883136852896,-5.802045328759842,7.971010346343539,0.0128139415684264,0.5550999487442337
2026-09-24,3284,0.5627883136852896,-6.619383658540034,10.63291332389735,0.2521783700666324,0.8195797027165556
2026-09-24,3285,0.5627883136852896,-7.477676995782789,15.681544028950542,0.2621732444900051,0.8298308559712968
2026-09-24,3287,0.5627883136852896,-8.777777777777784,26.065775305577233,-0.004356740133265,0.5056381342901076
2026-09-24,3288,0.5627883136852896,-9.090910592167331,18.571426754906064,0.1761916965658636,0.7529472065607381
2026-09-24,3289,0.5627883136852896,-4.761904761904767,12.5,0.4627114300358789,0.9538698103536648
2026-09-24,3290,0.5627883136852896,-8.051688466183016,12.216211267419762,0.2247565351101998,0.7949769349051768
2026-09-24,3293,0.5627883136852896,-1.6795865633074891,11.4323258869908,0.1745258841619682,0.7498718605843158
2026-09-24,3294,0.5627883136852896,-6.915629322268324,22.43684879206619,0.305740645822655,0.863403382880574
2026-09-24,3296,0.5627883136852896,-4.444444444444451,22.182471423754752,0.1963095848282932,0.7701178882624296
2026-09-24,3297,0.5627883136852896,-11.696661561444763,37.11790948281989,0.0494618144541261,0.6068682726806766
2026-09-24,3303,0.5627883136852896,-8.88469071892114,11.514529153024506,0.1645310097385956,0.7385955920041004
2026-09-24,3305,0.5627883136852896,-12.71186440677966,19.41747572815534,0.553818554587391,0.9810353664787289
2026-09-24,3306,0.5627883136852896,-1.933403333643924,5.257388195359564,0.1178882624295233,0.6883649410558688
2026-09-24,3308,0.5627883136852896,-8.297872340425528,12.529005860507905,-0.0157611481291645,0.4859046642747309
2026-09-24,3310,0.5627883136852896,-2.9829566482423298,6.442169144771459,-0.1181445412608918,0.32444900051255765
2026-09-24,3311,0.5627883136852896,-2.0591982124632424,19.57949764938455,0.0438236801640186,0.6012301383905689
2026-09-24,3312,0.5627883136852896,-12.326386566331294,21.584153883528,0.4745002562788314,0.9584828293182983
2026-09-24,3313,0.5627883136852896,-13.580244200286351,16.666666666666664,0.0899538698103536,0.6604305484366991
2026-09-24,3317,0.5627883136852896,-6.438356164383563,28.843339330804476,0.5832906201947718,0.9846232701178883
2026-09-24,3321,0.5627883136852896,-5.208337100015603,13.461542653513478,0.6160943106099435,0.990773962070733
2026-09-24,3322,0.5627883136852896,-7.112969228720079,13.513513513513514,0.2710148641722193,0.8375192209123526
2026-09-24,3323,0.5627883136852896,-11.022362048416912,17.23518577041489,0.6035366478728857,0.9887237314197848
2026-09-24,3324,0.5627883136852896,-2.285714285714291,39.473684210526315,-0.0192209123526396,0.47924141465914916
2026-09-24,3325,0.5627883136852896,-6.27450980392158,14.644351464435148,0.2414146591491541,0.8072783188108662
2026-09-24,3332,0.5627883136852896,-2.070062504544379,5.691056910569105,-0.1532547411583803,0.27473090722706306
2026-09-24,3338,0.5627883136852896,-5.849586174432608,12.869829256859052,-0.0006406970784214,0.5207585853408508
2026-09-24,3339,0.5627883136852896,-5.220883534136533,18.85592897059553,-0.0263967196309584,0.4705279343926192
2026-09-24,3346,0.5627883136852896,-9.23076923076922,32.627121876862084,0.410814966683752,0.9302921578677601
2026-09-24,3349,0.5627883136852896,-14.957263570887635,22.110550846885797,-0.1044336237826755,0.3470015376729882
2026-09-24,3354,0.5627883136852896,-5.362778302917038,28.00000508626302,-0.3921066119938493,0.06406970784213224
2026-09-24,3356,0.5627883136852896,-12.747074780438153,16.143080354468218,-0.7798564838544336,0.006150691952844695
2026-09-24,3357,0.5627883136852896,-11.587982832618026,18.689320388349515,0.4513070220399795,0.9477191184008201
2026-09-24,3360,0.5627883136852896,-5.642632100486534,12.95680936388795,0.5413890312660173,0.9789851358277806
2026-09-24,3362,0.5627883136852896,-18.7793427230047,29.47976878612717,-0.0758585340850846,0.38390568939005637
2026-09-24,3363,0.5627883136852896,-23.29411764705882,33.895705521472394,-0.3599436186570988,0.07637109174782163
2026-09-24,3372,0.5627883136852896,-7.058823529411762,18.354427965381465,0.0233213736545361,0.5735520246027678
2026-09-24,3373,0.5627883136852896,-3.9039017022371,5.3124964237213135,0.0506150691952845,0.6089185033316248
2026-09-24,3374,0.5627883136852896,-9.4758064516129,32.516703786191535,-0.5248590466427473,0.02460276781137878
2026-09-24,3376,0.5627883136852896,-21.62162162162162,29.597701149425287,-0.0381855458739108,0.4531009738595592
2026-09-24,3379,0.5627883136852896,-9.768214200046,15.412846836475058,0.4090210148641722,0.9295233213736546
2026-09-24,3380,0.5627883136852896,-6.231456128775115,18.67089090468008,0.1101998974884674,0.6763198359815479
2026-09-24,3388,0.5627883136852896,-15.724565849827476,21.34146341463413,0.2045105074320861,0.7785750896975909
2026-09-24,3390,0.5627883136852896,-3.956043956043953,7.093818018583738,0.3185545873910815,0.8728856996412097
2026-09-24,3402,0.5627883136852896,-0.7662835249042099,8.880308880308881,0.2635827780625321,0.831368528959508
2026-09-24,3406,0.5627883136852896,-20.964912280701753,34.295227524972255,-0.8967196309584828,0.0025627883136852894
2026-09-24,3413,0.5627883136852896,-0.5181347150259086,6.25,0.2344951307022039,0.8044592516658124
2026-09-24,3416,0.5627883136852896,-11.538461538461542,14.906832298136646,0.195284469502819,0.7693490517683239
2026-09-24,3419,0.5627883136852896,-11.157027594289636,13.953488372093023,0.1565863659661712,0.7337262942080984
2026-09-24,3430,0.5627883136852896,-5.462184873949583,16.97777642144097,0.6676063557150179,0.9964120963608406
2026-09-24,3432,0.5627883136852896,-7.006368296998245,10.95890019037951,0.3473859559200409,0.8872373141978472
2026-09-24,3434,0.5627883136852896,-7.467061235550787,16.613930086546304,-0.0511276268580216,0.43208610968733985
2026-09-24,3437,0.5627883136852896,-9.46501773363334,30.9090874411843,0.056637621732445,0.6171194259354177
2026-09-24,3438,0.5627883136852896,-10.410553175875448,13.42061693656659,-0.1694003075345976,0.2557662737057919
2026-09-24,3441,0.5627883136852896,-9.950248756218905,42.81767955801105,-0.487442337262942,0.031266017426960536
2026-09-24,3443,0.5627883136852896,-0.2340550029256927,33.60703812316716,0.0071758072783187,0.5433111225012814
2026-09-24,3444,0.5627883136852896,-7.7011494252873565,12.453300124533,-0.1476166068682727,0.283444387493593
2026-09-24,3447,0.5627883136852896,-12.218650594402805,16.30036909501631,0.150179395181958,0.7242439774474628
2026-09-24,3450,0.5627883136852896,-21.439509954058188,31.968810916179336,-0.2273193234238852,0.17939518195797027
2026-09-24,3455,0.5627883136852896,-5.667276051188297,19.96124031007752,0.2037416709379804,0.7770374167093798
2026-09-24,3465,0.5627883136852896,-1.001671970942586,5.73356075190372,0.1975909789851359,0.7719118400820092
2026-09-24,3466,0.5627883136852896,-6.27450980392158,8.78661247476873,0.1345463864684777,0.7024602767811379
2026-09-24,3467,0.5627883136852896,-8.220723874866254,50.61350161312548,-0.0112762685802152,0.4925679138903127
2026-09-24,3479,0.5627883136852896,-0.366300366300365,10.661764705882351,0.1364684777037417,0.7042542286007176
2026-09-24,3481,0.5627883136852896,-5.438934051311762,12.41170842760627,0.173500768836494,0.7478216299333675
2026-09-24,3483,0.5627883136852896,-7.2966490256688115,13.290316674017136,0.2119425935417734,0.7844695028190671
2026-09-24,3484,0.5627883136852896,-10.368214403735443,17.51351021431588,0.4359302921578677,0.9415684264479754
2026-09-24,3485,0.5627883136852896,-16.49269311064718,26.25,0.5822655048692978,0.9841107124551512
2026-09-24,3489,0.5627883136852896,-3.205126627166077,10.596024805873173,0.2201435161455664,0.792157867760123
2026-09-24,3490,0.5627883136852896,-17.79196965839873,32.51941778286713,0.1073808303434136,0.6745258841619682
2026-09-24,3491,0.5627883136852896,-1.5822784810126556,17.363344051446948,-0.0171706817016914,0.4833418759610456
2026-09-24,3492,0.5627883136852896,-4.250000000000009,7.0496103471004,0.3500768836494106,0.8908252178370066
2026-09-24,3494,0.5627883136852896,-7.662335375063389,11.25175406325886,0.0604818042029728,0.6250640697078421
2026-09-24,3498,0.5627883136852896,-3.3860045146726914,22.429906542056074,0.0386981035366478,0.5961045617631984
2026-09-24,3499,0.5627883136852896,-8.053688921158775,19.708027804855,-0.1708098411071246,0.2537160430548437
2026-09-24,3501,0.5627883136852896,-6.188122355088255,6.86016233741137,-0.0967452588416196,0.35776524859046643
2026-09-24,3504,0.5627883136852896,-17.887027978091506,23.69426557212878,-0.1360840594566889,0.29882111737570477
2026-09-24,3508,0.5627883136852896,-5.4151650600181345,29.007635043777587,0.0115325474115837,0.5540748334187596
2026-09-24,3511,0.5627883136852896,-3.722082544560268,12.113404028194468,0.4930804715530497,0.96514607893388
2026-09-24,3512,0.5627883136852896,-2.7777740315822252,4.155840192522321,0.0589441312147616,0.6212198872373142
2026-09-24,3515,0.5627883136852896,-10.212765957446813,16.113744075829384,-0.2022039979497693,0.2070732957457714
2026-09-24,3516,0.5627883136852896,-8.058605489167858,10.55776740450308,0.0677857508969758,0.6330087134802665
2026-09-24,3518,0.5627883136852896,-4.6283309957924175,23.970588235294112,0.0825217837006663,0.6519733470015376
2026-09-24,3520,0.5627883136852896,-4.709137246473205,6.1046467270962035,-0.071245515120451,0.39415684264479756
2026-09-24,3521,0.5627883136852896,-5.97609704650488,6.35593381978697,-0.2016914402870323,0.20758585340850846
2026-09-24,3522,0.5627883136852896,-6.642067734805346,16.205535104623426,-0.1145566376217325,0.32906201947719116
2026-09-24,3523,0.5627883136852896,-5.678235708573998,18.06020577217028,0.1563300871348026,0.7327011788826243
2026-09-24,3526,0.5627883136852896,-6.412478336221838,9.814814814814817,0.305228088159918,0.8613531522296258
2026-09-24,3527,0.5627883136852896,-3.5916852005182243,9.31372549019608,0.3819835981547924,0.9128651973347002
2026-09-24,3528,0.5627883136852896,-2.298850574712641,11.76470588235294,0.2339825730394669,0.8026652998462327
2026-09-24,3529,0.5627883136852896,-3.5820895522388096,32.19814241486068,0.0635571501793952,0.6266017426960533
2026-09-24,3530,0.5627883136852896,-4.738563279063868,10.463125709808509,0.4928241927216812,0.964633521271143
2026-09-24,3531,0.5627883136852896,-1.620372107817114,4.000001795151655,-0.1784982060481804,0.24038954382368016
2026-09-24,3532,0.5627883136852896,-4.535864978902948,23.535911602209943,-0.0743208610968734,0.3862121988723731
2026-09-24,3533,0.5627883136852896,-4.519774011299438,16.272189349112427,0.4413121476166069,0.9436186570989237
2026-09-24,3535,0.5627883136852896,-5.454545454545445,14.027151047374328,0.4354177344951307,0.9400307534597643
2026-09-24,3537,0.5627883136852896,-10.286676754707692,15.413535268683182,0.387109174782163,0.9164531009738596
2026-09-24,3540,0.5627883136852896,-10.958901450764502,17.362632332267342,0.1417221937467965,0.7114300358790364
2026-09-24,3541,0.5627883136852896,-5.038756881795392,17.755095812739157,0.0379292670425421,0.5945668887749872
2026-09-24,3543,0.5627883136852896,-17.359854194404555,31.291026776937738,0.2712711430035879,0.8385443362378268
2026-09-24,3545,0.5627883136852896,-4.494384751498193,11.176472084195009,0.148769861609431,0.7211686314710405
2026-09-24,3546,0.5627883136852896,-4.068237627814897,7.250335735107089,-0.093029215786776,0.362890825217837
2026-09-24,3548,0.5627883136852896,-16.91810618045062,21.271080482176128,-0.1711942593541773,0.25320348539210663
2026-09-24,3550,0.5627883136852896,-5.731222453700802,17.190769283526596,0.532034853921066,0.9774474628395694
2026-09-24,3551,0.5627883136852896,-3.4391534391534417,11.506849315068491,0.2011788826242951,0.7739620707329574
2026-09-24,3552,0.5627883136852896,-2.470461868958107,17.07048626198117,0.2783188108662224,0.8418759610456177
2026-09-24,3555,0.5627883136852896,-22.61072261072261,30.42168674698795,-0.2296258329062019,0.17708867247565352
2026-09-24,3556,0.5627883136852896,-10.852713178294572,16.869566544242527,0.5269092772936956,0.9743721168631471
2026-09-24,3557,0.5627883136852896,-8.416836467832011,11.15974242629838,-0.0517683239364428,0.43106099436186573
2026-09-24,3558,0.5627883136852896,-5.7915057915057915,10.655737704918032,0.0725269092772937,0.6381342901076371
2026-09-24,3563,0.5627883136852896,-1.029601029601035,17.945383615084527,0.2485904664274731,0.8170169144028703
2026-09-24,3564,0.5627883136852896,-7.397006391403638,19.615775051444796,-0.0868785238339313,0.3692977960020502
2026-09-24,3567,0.5627883136852896,-1.7274472168905874,4.882815480232241,0.2022039979497693,0.7749871860584315
2026-09-24,3570,0.5627883136852896,-2.3255813953488413,5.952380952380952,-0.235520246027678,0.1727319323423885
2026-09-24,3576,0.5627883136852896,-2.92553191489362,15.06849733117509,0.0753459764223475,0.6427473090722706
2026-09-24,3577,0.5627883136852896,-5.785123966942152,15.789473684210526,0.0386981035366479,0.5966171194259354
2026-09-24,3580,0.5627883136852896,-3.3175355450236976,25.49019607843137,0.0240902101486417,0.5748334187596105
2026-09-24,3581,0.5627883136852896,-11.489361702127663,23.7499970656175,0.7426960533059969,0.9989748846745259
2026-09-24,3583,0.5627883136852896,-14.66992665036675,22.063037249283667,0.3282931829830856,0.8795489492567914
2026-09-24,3587,0.5627883136852896,-14.362657091561935,20.754716981132077,0.2534597642234751,0.8213736545361353
2026-09-24,3588,0.5627883136852896,-5.585585585585584,9.351147950150583,0.3639159405433111,0.9023577652485905
2026-09-24,3591,0.5627883136852896,-11.395651073382618,18.337953888620373,-0.6360840594566889,0.011276268580215274
2026-09-24,3592,0.5627883136852896,-2.6030368763557465,6.013363028953229,0.247565351101999,0.8154792414146591
2026-09-24,3593,0.5627883136852896,-13.636363636363637,29.157899555407074,0.0230650948231676,0.5730394669400307
2026-09-24,3594,0.5627883136852896,-11.886792452830186,16.916491490104725,0.4223475140953357,0.9343926191696565
2026-09-24,3596,0.5627883136852896,-5.5384615384615365,7.166123778501629,0.1555612506406971,0.7314197847257816
2026-09-24,3597,0.5627883136852896,-3.4843231231922567,10.288810041406956,0.0010251153254741,0.5263967196309585
2026-09-24,3605,0.5627883136852896,-2.652519893899208,40.87193460490463,0.0007688364941056,0.5256278831368529
2026-09-24,3607,0.5627883136852896,-4.181187216165605,6.909096457741503,0.2693490517683239,0.83623782675551
2026-09-24,3609,0.5627883136852896,-10.65891208675036,36.22558990941906,0.296514607893388,0.8544336237826755
2026-09-24,3611,0.5627883136852896,-1.3477088948787077,2.73224043715847,0.115325474115838,0.6865709892362891
2026-09-24,3615,0.5627883136852896,-7.785884654316955,21.8997341347244,0.6125064069707843,0.9902614044079959
2026-09-24,3617,0.5627883136852896,-7.619047619047614,11.752577319587628,-0.1481291645310097,0.2824192721681189
2026-09-24,3622,0.5627883136852896,-17.690876402176492,23.076924803030437,0.0084572014351614,0.5463864684777038
2026-09-24,3623,0.5627883136852896,-4.067796610169494,26.67844253378285,-0.3508457201435161,0.08687852383393131
2026-09-24,3624,0.5627883136852896,-3.114186851211076,42.64285496303014,0.2788313685289594,0.8426447975397232
2026-09-24,3625,0.5627883136852896,-14.814814814814811,21.73913043478261,0.0079446437724244,0.5451050743208611
2026-09-24,3628,0.5627883136852896,-4.987208568337231,14.80484522207268,-0.30138390568939,0.11532547411583803
2026-09-24,3630,0.5627883136852896,-6.7357537531942295,11.851854677553533,0.2121988723731419,0.7857508969759098
2026-09-24,3631,0.5627883136852896,-10.379462759485635,20.174342401297867,-0.1257047667862635,0.3121476166068683
2026-09-24,3632,0.5627883136852896,-4.12783248247639,6.111111905839707,0.2924141465914915,0.8518708354689902
2026-09-24,3645,0.5627883136852896,-5.784065392342097,15.006821282401091,0.3541773449513071,0.8933880061506919
2026-09-24,3646,0.5627883136852896,-1.5904557638066863,7.07070707070707,-0.3336750384418246,0.097385955920041
2026-09-24,3652,0.5627883136852896,-2.571428571428569,9.384166460233,0.1688877498718605,0.7416709379805229
2026-09-24,3653,0.5627883136852896,0.0,24.710982658959537,0.0033316248077908,0.5325474115838031
2026-09-24,3661,0.5627883136852896,-13.33333333333333,28.912466843501328,0.2532034853921067,0.8206048180420298
2026-09-24,3663,0.5627883136852896,-6.106870229007633,14.30894184887894,0.3744233726294208,0.9087647360328037
2026-09-24,3664,0.5627883136852896,-3.3805896806407776,35.77878189948018,-0.0138390568939004,0.4894925679138903
2026-09-24,3665,0.5627883136852896,-5.263157894736848,28.205128205128204,0.0584315735520245,0.6204510507432086
2026-09-24,3666,0.5627883136852896,-0.3952569169960562,2.380949353414872,-0.109046642747309,0.3390568939005638
2026-09-24,3669,0.5627883136852896,-12.483035724822534,15.03875495851502,0.0261404407995899,0.5789338800615069
2026-09-24,3672,0.5627883136852896,-2.325578506989534,11.111108083573583,0.1750384418247053,0.7508969759097899
2026-09-24,3673,0.5627883136852896,-5.882348820311667,14.786580713783822,0.5310097385955921,0.9764223475140953
2026-09-24,3675,0.5627883136852896,0.0,23.58208955223881,0.4090210148641721,0.9287544848795489
2026-09-24,3679,0.5627883136852896,-1.3574660633484117,4.587155963302752,0.0225525371604304,0.5725269092772937
2026-09-24,3680,0.5627883136852896,-5.41012216404887,16.328413284132843,-0.0556125064069707,0.42439774474628394
2026-09-24,3684,0.5627883136852896,-4.830056265077087,6.766921595523232,-0.354689902614044,0.08200922603792926
2026-09-24,3685,0.5627883136852896,-10.88607594936708,17.045454545454543,-0.522296258329062,0.025627883136852898
2026-09-24,3686,0.5627883136852896,-7.788157610464008,13.851346196355047,0.2939518195797027,0.8528959507944643
2026-09-24,3687,0.5627883136852896,-7.230769230769241,8.126036484245438,-0.0097385955920041,0.4971809328549462
2026-09-24,3689,0.5627883136852896,-10.88709677419355,16.7420814479638,0.3516145566376216,0.8913377754997437
2026-09-24,3691,0.5627883136852896,-7.279693486590033,33.057851239669425,0.4459251665812404,0.9451563300871348
2026-09-24,3693,0.5627883136852896,-2.540106951871657,27.29766803840878,-0.1412096360840593,0.2911327524346489
2026-09-24,3694,0.5627883136852896,-3.4548916062160484,7.157054620519074,0.2983085597129678,0.8564838544336237
2026-09-24,3701,0.5627883136852896,-8.637876841805902,16.1212158203125,-0.0371604305484367,0.4548949256791389
2026-09-24,3702,0.5627883136852896,0.0,17.27659834192153,-0.0102511532547411,0.4953869810353665
2026-09-24,3703,0.5627883136852896,-4.358351744097167,7.59493670886076,-0.3031778575089697,0.11199384930804715
2026-09-24,3704,0.5627883136852896,-7.110088492230348,11.728395061728394,0.3126601742696052,0.8692977960020503
2026-09-24,3705,0.5627883136852896,-2.43902698373224,4.107148306710379,-0.3543054843669913,0.08354689902614044
2026-09-24,3706,0.5627883136852896,-9.86430349762334,12.090335530080614,-0.1062275756022552,0.3434136340338288
2026-09-24,3707,0.5627883136852896,-4.712043787930398,25.686814234806945,0.40504869297796,0.9261916965658636
2026-09-24,3708,0.5627883136852896,-3.671497584541062,10.230689015288066,0.2911327524346488,0.8508457201435161
2026-09-24,3709,0.5627883136852896,-7.34214182988735,12.044371591317104,0.2857508969759098,0.8472578165043567
2026-09-24,3710,0.5627883136852896,-10.93393806569426,16.36828303032214,-0.9267042542286008,0.0010251153254741158
2026-09-24,3711,0.5627883136852896,-1.6877637130801704,20.88698140200286,0.1696565863659661,0.742696053305997
2026-09-24,3712,0.5627883136852896,-5.909090909090908,8.454106280193237,-0.2908764736032803,0.12813941568426448
2026-09-24,3713,0.5627883136852896,-9.677419354838712,11.785714285714288,-0.1722193746796514,0.25243464889800105
2026-09-24,3714,0.5627883136852896,-6.500695509505306,18.195270786623983,-0.0125576627370579,0.4910302409021015
2026-09-24,3715,0.5627883136852896,-10.869565217391308,18.29268292682927,0.0525371604305484,0.6099436186570989
2026-09-24,3716,0.5627883136852896,-4.2313137677209784,5.743743042531526,-0.0410046130189646,0.44669400307534596
2026-09-24,3717,0.5627883136852896,-8.648648648648638,27.021697757277025,0.336750384418247,0.8826242952332137
2026-09-24,4102,0.5627883136852896,-5.852415475091433,7.567565505569046,-0.150179395181958,0.2778062532034854
2026-09-24,4104,0.5627883136852896,-1.5068493150684814,3.33797152417094,-0.4155561250640697,0.055356227575602254
2026-09-24,4105,0.5627883136852896,-1.2610378477603934,3.831417624521073,-0.2278318810866223,0.17888262429523322
2026-09-24,4106,0.5627883136852896,-1.6260177856380564,2.4793404192963906,-0.3282931829830856,0.10046130189646335
2026-09-24,4107,0.5627883136852896,-3.508771929824561,3.636363636363636,-0.2323167606355715,0.17426960533059968
2026-09-24,4108,0.5627883136852896,-8.400000000000007,13.100436681222709,-0.0607380830343413,0.41440287032291134
2026-09-24,4109,0.5627883136852896,-4.329005908899908,6.3348399028519,-0.0698359815479241,0.39774474628395695
2026-09-24,4111,0.5627883136852896,-0.8635604709879452,1.91638029410864,-0.2142491030240902,0.19067145053818554
2026-09-24,4113,0.5627883136852896,-10.374641740020795,16.077170418006418,-0.5181957970271655,0.02716555612506407
2026-09-24,4114,0.5627883136852896,-2.3255826332170604,2.72109232792238,-0.3230394669400307,0.10404920553562276
2026-09-24,4116,0.5627883136852896,-4.146341463414638,4.4529262086514,-0.4215786776012301,0.05228088159917991
2026-09-24,4119,0.5627883136852896,-6.589787006035197,14.991181657848324,-0.7470527934392619,0.007175807278318811
2026-09-24,4120,0.5627883136852896,-3.866245628245179,7.065217391304348,-0.1670937980522808,0.2583290620194772
2026-09-24,4121,0.5627883136852896,-3.396226415094339,5.468748509883881,0.1267298821117375,0.6955407483341876
2026-09-24,4123,0.5627883136852896,-3.129892767011788,8.400647436089585,0.3347001537672988,0.8815991799077396
2026-09-24,4126,0.5627883136852896,-0.6385734767178741,1.9280205655526992,-0.1400563813429011,0.29318298308559715
2026-09-24,4127,0.5627883136852896,-40.89805934687384,70.6365534412298,-0.0171706817016914,0.4833418759610456
2026-09-24,4128,0.5627883136852896,-3.257331394423424,8.417508417508419,0.1436442849820606,0.7160430548436699
2026-09-24,4129,0.5627883136852896,-1.7899797101813442,3.2806859995585893,-0.0589441312147616,0.4185033316248078
2026-09-24,4131,0.5627883136852896,-2.7355668210865325,11.562502384185793,0.0175550999487441,0.5622757560225525
2026-09-24,4133,0.5627883136852896,-2.631577170186328,4.176906051448288,-0.1131471040492055,0.33213736545361355
2026-09-24,4137,0.5627883136852896,-13.013697114947886,17.06036745406824,0.2711430035879036,0.8380317785750897
2026-09-24,4138,0.5627883136852896,-1.0544815465729385,9.413857061951877,-0.0189646335212712,0.4797539723218862
2026-09-24,4139,0.5627883136852896,-7.871393778778346,13.477733993071226,-0.4843669912865198,0.03177857508969759
2026-09-24,4142,0.5627883136852896,-1.648355771228016,6.424589530049755,-0.0589441312147616,0.4185033316248078
2026-09-24,4147,0.5627883136852896,-9.606982884168902,15.942025299809403,0.0812403895438237,0.6499231163505894
2026-09-24,4148,0.5627883136852896,-9.37062937062938,14.969136979844835,-0.150691952844695,0.27729369554074834
2026-09-24,4153,0.5627883136852896,-4.96240601503759,6.64556962025317,-0.3149666837519221,0.10814966683751923
2026-09-24,4154,0.5627883136852896,-5.200000000000005,12.23628531025432,-0.1025115325474116,0.3495643259866735
2026-09-24,4155,0.5627883136852896,-3.5714261828193594,9.427606858789709,-0.1946437724243978,0.2142491030240902
2026-09-24,4157,0.5627883136852896,-4.63361794552033,7.344628457969192,-0.2426960533059969,0.16350589441312147
2026-09-24,4160,0.5627883136852896,-2.2304795741152628,7.488497309811668,-0.0802152742183496,0.3780112762685802
2026-09-24,4161,0.5627883136852896,-3.470712640086693,5.84269320027212,-0.0681701691440287,0.39953869810353665
2026-09-24,4162,0.5627883136852896,-8.264462809917351,11.891889142560528,0.212198872373142,0.7862634546386469
2026-09-24,4163,0.5627883136852896,-5.964912280701751,12.313432835820896,0.1192977960020502,0.6893900563813429
2026-09-24,4164,0.5627883136852896,-3.1192660550458773,8.14393794897831,0.2534597642234751,0.8213736545361353
2026-09-24,4166,0.5627883136852896,-6.432747146468831,8.541663487752277,-0.0905945668887749,0.3639159405433111
2026-09-24,4167,0.5627883136852896,-5.5961035511213115,9.53607460887162,-0.0554843669912865,0.424910302409021
2026-09-24,4168,0.5627883136852896,-3.728066953962461,7.972665148063782,0.305740645822655,0.863403382880574
2026-09-24,4169,0.5627883136852896,-6.0126582278481,11.447811447811448,0.4509226037929267,0.9472065607380831
2026-09-24,4171,0.5627883136852896,-6.069360019457159,7.6923076923076925,-0.1818298308559712,0.23680164018452077
2026-09-24,4173,0.5627883136852896,-2.8409111967756195,4.093571713096217,0.0002562788313685,0.5243464889800102
2026-09-24,4174,0.5627883136852896,-4.97803806734991,30.35439372246364,0.0504869297796001,0.6078933880061507
2026-09-24,4175,0.5627883136852896,-1.9230769230769271,2.941176470588235,-0.1906714505381855,0.2193746796514608
2026-09-24,4178,0.5627883136852896,-7.042253521126762,10.606060606060606,-0.0529215786776012,0.4295233213736545
2026-09-24,4183,0.5627883136852896,-7.317075634545633,10.15037880804307,0.0639415684264479,0.6273705791901589
2026-09-24,4188,0.5627883136852896,-19.546740470794177,34.154925547855,-0.1117375704766786,0.3352127114300359
2026-09-24,4190,0.5627883136852896,-5.64971480287928,8.183629688864457,-0.3682726806765761,0.07227063044592516
2026-09-24,4195,0.5627883136852896,-2.7027039566207,13.88888888888889,0.4366991286519733,0.9420809841107125
2026-09-24,4198,0.5627883136852896,-5.1428571428571495,25.100401606425702,-0.3195797027165555,0.10609943618657099
2026-09-24,4205,0.5627883136852896,-2.1428571428571463,2.18978102189781,-0.1304459251665812,0.3062532034853921
2026-09-24,4207,0.5627883136852896,-6.235013705923431,8.951406649616368,-0.0079446437724244,0.5012813941568427
2026-09-24,4303,0.5627883136852896,-24.1648132676016,33.03965205838153,0.0363915940543311,0.592516658124039
2026-09-24,4304,0.5627883136852896,-30.76923076923077,65.5555566151937,0.4256791389031266,0.9359302921578677
2026-09-24,4305,0.5627883136852896,-4.550627367965687,5.125152624264377,-0.1840082009226037,0.23244490005125576
2026-09-24,4306,0.5627883136852896,-5.537461630918495,6.5517293995824595,-0.0727831881086622,0.3898001025115325
2026-09-24,4401,0.5627883136852896,-4.878051309138942,5.86080725813088,-0.2957457713992823,0.12403895438236802
2026-09-24,4402,0.5627883136852896,-8.14332475834143,13.829792644960689,0.0082009226037929,0.5458739108149667
2026-09-24,4406,0.5627883136852896,-3.301890272396379,7.317073170731707,-0.0597129677088672,0.41722193746796515
2026-09-24,4413,0.5627883136852896,-1.1682242990654237,13.238768881939825,0.009226037929267,0.5486929779600205
2026-09-24,4414,0.5627883136852896,-3.4117647058823475,5.481118261451116,-0.0317785750896976,0.4613018964633521
2026-09-24,4416,0.5627883136852896,-6.164386013386725,31.751827601968824,0.4028703229113275,0.9251665812403895
2026-09-24,4417,0.5627883136852896,-1.3861386138613874,7.630520556346481,-0.1845207585853407,0.23065094823167606
2026-09-24,4419,0.5627883136852896,-2.792137573372766,7.765952576982214,0.0602255253716043,0.6242952332137366
2026-09-24,4420,0.5627883136852896,-10.500000000000009,13.826817773573891,-0.2680676576114813,0.14300358790363915
2026-09-24,4426,0.5627883136852896,-3.6024867560703777,7.731963678733591,0.1893900563813429,0.7647360328036904
2026-09-24,4430,0.5627883136852896,-4.419891517177776,6.358383707917495,-0.0972578165043568,0.3557150179395182
2026-09-24,4432,0.5627883136852896,-2.515720931616261,3.8709652808404575,-0.2155304971809328,0.18887749871860585
2026-09-24,4433,0.5627883136852896,-3.9370040267585504,6.830601092896174,0.0909789851358277,0.6617119425935418
2026-09-24,4438,0.5627883136852896,-7.317073170731703,10.701751708984377,0.0686827268067657,0.6340338288057407
2026-09-24,4439,0.5627883136852896,-2.626262626262621,6.016600676097301,-0.076114812916453,0.3833931317273193
2026-09-24,4440,0.5627883136852896,-2.240898447738815,2.865329512893983,-0.2913890312660173,0.12660174269605332
2026-09-24,4441,0.5627883136852896,-4.201680672268903,5.263157894736842,-0.0599692465402357,0.41645310097385957
2026-09-24,4442,0.5627883136852896,-9.090911426199677,17.407410233109086,-0.46514607893388,0.03946694003075346
2026-09-24,4502,0.5627883136852896,-5.7057035453201514,7.961783439490458,-0.2273193234238851,0.18016401845207586
2026-09-24,4503,0.5627883136852896,-11.721609254539656,21.369293022947193,0.7639671963095849,1.0
2026-09-24,4506,0.5627883136852896,-4.048582995951422,4.641350210970464,-0.2270630445925166,0.18093285494618144
2026-09-24,4510,0.5627883136852896,-11.042313062318454,16.58933068649398,-0.1596617119425935,0.26627370579190157
2026-09-24,4513,0.5627883136852896,-3.2352941176470584,11.550149656718975,0.2316760635571502,0.8001025115325474
2026-09-24,4523,0.5627883136852896,-5.599999999999994,6.991523807331666,-0.1353152229625832,0.3016401845207586
2026-09-24,4526,0.5627883136852896,-5.082214422018638,11.811023622047244,0.2106611993849308,0.7826755509994875
2026-09-24,4527,0.5627883136852896,-1.684715402921555,3.5495734710880127,-0.1847770374167093,0.2291132752434649
2026-09-24,4528,0.5627883136852896,-2.287582917461739,5.351171844380357,-0.0497180932854945,0.43669912865197336
2026-09-24,4529,0.5627883136852896,-18.518522355890987,24.84849005034476,-0.1975909789851358,0.21014864172219375
2026-09-24,4530,0.5627883136852896,-22.006471529055982,36.929458998050926,-0.0253716043054843,0.47180932854946184
2026-09-24,4532,0.5627883136852896,-1.5625014668330328,9.126988668290396,0.1518452075858534,0.7265504869297796
2026-09-24,4533,0.5627883136852896,-6.156713746390096,10.934393638170976,0.4190158892875448,0.933111225012814
2026-09-24,4534,0.5627883136852896,-9.195400308091616,23.89240264892578,0.2678113787801128,0.8347001537672988
2026-09-24,4535,0.5627883136852896,-7.266434762109075,10.074622595488137,-0.2678113787801127,0.1435161455663762
2026-09-24,4536,0.5627883136852896,-3.508771929824561,6.666666666666667,-0.080471553049718,0.3769861609431061
2026-09-24,4538,0.5627883136852896,-4.109589041095896,6.571426391601562,0.0272936955407483,0.5802152742183496
2026-09-24,4540,0.5627883136852896,-5.660375095112524,13.666661580403646,0.2215530497180932,0.7939518195797027
2026-09-24,4541,0.5627883136852896,-16.596341388693624,25.29510961214165,0.2875448487954894,0.8480266529984624
2026-09-24,4542,0.5627883136852896,-8.123249299719893,32.926829268292686,0.4689902614044079,0.9564325986673501
2026-09-24,4543,0.5627883136852896,-7.32899253102175,11.247805845129887,0.3170169144028703,0.8718605843157355
2026-09-24,4545,0.5627883136852896,-4.057971014492745,9.969786214684431,0.1068682726806765,0.6740133264992312
2026-09-24,4549,0.5627883136852896,-5.222967199130513,9.733245252458,0.1394156842644797,0.7083546899026141
2026-09-24,4550,0.5627883136852896,-1.8404938605218744,5.000003178914389,-0.10276781137878,0.3490517683239364
2026-09-24,4551,0.5627883136852896,-5.491329479768781,12.844036697247708,0.5909789851358278,0.9856483854433624
2026-09-24,4552,0.5627883136852896,-9.30232960446692,14.102568993201622,0.0035879036391593,0.5340850845720143
2026-09-24,4554,0.5627883136852896,-6.146180591441553,7.610618118691232,-0.0832906201947718,0.3741670937980523
2026-09-24,4555,0.5627883136852896,-13.76811457992324,17.406962785114047,0.0909789851358278,0.6622245002562789
2026-09-24,4556,0.5627883136852896,-11.442307692307695,41.25950054288817,-0.0304971809328549,0.4638646847770374
2026-09-24,4557,0.5627883136852896,-3.300970873786413,5.020080321285141,-0.1528703229113275,0.27575602255253717
2026-09-24,4558,0.5627883136852896,-10.704959056743869,16.374264544213723,-0.2947206560738083,0.12455151204510508
2026-09-24,4560,0.5627883136852896,-3.902439024390236,7.445011042096287,0.2342388518708355,0.8036904151717068
2026-09-24,4561,0.5627883136852896,-7.338447785110802,15.721043796404036,0.3867247565351101,0.9154279856483855
2026-09-24,4562,0.5627883136852896,-7.692307692307687,12.833334604899088,0.4487442337262941,0.946181445412609
2026-09-24,4563,0.5627883136852896,-0.9671194498276914,23.04687350988388,-0.0058944131214762,0.5028190671450539
2026-09-24,4564,0.5627883136852896,-9.831456809374206,14.641740983148974,0.3216299333675038,0.8741670937980522
2026-09-24,4566,0.5627883136852896,0.0,15.746973789877394,0.057150179395182,0.6181445412608918
2026-09-24,4568,0.5627883136852896,-3.0902348578491945,4.974489795918374,-0.0115325474115837,0.4920553562275756
2026-09-24,4569,0.5627883136852896,-15.531335149863756,20.32258064516129,0.1940030753459764,0.7688364941055869
2026-09-24,4571,0.5627883136852896,-6.727828746177367,11.147540983606556,0.4069707842132239,0.9272168118913378
2026-09-24,4572,0.5627883136852896,-5.743243243243246,6.810035842293908,-0.2594823167606356,0.15069195284469503
2026-09-24,4576,0.5627883136852896,-12.790697674418606,22.0,-0.583803177857509,0.016401845207585853
2026-09-24,4577,0.5627883136852896,-14.402452815234856,21.24105376104751,-0.3318810866222451,0.09841107124551512
2026-09-24,4580,0.5627883136852896,-7.126436781609202,10.643562467971652,-0.2804971809328549,0.13582778062532036
2026-09-24,4581,0.5627883136852896,-2.051282051282055,3.455500577756872,-0.0963608405945669,0.3582778062532035
2026-09-24,4582,0.5627883136852896,-6.458333333333332,8.908685968819599,0.1591491542798565,0.7365453613531522
2026-09-24,4583,0.5627883136852896,-12.893401015228424,17.132867132867133,0.3636596617119426,0.9015889287544849
2026-09-24,4584,0.5627883136852896,-7.1518157672500475,9.459455335462412,-0.0102511532547411,0.4953869810353665
2026-09-24,4585,0.5627883136852896,-4.7154471544715415,7.337883959044368,0.0276781137878011,0.5814966683751922
2026-09-24,4588,0.5627883136852896,-4.861108590791197,14.051089321609831,0.0093541773449513,0.5499743721168632
2026-09-24,4590,0.5627883136852896,-5.876183496779541,9.476031215161637,-0.3058687852383393,0.11122501281394157
2026-09-24,4702,0.5627883136852896,-4.693879405938761,6.9593209015480895,0.0302409021014864,0.5868785238339314
2026-09-24,4706,0.5627883136852896,-20.93023255813954,33.23529187370749,-0.4566888774987186,0.041517170681701694
2026-09-24,4707,0.5627883136852896,-13.916782457602128,32.16665903727213,0.55228088159918,0.9805228088159919
2026-09-24,4711,0.5627883136852896,-3.823529411764692,5.810402219813168,-0.1727319323423884,0.25064069707842135
2026-09-24,4714,0.5627883136852896,-8.108106754672761,20.58823369130367,0.2332137365453613,0.8016401845207586
2026-09-24,4716,0.5627883136852896,-16.62591998089853,24.340184902515578,0.3420041004613018,0.8854433623782676
2026-09-24,4720,0.5627883136852896,-5.693072868835413,12.3359600077151,0.4818042029728344,0.9630958482829318
2026-09-24,4721,0.5627883136852896,-0.2577319587628746,11.240308106099596,0.349308047155305,0.8892875448487955
2026-09-24,4722,0.5627883136852896,-15.789473684210533,22.554347826086957,0.4019733470015377,0.9241414659149154
2026-09-24,4726,0.5627883136852896,-8.401637912213022,10.067112387160066,-0.0497180932854946,0.4361865709892363
2026-09-24,4728,0.5627883136852896,-2.7093596059113323,4.050632911392405,-0.0740645822655049,0.38749359302921577
2026-09-24,4729,0.5627883136852896,-2.083337224191928,5.585112470261594,0.2944643772424398,0.8534085084572014
2026-09-24,4735,0.5627883136852896,-8.087293199584867,10.335197661842049,-0.0074320861096872,0.5017939518195798
2026-09-24,4736,0.5627883136852896,-3.7174721189591087,8.880308880308881,-0.4308047155304972,0.04971809328549462
2026-09-24,4737,0.5627883136852896,-7.401314627513322,13.499109190268374,-0.4782162993336751,0.03331624807790876
2026-09-24,4739,0.5627883136852896,-11.66666666666667,19.11949301665684,0.4707842132239876,0.9579702716555613
2026-09-24,4741,0.5627883136852896,-14.382788916002188,19.97355304697834,0.35366478728857,0.8923628908252178
2026-09-24,4743,0.5627883136852896,-5.789473684210522,10.05586592178771,0.1365966171194259,0.7047667862634547
2026-09-24,4744,0.5627883136852896,-10.668788723657553,17.825311942959,-0.3544336237826755,0.08303434136340339
2026-09-24,4745,0.5627883136852896,0.0,3.765690376569032,0.2593541773449513,0.8282931829830856
2026-09-24,4746,0.5627883136852896,-4.091813446221981,10.613940632926315,0.3236801640184521,0.875961045617632
2026-09-24,4747,0.5627883136852896,-18.353343699975035,25.420164861598938,0.1565863659661712,0.7337262942080984
2026-09-24,4749,0.5627883136852896,-11.757575757575756,17.032967032967033,0.022296258329062,0.5709892362890825
2026-09-24,4754,0.5627883136852896,-5.500000000000005,8.068781050424729,-0.0333162480779087,0.4584828293182983
2026-09-24,4755,0.5627883136852896,-7.2289156626506035,13.41991341991342,0.3122757560225525,0.8682726806765761
2026-09-24,4760,0.5627883136852896,-5.457746478873238,15.212876303901885,0.1781137878011275,0.7549974372116863
2026-09-24,4763,0.5627883136852896,-13.831775700934578,18.65509430395031,-0.4720656073808303,0.035366478728856995
2026-09-24,4764,0.5627883136852896,-26.94610778443114,37.704918032786885,-0.0038441824705279,0.5071758072783188
2026-09-24,4766,0.5627883136852896,-2.4147727272727293,6.259097525473072,0.01652998462327,0.5607380830343414
2026-09-24,4767,0.5627883136852896,-8.25082277230802,10.971220277196212,-0.3815991799077396,0.06611993849308047
2026-09-24,4768,0.5627883136852896,-3.5608308605341255,14.76923076923077,0.3990261404407995,0.9220912352639672
2026-09-24,4770,0.5627883136852896,-2.931034482758621,28.596802841918297,-0.0051255766273705,0.503844182470528
2026-09-24,4771,0.5627883136852896,-3.6363636363636376,9.90566037735849,-0.1596617119425935,0.26627370579190157
2026-09-24,4772,0.5627883136852896,-9.306569343065696,18.30985915492958,0.4697590978985135,0.9574577139928242
2026-09-24,4807,0.5627883136852896,-8.864701059453505,16.723554695832444,-0.1409533572526909,0.291645310097386
2026-09-24,4903,0.5627883136852896,-2.050113895216399,24.9999964514444,0.0889287544848795,0.6581240389543823
2026-09-24,4904,0.5627883136852896,-1.8604651162790753,7.298575306390713,-0.3480266529984623,0.08867247565351102
2026-09-24,4905,0.5627883136852896,-15.56039313215033,21.005158571852853,-0.3762173244490005,0.06919528446950282
2026-09-24,4906,0.5627883136852896,-7.266006366974265,15.272244355909695,0.2852383393131726,0.8467452588416197
2026-09-24,4907,0.5627883136852896,-5.532362090734367,10.607741550845995,0.1317273193234238,0.699128651973347
2026-09-24,4908,0.5627883136852896,-20.75471698113207,39.04761904761905,-0.8821117375704767,0.0035879036391594054
2026-09-24,4909,0.5627883136852896,-20.486112515376888,28.820965140841064,0.3577652485904664,0.8969759097898513
2026-09-24,4911,0.5627883136852896,-3.833333333333333,6.585787239273044,-0.1391594054331112,0.2947206560738083
2026-09-24,4912,0.5627883136852896,-8.24644549763034,21.177685950413224,0.1582521783700666,0.735007688364941
2026-09-24,4915,0.5627883136852896,-3.609022556390984,11.70046801872075,-0.071758072783188,0.39210661199384933
2026-09-24,4916,0.5627883136852896,-4.651162790697672,14.829265315358246,0.1637621732444899,0.7380830343413634
2026-09-24,4919,0.5627883136852896,-5.555555555555558,25.735294117647054,0.4797539723218862,0.9615581752947207
2026-09-24,4923,0.5627883136852896,-5.044512535468481,27.34375,0.0964889800102511,0.6647872885699642
2026-09-24,4924,0.5627883136852896,-14.133333333333333,54.96894646875607,0.022296258329062,0.5709892362890825
2026-09-24,4927,0.5627883136852896,-4.999999999999993,15.10297133666154,-0.038698103536648,0.45053818554587394
2026-09-24,4930,0.5627883136852896,-2.134144065069432,4.361369528131693,-0.0939261916965658,0.35981547924141466
2026-09-24,4931,0.5627883136852896,-16.145833333333336,26.91511387163561,0.1440287032291132,0.716555612506407
2026-09-24,4933,0.5627883136852896,-4.480285432334075,9.56847743737541,0.5294720656073808,0.9759097898513582
2026-09-24,4934,0.5627883136852896,-6.907893568690115,14.13427561837456,0.500512557662737,0.9687339825730394
2026-09-24,4935,0.5627883136852896,-5.5873966779999895,13.35357063999668,0.3639159405433111,0.9023577652485905
2026-09-24,4938,0.5627883136852896,-4.497906425474585,8.65279466142268,-0.2319323423885188,0.17478216299333674
2026-09-24,4939,0.5627883136852896,-22.58403113177745,32.428761123802175,-0.4482316760635571,0.044079958995386984
2026-09-24,4942,0.5627883136852896,-5.663187124492508,9.320691486858832,0.190415171706817,0.7662737057919016
2026-09-24,4943,0.5627883136852896,-17.47343825702119,27.753935010306996,0.0548436699128652,0.6145566376217324
2026-09-24,4946,0.5627883136852896,-2.487562189054726,14.285714285714285,0.208354689902614,0.7811378780112763
2026-09-24,4949,0.5627883136852896,-12.235294117647069,18.766756032171585,-0.058175294720656,0.420553562275756
2026-09-24,4950,0.5627883136852896,-4.545454545454541,7.301584879557281,-0.0526652998462326,0.4300358790363916
2026-09-24,4951,0.5627883136852896,-19.452054794520546,36.621318652786634,0.2291132752434649,0.7975397232188621
2026-09-24,4952,0.5627883136852896,-8.333335952663457,14.811031664964249,0.5548436699128652,0.981547924141466
2026-09-24,4953,0.5627883136852896,-6.3745019920318775,7.659574468085106,-0.0384418247052793,0.45233213736545363
2026-09-24,4956,0.5627883136852896,-7.001044932079415,37.19101295042574,0.03485392106612,0.5909789851358278
2026-09-24,4958,0.5627883136852896,-13.54545454545455,21.766561514195583,-0.1009738595592004,0.35161455663762176
2026-09-24,4960,0.5627883136852896,-10.020042831633646,24.27617266342741,0.354177344951307,0.8928754484879549
2026-09-24,4961,0.5627883136852896,-2.9569892473118253,15.23545706371191,-0.2765248590466427,0.13736545361353153
2026-09-24,4966,0.5627883136852896,-4.507512520868118,13.636363636363637,0.4768067657611481,0.9600205023065095
2026-09-24,4967,0.5627883136852896,-5.21739130434783,7.889908256880735,-0.2634546386468477,0.14659149154279857
2026-09-24,4968,0.5627883136852896,-2.1164021164021163,8.32432102512669,0.3664787288569965,0.9036391594054332
2026-09-24,4971,0.5627883136852896,-23.966942148760328,37.31884057971014,-0.4703997949769349,0.03690415171706817
2026-09-24,4972,0.5627883136852896,-4.105567556501699,5.5045848228151275,-0.0015376729882111,0.5181957970271656
2026-09-24,4973,0.5627883136852896,-14.920634920634924,18.65671641791045,-0.0371604305484367,0.4548949256791389
2026-09-24,4974,0.5627883136852896,-6.622516556291391,10.638297872340424,-0.3899282419272168,0.06509482316760636
2026-09-24,4976,0.5627883136852896,-16.19047619047619,21.164774894714352,-0.133264992311635,0.30317785750896975
2026-09-24,4977,0.5627883136852896,-11.08179419525066,17.210682492581604,-0.605586878523834,0.01486417221937468
2026-09-24,4979,0.5627883136852896,-14.43768996960486,27.88632326820604,-0.0663762173244489,0.4033828805740646
2026-09-24,4989,0.5627883136852896,-17.15480818935201,22.558918705693,0.1424910302409021,0.7129677088672476
2026-09-24,4991,0.5627883136852896,-17.23214285714286,30.852211434735704,0.3182983085597129,0.8723731419784726
2026-09-24,4994,0.5627883136852896,-4.953920392368849,9.333338881983902,0.1380061506919528,0.70732957457714
2026-09-24,4995,0.5627883136852896,-5.323191169860353,9.23694472715079,-0.3644284982060481,0.0743208610968734
2026-09-24,4999,0.5627883136852896,-6.020944285348939,8.356545961002785,0.1494105586878523,0.7224500256278832
2026-09-24,5007,0.5627883136852896,-1.76678180402835,2.5179814949310084,-0.2433367503844182,0.1629933367503844
2026-09-24,5009,0.5627883136852896,-9.219858156028373,10.781252384185793,-0.217068170169144,0.18810866222450026
2026-09-24,5011,0.5627883136852896,-7.575754014439207,10.655731451315956,0.3095848282931829,0.8657098923628909
2026-09-24,5013,0.5627883136852896,-8.948865609843837,26.98908432411515,-0.0415171706817018,0.4443874935930292
2026-09-24,5014,0.5627883136852896,-2.8431354381175167,5.751762813564266,0.0691952844695027,0.6345463864684777
2026-09-24,5015,0.5627883136852896,-4.017855508290968,6.279071541719658,-0.1818298308559713,0.2362890825217837
2026-09-24,5016,0.5627883136852896,-1.4000000000000012,3.4482774096134956,-0.1383905689390056,0.2962583290620195
2026-09-24,5201,0.5627883136852896,-6.089745886148645,18.94198342801768,-0.4223475140953356,0.051255766273705795
2026-09-24,5202,0.5627883136852896,-8.176098425909517,29.452049568907835,0.209379805228088,0.7821629933367504
2026-09-24,5203,0.5627883136852896,-1.6863393759296796,7.204117946722905,0.2342388518708354,0.8031778575089698
2026-09-24,5205,0.5627883136852896,-16.01941903087617,23.69942417034524,-0.0253716043054843,0.47180932854946184
2026-09-24,5206,0.5627883136852896,-4.192873649791117,12.47264937185876,0.152614044079959,0.7278318810866222
2026-09-24,5209,0.5627883136852896,-8.51648351648352,18.01801801801802,-0.4429779600205023,0.0451050743208611
2026-09-24,5210,0.5627883136852896,-1.480261921634951,8.180296679769016,-0.0233213736545361,0.4751409533572527
2026-09-24,5211,0.5627883136852896,-6.293709626677191,12.18905852208683,-0.2334700153767298,0.17375704766786262
2026-09-24,5212,0.5627883136852896,-1.3360770924809584,5.3125063578287754,0.0064069707842131,0.5402357765248591
2026-09-24,5213,0.5627883136852896,-3.2558139534883734,6.24999633202186,0.1414659149154279,0.7104049205535623
2026-09-24,5215,0.5627883136852896,-4.887221682470722,7.378137158782113,0.1354433623782675,0.7032291132752435
2026-09-24,5220,0.5627883136852896,-0.990102749433508,5.250005722045898,0.0866222450025628,0.65504869297796
2026-09-24,5222,0.5627883136852896,-5.829596412556048,10.0,0.2512813941568426,0.8190671450538185
2026-09-24,5223,0.5627883136852896,-11.001967304523008,13.024285929092509,-0.0545873910814966,0.4259354177344951
2026-09-24,5225,0.5627883136852896,-8.914101612528768,16.19217489113587,0.6842644797539723,0.9974372116863147
2026-09-24,5227,0.5627883136852896,-8.231705182510584,12.624582182925405,0.1104561763198359,0.6770886724756535
2026-09-24,5228,0.5627883136852896,-11.66666666666667,16.9811320754717,0.3024090210148642,0.8605843157355203
2026-09-24,5230,0.5627883136852896,-0.8510638297872353,26.609445334504088,0.0535622757560225,0.6127626858021528
2026-09-24,5234,0.5627883136852896,-4.870129870129869,10.238907849829353,0.2634546386468478,0.8308559712967709
2026-09-24,5236,0.5627883136852896,-3.214285714285714,7.7490774907749085,0.3671194259354177,0.9041517170681702
2026-09-24,5243,0.5627883136852896,-9.543147208121836,15.039283418494843,0.1586365966171194,0.7355202460276781
2026-09-24,5244,0.5627883136852896,-3.8978514333365744,13.146855280949518,0.0276781137878011,0.5814966683751922
2026-09-24,5245,0.5627883136852896,-13.4020618556701,18.809527442568825,0.265504869297796,0.8329062019477191
2026-09-24,5251,0.5627883136852896,-7.283765424487809,25.368248772504092,0.0704766786263455,0.6355715017939518
2026-09-24,5258,0.5627883136852896,-14.639175257731962,18.599033816425127,-0.0407483341875961,0.44746283956945154
2026-09-24,5263,0.5627883136852896,-15.000000000000002,19.97780244173141,0.0251153254741158,0.5773962070732958
2026-09-24,5269,0.5627883136852896,-1.661129568106312,13.85135135135135,0.0158892875448487,0.5589441312147616
2026-09-24,5272,0.5627883136852896,-2.272729390908823,7.558146188425463,0.3001025115325474,0.858534085084572
2026-09-24,5274,0.5627883136852896,-9.013761467889914,35.21552810688178,-0.0732957457713993,0.3887749871860584
2026-09-24,5276,0.5627883136852896,-2.1220178958879066,8.943087363307715,0.2462839569451562,0.8129164531009738
2026-09-24,5278,0.5627883136852896,-4.858302533900993,7.02128308884641,-0.188493080471553,0.22347514095335724
2026-09-24,5283,0.5627883136852896,-5.861455207424338,9.433962264150944,-0.3967196309584828,0.06227575602255254
2026-09-24,5284,0.5627883136852896,-18.482758620689655,25.211505922165824,0.2293695540748334,0.7983085597129677
2026-09-24,5285,0.5627883136852896,-6.451611417861458,18.576192378467393,0.1399282419272168,0.7088672475653511
2026-09-24,5287,0.5627883136852896,-1.4388489208633115,3.64963503649635,0.1378780112762685,0.7068170169144029
2026-09-24,5288,0.5627883136852896,-3.100775193798455,8.266666666666666,-0.0991799077396207,0.3531522296258329
2026-09-24,5289,0.5627883136852896,-14.983713355048856,22.60536398467433,0.6340338288057407,0.9933367503844183
2026-09-24,5291,0.5627883136852896,-21.72130821191791,29.1448463320108,-0.1314710404920553,0.30497180932854945
2026-09-24,5292,0.5627883136852896,-9.75103734439834,15.172413793103448,-0.2865197334700153,0.1309584828293183
2026-09-24,5299,0.5627883136852896,-2.4038461538461564,12.709361109240302,0.4971809328549461,0.9682214249103024
2026-09-24,5301,0.5627883136852896,-17.74461314392487,26.8145203590393,-0.0430548436699128,0.442337262942081
2026-09-24,5302,0.5627883136852896,-8.411213320637867,11.938776288713727,0.3977447462839569,0.9215786776012301
2026-09-24,5306,0.5627883136852896,-6.631578947368421,9.131903578490522,-0.2995899538698103,0.11916965658636597
2026-09-24,5309,0.5627883136852896,-2.3593439385151127,13.10408780122778,0.5274218349564326,0.9748846745258841
2026-09-24,5310,0.5627883136852896,0.0,16.279071132270932,0.0451050743208609,0.602255253716043
2026-09-24,5312,0.5627883136852896,-2.1621621621621623,3.314917127071823,-0.1158380317785751,0.32752434648898
2026-09-24,5314,0.5627883136852896,-43.58974267013652,82.5757546858354,-0.4748846745258842,0.03485392106611994
2026-09-24,5315,0.5627883136852896,-4.31472451787166,9.018571686681447,0.3267555099948744,0.8785238339313173
2026-09-24,5321,0.5627883136852896,-20.88535617798676,34.863700483587586,-0.2967708867247565,0.12224500256278831
2026-09-24,5324,0.5627883136852896,-5.323191169860342,8.835336769441032,-0.0476678626345463,0.43926191696565864
2026-09-24,5328,0.5627883136852896,-22.10682668925148,30.666671026320685,0.2439774474628396,0.8093285494618144
2026-09-24,5340,0.5627883136852896,-8.445949092351245,14.760147601476014,-0.2014351614556637,0.20809841107124552
2026-09-24,5344,0.5627883136852896,-4.561403508771933,10.661763303420123,0.2564069707842131,0.8257303946694003
2026-09-24,5347,0.5627883136852896,-6.060606060606055,20.234604105571847,0.2188621219887236,0.7913890312660175
2026-09-24,5348,0.5627883136852896,-3.84615167575253,10.153843806340143,-0.2077139928241927,0.20041004613018965
2026-09-24,5351,0.5627883136852896,-14.960629921259835,22.685185185185187,-0.1740133264992311,0.24807790876473604
2026-09-24,5353,0.5627883136852896,-2.595154423633228,5.861455127993867,0.1401845207585852,0.7098923628908252
2026-09-24,5355,0.5627883136852896,-4.225350826227848,22.794113439672135,-0.3426447975397232,0.09226037929267042
2026-09-24,5356,0.5627883136852896,-2.2684338209174815,2.9013569165936315,-0.1227575602255253,0.31701691440287033
2026-09-24,5364,0.5627883136852896,-3.5879667940329596,5.2821192563939645,-0.0971296770886724,0.3564838544336238
2026-09-24,5381,0.5627883136852896,-16.064984261275626,22.150544197328628,0.2270630445925166,0.796002050230651
2026-09-24,5386,0.5627883136852896,-15.92920353982301,35.78947368421053,-0.6245515120451051,0.01230138390568939
2026-09-24,5388,0.5627883136852896,-6.37755284255761,11.444143768227391,0.2142491030240902,0.787801127626858
2026-09-24,5392,0.5627883136852896,-17.41868050386345,21.601016518424395,0.0568939005638134,0.6176319835981547
2026-09-24,5398,0.5627883136852896,-8.552630431434105,9.352519357804784,-0.0287032291132752,0.46694003075345974
2026-09-24,5403,0.5627883136852896,-2.8213135155087277,3.763440860215054,-0.1829830855971297,0.2337262942080984
2026-09-24,5410,0.5627883136852896,-9.959076054339612,13.787888035629736,0.1018708354689902,0.6709379805228088
2026-09-24,5425,0.5627883136852896,-9.569377990430628,21.269839655154595,0.4677088672475654,0.955920041004613
2026-09-24,5426,0.5627883136852896,-12.125984251968514,16.487456564407623,-0.0486929779600205,0.4387493593029216
2026-09-24,5432,0.5627883136852896,-2.3323615160349864,17.01492537313433,0.0748334187596104,0.641465914915428
2026-09-24,5434,0.5627883136852896,-1.9891500904159145,8.487084870848708,0.0298564838544336,0.5858534085084572
2026-09-24,5438,0.5627883136852896,-3.932580152043541,9.356716222930372,0.2529472065607381,0.8200922603792927
2026-09-24,5439,0.5627883136852896,-9.80392156862745,17.193675889328063,0.3613531522296258,0.9005638134290108
2026-09-24,5443,0.5627883136852896,-13.008130081300816,19.626168224299064,-0.1810609943618656,0.23782675550999488
2026-09-24,5450,0.5627883136852896,-2.3026303530069514,6.7340067340067336,-0.0607380830343412,0.41517170681701693
2026-09-24,5452,0.5627883136852896,-2.99823763679844,10.545453158291904,0.4543823680164018,0.9492567913890313
2026-09-24,5455,0.5627883136852896,-1.4516129032258074,6.546644844517186,-0.1050743208610969,0.345463864684777
2026-09-24,5457,0.5627883136852896,-16.898956912929066,22.641515831777383,0.0053818554587391,0.5366478728856996
2026-09-24,5460,0.5627883136852896,-5.865919781603246,12.462904615996498,-0.4205535622757561,0.052793439261916965
2026-09-24,5464,0.5627883136852896,-10.92184641127204,35.770532116712936,-0.3252178370066632,0.10148641722193746
2026-09-24,5465,0.5627883136852896,0.0,31.140353108010103,0.022296258329062,0.5709892362890825
2026-09-24,5468,0.5627883136852896,-13.859649122807015,18.329938900203665,0.0210148641722193,0.566376217324449
2026-09-24,5469,0.5627883136852896,-3.820818797862768,6.8493150684931505,0.1336494105586878,0.7016914402870323
2026-09-24,5471,0.5627883136852896,-18.32543345477489,25.91875766186004,0.3111225012813942,0.867247565351102
2026-09-24,5474,0.5627883136852896,-5.847953216374268,15.527950310559005,0.1691440287032291,0.7421834956432599
2026-09-24,5475,0.5627883136852896,-15.81395348837209,25.96685082872928,0.4490005125576627,0.946694003075346
2026-09-24,5478,0.5627883136852896,-2.316216496548318,2.88660108428639,-0.0932854946181445,0.3618657098923629
2026-09-24,5481,0.5627883136852896,-1.7937219730941756,11.187212870001252,-0.1137878011276268,0.3305996924654024
2026-09-24,5483,0.5627883136852896,-6.683168316831678,16.976127320954905,0.1846488980010251,0.7614044079958996
2026-09-24,5484,0.5627883136852896,-9.310344827586205,13.434725569228254,0.1114812916453101,0.6776012301383906
2026-09-24,5487,0.5627883136852896,-5.098683019671723,8.318889492305974,-0.4492567913890313,0.04331112250128139
2026-09-24,5488,0.5627883136852896,-4.819275650258437,8.438818565400844,0.0917478216299333,0.6627370579190159
2026-09-24,5489,0.5627883136852896,-5.579396049905405,17.159089175137606,0.4356740133264993,0.9405433111225013
2026-09-24,5490,0.5627883136852896,-10.858141225574746,13.94891645210431,0.1322398769861609,0.7001537672988212
2026-09-24,5493,0.5627883136852896,-1.1714589989350488,12.068968805773512,0.1148129164531011,0.6847770374167094
2026-09-24,5498,0.5627883136852896,-18.270798330270267,24.451097804391217,0.0208867247565351,0.5658636596617119
2026-09-24,5508,0.5627883136852896,-11.333333333333329,15.60150232530178,-0.2179651460789338,0.18708354689902615
2026-09-24,5511,0.5627883136852896,-3.1767976207249027,4.850216156745944,-0.0836750384418246,0.3726294208098411
2026-09-24,5512,0.5627883136852896,-1.6581651793078025,4.53956396199386,-0.1132752434648898,0.3316248077908765
2026-09-24,5514,0.5627883136852896,-3.2467508501015763,8.05368999506802,-0.446694003075346,0.04459251665812404
2026-09-24,5515,0.5627883136852896,-1.679101678623418,9.962049335863377,0.0556125064069707,0.615325474115838
2026-09-24,5516,0.5627883136852896,0.0,6.882591093117406,-0.0789338800615069,0.3795489492567914
2026-09-24,5519,0.5627883136852896,-11.01243218664074,13.37325197018073,0.1036647872885699,0.6735007688364941
2026-09-24,5520,0.5627883136852896,-0.952380952380949,3.004807692307692,0.0207585853408507,0.5648385443362378
2026-09-24,5521,0.5627883136852896,-3.2258098540483005,5.714289347330746,-0.3364941055868785,0.09636084059456688
2026-09-24,5522,0.5627883136852896,-6.037149483344706,7.57825119295073,-0.1008457201435161,0.35263967196309587
2026-09-24,5523,0.5627883136852896,-1.2569018825736578e-06,0.6589810969998455,-0.2115581752947206,0.194771911840082
2026-09-24,5525,0.5627883136852896,-3.719914079997289,5.227270993319425,-0.2088672475653511,0.1981035366478729
2026-09-24,5529,0.5627883136852896,-0.756146529945223,20.0,-0.1330087134802665,0.30394669400307534
2026-09-24,5530,0.5627883136852896,-5.329454564810298,7.983618651344197,-0.3003587903639159,0.11737570476678626
2026-09-24,5531,0.5627883136852896,-6.684492216557758,8.1661915710799,-0.1665812403895438,0.25884161968221425
2026-09-24,5533,0.5627883136852896,-2.4561403508771895,4.316549506976463,-0.1777293695540749,0.2424397744746284
2026-09-24,5534,0.5627883136852896,-5.739797752929254,7.713132040103813,-0.1196822142491029,0.32265504869297795
2026-09-24,5536,0.5627883136852896,-0.331491712707177,9.866962305986696,0.4431060994361866,0.9446437724243978
2026-09-24,5538,0.5627883136852896,-7.105263157894748,9.206798866855523,-0.208354689902614,0.1998974884674526
2026-09-24,5543,0.5627883136852896,-10.59602874866944,15.555558381257232,0.0087134802665299,0.5468990261404408
2026-09-24,5546,0.5627883136852896,-7.692309949524967,10.416666666666666,-0.0723987698616094,0.3910814966683752
2026-09-24,5547,0.5627883136852896,-2.450978568039297,4.271358700852898,-0.1286519733470016,0.30855971296770884
2026-09-24,5548,0.5627883136852896,-2.6506024096385583,3.7128712871287126,-0.0785494618144541,0.380317785750897
2026-09-24,5601,0.5627883136852896,-6.7524127193289925,7.241380625757678,-0.2670425422860072,0.1442849820604818
2026-09-24,5603,0.5627883136852896,-5.902775285052586,7.380073800738007,0.0802152742183496,0.6494105586878524
2026-09-24,5604,0.5627883136852896,-2.194356197182068,3.685896213238056,-0.2339825730394669,0.17324449000512557
2026-09-24,5607,0.5627883136852896,-10.616440691583684,13.793104909845692,-0.372629420809841,0.07124551512045105
2026-09-24,5608,0.5627883136852896,-5.292483134044634,10.294117647058822,-0.2384674525884161,0.168118913377755
2026-09-24,5609,0.5627883136852896,-1.007558577461953,2.29008021852139,-0.2398769861609431,0.1663249615581753
2026-09-24,5701,0.5627883136852896,-6.741569036486716,10.8433688979551,-0.2944643772424398,0.12506406970784215
2026-09-24,5704,0.5627883136852896,-4.842105263157892,6.4159325793781115,-0.2760123013839056,0.13839056893900564
2026-09-24,5706,0.5627883136852896,-3.303968007630742,4.1002347420451315,0.0276781137878011,0.5814966683751922
2026-09-24,5864,0.5627883136852896,-3.664923389995578,11.27717805945355,0.2444900051255765,0.8098411071245515
2026-09-24,5871,0.5627883136852896,-14.615384615384608,17.11711711711711,-0.1655561250640697,0.2603792926704254
2026-09-24,5876,0.5627883136852896,-2.0999999999999908,15.321756894790605,-0.495130702203998,0.02972834443874936
2026-09-24,5878,0.5627883136852896,-1.550389537754315,1.7060407503383366,-0.0761148129164531,0.38288057406458226
2026-09-24,5880,0.5627883136852896,-4.166667991214313,9.640836084722796,-0.6694003075345976,0.010251153254741158
2026-09-24,5902,0.5627883136852896,-2.4216481796937694,4.671528391594435,-0.1701691440287032,0.25422860071758074
2026-09-24,5903,0.5627883136852896,0.0,1.8716577540106951,-0.0164018452075859,0.4843669912865197
2026-09-24,5904,0.5627883136852896,-8.81578947368421,9.668109668109674,-0.376473603280369,0.06868272680676576
2026-09-24,5905,0.5627883136852896,-8.101266932170404,9.228651451342028,-0.031522296258329,0.4618144541260892
2026-09-24,5907,0.5627883136852896,-5.10805785449141,8.074541269622234,-0.1732444900051256,0.24884674525884162
2026-09-24,6005,0.5627883136852896,-3.614460046275037,7.343751192092896,0.0033316248077908,0.5325474115838031
2026-09-24,6015,0.5627883136852896,-3.561643835616435,13.92045346173373,-0.1281394156842645,0.3090722706304459
2026-09-24,6016,0.5627883136852896,-2.680412371134011,15.677969334489209,0.0738083034341363,0.6396719630958483
2026-09-24,6020,0.5627883136852896,-4.2056057690345146,5.36585551936452,-0.0335725269092773,0.45720143516145567
2026-09-24,6021,0.5627883136852896,-8.833148547228454,17.703343806654644,-0.7106611993849309,0.008713480266529985
2026-09-24,6023,0.5627883136852896,-2.5930067952361524,7.754626097502531,-0.2894669400307535,0.1291645310097386
2026-09-24,6024,0.5627883136852896,-4.702193217767148,5.921050121909694,-0.2967708867247565,0.12224500256278831
2026-09-24,6026,0.5627883136852896,-2.1604984349145595,8.51735256447776,-0.0030753459764224,0.5110199897488468
2026-09-24,6028,0.5627883136852896,-0.6012024048096087,6.250001538184378,-0.0502306509482317,0.43464889800102513
2026-09-24,6101,0.5627883136852896,-3.92405063291138,9.22266139657444,-0.0017939518195796,0.5166581240389544
2026-09-24,6103,0.5627883136852896,-12.97872340425532,43.15403329714003,0.3475140953357252,0.8877498718605843
2026-09-24,6104,0.5627883136852896,-12.195121951219512,14.777781168619793,0.0652229625832906,0.6294208098411072
2026-09-24,6108,0.5627883136852896,-6.692159250703011,19.467213114754102,-0.1891337775499744,0.2221937467965146
2026-09-24,6109,0.5627883136852896,-8.333330265959694,11.483251763302729,0.1141722193746796,0.6834956432598668
2026-09-24,6111,0.5627883136852896,-3.515628833944451,14.305001489224868,0.3083034341363403,0.8646847770374168
2026-09-24,6112,0.5627883136852896,-10.169488944058712,18.867924528301884,-0.3288057406458226,0.0999487442337263
2026-09-24,6113,0.5627883136852896,-6.722686085506602,10.360356923696155,0.1135315222962583,0.6801640184520759
2026-09-24,6114,0.5627883136852896,-9.689919810033986,13.304714481206412,0.3375192209123526,0.8831368528959508
2026-09-24,6115,0.5627883136852896,-2.9735715429643372,4.313283827193885,-0.0197334700153767,0.47847257816504357
2026-09-24,6116,0.5627883136852896,-8.307692307692305,17.78523233912934,0.3605843157355202,0.8997949769349052
2026-09-24,6117,0.5627883136852896,-7.634734758629036,9.886551521585671,0.1776012301383905,0.7544848795489493
2026-09-24,6118,0.5627883136852896,-4.761900436850974,12.812495231628418,0.1829830855971297,0.7601230138390569
2026-09-24,6120,0.5627883136852896,-7.608696929148007,16.07843286850873,0.3117631983598155,0.8677601230138391
2026-09-24,6121,0.5627883136852896,-8.84848484848485,11.303191489361703,0.2178370066632496,0.7908764736032804
2026-09-24,6122,0.5627883136852896,-0.512820512820511,18.642609062063737,0.0338288057406458,0.5899538698103537
2026-09-24,6123,0.5627883136852896,-2.168948067598875,3.267205860400561,-0.2032291132752434,0.20656073808303435
2026-09-24,6124,0.5627883136852896,-1.0810810810810811,7.650274613733066,0.1263454638646848,0.6950281906714505
2026-09-24,6125,0.5627883136852896,-11.956522956011629,15.84362296901122,0.1791389031266017,0.7565351101998975
2026-09-24,6126,0.5627883136852896,-4.361366170312342,11.889243358897852,-0.0289595079446438,0.46591491542798563
2026-09-24,6127,0.5627883136852896,-11.970532833127931,18.61924207360176,0.1122501281394156,0.6781137878011276
2026-09-24,6128,0.5627883136852896,-5.405407178622779,8.31169029334923,0.213223987698616,0.787288569964121
2026-09-24,6129,0.5627883136852896,-5.1446956972484585,14.576275065793842,0.3380317785750897,0.8836494105586878
2026-09-24,6130,0.5627883136852896,-15.978457165230708,19.871793241582367,-0.2503844182470528,0.15530497180932856
2026-09-24,6133,0.5627883136852896,-11.734692732294471,29.28709202878507,-0.1217324449000512,0.31906714505381856
2026-09-24,6134,0.5627883136852896,-3.789128062653546,8.561643835616438,0.2452588416196822,0.8111225012813942
2026-09-24,6136,0.5627883136852896,-0.9940342835873306,4.417672214737857,-0.1273705791901588,0.3103536647872886
2026-09-24,6138,0.5627883136852896,-10.144927536231885,17.741935483870968,0.6442849820604818,0.9938493080471553
2026-09-24,6139,0.5627883136852896,-4.92424242424242,12.881806108897742,0.468990261404408,0.9569451563300871
2026-09-24,6140,0.5627883136852896,-11.48225751706381,37.264158140938235,0.1417221937467965,0.7114300358790364
2026-09-24,6141,0.5627883136852896,-13.522539765511398,23.35907777764162,-0.1353152229625832,0.3016401845207586
2026-09-24,6142,0.5627883136852896,-1.4145765649521191,7.726267210431972,0.1781137878011277,0.7560225525371604
2026-09-24,6143,0.5627883136852896,-10.242293765625332,14.110429447852743,0.1558175294720655,0.7319323423885187
2026-09-24,6144,0.5627883136852896,-8.058605489167848,11.553783340758049,-0.1460789338800615,0.2849820604818042
2026-09-24,6146,0.5627883136852896,-7.179487179487176,11.32596685082873,0.2783188108662224,0.8418759610456177
2026-09-24,6147,0.5627883136852896,-8.369098712446355,29.039812646370024,-0.0020502306509482,0.5148641722193746
2026-09-24,6148,0.5627883136852896,-6.888357670377876,37.117344992501394,0.0033316248077908,0.5325474115838031
2026-09-24,6150,0.5627883136852896,-7.727272727272727,11.822661351296311,-0.097898513582778,0.3546899026140441
2026-09-24,6151,0.5627883136852896,-4.6321545711142225,8.428573608398438,0.3331624807790876,0.8810866222450026
2026-09-24,6152,0.5627883136852896,-5.362778302917048,17.00000127156577,-0.3791645310097386,0.06663249615581752
2026-09-24,6153,0.5627883136852896,-6.521737192438737,9.01162347128225,-0.0509994874423372,0.4325986673500769
2026-09-24,6154,0.5627883136852896,-0.6993006993007089,3.521125417360123,-0.1030240902101486,0.34853921066119936
2026-09-24,6155,0.5627883136852896,-3.6799999999999944,14.4518285098662,0.4520758585340851,0.9482316760635572
2026-09-24,6156,0.5627883136852896,-3.2258098540482782,9.285717918759302,0.4028703229113274,0.9246540235776525
2026-09-24,6158,0.5627883136852896,-5.449593246218942,10.66282640616557,-0.0807278318810866,0.375961045617632
2026-09-24,6160,0.5627883136852896,-10.610933572322269,12.589929429747212,-0.1009738595592004,0.35161455663762176
2026-09-24,6161,0.5627883136852896,-7.26415094339623,11.29196182514862,0.009738595592004,0.5504869297796002
2026-09-24,6163,0.5627883136852896,-6.5462737855635496,15.458931669520872,0.2965146078933879,0.8539210661199385
2026-09-24,6164,0.5627883136852896,-5.40540401216314,15.510200967594068,0.5850845720143516,0.9851358277806254
2026-09-24,6165,0.5627883136852896,-5.135656109467024,9.39734111158548,-0.0725269092772937,0.39056893900563816
2026-09-24,6166,0.5627883136852896,-2.2222222222222254,20.833333333333336,0.201563300871348,0.7744746283956945
2026-09-24,6167,0.5627883136852896,-6.756759961213832,11.30434856322656,0.2719118400820092,0.8390568939005638
2026-09-24,6168,0.5627883136852896,-3.508768701010212,41.13636016845703,0.0097385955920041,0.5509994874423373
2026-09-24,6169,0.5627883136852896,-4.347823202497247,7.024788659466186,0.0797027165556124,0.6476166068682727
2026-09-24,6170,0.5627883136852896,-1.5259440541095626,3.0991735537190084,-0.0138390568939005,0.48898001025115323
2026-09-24,6171,0.5627883136852896,-2.2222222222222254,6.818178928259648,-0.058175294720656,0.420553562275756
2026-09-24,6173,0.5627883136852896,-7.401812688821751,33.278955954323,-0.0754741158380318,0.3844182470527934
2026-09-24,6174,0.5627883136852896,-3.747324912954242,14.34927867172292,0.4090210148641722,0.9295233213736546
2026-09-24,6175,0.5627883136852896,-12.765959112748217,17.93400286944046,0.3124038954382368,0.8687852383393132
2026-09-24,6176,0.5627883136852896,-4.573801546594125,9.041389348979626,0.2426960533059969,0.8088159917990774
2026-09-24,6177,0.5627883136852896,-8.333336108575962,9.307365912895698,-0.3972321886212198,0.06150691952844695
2026-09-24,6179,0.5627883136852896,-12.649167858873325,38.38798126887754,-0.9033828805740646,0.0015376729882111738
2026-09-24,6180,0.5627883136852896,-6.127167630057794,7.019700675175107,0.0558687852383393,0.6160943106099436
2026-09-24,6182,0.5627883136852896,-3.600000000000003,20.74688796680498,0.3877498718605843,0.9174782162993337
2026-09-24,6183,0.5627883136852896,-2.4572633671110733,3.943043235620037,-0.0412608918503332,0.44566888774987184
2026-09-24,6184,0.5627883136852896,-4.047619047619055,6.575686168434011,0.1222450025627883,0.6927216811891338
2026-09-24,6185,0.5627883136852896,-4.597702543796489,7.630520556346466,-0.0051255766273705,0.503844182470528
2026-09-24,6186,0.5627883136852896,-12.386702909749792,14.6551671521417,0.0299846232701178,0.5863659661711943
2026-09-24,6187,0.5627883136852896,-17.86941580756014,23.01255230125523,-0.3341875961045618,0.09687339825730394
2026-09-24,6188,0.5627883136852896,-11.174788983854322,13.709683572092365,0.2491030240902101,0.8177857508969759
2026-09-24,6189,0.5627883136852896,-0.5055627079521008,7.012196672641164,0.2237314197847257,0.7944643772424398
2026-09-24,6190,0.5627883136852896,-6.284149098386893,11.078714976852908,0.1578677601230138,0.734495130702204
2026-09-24,6191,0.5627883136852896,-4.07925749098923,6.439857900070247,0.1840082009226037,0.760635571501794
2026-09-24,6192,0.5627883136852896,-6.355932203389836,8.597285067873303,-0.0386981035366479,0.4513070220399795
2026-09-24,6194,0.5627883136852896,0.0,3.764322034270793,-0.0066632496155817,0.5023065094823168
2026-09-24,6195,0.5627883136852896,-0.706711104071811,4.2704585608214245,-0.1204510507432086,0.3206048180420297
2026-09-24,6196,0.5627883136852896,-0.1766784452296832,15.84070796460177,0.1450538185545873,0.7178370066632496
2026-09-24,6197,0.5627883136852896,-4.047976011994003,12.968750000000002,0.3077908764736032,0.8641722193746797
2026-09-24,6198,0.5627883136852896,-3.722082544560268,3.865979381443299,-0.1146847770374167,0.3285494618144541
2026-09-24,6199,0.5627883136852896,-0.8000000000000007,28.387094313098537,0.0279343926191695,0.5827780625320349
2026-09-24,6201,0.5627883136852896,-8.682330330334064,11.073827210155375,-0.0386981035366479,0.4513070220399795
2026-09-24,6202,0.5627883136852896,-4.901961969837332,13.23024186072071,0.4746283956945155,0.9589953869810354
2026-09-24,6203,0.5627883136852896,-2.2950819672131084,2.852350273388344,-0.057662737057919,0.4213223987698616
2026-09-24,6204,0.5627883136852896,-10.416666666666664,33.48837209302326,0.3329062019477191,0.8805740645822655
2026-09-24,6205,0.5627883136852896,-6.24203821656052,25.13586956521739,0.1588928754484879,0.7360328036904151
2026-09-24,6206,0.5627883136852896,-2.7972027972028024,7.553956834532374,-0.2364172219374679,0.17016914402870323
2026-09-24,6207,0.5627883136852896,0.0,17.599999999999998,0.3700666324961558,0.9056893900563814
2026-09-24,6208,0.5627883136852896,-11.01796407185629,15.612380180512911,0.2803690415171707,0.8441824705279344
2026-09-24,6209,0.5627883136852896,-9.71751412429378,16.52064699404529,-0.2111737570476678,0.19528446950281908
2026-09-24,6210,0.5627883136852896,-1.3850373829780716,8.988755472590414,0.2580727831881086,0.8272680676576115
2026-09-24,6212,0.5627883136852896,-5.726870134370332,10.903426791277258,-0.3304715530497181,0.09943618657098924
2026-09-24,6213,0.5627883136852896,0.0,18.991596638655466,0.0527934392619169,0.6107124551512045
2026-09-24,6214,0.5627883136852896,-2.3076923076923106,8.398950131233596,-0.4523321373654536,0.04254228600717581
2026-09-24,6215,0.5627883136852896,-8.24644549763034,10.847107438016527,-0.1635058944131214,0.26242952332137365
2026-09-24,6216,0.5627883136852896,-7.783022186602384,9.974428454933264,0.2055356227575602,0.779087647360328
2026-09-24,6217,0.5627883136852896,-19.239904988123513,32.05882352941177,0.4259354177344951,0.9364428498206048
2026-09-24,6218,0.5627883136852896,-7.826086956521738,45.833335732514,-0.023833931317273,0.4741158380317786
2026-09-24,6219,0.5627883136852896,-7.307692307692304,9.543565299006405,0.0066632496155817,0.5420297283444387
2026-09-24,6220,0.5627883136852896,-5.430714312758022,7.32673418403852,0.2038698103536648,0.7775499743721168
2026-09-24,6221,0.5627883136852896,-1.8292682926829065,36.64596273291924,-0.0110199897488466,0.49333675038441827
2026-09-24,6222,0.5627883136852896,-11.750601134986772,14.402171839838443,-0.1745258841619682,0.24756535110199898
2026-09-24,6223,0.5627883136852896,-10.64356435643564,21.97599261311173,-0.296514607893388,0.12327011788826243
2026-09-24,6224,0.5627883136852896,-11.422416706005713,22.992702586227363,-0.7493593029215786,0.006663249615581753
2026-09-24,6225,0.5627883136852896,-37.0,76.19047619047619,-0.4987186058431574,0.028703229113275244
2026-09-24,6226,0.5627883136852896,-8.333333333333337,42.27272813970392,-0.2409021014864172,0.16504356740133266
2026-09-24,6227,0.5627883136852896,-6.872852233676974,27.67527675276753,-0.3024090210148641,0.11404407995899539
2026-09-24,6228,0.5627883136852896,0.0,12.834228678820605,0.151204510507432,0.725781650435674
2026-09-24,6229,0.5627883136852896,-2.8688509404675044,7.59493348970695,0.1814454126089185,0.7585853408508457
2026-09-24,6230,0.5627883136852896,-5.042016806722693,11.946902654867255,0.2111737570476678,0.7831881086622245
2026-09-24,6231,0.5627883136852896,-3.292181069958844,16.595744680851062,0.3713480266529985,0.9067145053818555
2026-09-24,6233,0.5627883136852896,-3.6117364889749592,10.070255824497767,0.5117888262429524,0.9723218862121988
2026-09-24,6234,0.5627883136852896,-10.625734678292654,25.62746881966232,0.4233726294208098,0.9349051768323936
2026-09-24,6235,0.5627883136852896,-5.03067484662576,8.268735821548974,0.1486417221937468,0.7206560738083034
2026-09-24,6236,0.5627883136852896,-6.299208845772675,26.05041803098193,-0.7239876986160942,0.008200922603792926
2026-09-24,6237,0.5627883136852896,-5.006418485237496,15.945948007944477,0.4072270630445925,0.9277293695540748
2026-09-24,6239,0.5627883136852896,-4.966887417218546,13.937282229965156,0.2119425935417735,0.7852383393131728
2026-09-24,6240,0.5627883136852896,-7.2566371681416,26.52672046923455,-0.049461814454126,0.43772424397744747
2026-09-24,6241,0.5627883136852896,-14.166666666666671,19.41747572815534,0.0289595079446438,0.5843157355202461
2026-09-24,6242,0.5627883136852896,-2.2922678822397513,3.8123256649789226,-0.0375448487954894,0.45412608918503333
2026-09-24,6243,0.5627883136852896,-8.881196331343478,17.8480993343305,0.4528446950281907,0.9487442337262942
2026-09-24,6244,0.5627883136852896,-6.175300230728387,14.437365683780351,0.4941055868785238,0.9656586365966171
2026-09-24,6245,0.5627883136852896,-4.459305556665982,15.869309771436516,-0.0873910814966683,0.3682726806765761
2026-09-24,6246,0.5627883136852896,-7.913666537543262,13.281248509883866,0.0017939518195797,0.5269092772936955
2026-09-24,6248,0.5627883136852896,-2.325585727887447,3.869056701660156,-0.0125576627370578,0.49154279856483857
2026-09-24,6257,0.5627883136852896,-7.604562737642584,25.102880658436217,0.1596617119425935,0.7370579190158892
2026-09-24,6259,0.5627883136852896,-10.85627119300513,16.981134692759703,0.5055099948744234,0.9707842132239877
2026-09-24,6261,0.5627883136852896,-5.3204318145210205,12.515958393822835,0.3757047667862633,0.9092772936955408
2026-09-24,6263,0.5627883136852896,-10.028653295128942,14.331210191082802,0.0371604305484366,0.5935417734495131
2026-09-24,6264,0.5627883136852896,-1.6366633605437553,3.494177007437149,-0.1554331112250128,0.27268067657611483
2026-09-24,6265,0.5627883136852896,-18.020302451927385,25.386993754635903,-0.0989236289082522,0.35366478728857
2026-09-24,6266,0.5627883136852896,-1.9685024647224991,4.016064257028113,-0.1907995899538699,0.21886212198872373
2026-09-24,6269,0.5627883136852896,-21.26367242143624,29.78395532678675,0.0794464377242439,0.6468477703741671
2026-09-24,6270,0.5627883136852896,-2.3026303530069514,9.25925925925926,0.4387493593029214,0.9425935417734496
2026-09-24,6271,0.5627883136852896,-6.910569105691056,15.502183406113538,0.059584828293183,0.6227575602255254
2026-09-24,6272,0.5627883136852896,-18.910258393159076,27.66798418972332,-0.4551512045105074,0.04202972834443875
2026-09-24,6274,0.5627883136852896,-2.287581699346408,17.05685618729097,0.3572526909277294,0.8964633521271143
2026-09-24,6275,0.5627883136852896,-6.134972254124049,9.47712916953891,0.1319835981547925,0.699641209636084
2026-09-24,6276,0.5627883136852896,-6.4285714285714395,11.19592875318066,0.1368528959507944,0.7052793439261917
2026-09-24,6277,0.5627883136852896,-5.006106775936237,7.9691575548029805,-0.1764479753972322,0.24551512045105076
2026-09-24,6278,0.5627883136852896,-2.752293577981646,18.160377358490564,0.2466683751922092,0.814454126089185
2026-09-24,6279,0.5627883136852896,-12.45136186770428,16.444444444444446,0.3126601742696053,0.8698103536647873
2026-09-24,6281,0.5627883136852896,-1.3539666394768002,1.568628946940107,-0.1767042542286007,0.24449000512557661
2026-09-24,6282,0.5627883136852896,-7.049888463544152,10.618434625578873,0.270374167093798,0.8370066632496156
2026-09-24,6283,0.5627883136852896,-7.371009107378656,13.527857530022173,0.3216299333675038,0.8741670937980522
2026-09-24,6284,0.5627883136852896,-10.048424488435693,11.574695119947636,-0.0017939518195797,0.5158892875448488
2026-09-24,6285,0.5627883136852896,-6.666666666666665,16.386554621848738,0.428754484879549,0.9377242439774475
2026-09-24,6290,0.5627883136852896,-6.003430531732423,17.7007299270073,0.0079446437724244,0.5451050743208611
2026-09-24,6291,0.5627883136852896,-10.20408163265306,31.198347107438018,-0.5497180932854946,0.021014864172219375
2026-09-24,6292,0.5627883136852896,-2.6162833894116,13.7313501158757,-0.2266786263454638,0.1814454126089185
2026-09-24,6294,0.5627883136852896,-4.362413658869535,6.315786796703674,-0.2526909277293696,0.1532547411583803
2026-09-24,6405,0.5627883136852896,-7.270695095007717,18.335349309573846,0.2629420809841106,0.8303434136340339
2026-09-24,6409,0.5627883136852896,-17.464788732394364,24.914675767918087,0.4574577139928241,0.9502819067145054
2026-09-24,6411,0.5627883136852896,-5.447940141949237,8.706780310324303,0.2155304971809328,0.7883136852895951
2026-09-24,6412,0.5627883136852896,-7.213932109207766,10.455768165895192,0.4272168118913377,0.9369554074833418
2026-09-24,6414,0.5627883136852896,-6.733167082294267,10.02673796791444,0.0822655048692979,0.6514607893388006
2026-09-24,6415,0.5627883136852896,-12.896622313203688,24.324324324324326,0.7414146591491543,0.9984623270117888
2026-09-24,6416,0.5627883136852896,-6.048387096774189,24.46351931330472,-0.4664274730907227,0.038954382368016405
2026-09-24,6417,0.5627883136852896,-5.555555555555558,7.84313725490196,-0.0643259866735008,0.4072270630445925
2026-09-24,6418,0.5627883136852896,-12.420787498545929,20.11577644844994,-0.1119938493080471,0.3344438749359303
2026-09-24,6419,0.5627883136852896,-7.739938080495357,12.416107382550337,-0.4301640184520758,0.050230650948231675
2026-09-24,6423,0.5627883136852896,-2.4719101123595544,11.866362962854623,0.0304971809328549,0.5873910814966684
2026-09-24,6425,0.5627883136852896,-9.1954058379774,26.300990967140255,0.1278831368528959,0.6970784213223987
2026-09-24,6426,0.5627883136852896,-5.582524271844658,41.90231362467866,-0.0617631983598155,0.4120963608405946
2026-09-24,6431,0.5627883136852896,-15.931370976978588,20.991255868628144,-0.1304459251665812,0.3062532034853921
2026-09-24,6432,0.5627883136852896,-11.695908402651323,27.15232040708429,0.752434648898001,0.9994874423372629
2026-09-24,6435,0.5627883136852896,-9.94671403197158,21.89349112426036,0.6768323936442849,0.9969246540235777
2026-09-24,6438,0.5627883136852896,-5.688622754491012,15.555555555555555,0.2165556125064069,0.7893388006150692
2026-09-24,6441,0.5627883136852896,-7.434942925250299,25.702809712972982,-0.4036391594054331,0.058944131214761664
2026-09-24,6442,0.5627883136852896,-20.3125,28.431372549019606,-0.0584315735520246,0.4195284469502819
2026-09-24,6443,0.5627883136852896,-6.456956005552284,26.548672566371685,0.4600205023065093,0.9523321373654536
2026-09-24,6446,0.5627883136852896,-29.78723404255319,45.02164502164502,-0.1650435674013326,0.2608918503331625
2026-09-24,6449,0.5627883136852896,-15.5241935483871,20.286396181384248,0.0987954894925679,0.6683751922091236
2026-09-24,6451,0.5627883136852896,-18.41584158415842,27.063106796116504,0.0486929779600205,0.6058431573552024
2026-09-24,6456,0.5627883136852896,-1.4545454545454528,25.953257655745503,0.0599692465402357,0.623526396719631
2026-09-24,6461,0.5627883136852896,-19.04761799724888,25.63025370365431,-0.4128651973347001,0.056381342901076374
2026-09-24,6462,0.5627883136852896,-3.203883495145632,7.9237728444121425,0.2552537160430549,0.8236801640184521
2026-09-24,6464,0.5627883136852896,-2.284267743715096,4.155850100826908,-0.3593029215786776,0.07713992824192721
2026-09-24,6465,0.5627883136852896,-16.19718438503973,21.728689644803232,0.2993336750384417,0.8569964120963608
2026-09-24,6469,0.5627883136852896,-7.625899280575532,9.034266724393374,0.1035366478728856,0.6727319323423885
2026-09-24,6470,0.5627883136852896,-2.050117299764465,6.511635004087936,-0.1870835468990261,0.22629420809841108
2026-09-24,6472,0.5627883136852896,-5.915178571428569,13.048635824436536,0.076114812916453,0.6440287032291133
2026-09-24,6474,0.5627883136852896,-5.702919680184704,7.5949388549633,0.1273705791901589,0.6965658636596617
2026-09-24,6477,0.5627883136852896,-14.1414108330856,17.9411719827091,0.1537672988211174,0.7298821117375704
2026-09-24,6482,0.5627883136852896,-9.67118121693268,12.633834610148728,-0.1112250128139415,0.33572526909277295
2026-09-24,6485,0.5627883136852896,-9.314363217989662,26.81883459594553,0.3631471040492056,0.9010763710917479
2026-09-24,6486,0.5627883136852896,-12.95896184866,20.843666777125662,-0.3245771399282419,0.10199897488467452
2026-09-24,6488,0.5627883136852896,-6.6009852216748826,15.084388185654008,0.460276781137878,0.9528446950281907
2026-09-24,6491,0.5627883136852896,-2.1897810218978075,12.935323383084576,-0.1875961045617632,0.22450025627883136
2026-09-24,6492,0.5627883136852896,-2.4251048660845265,5.555548863104212,0.1808047155304971,0.7580727831881087
2026-09-24,6494,0.5627883136852896,-9.523810741232008,15.399613110875062,0.4892362890825218,0.9636084059456689
2026-09-24,6496,0.5627883136852896,-6.930693069306926,9.14893617021276,-0.3230394669400308,0.1035366478728857
2026-09-24,6498,0.5627883136852896,-17.018633540372676,24.40120217329014,0.3395694515633009,0.8841619682214249
2026-09-24,6499,0.5627883136852896,-7.115625368988365,13.953484197321735,-0.3557150179395182,0.07995899538698104
2026-09-24,6504,0.5627883136852896,-6.90954595421156,9.986506782562628,-0.1417221937467965,0.29036391594054334
2026-09-24,6505,0.5627883136852896,-3.7527577609090863,22.362385321100916,-0.3444387493593028,0.09174782162993336
2026-09-24,6506,0.5627883136852896,-1.5873015873015706,6.98924526091544,-0.0251153254741158,0.4725781650435674
2026-09-24,6508,0.5627883136852896,-6.174955890517531,16.636194651044043,0.0594566888774987,0.6219887237314198
2026-09-24,6509,0.5627883136852896,-0.2098635886673694,6.940066300481399,0.1970784213223988,0.7708867247565351
2026-09-24,6510,0.5627883136852896,-15.883100381194405,40.181268882175225,-0.4377242439774474,0.04715530497180933
2026-09-24,6512,0.5627883136852896,-3.80047157271185,5.432091230227623,-0.3239364428498205,0.10251153254741159
2026-09-24,6515,0.5627883136852896,-29.176755447941893,46.666666666666664,-0.1273705791901588,0.3103536647872886
2026-09-24,6516,0.5627883136852896,-4.362413658869535,8.245608681126644,-0.1799077396207072,0.23936442849820605
2026-09-24,6517,0.5627883136852896,-16.42384105960265,22.979397781299525,0.0248590466427473,0.5763710917478216
2026-09-24,6523,0.5627883136852896,-0.9944751381215532,1.6741071428571428,-0.093541773449513,0.3603280369041517
2026-09-24,6525,0.5627883136852896,-10.999999999999998,23.220973782771537,0.5925166581240391,0.9866735007688365
2026-09-24,6526,0.5627883136852896,-2.5522041763341052,31.547619047619047,0.0381855458739108,0.5953357252690927
2026-09-24,6527,0.5627883136852896,-4.3367365557468895,6.799997965494792,-0.398769861609431,0.06048180420297283
2026-09-24,6530,0.5627883136852896,-4.761904761904767,19.900001525878903,-0.2690927729369554,0.1424910302409021
2026-09-24,6531,0.5627883136852896,-6.760563380281692,18.731117824773413,-0.3013839056893901,0.11481291645310097
2026-09-24,6532,0.5627883136852896,-4.8309178743961345,14.619290889217162,-0.0825217837006664,0.37467965146078935
2026-09-24,6533,0.5627883136852896,-0.8976660682226245,19.746376811594203,0.0662480779087648,0.6309584828293183
2026-09-24,6534,0.5627883136852896,-2.896992528595921,4.198889969462205,-0.1868272680676576,0.22706304459251667
2026-09-24,6535,0.5627883136852896,-6.395348837209303,15.279506896593556,0.3654536135315224,0.9031266017426961
2026-09-24,6538,0.5627883136852896,-14.95726495726496,67.96482412060301,-0.0504869297796001,0.4341363403382881
2026-09-24,6541,0.5627883136852896,-19.092124478713224,23.597364771877576,0.1035366478728856,0.6727319323423885
2026-09-24,6542,0.5627883136852896,-9.691632991181333,11.82927387516673,-0.1576114812916452,0.2706304459251666
2026-09-24,6546,0.5627883136852896,-10.365851573615004,13.77550760904948,0.0238339313172731,0.5740645822655048
2026-09-24,6547,0.5627883136852896,-17.174511734579912,26.254175498732756,-0.402614044079959,0.05945668887749872
2026-09-24,6548,0.5627883136852896,-8.589743589743593,13.32398316970547,0.176832393644285,0.7534597642234752
2026-09-24,6552,0.5627883136852896,-2.5691670223784047,9.330625708156376,0.5317785750896976,0.9769349051768323
2026-09-24,6556,0.5627883136852896,-0.9646314398390587,4.383118121654956,0.057662737057919,0.6191696565863659
2026-09-24,6558,0.5627883136852896,-5.587671369205793,11.83674092195472,0.5554843669912866,0.982060481804203
2026-09-24,6560,0.5627883136852896,-8.7988807379628,17.457883171794244,-0.009226037929267,0.5002562788313686
2026-09-24,6561,0.5627883136852896,-5.810397553516822,6.8181818181818175,-0.2109174782162993,0.1963095848282932
2026-09-24,6568,0.5627883136852896,-1.718213058419249,12.237762237762238,0.2274474628395694,0.796514607893388
2026-09-24,6569,0.5627883136852896,-1.071814597051035,4.658724866476488,0.2875448487954894,0.8480266529984624
2026-09-24,6570,0.5627883136852896,-11.81474734517991,14.791000055474612,0.1137878011276268,0.6814454126089186
2026-09-24,6573,0.5627883136852896,-17.616577054219494,23.58489966242568,0.1345463864684777,0.7024602767811379
2026-09-24,6574,0.5627883136852896,-3.658536585365857,4.641350210970464,-0.3391850333162481,0.09456688877498719
2026-09-24,6576,0.5627883136852896,-3.952095808383227,5.985041211668094,-0.4492567913890313,0.04331112250128139
2026-09-24,6577,0.5627883136852896,-1.7241342375105773,4.636587654438832,-0.0843157355202459,0.37211686314710407
2026-09-24,6578,0.5627883136852896,-10.000000000000009,13.513513513513514,-0.2129677088672475,0.19272168118913377
2026-09-24,6579,0.5627883136852896,-0.967741935483868,8.143322475570033,0.0351101998974885,0.5920041004613019
2026-09-24,6581,0.5627883136852896,-3.125,3.686635944700461,-0.4220912352639672,0.05176832393644285
2026-09-24,6582,0.5627883136852896,-6.344406558698057,7.4193523776146675,-0.1063557150179395,0.34290107637109174
2026-09-24,6584,0.5627883136852896,-21.61383285302594,29.59558823529412,0.1750384418247053,0.7508969759097899
2026-09-24,6585,0.5627883136852896,-9.05172413793104,15.165876777251183,0.4966683751922092,0.9677088672475653
2026-09-24,6588,0.5627883136852896,-11.811023622047244,24.107142857142858,-0.6030240902101486,0.015376729882111738
2026-09-24,6589,0.5627883136852896,-4.638221623571914,17.31517806591227,-0.1143003587903638,0.3295745771399282
2026-09-24,6590,0.5627883136852896,-10.799999999999986,29.443030934697305,-0.0094823167606354,0.4992311635058944
2026-09-24,6591,0.5627883136852896,-7.916666666666661,15.15837276683134,0.3421322398769862,0.8862121988723731
2026-09-24,6592,0.5627883136852896,0.0,40.18594883690195,0.0089697590978985,0.5476678626345464
2026-09-24,6593,0.5627883136852896,-2.5835911442444903,5.148210689169755,0.0976422347514095,0.6668375192209124
2026-09-24,6596,0.5627883136852896,-1.4256588510691004,5.371897673803928,-0.0609943618657098,0.41363403382880576
2026-09-24,6597,0.5627883136852896,-9.605263157894727,16.011644832605533,-0.3554587391081497,0.08047155304971809
2026-09-24,6598,0.5627883136852896,-8.695651009035277,11.721607529636705,-0.4706560738083034,0.036391594054331115
2026-09-24,6603,0.5627883136852896,-8.999999999999996,21.611720214396605,-0.2793439261916965,0.13634033828805742
2026-09-24,6605,0.5627883136852896,-2.464788732394363,5.415162454873646,0.089185033316248,0.6591491542798564
2026-09-24,6606,0.5627883136852896,-4.743834396104107,7.768927342388259,-0.1582521783700666,0.2690927729369554
2026-09-24,6609,0.5627883136852896,-3.748484960866838,7.412052633774341,0.1501793951819581,0.7247565351101999
2026-09-24,6612,0.5627883136852896,-3.877009269305975,8.066763632486525,-0.0216555612506406,0.4766786263454639
2026-09-24,6613,0.5627883136852896,-6.56303972366149,14.78743068391867,0.3605843157355202,0.8997949769349052
2026-09-24,6614,0.5627883136852896,-2.3319636355225826,3.651683250170075,0.0246027678113787,0.575602255253716
2026-09-24,6616,0.5627883136852896,-4.889407975870153,9.057530574728547,-0.3446950281906714,0.09097898513582778
2026-09-24,6617,0.5627883136852896,-8.053691275167784,26.277372262773724,-0.4766786263454639,0.03434136340338288
2026-09-24,6620,0.5627883136852896,-19.999999999999996,62.82258187570879,-0.8434136340338287,0.004100461301896463
2026-09-24,6624,0.5627883136852896,-7.31994943521761,12.101910828025478,0.3053562275756021,0.8621219887237315
2026-09-24,6625,0.5627883136852896,-5.491702278626254,6.89190013988598,-0.0868785238339313,0.3692977960020502
2026-09-24,6629,0.5627883136852896,-8.444444444444443,11.650485436893204,0.0748334187596104,0.641465914915428
2026-09-24,6637,0.5627883136852896,-6.206896551724139,8.823528009302477,0.257303946694003,0.8267555099948745
2026-09-24,6640,0.5627883136852896,-23.484848484848484,31.683168316831683,-0.2183495643259866,0.1865709892362891
2026-09-24,6641,0.5627883136852896,-7.377045318813858,10.02949177339717,0.0102511532547411,0.5515120451050743
2026-09-24,6642,0.5627883136852896,-8.837209302325578,13.903063170763913,0.2565351101998974,0.8262429523321374
2026-09-24,6643,0.5627883136852896,-1.717557251908397,24.07766990291262,0.1135315222962582,0.6796514607893388
2026-09-24,6645,0.5627883136852896,-8.088237872173154,11.600006103515652,0.2557662737057918,0.8241927216811892
2026-09-24,6649,0.5627883136852896,0.0,8.994704957992305,0.0820092260379292,0.6509482316760635
2026-09-24,6651,0.5627883136852896,-5.379746835443033,15.050167224080267,0.2401332649923117,0.8067657611481291
2026-09-24,6654,0.5627883136852896,-15.04424778761062,29.6875,-0.7839569451563302,0.005638134290107637
2026-09-24,6657,0.5627883136852896,-15.897435897435908,27.743903602041858,-0.6166068682726806,0.013839056893900564
2026-09-24,6658,0.5627883136852896,-9.137055837563455,19.273743016759777,0.3741670937980522,0.9082521783700667
2026-09-24,6661,0.5627883136852896,-7.514446788388596,9.374994039535522,0.1225012813941568,0.6934905176832393
2026-09-24,6664,0.5627883136852896,-8.662420382165603,17.99163179916318,0.3403382880574065,0.884674525884162
2026-09-24,6666,0.5627883136852896,-1.967213114754096,7.246376811594203,-0.2537160430548436,0.15274218349564325
2026-09-24,6667,0.5627883136852896,-2.9684601113172504,21.223709369024856,0.0922603792926705,0.663249615581753
2026-09-24,6668,0.5627883136852896,-12.107206393461013,31.12512983608948,-0.0028190671450536,0.5125576627370579
2026-09-24,6669,0.5627883136852896,-26.43478260869565,37.82505910165485,0.0648385443362378,0.6286519733470015
2026-09-24,6670,0.5627883136852896,-5.2083333333333375,7.142857142857142,-0.2995899538698103,0.11916965658636597
2026-09-24,6671,0.5627883136852896,-2.765957446808509,4.157552573039182,-0.0855971296770886,0.37109174782162996
2026-09-24,6672,0.5627883136852896,0.0,22.51851851851852,0.0251153254741158,0.5773962070732958
2026-09-24,6674,0.5627883136852896,-0.8108108108108025,16.621254445421595,0.0635571501793952,0.6266017426960533
2026-09-24,6679,0.5627883136852896,-6.896551724137934,12.839506172839506,0.4807790876473604,0.9620707329574577
2026-09-24,6680,0.5627883136852896,-7.36842105263158,13.257575757575758,-0.5594566888774988,0.01998974884674526
2026-09-24,6683,0.5627883136852896,-12.643678160919537,39.473684210526315,-0.0876473603280368,0.3675038441824705
2026-09-24,6684,0.5627883136852896,-7.655957295006177,17.809622851462546,0.3490517683239364,0.8887749871860584
2026-09-24,6689,0.5627883136852896,-14.457827830602522,23.00469005984693,-0.2847257816504357,0.13326499231163505
2026-09-24,6690,0.5627883136852896,-10.945273631840791,22.62569832402235,-0.1355715017939518,0.30035879036391594
2026-09-24,6691,0.5627883136852896,-0.1497005988023936,10.494752623688155,0.3282931829830856,0.8795489492567914
2026-09-24,6692,0.5627883136852896,-7.551020408163267,9.05077262693157,-0.159405433111225,0.26704254228600716
2026-09-24,6693,0.5627883136852896,-1.4117647058823568,23.627684964200476,0.3849308047155305,0.9149154279856484
2026-09-24,6695,0.5627883136852896,-3.6679522491212424,12.424851228335578,0.172988211173757,0.7467965146078934
2026-09-24,6697,0.5627883136852896,-4.1860465116279055,7.281553398058252,-0.0038441824705279,0.5071758072783188
2026-09-24,6698,0.5627883136852896,-5.514155824531198,8.35962024772957,0.2111737570476679,0.7837006663249616
2026-09-24,6703,0.5627883136852896,-2.898550724637683,3.9800995024875623,0.0281906714505382,0.583290620194772
2026-09-24,6706,0.5627883136852896,-14.880952380952383,34.26573426573427,-0.1658124038954382,0.25986673500768837
2026-09-24,6708,0.5627883136852896,0.0,14.602805520886566,0.0453613531522296,0.6032803690415172
2026-09-24,6712,0.5627883136852896,-2.4464831804281384,7.523510971786834,-0.0284469502819066,0.46796514607893386
2026-09-24,6715,0.5627883136852896,-2.294056308654846,36.71291355389541,0.0863659661711941,0.6545361353152229
2026-09-24,6716,0.5627883136852896,-16.666666666666664,22.17391304347826,-0.3626345463864684,0.07534597642234751
2026-09-24,6719,0.5627883136852896,-9.1358024691358,13.858695652173914,0.4387493593029215,0.9431060994361866
2026-09-24,6720,0.5627883136852896,-6.27306273062731,7.480314960629922,-0.0454894925679139,0.44028703229113275
2026-09-24,6721,0.5627883136852896,-4.571428571428571,6.287428195367078,-0.0495899538698103,0.4372116863147104
2026-09-24,6722,0.5627883136852896,-3.709200992998496,5.546998904188535,-0.1342901076371092,0.30240902101486417
2026-09-24,6725,0.5627883136852896,-10.272536687631028,15.42056074766355,0.1436442849820605,0.7152742183495643
2026-09-24,6727,0.5627883136852896,-16.528925619834713,28.11881188118812,-0.1272424397744745,0.3113787801127627
2026-09-24,6728,0.5627883136852896,-0.4587155963302725,2.7649769585253456,-0.0234495130702203,0.47462839569451565
2026-09-24,6730,0.5627883136852896,-4.179104477611939,6.230529595015576,0.2813941568426449,0.8446950281906714
2026-09-24,6732,0.5627883136852896,-4.487179487179482,8.724832214765101,0.170041004613019,0.743208610968734
2026-09-24,6733,0.5627883136852896,-11.05169098530573,12.825646715794871,-0.3593029215786776,0.07713992824192721
2026-09-24,6735,0.5627883136852896,-7.132455845571284,15.203756972166438,0.4779600205023065,0.9605330599692465
2026-09-24,6739,0.5627883136852896,-18.97810218978102,29.27927927927928,-0.187467965146079,0.22501281394156844
2026-09-24,6741,0.5627883136852896,-9.508196721311467,10.688405797101447,-0.2155304971809328,0.18887749871860585
2026-09-24,6742,0.5627883136852896,-5.363320550137429,26.96526508226691,0.3595592004100461,0.8980010251153254
2026-09-24,6743,0.5627883136852896,-0.3257328990227903,11.764704635719845,0.0712455151204509,0.636596617119426
2026-09-24,6751,0.5627883136852896,-0.6787347460658788,7.517082544557055,0.1527421834956432,0.7283444387493593
2026-09-24,6752,0.5627883136852896,-8.6255924170616,12.863072122281022,-0.0094823167606356,0.4982060481804203
2026-09-24,6753,0.5627883136852896,-11.66666666666667,15.09433962264151,-0.0248590466427473,0.4730907227063045
2026-09-24,6754,0.5627883136852896,-4.046242774566478,6.626506024096386,-0.214633521271143,0.18964633521271143
2026-09-24,6756,0.5627883136852896,-7.582938388625592,12.307692307692308,0.0220399794976934,0.5694515633008713
2026-09-24,6757,0.5627883136852896,-5.150975624084142,6.928840380036429,0.076114812916453,0.6440287032291133
2026-09-24,6761,0.5627883136852896,-16.709511568123393,21.296296296296298,0.190927729369554,0.7678113787801127
2026-09-24,6762,0.5627883136852896,-5.35714285714286,7.232704402515723,-0.3759610456176319,0.06970784213223988
2026-09-24,6763,0.5627883136852896,-3.044498219465519,6.280198765261738,0.1732444900051256,0.7473090722706305
2026-09-24,6767,0.5627883136852896,-5.587671369205793,15.102043930365111,-0.2047667862634546,0.20246027678113787
2026-09-24,6768,0.5627883136852896,-4.26829045617384,7.165605095541401,0.2293695540748334,0.7983085597129677
2026-09-24,6770,0.5627883136852896,-4.382473994708258,11.94445292154948,-0.2441055868785238,0.16094310609943618
2026-09-24,6771,0.5627883136852896,-2.552200726367948,7.142857142857142,-0.3513582778062531,0.08559712967708867
2026-09-24,6776,0.5627883136852896,-2.4299065420560706,4.597704072564954,-0.0010251153254741,0.5197334700153767
2026-09-24,6781,0.5627883136852896,-14.468085106382976,19.203980099502488,0.2662737057919015,0.8336750384418247
2026-09-24,6782,0.5627883136852896,-8.7890625,15.631691648822269,-0.2283444387493593,0.17811378780112763
2026-09-24,6785,0.5627883136852896,-8.518518518518526,17.611337576800512,-0.0415171706817016,0.44490005125576626
2026-09-24,6788,0.5627883136852896,-13.740458015267176,22.123893805309734,0.6291645310097387,0.9923116350589442
2026-09-24,6789,0.5627883136852896,-9.259259259259256,18.904403866809883,0.1430035879036392,0.7139928241927217
2026-09-24,6790,0.5627883136852896,-1.437908496732021,1.591507888915368,-0.1374935930292157,0.2972834443874936
2026-09-24,6791,0.5627883136852896,-5.167464114832542,7.063572149344097,-0.0702203997949769,0.39518195797027167
2026-09-24,6792,0.5627883136852896,-6.666666666666677,9.863944280715216,-0.0663762173244489,0.4033828805740646
2026-09-24,6794,0.5627883136852896,-8.76095293141097,10.562420545455032,-0.2444900051255766,0.15991799077396207
2026-09-24,6796,0.5627883136852896,-19.055118110236226,27.237354085603116,0.2073295745771399,0.779600205023065
2026-09-24,6799,0.5627883136852896,-2.3675276442992166,13.163965238434614,0.3692977960020502,0.9051768323936443
2026-09-24,6803,0.5627883136852896,-2.025782688766109,2.0676691729323307,-0.12019477191184,0.3213736545361353
2026-09-24,6804,0.5627883136852896,-2.6666666666666616,6.301367772768622,-0.3500768836494105,0.08815991799077397
2026-09-24,6805,0.5627883136852896,-7.9999999999999964,29.249011857707508,0.0156330087134801,0.557662737057919
2026-09-24,6811,0.5627883136852896,-10.275229357798166,21.881390593047033,-0.3475140953357253,0.08944131214761661
2026-09-24,6821,0.5627883136852896,-6.235564167746244,9.359604032168836,0.2883136852895951,0.849308047155305
2026-09-24,6823,0.5627883136852896,-4.7543558584259955,13.144754927090917,0.300871348026653,0.859046642747309
2026-09-24,6829,0.5627883136852896,-20.94339622641509,29.832935560859188,-0.1480010251153254,0.28293182983085596
2026-09-24,6830,0.5627883136852896,-15.756630265210614,25.925925925925924,-0.3733982573039466,0.07073295745771399
2026-09-24,6831,0.5627883136852896,-22.021943573667713,29.14572864321608,0.0171706817016914,0.5612506406970784
2026-09-24,6834,0.5627883136852896,-4.1322314049586755,29.310344827586203,0.274218349564326,0.8395694515633009
2026-09-24,6835,0.5627883136852896,-1.4173228346456623,5.910544349743535,0.1140440799589953,0.6827268067657611
2026-09-24,6838,0.5627883136852896,-4.315196998123827,15.490193086511944,-0.0020502306509482,0.5148641722193746
2026-09-24,6840,0.5627883136852896,-7.623318385650224,23.98057956140018,-0.102255253716043,0.3503331624807791
2026-09-24,6841,0.5627883136852896,-1.2867674747139568,6.33147397742813,0.1286519733470016,0.6981035366478728
2026-09-24,6843,0.5627883136852896,-4.218360469588289,6.735747342282626,-0.1430035879036392,0.28908252178370064
2026-09-24,6844,0.5627883136852896,-4.9751231758171315,7.32984426341964,-0.0330599692465402,0.4592516658124039
2026-09-24,6846,0.5627883136852896,-1.3355617787977447,7.275808886223032,0.0066632496155816,0.5412608918503332
2026-09-24,6854,0.5627883136852896,-11.262135922330096,17.286655417678134,0.4671963095848284,0.955407483341876
2026-09-24,6856,0.5627883136852896,-3.7542678823587416,8.156030172433695,0.1933623782675551,0.7683239364428498
2026-09-24,6859,0.5627883136852896,-6.2015503875969,19.00826446280992,-0.0681701691440287,0.39953869810353665
2026-09-24,6861,0.5627883136852896,-3.620689655172415,39.89266547406082,0.3877498718605843,0.9174782162993337
2026-09-24,6862,0.5627883136852896,-7.0234113712374535,14.388489208633093,0.5371604305484368,0.9784725781650435
2026-09-24,6863,0.5627883136852896,-12.73542600896861,21.17163255305354,0.0604818042029728,0.6250640697078421
2026-09-24,6865,0.5627883136852896,-5.0761396811790815,18.181812741964684,0.1214761660686827,0.6919528446950282
2026-09-24,6869,0.5627883136852896,-5.570650216199013,16.115103522650628,0.0738083034341363,0.6396719630958483
2026-09-24,6870,0.5627883136852896,-1.0294117647058787,27.043090638930163,-0.0468990261404407,0.4397744746283957
2026-09-24,6872,0.5627883136852896,-17.37522872319046,59.284112064097016,-0.5269092772936956,0.023833931317273193
2026-09-24,6873,0.5627883136852896,-5.431758894141614,7.805600959878957,-0.1048180420297283,0.3459764223475141
2026-09-24,6874,0.5627883136852896,-9.220779220779216,13.590844062947069,0.4661711942593541,0.9548949256791389
2026-09-24,6875,0.5627883136852896,-12.25895132393642,18.36734214794692,-0.0412608918503332,0.44566888774987184
2026-09-24,6877,0.5627883136852896,-3.9215686274509776,17.142857142857142,0.2977960020502307,0.8549461814454126
2026-09-24,6881,0.5627883136852896,-2.727272727272722,4.672897196261682,0.1137878011276268,0.6814454126089186
2026-09-24,6884,0.5627883136852896,-0.9230769230769154,9.78260751096358,0.1255766273705791,0.6945156330087134
2026-09-24,6885,0.5627883136852896,-5.606060606060614,34.83146189877922,-0.0645822655048693,0.4064582265504869
2026-09-24,6887,0.5627883136852896,-6.144578313253001,13.607186744699732,0.0540748334187595,0.6135315222962583
2026-09-24,6890,0.5627883136852896,-20.380434782608692,26.27986348122867,0.1360840594566889,0.7037416709379806
2026-09-24,6894,0.5627883136852896,-4.052287581699343,14.032697547683922,-0.1060994361865709,0.3444387493593029
2026-09-24,6895,0.5627883136852896,-14.454277286135698,23.103448275862068,-0.2867760123013839,0.1301896463352127
2026-09-24,6899,0.5627883136852896,-8.348796657674173,10.526317333885531,-0.0151204510507431,0.486929779600205
2026-09-24,6901,0.5627883136852896,-5.988028247032473,14.012743712990147,0.4586109687339825,0.9513070220399795
2026-09-24,6902,0.5627883136852896,-3.551912568306015,35.41076487252124,0.0297283444387493,0.5853408508457202
2026-09-24,6903,0.5627883136852896,-4.482225656877903,10.841423948220063,0.4942337262942081,0.9661711942593542
2026-09-24,6906,0.5627883136852896,-6.426152361164372,18.313249335231554,-0.0545873910814965,0.42644797539723217
2026-09-24,6907,0.5627883136852896,-13.53919239904988,20.6043956043956,-0.3011276268580215,0.11635058944131214
2026-09-24,6908,0.5627883136852896,-6.542051632227041,8.49999745686849,0.0433111225012814,0.6002050230650948
2026-09-24,6909,0.5627883136852896,-5.681818181818176,11.204822953925076,0.2278318810866223,0.7970271655561251
2026-09-24,6910,0.5627883136852896,-0.952380952380949,8.269229302039513,0.1210917478216299,0.6914402870322911
2026-09-24,6913,0.5627883136852896,-24.55621301775148,36.47058823529411,-0.1367247565351101,0.2983085597129677
2026-09-24,6914,0.5627883136852896,-4.743083003952564,7.053941908713693,0.0771399282419272,0.645822655048693
2026-09-24,6916,0.5627883136852896,-10.073711759418014,13.661202185792348,-0.0543311122501282,0.42721681189133776
2026-09-24,6918,0.5627883136852896,-7.250000000000001,9.973047878543,-0.1778575089697591,0.2416709379805228
2026-09-24,6919,0.5627883136852896,-22.980769230769237,33.33332952339848,-0.0320348539210661,0.460276781137878
2026-09-24,6921,0.5627883136852896,-8.4527260656176,16.275432747854314,0.3967196309584829,0.9210661199384931
2026-09-24,6922,0.5627883136852896,-2.304147465437789,16.745283018867923,0.0880317785750898,0.6570989236289082
2026-09-24,6923,0.5627883136852896,-3.80228322922771,6.06060405022542,-0.2142491030240901,0.1911840082009226
2026-09-24,6924,0.5627883136852896,-6.944444444444442,24.62686567164179,-0.187980522808816,0.2239876986160943
2026-09-24,6925,0.5627883136852896,0.0,27.859236417977343,0.0645822655048693,0.627883136852896
2026-09-24,6928,0.5627883136852896,-8.743718592964822,11.343615695768516,-0.1417221937467965,0.29036391594054334
2026-09-24,6931,0.5627883136852896,-7.738095238095233,10.064520066784274,-0.1486417221937467,0.2813941568426448
2026-09-24,6933,0.5627883136852896,0.0,33.506493506493506,-0.0612506406970784,0.4131214761660687
2026-09-24,6934,0.5627883136852896,-7.926829268292678,13.50992973277111,-0.4684777037416709,0.037929267042542285
2026-09-24,6936,0.5627883136852896,-4.229602835829949,5.047313798489255,-0.1465914915427985,0.28446950281906713
2026-09-24,6937,0.5627883136852896,-4.754358161648176,13.31114808652246,-0.0932854946181445,0.3618657098923629
2026-09-24,6944,0.5627883136852896,-0.2624671916010457,11.31578947368421,0.1737570476678627,0.7485904664274731
2026-09-24,6945,0.5627883136852896,0.0,32.608695652173914,-0.0035879036391593,0.5094823167606356
2026-09-24,6947,0.5627883136852896,-6.406689214820571,7.88690930321103,0.1027678113787801,0.671963095848283
2026-09-24,6949,0.5627883136852896,-96.6241610738255,2866.302186878728,0.0161455663762173,0.5602255253716043
2026-09-24,6951,0.5627883136852896,-3.888888888888886,4.04624277456647,-0.2929267042542286,0.12608918503331626
2026-09-24,6952,0.5627883136852896,-3.5087756198978415,7.532471495789367,-0.5376729882111737,0.022039979497693492
2026-09-24,6953,0.5627883136852896,-8.349514563106798,15.889830508474576,-0.0279343926191696,0.46873398257303944
2026-09-24,6955,0.5627883136852896,-13.972602739726025,18.15286462220923,0.0417734495130702,0.5991799077396207
2026-09-24,6957,0.5627883136852896,-1.602564102564108,31.921824104234524,-0.0174269605330599,0.4823167606355715
2026-09-24,6958,0.5627883136852896,0.0,21.609198910066453,0.0205023065094823,0.5643259866735008
2026-09-24,6961,0.5627883136852896,-7.647058823529407,8.280254777070061,-0.1099436186570989,0.33751922091235265
2026-09-24,6962,0.5627883136852896,-7.090099209179979,11.923682329575094,0.279087647360328,0.8431573552024603
2026-09-24,6965,0.5627883136852896,-10.771272974674671,12.071530474280468,-0.1086622245002562,0.34033828805740646
2026-09-24,6967,0.5627883136852896,-11.216216216216212,17.351600496010512,0.2648641722193747,0.8323936442849821
2026-09-24,6968,0.5627883136852896,-2.0047205077577845,3.249102981512298,-0.1294208098411071,0.30753459764223473
2026-09-24,6969,0.5627883136852896,-17.496638651147755,22.02284347758208,-0.4774474628395694,0.033828805740645826
2026-09-24,6971,0.5627883136852896,-10.299628031309094,13.152407206174974,-0.0448487954894925,0.44105586878523834
2026-09-24,6982,0.5627883136852896,-10.40164637779364,12.75861893577137,0.0190927729369554,0.5633008713480266
2026-09-24,6983,0.5627883136852896,-4.520547945205477,9.32568149210904,-0.1496668375192209,0.278575089697591
2026-09-24,6986,0.5627883136852896,-4.525865208663116,15.80135440180587,0.2491030240902101,0.8177857508969759
2026-09-24,6988,0.5627883136852896,-6.400000000000006,10.683760683760685,-0.2360328036904151,0.1717068170169144
2026-09-24,6994,0.5627883136852896,-26.675785063148115,40.85820468504037,0.2203997949769348,0.7929267042542286
2026-09-24,6996,0.5627883136852896,-8.556149732620321,13.450292397660816,0.3545617631983598,0.894413121476166
2026-09-24,6997,0.5627883136852896,-3.6075078523310378,4.1916213349667855,-0.1424910302409021,0.2895950794464377
2026-09-24,7402,0.5627883136852896,-16.833333333333332,21.442887300479864,0.305228088159918,0.8613531522296258
2026-09-24,7547,0.5627883136852896,0.0,19.44444701326415,0.1373654536135315,0.7063044592516659
2026-09-24,7556,0.5627883136852896,-2.037037037037037,12.476370510396976,0.2770374167093798,0.841107124551512
2026-09-24,7584,0.5627883136852896,-6.52921084729472,13.235295520109288,-0.0813685289595079,0.3751922091235264
2026-09-24,7610,0.5627883136852896,-15.668202764976956,39.61748633879781,-0.2045105074320861,0.20348539210661198
2026-09-24,7631,0.5627883136852896,-8.580858085808584,13.357400722021662,0.1706817016914403,0.7442337262942081
2026-09-24,7642,0.5627883136852896,-10.718792843185645,15.96045628779352,0.1153254741158379,0.6858021527421835
2026-09-24,7689,0.5627883136852896,-10.704225352112672,15.772870662460567,0.2344951307022039,0.8044592516658124
2026-09-24,7703,0.5627883136852896,-6.451612903225811,19.704433497536947,-0.243721168631471,0.16145566376217324
2026-09-24,7704,0.5627883136852896,-3.875968992248058,9.516131493353075,0.0545873910814966,0.6140440799589953
2026-09-24,7705,0.5627883136852896,-2.764227642276429,4.1806020066889635,0.0740645822655049,0.6406970784213224
2026-09-24,7708,0.5627883136852896,-1.2903225806451646,1.6339869281045754,-0.1688877498718605,0.256791389031266
2026-09-24,7709,0.5627883136852896,-6.203208556149731,28.392248034069446,-0.1558175294720656,0.27191184008200925
2026-09-24,7711,0.5627883136852896,-19.703703703703702,43.7269372693727,-0.8867247565351102,0.0030753459764223477
2026-09-24,7712,0.5627883136852896,-4.678362573099415,18.098159509202453,0.4120963608405945,0.9308047155304972
2026-09-24,7713,0.5627883136852896,-1.6000000000000014,2.710027100271003,-0.2042542286007175,0.2045105074320861
2026-09-24,7714,0.5627883136852896,-12.631578947368416,21.385542168674696,-0.0515120451050742,0.4315735520246028
2026-09-24,7715,0.5627883136852896,-9.68801539909938,13.636363636363637,0.0248590466427473,0.5763710917478216
2026-09-24,7716,0.5627883136852896,-0.8264494075791107,5.000003178914389,0.1846488980010251,0.7614044079958996
2026-09-24,7717,0.5627883136852896,-5.863708399366086,37.37373737373738,-0.1173757047667861,0.32547411583803176
2026-09-24,7718,0.5627883136852896,-3.5789473684210593,4.1484716157205215,-0.1386468477703741,0.29574577139928243
2026-09-24,7721,0.5627883136852896,-3.5937499999999956,12.965964343598054,0.2557662737057919,0.8247052793439262
2026-09-24,7722,0.5627883136852896,-11.413969335604769,14.23076923076923,-0.027165556125064,0.47001537672988214
2026-09-24,7723,0.5627883136852896,-11.38014364136598,13.38797605754248,-0.1606868272680676,0.26499231163505893
2026-09-24,7728,0.5627883136852896,-14.511494252873558,21.34453781512605,-0.1925935417734495,0.21732444900051257
2026-09-24,7730,0.5627883136852896,-10.880829015544046,15.69767441860465,-0.1242952332137365,0.3141978472578165
2026-09-24,7732,0.5627883136852896,-3.873740410989046,5.67163723618236,-0.1873398257303947,0.2255253716043055
2026-09-24,7734,0.5627883136852896,-12.140575079872209,26.36363636363636,0.2979241414659149,0.8554587391081496
2026-09-24,7736,0.5627883136852896,-3.1029640035704187,4.221254040580649,-0.3400820092260378,0.0937980522808816
2026-09-24,7738,0.5627883136852896,-12.534818941504176,16.24203821656051,-0.2110456176319836,0.19579702716555614
2026-09-24,7740,0.5627883136852896,-19.780219780219777,30.59360730593607,-0.0927729369554074,0.36340338288057406
2026-09-24,7743,0.5627883136852896,-1.1673151750972832,18.700784397876166,-0.065863659661712,0.4046642747309072
2026-09-24,7744,0.5627883136852896,-5.069930069930074,17.403314917127073,-0.0333162480779087,0.4584828293182983
2026-09-24,7747,0.5627883136852896,-3.0303030303030276,4.017857142857143,-0.1073808303434136,0.34136340338288057
2026-09-24,7749,0.5627883136852896,-3.888213851761846,18.83691529709229,0.3254741158380316,0.8780112762685802
2026-09-24,7750,0.5627883136852896,-20.4040404040404,31.472081218274113,0.1883649410558688,0.7642234751409533
2026-09-24,7751,0.5627883136852896,-23.291139240506332,44.224422442244226,0.3156073808303434,0.8708354689902614
2026-09-24,7753,0.5627883136852896,-6.982874070261802,7.50708431427608,-0.032034853921066,0.46078933880061507
2026-09-24,7757,0.5627883136852896,-3.499469777306463,8.131866455078123,0.0927729369554073,0.66376217324449
2026-09-24,7760,0.5627883136852896,-1.49253731343284,6.8181818181818175,0.0504869297796002,0.6084059456688877
2026-09-24,7765,0.5627883136852896,-7.307692307692304,18.87966804979253,0.0240902101486417,0.5748334187596105
2026-09-24,7767,0.5627883136852896,-5.6622865919911725,10.610934111338592,-0.1391594054331111,0.2952332137365454
2026-09-24,7768,0.5627883136852896,-2.4038461538461564,19.704433497536947,0.3767298821117376,0.9103024090210149
2026-09-24,7769,0.5627883136852896,-20.810055865921782,27.160493827160497,-0.0981547924141466,0.35417734495130704
2026-09-24,7770,0.5627883136852896,-2.4691358024691357,15.443034111698973,0.1078933880061507,0.6750384418247053
2026-09-24,7772,0.5627883136852896,-9.547738693467334,61.83333502875434,0.0043567401332651,0.5361353152229625
2026-09-24,7777,0.5627883136852896,-14.95215155774261,18.143462061714356,-0.048949256791389,0.4382368016401845
2026-09-24,7780,0.5627883136852896,-6.140352971030049,7.1651125994055445,-0.0745771399282419,0.38544336237826754
2026-09-24,7786,0.5627883136852896,-2.0746887966805017,7.627118644067797,-0.1119938493080471,0.3344438749359303
2026-09-24,7788,0.5627883136852896,-16.570605187319888,28.151986183074268,-0.3172731932342388,0.10763710917478217
2026-09-24,7791,0.5627883136852896,-2.7874590302189195,4.480286738351254,0.0971296770886724,0.6663249615581753
2026-09-24,7792,0.5627883136852896,-3.863134657836642,35.93570608495982,0.0030753459764223,0.5299846232701179
2026-09-24,7795,0.5627883136852896,-16.439522998296418,25.28032619775739,0.2321886212198872,0.8011276268580215
2026-09-24,7799,0.5627883136852896,-10.752688172043012,41.365461847389554,-0.3446950281906714,0.09097898513582778
2026-09-24,7803,0.5627883136852896,-9.999999999999998,13.88888888888889,-0.106099436186571,0.34392619169656585
2026-09-24,7805,0.5627883136852896,-5.142857142857138,6.124497991967871,0.0152485904664274,0.5566376217324449
2026-09-24,7810,0.5627883136852896,-7.2916666666666625,13.93258426966292,-0.1732444900051255,0.2496155817529472
2026-09-24,7811,0.5627883136852896,-0.9433921523345434,2.993193126860119,-0.0638134290107637,0.4082521783700666
2026-09-24,7814,0.5627883136852896,-5.000000000000004,6.666665328176398,0.1901588928754484,0.7657611481291645
2026-09-24,7818,0.5627883136852896,-3.6977503773759746,5.175295974655024,-0.0594566888774987,0.4177344951307022
2026-09-24,7819,0.5627883136852896,-7.287447483561016,8.73362445414847,0.032034853921066,0.5879036391594055
2026-09-24,7820,0.5627883136852896,-11.475409836065577,18.98148148148148,0.102255253716043,0.6714505381855459
2026-09-24,7821,0.5627883136852896,-8.468247563296893,9.387759254092254,-0.2224500256278831,0.18349564325986673
2026-09-24,7822,0.5627883136852896,-6.976744186046513,21.41304347826087,0.6614556637621732,0.9953869810353665
2026-09-24,7823,0.5627883136852896,-7.003442687698214,9.99999811619888,0.0656073808303434,0.6299333675038442
2026-09-24,7825,0.5627883136852896,-31.213389121338903,54.37956204379562,-0.1822142491030241,0.23577652485904665
2026-09-24,7827,0.5627883136852896,-2.985074626865669,13.846153846153848,0.2078421322398769,0.7801127626858022
2026-09-24,7828,0.5627883136852896,-11.659192825112108,30.20304568527919,-0.1824705279343926,0.23449513070220399
2026-09-24,7839,0.5627883136852896,-3.8975533772983577,6.488998961200029,0.0333162480779087,0.5889287544848796
2026-09-24,7842,0.5627883136852896,-10.09174311926605,15.510200967594084,-0.0158892875448487,0.48539210661199383
2026-09-24,8011,0.5627883136852896,-4.790423511325881,8.490568436916508,0.2086109687339826,0.7816504356740134
2026-09-24,8016,0.5627883136852896,-6.896551724137934,11.64021164021164,0.4583546899026141,0.9507944643772425
2026-09-24,8021,0.5627883136852896,-0.2079002079002023,14.6875,0.279600205023065,0.8436699128651973
2026-09-24,8024,0.5627883136852896,-8.695653435863914,14.285715799483045,-0.0763710917478216,0.3823680164018452
2026-09-24,8027,0.5627883136852896,-4.4155844155844175,17.119565217391305,0.4358021527421835,0.9410558687852384
2026-09-24,8028,0.5627883136852896,-1.8248175182481785,21.37546468401487,0.3992824192721681,0.9226037929267042
2026-09-24,8032,0.5627883136852896,-2.0408163265306145,7.361115349663629,0.4005638134290108,0.9231163505894413
2026-09-24,8033,0.5627883136852896,-18.004866180048662,23.738872403560833,0.1714505381855458,0.7452588416196823
2026-09-24,8034,0.5627883136852896,-5.324075746111068,10.75794994102422,0.1296770886724756,0.6986160943106099
2026-09-24,8038,0.5627883136852896,-4.678364699550763,15.64417294929364,0.343029215786776,0.8867247565351102
2026-09-24,8039,0.5627883136852896,-28.98351648351648,42.94003868471953,-0.1896463352127114,0.2211686314710405
2026-09-24,8040,0.5627883136852896,-3.176229508196715,30.89946928478422,0.2615325474115838,0.8293182983085597
2026-09-24,8042,0.5627883136852896,-7.692307692307687,20.614035087719294,0.0056381342901076,0.5381855458739108
2026-09-24,8043,0.5627883136852896,-14.743589743589746,20.676691729323306,0.292157867760123,0.8513582778062532
2026-09-24,8044,0.5627883136852896,-4.0241463425304875,8.176103827838377,0.1222450025627883,0.6927216811891338
2026-09-24,8045,0.5627883136852896,-7.944734723060243,23.73358635249326,0.0038441824705279,0.5345976422347514
2026-09-24,8046,0.5627883136852896,-7.116104868913853,26.209677419354836,0.3839056893900564,0.9144028703229113
2026-09-24,8047,0.5627883136852896,-1.5999999999999903,18.089433995688832,-0.1130189646335212,0.3326499231163506
2026-09-24,8048,0.5627883136852896,-6.355140186915886,12.77445414347087,0.2935674013326499,0.8523833931317273
2026-09-24,8049,0.5627883136852896,-0.8097196630031722,2.0408163265306123,-0.0106355715017939,0.49410558687852385
2026-09-24,8050,0.5627883136852896,-0.4878048780487809,11.928103328530304,-0.0033316248077908,0.5099948744233727
2026-09-24,8054,0.5627883136852896,-8.043478260869573,14.775413711583926,0.3056125064069708,0.8626345463864685
2026-09-24,8059,0.5627883136852896,-25.98158947197731,39.903780834823,-0.8997949769349052,0.0020502306509482316
2026-09-24,8064,0.5627883136852896,-2.112676056338026,31.72661760728136,0.1541517170681702,0.7303946694003075
2026-09-24,8066,0.5627883136852896,-3.896101515537131,7.770267692772105,-0.1840082009226037,0.23244490005125576
2026-09-24,8067,0.5627883136852896,-7.086612777809265,12.288133976823191,0.0502306509482317,0.6073808303434136
2026-09-24,8068,0.5627883136852896,-5.804753132731921,19.32773536660758,0.287801127626858,0.8487954894925679
2026-09-24,8069,0.5627883136852896,-10.153846153846157,13.6986301369863,0.356099436186571,0.8954382368016401
2026-09-24,8070,0.5627883136852896,-7.79221040255883,11.368212325712085,0.0322911327524346,0.5884161968221425
2026-09-24,8071,0.5627883136852896,-12.400000000000013,18.72146292908551,0.434136340338288,0.9395181957970271
2026-09-24,8072,0.5627883136852896,-1.7331022530329254,11.11110841996666,0.1737570476678627,0.7485904664274731
2026-09-24,8074,0.5627883136852896,-14.71571797547252,21.47058973125383,0.5199897488467453,0.973347001537673
2026-09-24,8076,0.5627883136852896,-8.050848943890577,11.75115734750774,0.3186827268067657,0.8733982573039467
2026-09-24,8077,0.5627883136852896,-5.136612021857923,8.640552995391705,0.0041004613018964,0.5351101998974884
2026-09-24,8080,0.5627883136852896,-7.881775707081362,9.447420769621768,-0.5622757560225525,0.019477191184008202
2026-09-24,8081,0.5627883136852896,-3.6053130929791233,7.874015748031496,0.4056893900563814,0.9267042542286007
2026-09-24,8083,0.5627883136852896,-2.5078369905956133,3.215434083601286,-0.1235263967196309,0.31624807790876475
2026-09-24,8084,0.5627883136852896,-32.44897959183673,48.03625377643504,-0.0146078933880061,0.4876986160943106
2026-09-24,8085,0.5627883136852896,-14.4578332910691,18.661975860595703,-0.3452075858534086,0.0902101486417222
2026-09-24,8086,0.5627883136852896,-12.301587301587302,20.361990950226243,0.524218349564326,0.97385955920041
2026-09-24,8087,0.5627883136852896,-14.678899082568808,17.849462365591393,-0.0142234751409533,0.4884674525884162
2026-09-24,8088,0.5627883136852896,-10.672355681896084,14.456390052713372,0.2357765248590466,0.805228088159918
2026-09-24,8089,0.5627883136852896,-5.405407178622779,18.181818181818183,0.1724756535110199,0.7462839569451564
2026-09-24,8091,0.5627883136852896,-4.415011037527594,10.854503464203232,0.3959507944643772,0.920041004613019
2026-09-24,8092,0.5627883136852896,-5.839414747466687,9.302324102830518,0.2414146591491543,0.8077908764736033
2026-09-24,8093,0.5627883136852896,-18.706294790597468,23.655915619224626,-0.4382368016401845,0.04613018964633521
2026-09-24,8096,0.5627883136852896,-26.753246753246763,40.307328605200944,0.0404920553562275,0.5976422347514095
2026-09-24,8097,0.5627883136852896,-7.046330677258272,8.515053944176728,-0.0297283444387493,0.46514607893388005
2026-09-24,8099,0.5627883136852896,-5.763235395828936,10.413215574154185,0.1442849820604819,0.717068170169144
2026-09-24,8101,0.5627883136852896,-12.749005310104112,15.068494892555826,-0.0607380830343413,0.41440287032291134
2026-09-24,8102,0.5627883136852896,-11.982246533958085,13.613442813648897,-0.1110968733982573,0.33623782675551
2026-09-24,8103,0.5627883136852896,-6.818181818181824,19.91869918699187,-0.4151717068170169,0.05586878523833931
2026-09-24,8104,0.5627883136852896,-3.421466481093216,10.466994870688028,0.4794976934905176,0.9610456176319836
2026-09-24,8105,0.5627883136852896,-11.607138842952311,17.845115276298152,0.415171706817017,0.9313172731932342
2026-09-24,8107,0.5627883136852896,-5.078126414446138,6.584363709751962,-0.1043054843669912,0.34751409533572525
2026-09-24,8109,0.5627883136852896,-5.035971223021585,10.606060606060606,-0.0390825217837006,0.44951307022039977
2026-09-24,8110,0.5627883136852896,-7.721277950919858,25.71428260024713,0.3359815479241415,0.8821117375704767
2026-09-24,8111,0.5627883136852896,-8.939215005336475,29.58115482829628,-0.1160943106099436,0.32701178882624293
2026-09-24,8112,0.5627883136852896,-50.910065041812594,103.92584847519936,-0.0002562788313685,0.5225525371604306
2026-09-24,8114,0.5627883136852896,-11.250000000000004,14.366197183098592,0.0879036391594054,0.6560738083034341
2026-09-24,8121,0.5627883136852896,0.0,15.171288743882542,0.4812916453100974,0.9625832906201948
2026-09-24,8131,0.5627883136852896,-6.402436847278247,13.192179925278657,0.2542286007175807,0.822655048692978
2026-09-24,8147,0.5627883136852896,-4.545454545454541,15.384615384615383,0.1499231163505894,0.7234751409533573
2026-09-24,8150,0.5627883136852896,-3.4482758620689613,28.30356870378767,0.1136596617119426,0.6806765761148129
2026-09-24,8155,0.5627883136852896,-10.4,18.75,0.400691952844695,0.9236289082521784
2026-09-24,8162,0.5627883136852896,-5.515239477503641,16.589864095052093,0.4087647360328037,0.9282419272168119
2026-09-24,8163,0.5627883136852896,-9.35143705335535,13.643934405385554,0.3883905689390056,0.9185033316248078
2026-09-24,8171,0.5627883136852896,-3.5377393205124785,10.02445547388352,-0.0146078933880061,0.4876986160943106
2026-09-24,8176,0.5627883136852896,-2.200000000000002,5.112474437627812,-0.0256278831368528,0.47104049205535625
2026-09-24,8182,0.5627883136852896,-3.575687093347135,13.473425866352173,0.4943618657098923,0.9671963095848283
2026-09-24,8201,0.5627883136852896,0.0,13.53383458646617,0.0989236289082522,0.6688877498718606
2026-09-24,8210,0.5627883136852896,-11.188118811881187,15.27313266443701,0.3248334187596104,0.876473603280369
2026-09-24,8213,0.5627883136852896,-2.0710037066895004,5.891235213265318,0.181701691440287,0.7590978985135828
2026-09-24,8215,0.5627883136852896,-10.000000000000009,23.297491039426525,0.1781137878011276,0.7555099948744234
2026-09-24,8222,0.5627883136852896,-16.903071787283096,22.901847047113932,0.4179907739620707,0.9323423885187083
2026-09-24,8227,0.5627883136852896,-3.0063291139240556,52.52854812398042,-0.001537672988211,0.5192209123526397
2026-09-24,8234,0.5627883136852896,-12.944527249960435,15.849678189146749,-0.0002562788313685,0.5225525371604306
2026-09-24,8240,0.5627883136852896,-8.127206003767517,23.6538446866549,-0.1663249615581752,0.2593541773449513
2026-09-24,8249,0.5627883136852896,-7.302710735510464,13.595939742867492,0.5520246027678113,0.9800102511532548
2026-09-24,8255,0.5627883136852896,-10.094637223974768,18.596491228070175,0.6529984623270118,0.9943618657098924
2026-09-24,8261,0.5627883136852896,-12.0,23.863636363636363,0.6883649410558688,0.9979497693490518
2026-09-24,8271,0.5627883136852896,-18.032786885245898,23.5,-0.2998462327011789,0.11840082009226038
2026-09-24,8272,0.5627883136852896,-6.3421871065038715,10.70866622324065,-0.2434648898001025,0.16248077908764735
2026-09-24,8277,0.5627883136852896,-23.17073170731707,33.650794861808656,-0.9846232701178882,0.0005125576627370579
2026-09-24,8279,0.5627883136852896,-3.2178254375712534,4.092077465008591,-0.0789338800615069,0.3795489492567914
2026-09-24,8284,0.5627883136852896,-2.4390201186157423,7.058816797593061,-0.3031778575089697,0.11199384930804715
2026-09-24,8289,0.5627883136852896,-6.576203393599178,17.318435754189945,0.6673500768836493,0.9958995386981035
2026-09-24,8291,0.5627883136852896,-21.296294707773495,32.773109243697476,0.5727831881086622,0.9830855971296771
2026-09-24,8299,0.5627883136852896,-9.57446808510638,21.176470588235293,0.3136852895950794,0.8703229113275244
2026-09-24,8341,0.5627883136852896,-2.86831425785683,3.624156977506291,-0.0807278318810866,0.375961045617632
2026-09-24,8342,0.5627883136852896,-4.772727272727273,8.353221957040573,-0.0299846232701178,0.46437724243977446
2026-09-24,8349,0.5627883136852896,0.0,5.429291002678152,0.115325474115838,0.6865709892362891
2026-09-24,8354,0.5627883136852896,-4.999999999999993,7.894739072922377,-0.218990261404408,0.18605843157355204
2026-09-24,8358,0.5627883136852896,-9.397163120567376,18.493150684931507,0.0043567401332649,0.5356227575602255
2026-09-24,8367,0.5627883136852896,-1.9323707642349477,3.8177415067926415,-0.2619169656586366,0.14812916453100974
2026-09-24,8374,0.5627883136852896,-15.20270561690097,18.061093030222857,-0.0289595079446437,0.4664274730907227
2026-09-24,8383,0.5627883136852896,-3.276349071550455,10.309272732404615,0.022296258329062,0.5709892362890825
2026-09-24,8390,0.5627883136852896,-10.89108910891089,12.444444444444448,0.007303946694003,0.5438236801640185
2026-09-24,8401,0.5627883136852896,-1.0869565217391353,2.637364314152644,-0.177344951307022,0.2434648898001025
2026-09-24,8403,0.5627883136852896,-1.3020872552360283,2.3746742107622856,-0.1854177344951306,0.22860071758072784
2026-09-24,8404,0.5627883136852896,-18.126884443248937,22.140215771664547,0.1173757047667862,0.6878523833931317
2026-09-24,8409,0.5627883136852896,-1.897023026917699,3.5911686512646748,-0.1328805740645822,0.3044592516658124
2026-09-24,8410,0.5627883136852896,-9.001634388666336,9.892086330935252,-0.0932854946181445,0.3618657098923629
2026-09-24,8411,0.5627883136852896,-8.333332008785653,11.15702321706725,-0.3662224500256278,0.07278318810866223
2026-09-24,8415,0.5627883136852896,-6.216929324052778,9.732019077403251,-0.0643259866735008,0.4072270630445925
2026-09-24,8416,0.5627883136852896,-2.0289855072463725,2.6627218934911245,-0.2109174782162992,0.19682214249103025
2026-09-24,8421,0.5627883136852896,-7.246378093576034,13.281248509883866,-0.0498462327011789,0.43567401332649924
2026-09-24,8422,0.5627883136852896,-6.581354136613715,7.240705994010671,-0.1776012301383905,0.24295233213736545
2026-09-24,8423,0.5627883136852896,-7.435897435897432,13.296396778561071,-0.248590466427473,0.15684264479753973
2026-09-24,8424,0.5627883136852896,0.0,3.2485875706214653,0.0,0.5238339313172732
2026-09-24,8426,0.5627883136852896,-2.369670011517311,6.067961165048543,-0.1687596104561762,0.2573039466940031
2026-09-24,8429,0.5627883136852896,-3.4426214412411227,4.244482173174873,-0.1565863659661712,0.27114300358790366
2026-09-24,8431,0.5627883136852896,-9.957329655596348,39.020544356456114,-0.4828293182983085,0.032803690415171706
2026-09-24,8432,0.5627883136852896,-2.3346332495237876,3.38645570306664,-0.0436955407483342,0.4418247052793439
2026-09-24,8433,0.5627883136852896,-5.045045045045038,6.261858134839747,-0.270374167093798,0.14095335725269093
2026-09-24,8435,0.5627883136852896,-1.6728610591514204,2.0793922006069825,-0.1891337775499744,0.2221937467965146
2026-09-24,8436,0.5627883136852896,-16.996047430830043,22.857142857142858,0.1718349564325986,0.7457713992824193
2026-09-24,8437,0.5627883136852896,-1.8433179723502224,19.248824500142124,0.0771399282419271,0.6453100973859559
2026-09-24,8438,0.5627883136852896,-6.0122699386503164,20.104440634306663,0.4636084059456688,0.9543823680164019
2026-09-24,8440,0.5627883136852896,-1.6990309465458098,5.432100649233218,0.1906714505381855,0.7670425422860072
2026-09-24,8442,0.5627883136852896,-5.6263239065222574,6.861638861914727,-0.4843669912865197,0.03229113275243465
2026-09-24,8443,0.5627883136852896,-1.7543826773922078,4.017855439867277,-0.0699641209636084,0.39671963095848284
2026-09-24,8444,0.5627883136852896,-13.555994732870014,20.000003467906605,-0.1547924141465915,0.2731932342388519
2026-09-24,8446,0.5627883136852896,-1.8540011531612777,2.597408001932372,-0.2742183495643259,0.1399282419272168
2026-09-24,8450,0.5627883136852896,-2.7118644067796627,5.2264808362369335,0.022296258329062,0.5709892362890825
2026-09-24,8454,0.5627883136852896,-6.090373280943028,8.786610878661087,0.1673500768836493,0.7406458226550487
2026-09-24,8455,0.5627883136852896,-8.677688829479091,9.502265895653627,-0.0863659661711942,0.37006663249615585
2026-09-24,8462,0.5627883136852896,-9.195402298850574,11.39240506329114,-0.3582778062532035,0.07842132239876987
2026-09-24,8463,0.5627883136852896,-1.8518535852104945,5.188681044668521,-0.0934136340338288,0.3608405945668888
2026-09-24,8464,0.5627883136852896,-3.746770025839796,7.248322147651007,-0.1358277806253204,0.2993336750384418
2026-09-24,8466,0.5627883136852896,-7.142852925929699,21.153841263208633,0.4764223475140953,0.9595079446437724
2026-09-24,8467,0.5627883136852896,-8.247422680412376,16.40449266755179,0.2647360328036904,0.831881086622245
2026-09-24,8472,0.5627883136852896,-7.340551848530719,24.80519282353389,-0.3012557662737058,0.11583803177857509
2026-09-24,8473,0.5627883136852896,-7.58511232931477,13.030008616181195,0.4190158892875448,0.933111225012814
2026-09-24,8476,0.5627883136852896,-2.500000000000002,6.6666627541566505,-0.124038954382368,0.3149666837519221
2026-09-24,8477,0.5627883136852896,-7.41935483870968,9.059234778640162,-0.2045105074320861,0.20348539210661198
2026-09-24,8478,0.5627883136852896,-3.460207612456745,4.659498207885305,-0.1451819579702716,0.2860071758072783
2026-09-24,8481,0.5627883136852896,-2.0334910348680624,3.296699570503281,-0.2357765248590466,0.17221937467965145
2026-09-24,8482,0.5627883136852896,-7.7450980392156925,11.68969181721573,-0.2865197334700153,0.1309584828293183
2026-09-24,8487,0.5627883136852896,-1.9310344827586312,3.516174402250352,-0.0171706817016914,0.4833418759610456
2026-09-24,8488,0.5627883136852896,-13.596488336813673,17.258881312336396,-0.2491030240902101,0.15633008713480268
2026-09-24,8489,0.5627883136852896,-4.651161252740144,10.864739936101198,0.0676576114812915,0.6324961558175295
2026-09-24,8499,0.5627883136852896,-9.107142857142858,11.787819253438114,0.3598154792414146,0.8987698616094311
2026-09-24,8905,0.5627883136852896,-1.276595744680864,4.022992890456627,-0.3390568939005638,0.09533572526909277
2026-09-24,8906,0.5627883136852896,-4.918032786885251,10.344827586206897,-0.2655048692977961,0.14556637621732446
2026-09-24,8908,0.5627883136852896,-2.31707317073171,5.2043995756037384,-0.3531522296258328,0.08457201435161456
2026-09-24,8916,0.5627883136852896,-1.8028846153846143,2.5703794369645148,-0.2032291132752435,0.2060481804202973
2026-09-24,8917,0.5627883136852896,0.0,6.363636363636363,0.0486929779600204,0.6053305996924654
2026-09-24,8924,0.5627883136852896,-4.27184466019418,4.969575584055686,-0.1094310609943619,0.33828805740645823
2026-09-24,8926,0.5627883136852896,-2.1630590800778005,7.31292387255195,0.0256278831368528,0.5781650435674013
2026-09-24,8927,0.5627883136852896,-5.70719424467242,9.210526315789473,0.2537160430548437,0.822142491030241
2026-09-24,8928,0.5627883136852896,-6.61322930855518,10.085838547080373,-0.1446694003075346,0.28651973347001536
2026-09-24,8929,0.5627883136852896,-3.3582062040359184,5.019302073592832,0.0064069707842132,0.5407483341875962
2026-09-24,8930,0.5627883136852896,-6.493504177279386,8.333330684238014,-0.1125064069707841,0.33316248077908767
2026-09-24,8931,0.5627883136852896,-2.4915095987802727,8.362374654630337,-0.260635571501794,0.1486417221937468
2026-09-24,8932,0.5627883136852896,-4.0414507772020825,12.31101676660789,0.137109174782163,0.7057919015889288
2026-09-24,8933,0.5627883136852896,-5.383021279771716,11.159735748491345,-0.0502306509482316,0.4351614556637622
2026-09-24,8935,0.5627883136852896,-3.83561643835616,9.971509971509972,0.1650435674013326,0.7391081496668375
2026-09-24,8936,0.5627883136852896,-1.5122901754313522,5.566221738731106,0.0130702203997949,0.5556125064069708
2026-09-24,8937,0.5627883136852896,-17.9012384343447,24.060156112326712,-0.6084059456688878,0.014351614556637622
2026-09-24,8938,0.5627883136852896,-1.6981132075471694,5.182343115046935,-0.1406970784213224,0.29215786776012304
2026-09-24,8940,0.5627883136852896,-5.9561117280596765,9.333330790201822,0.1774730907227062,0.7539723218862122
2026-09-24,8941,0.5627883136852896,-3.083703697853135,7.045459747314453,-0.2084828293182984,0.19938493080471553
2026-09-24,8942,0.5627883136852896,-5.70430900912463,6.543213644145447,-0.2852383393131728,0.132752434648898
2026-09-24,8996,0.5627883136852896,-7.552870090634444,33.66013071895425,0.070732957457714,0.6360840594566889
2026-09-24,9103,0.5627883136852896,-3.495147418139799,4.0241506258007025,-0.0392106611993848,0.4490005125576627
2026-09-24,9105,0.5627883136852896,-6.850830692463439,9.964414621445917,-0.2050230650948231,0.20143516145566376
2026-09-24,9110,0.5627883136852896,-9.032255266012855,20.567373181065772,-0.0697078421322398,0.398257303946694
2026-09-24,9136,0.5627883136852896,-22.11864532666861,29.597390541184588,0.027165556125064,0.5797027165556125
2026-09-24,9802,0.5627883136852896,-12.739726027397255,15.698587127158556,-0.0602255253716043,0.415684264479754
2026-09-24,9902,0.5627883136852896,-4.69314341925493,6.06060750556716,-0.1376217324449,0.29677088672475654
2026-09-24,9904,0.5627883136852896,-0.3992015968063978,4.2084168336673375,-0.0663762173244489,0.4033828805740646
2026-09-24,9905,0.5627883136852896,-1.6241264475714612,2.8301814817032724,-0.2861353152229626,0.13172731932342388
2026-09-24,9906,0.5627883136852896,-8.821792753789559,18.89250013563368,0.2475653511019989,0.814966683751922
2026-09-24,9907,0.5627883136852896,-4.807694635447623,5.050507619324772,-0.2296258329062019,0.17708867247565352
2026-09-24,9908,0.5627883136852896,-2.195947206394777,2.245251749463652,-0.2116863147104049,0.1940030753459764
2026-09-24,9910,0.5627883136852896,-5.449593246218942,8.789623161557772,-0.1788826242952332,0.2398769861609431
2026-09-24,9911,0.5627883136852896,-2.163457949838554,2.457002457002457,-0.115325474115838,0.32803690415171705
2026-09-24,9912,0.5627883136852896,-11.03448275862069,15.503875968992247,-0.2670425422860072,0.1442849820604818
2026-09-24,9914,0.5627883136852896,-20.971565409808303,27.7361342217075,-0.0699641209636084,0.39671963095848284
2026-09-24,9917,0.5627883136852896,-2.304147465437789,3.526507683520034,-0.18990261404408,0.22014351614556638
2026-09-24,9918,0.5627883136852896,-1.839080459770104,2.224826142715347,-0.3967196309584828,0.06227575602255254
2026-09-24,9919,0.5627883136852896,-3.1468544386903163,3.9711205107210343,-0.4046642747309072,0.0584315735520246
2026-09-24,9921,0.5627883136852896,-13.714285714285722,21.743925991437298,-0.1754228600717581,0.24705279343926193
2026-09-24,9924,0.5627883136852896,-4.303797468354443,5.02645906317171,-0.1223731419784726,0.318298308559713
2026-09-24,9925,0.5627883136852896,-1.2453337655706664,2.143763654018561,-0.1122501281394157,0.3336750384418247
2026-09-24,9926,0.5627883136852896,-2.200000000000002,2.7607330759122575,-0.3400820092260379,0.09328549461814455
2026-09-24,9927,0.5627883136852896,-0.4255319148936176,2.564106911335915,-0.1724756535110199,0.25166581240389546
2026-09-24,9928,0.5627883136852896,-3.0386760766745624,3.988608335837339,-0.1432598667350076,0.2885699641209636
2026-09-24,9929,0.5627883136852896,-9.166666666666668,11.009172562065476,-0.3376473603280369,0.09584828293182983
2026-09-24,9930,0.5627883136852896,-5.477310551332993,5.794704513044549,-0.1491542798564838,0.28011276268580215
2026-09-24,9931,0.5627883136852896,-1.3138686131386912,1.6272166776939256,-0.3657098923628908,0.07329574577139929
2026-09-24,9933,0.5627883136852896,-4.761903074078944,10.731701734589368,-0.3083034341363403,0.11019989748846745
2026-09-24,9934,0.5627883136852896,-12.53333333333333,15.44715912361455,-0.0599692465402357,0.41645310097385957
2026-09-24,9935,0.5627883136852896,-8.750000000000002,11.780819827563144,0.0905945668887749,0.6611993849308048
2026-09-24,9937,0.5627883136852896,-2.692999537510765,3.505537870625288,-0.2716555612506407,0.14044079958995387
2026-09-24,9938,0.5627883136852896,-10.994152046783634,13.272008507386456,0.1706817016914402,0.7437211686314711
2026-09-24,9939,0.5627883136852896,-6.3909774436090245,7.228915662650602,-0.3172731932342389,0.1071245515120451
2026-09-24,9940,0.5627883136852896,-6.308409544836191,8.22942453132306,-0.3024090210148642,0.1132752434648898
2026-09-24,9941,0.5627883136852896,-43.054854263028,75.60759342314643,-0.0043567401332649,0.5064069707842133
2026-09-24,9942,0.5627883136852896,-2.145922746781115,3.070175438596491,-0.0448487954894925,0.44105586878523834
2026-09-24,9943,0.5627883136852896,-2.5096510737599664,2.9702955189317812,-0.0543311122501282,0.42721681189133776
2026-09-24,9944,0.5627883136852896,-1.7093974364798536,3.4782520238903984,-0.1204510507432086,0.3206048180420297
2026-09-24,9945,0.5627883136852896,-1.6447368421052655,9.36454721916479,-0.009738595592004,0.49769349051768325
2026-09-24,9946,0.5627883136852896,-6.301369863013695,9.64912057620043,0.2171963095848282,0.7903639159405433
2026-09-24,9949,0.5627883136852896,-4.0000000000000036,4.583334922790527,-0.0137109174782162,0.4900051255766274
2026-09-24,9950,0.5627883136852896,-1.435404899549797,3.3980526970428,-0.1059712967708867,0.34495130702203997
2026-09-24,9951,0.5627883136852896,-12.88848384754685,14.900316396515114,0.0158892875448488,0.5597129677088672
2026-09-24,9955,0.5627883136852896,-7.815634081406397,8.478264186693274,-0.0622757560225525,0.41158380317785753
2026-09-24,9958,0.5627883136852896,-1.9148936170212736,7.266807969893913,0.2549974372116863,0.8231676063557151
2026-09-24,9960,0.5627883136852896,0.0,26.175351367063413,0.0456176319835981,0.6037929267042542
2026-09-24,9962,0.5627883136852896,-3.349280532568255,6.336631774902339,-0.065863659661712,0.4046642747309072
