Date,Code,BREADTH_5D,DIST_HIGH20,RANGE20_PCT,RS_ACCEL,RS_ACCEL_PCTL
2026-10-01,0050,0.5586878523833931,-0.7472527472527468,6.997344132753682,-0.1317273193234238,0.31086622245002565
2026-10-01,0051,0.5586878523833931,-0.4014720642355307,5.676855895196499,-0.0448487954894926,0.4305484366991287
2026-10-01,0052,0.5586878523833931,0.0,6.8181818181818175,-0.071245515120451,0.3918503331624808
2026-10-01,0053,0.5586878523833931,0.0,7.450139266138281,-0.0709892362890824,0.3928754484879549
2026-10-01,0055,0.5586878523833931,-5.252921100633634,10.36961612270598,-0.7391081496668375,0.006150691952844695
2026-10-01,0056,0.5586878523833931,-1.7286058781288194,5.892697403906937,-0.2788313685289595,0.14274730907227062
2026-10-01,0057,0.5586878523833931,-0.8011869436201802,6.311697907124028,-0.2106611993849307,0.20579190158892877
2026-10-01,0061,0.5586878523833931,-4.387041477756526,5.91766462113396,-0.2491030240902101,0.16453100973859558
2026-10-01,1101,0.5586878523833931,0.0,45.40229885057471,0.0056381342901075,0.5274218349564326
2026-10-01,1102,0.5586878523833931,-1.2465332219991243,4.488074261209239,-0.1537672988211173,0.27934392619169657
2026-10-01,1103,0.5586878523833931,-1.4925345091331366,3.40908946412981,-0.0488211173757048,0.42080984110712455
2026-10-01,1104,0.5586878523833931,-4.301073960349711,5.056181204006466,-0.0971296770886724,0.35520246027678115
2026-10-01,1108,0.5586878523833931,-5.106382978723401,7.174889603003258,0.2865197334700153,0.8390568939005638
2026-10-01,1109,0.5586878523833931,-2.2058850959922327,2.631581815561867,-0.1162224500256279,0.3336750384418247
2026-10-01,1110,0.5586878523833931,-10.942253370557353,14.33447359365,-0.164274730907227,0.26499231163505893
2026-10-01,1201,0.5586878523833931,-5.3061224489796,6.4655172413793105,-0.1381342901076371,0.2983085597129677
2026-10-01,1203,0.5586878523833931,-6.29668851697105,10.82004555808656,-0.0064069707842131,0.49666837519220913
2026-10-01,1210,0.5586878523833931,-2.0833319184755728,2.7079259403900204,-0.1317273193234239,0.3098411071245515
2026-10-01,1213,0.5586878523833931,-15.560916378637469,19.857140949794225,-0.2024602767811378,0.21271143003587903
2026-10-01,1215,0.5586878523833931,-5.803571428571431,7.582938388625592,-0.0199897488467453,0.4712967708867248
2026-10-01,1216,0.5586878523833931,-3.6505828678606633,4.059539918809201,-0.1596617119425935,0.2724243977447463
2026-10-01,1217,0.5586878523833931,-0.3999999999999892,1.1044142236671293,-0.2642234751409534,0.15427985648385442
2026-10-01,1218,0.5586878523833931,-1.3605429378242606,3.7931047636887247,0.1169912865197334,0.690415171706817
2026-10-01,1219,0.5586878523833931,-2.553191489361706,5.2401780041024315,-0.0431829830855971,0.4325986673500769
2026-10-01,1220,0.5586878523833931,-2.252255611514009,4.14747246948808,-0.0648385443362377,0.3972321886212199
2026-10-01,1225,0.5586878523833931,-6.0194174757281615,8.471074380165293,-0.0379292670425422,0.44310609943618656
2026-10-01,1227,0.5586878523833931,-2.5996546674274867,3.202845617545457,-0.1353152229625833,0.3029215786776012
2026-10-01,1229,0.5586878523833931,-5.0767380202738295,7.089548443087297,-0.0220399794976934,0.4664274730907227
2026-10-01,1231,0.5586878523833931,-1.4814814814814836,2.2556429220022713,-0.1970784213223987,0.21783700666324962
2026-10-01,1232,0.5586878523833931,-2.857142857142858,2.941176470588235,-0.3458482829318298,0.0937980522808816
2026-10-01,1233,0.5586878523833931,-1.4035087719298178,3.202845617545457,-0.1527421834956432,0.28190671450538185
2026-10-01,1234,0.5586878523833931,-2.0833288866374144,2.4316063043194425,-0.2639671963095848,0.15479241414659148
2026-10-01,1235,0.5586878523833931,-18.159205533322663,22.340432488809604,-0.1606868272680676,0.2706304459251666
2026-10-01,1236,0.5586878523833931,-3.0418222823871077,5.88235294117647,-0.1209636084059456,0.32803690415171705
2026-10-01,1240,0.5586878523833931,-3.0465936564591622,3.696857670979667,-0.2360328036904151,0.17939518195797027
2026-10-01,1256,0.5586878523833931,-6.906077348066297,9.19881305637982,0.168118913377755,0.7442337262942081
2026-10-01,1259,0.5586878523833931,-1.449275362318836,10.14706106746898,-0.3139415684264479,0.1150691952844695
2026-10-01,1264,0.5586878523833931,-3.3530571992110403,4.6938775510204085,0.1237826755509995,0.6960533059969246
2026-10-01,1268,0.5586878523833931,-3.0054644808743203,8.450704225352112,0.0866222450025627,0.6529984623270118
2026-10-01,1294,0.5586878523833931,-6.864566644033266,8.366535384341539,0.0479241414659149,0.5955920041004613
2026-10-01,1295,0.5586878523833931,-2.9441624365482255,10.87866268397375,0.1260891850333162,0.6986160943106099
2026-10-01,1301,0.5586878523833931,-6.179771259598088,14.97005416961487,0.1072526909277294,0.6806765761148129
2026-10-01,1303,0.5586878523833931,-4.150943396226414,18.503937007874015,-0.0076883649410558,0.49308047155304974
2026-10-01,1304,0.5586878523833931,-4.597702543796489,8.43373647176597,0.2603792926704255,0.8170169144028703
2026-10-01,1305,0.5586878523833931,-6.538461538461537,10.69959004720052,0.309584828293183,0.8575089697590978
2026-10-01,1307,0.5586878523833931,-0.3169572107765472,4.769477783591268,0.0786776012301383,0.6442849820604818
2026-10-01,1308,0.5586878523833931,-5.64784172732532,8.450702882148837,0.0804715530497181,0.6468477703741671
2026-10-01,1309,0.5586878523833931,-6.802719879185681,9.489052487115805,-0.071245515120451,0.3918503331624808
2026-10-01,1310,0.5586878523833931,-3.3226144291640947,9.75609882972195,0.3480266529984623,0.8849308047155305
2026-10-01,1312,0.5586878523833931,-10.975607685359112,17.80821525887267,-0.0841875961045617,0.3741670937980523
2026-10-01,1313,0.5586878523833931,-3.125,9.27419662475588,0.0798308559712968,0.645822655048693
2026-10-01,1314,0.5586878523833931,-6.421052631578938,16.647913860926074,0.1522296258329062,0.7278318810866222
2026-10-01,1315,0.5586878523833931,-0.2902757619738794,5.094612043844395,-0.1910558687852384,0.22962583290620195
2026-10-01,1316,0.5586878523833931,-6.666666666666665,8.095241728283128,-0.1207073295745772,0.3285494618144541
2026-10-01,1319,0.5586878523833931,-5.8682634730539025,7.633587786259542,-0.2334700153767299,0.1824705279343926
2026-10-01,1321,0.5586878523833931,-1.8126842954092504,4.153841458834134,-0.2207842132239876,0.1963095848282932
2026-10-01,1323,0.5586878523833931,-1.82648230820891,4.18604473735011,-0.2772936955407482,0.1435161455663762
2026-10-01,1324,0.5586878523833931,-2.4271862728676874,3.5820956253886815,-0.0579190158892875,0.40850845720143514
2026-10-01,1325,0.5586878523833931,-2.835541555032095,5.252919772255746,-0.3047155304971809,0.12275756022552538
2026-10-01,1326,0.5586878523833931,-13.427106595914273,21.27030681119888,0.1676063557150179,0.743208610968734
2026-10-01,1336,0.5586878523833931,-0.8130081300812941,13.661203228059357,0.004869297796002,0.526652998462327
2026-10-01,1337,0.5586878523833931,-4.487175983789982,6.487694896040881,0.2775499743721168,0.8308559712967709
2026-10-01,1338,0.5586878523833931,-4.968946351022985,13.39869405709061,0.2494874423372629,0.8077908764736033
2026-10-01,1339,0.5586878523833931,-2.176406626963512,4.215463821446868,-0.1722193746796514,0.2526909277293696
2026-10-01,1340,0.5586878523833931,-0.7590129235537701,4.015297096500433,0.000512557662737,0.5158892875448488
2026-10-01,1341,0.5586878523833931,-1.6666666666666718,3.559319447662871,-0.4127370579190159,0.06201947719118401
2026-10-01,1342,0.5586878523833931,-4.761904761904767,6.599998474121094,-0.0210148641722193,0.4684777037416709
2026-10-01,1402,0.5586878523833931,-4.931971555592696,7.334523209518952,0.0046130189646335,0.5246027678113788
2026-10-01,1409,0.5586878523833931,-9.12476851643016,12.500004690201555,0.4187596104561762,0.929779600205023
2026-10-01,1410,0.5586878523833931,-4.35643564356436,6.004143945919061,0.0668887749871861,0.6268580215274219
2026-10-01,1413,0.5586878523833931,-4.14507393101009,7.567565505569027,-0.3785238339313172,0.07534597642234751
2026-10-01,1414,0.5586878523833931,-8.684210526315784,11.527377521613833,0.2806253203485392,0.8334187596104562
2026-10-01,1416,0.5586878523833931,-2.1008371978515017,6.866946240863032,-0.001537672988211,0.5084572014351615
2026-10-01,1417,0.5586878523833931,-2.4009594902501874,4.797046328236109,0.2101486417221937,0.7739620707329574
2026-10-01,1418,0.5586878523833931,-2.37467411515635,9.189193313186234,0.044079958995387,0.589185033316248
2026-10-01,1419,0.5586878523833931,-4.081630519536206,5.623095666021562,-0.1983598154792413,0.2157867760123014
2026-10-01,1423,0.5586878523833931,-1.9337037242720068,5.915499405122139,-0.0931573552024602,0.36237826755509994
2026-10-01,1432,0.5586878523833931,-0.9868408628117442,1.9933567490688708,-0.1804202972834444,0.2398769861609431
2026-10-01,1434,0.5586878523833931,-3.49462563515478,6.406683111589268,-0.0307534597642235,0.45720143516145567
2026-10-01,1435,0.5586878523833931,-9.836064164147052,18.636361902410332,-0.0918759610456176,0.3639159405433111
2026-10-01,1436,0.5586878523833931,-10.27919129195658,11.598309162145288,-0.0084572014351614,0.49051768323936445
2026-10-01,1437,0.5586878523833931,-3.776430609501058,5.180526565719436,-0.521783700666325,0.02972834443874936
2026-10-01,1438,0.5586878523833931,-4.175824175824172,9.853896744754335,-0.1463352127114301,0.2901076371091748
2026-10-01,1439,0.5586878523833931,-3.500000000000003,8.46286964745925,-0.0176832393644286,0.4766786263454639
2026-10-01,1440,0.5586878523833931,-9.764312082301906,14.552244499548184,0.2152742183495642,0.7785750896975909
2026-10-01,1441,0.5586878523833931,-3.694754628064101,17.21036422095641,-0.712711430035879,0.007688364941055869
2026-10-01,1442,0.5586878523833931,-17.05790495398425,20.56604061486586,-0.2311635058944131,0.18503331624807792
2026-10-01,1443,0.5586878523833931,-6.036218746251021,10.064241462397115,0.0914915427985648,0.6611993849308048
2026-10-01,1444,0.5586878523833931,-7.630519493990862,11.884053548177082,0.3598154792414146,0.894413121476166
2026-10-01,1445,0.5586878523833931,-6.1032830217131355,6.4999961853027175,-0.0041004613018964,0.5023065094823168
2026-10-01,1446,0.5586878523833931,-3.237407416402893,4.832710918440681,0.0308815991799077,0.5709892362890825
2026-10-01,1447,0.5586878523833931,-8.180537942247968,12.903228150351625,0.5199897488467453,0.9753972321886212
2026-10-01,1449,0.5586878523833931,-3.149604844665599,5.284549744148564,0.0494618144541261,0.6007175807278319
2026-10-01,1451,0.5586878523833931,-2.0172932206015237,3.2352963615866224,-0.1887493593029215,0.23218862121988723
2026-10-01,1452,0.5586878523833931,-5.676854323955249,6.944444444444444,0.0383136852895951,0.5802152742183496
2026-10-01,1453,0.5586878523833931,-3.964760936963574,5.504590655685581,-0.0253716043054844,0.46232701178882624
2026-10-01,1454,0.5586878523833931,-6.177604795737313,7.407404267738876,-0.3657098923628908,0.08252178370066633
2026-10-01,1455,0.5586878523833931,-5.384611914143623,9.044709244394673,0.2120707329574577,0.7754997437211686
2026-10-01,1456,0.5586878523833931,-4.2071185585085935,12.837835260339686,-0.000512557662737,0.5133264992311635
2026-10-01,1457,0.5586878523833931,-1.0273998462363654,2.4221479686486393,-0.2760123013839057,0.14454126089185032
2026-10-01,1459,0.5586878523833931,0.0,10.588236416087431,0.0284469502819066,0.5656073808303435
2026-10-01,1460,0.5586878523833931,-6.033184125738855,6.5810612269810305,0.0735520246027678,0.6355715017939518
2026-10-01,1463,0.5586878523833931,-3.0470873147256383,6.571426391601562,-0.3285494618144541,0.10763710917478217
2026-10-01,1464,0.5586878523833931,-1.4778288095343983,2.7999973297118963,-0.0659917990773962,0.3962070732957458
2026-10-01,1465,0.5586878523833931,-6.048384206476021,8.154504800559097,0.1176319835981548,0.6914402870322911
2026-10-01,1466,0.5586878523833931,-9.815946699081458,13.605435689290363,0.1428754484879549,0.7186058431573552
2026-10-01,1467,0.5586878523833931,-5.250597952650182,8.564233179356647,-0.0602255253716043,0.4033828805740646
2026-10-01,1468,0.5586878523833931,-0.367649853435692,8.118083996086556,-0.1125064069707842,0.3377754997437212
2026-10-01,1470,0.5586878523833931,-1.8108666984379072,5.737703354632268,-0.1942593541773449,0.22142491030240902
2026-10-01,1471,0.5586878523833931,-4.623113749578156,7.586936428122325,0.2075858534085085,0.7724243977447462
2026-10-01,1472,0.5586878523833931,-2.310232662956613,5.63063063063063,-0.1260891850333163,0.31983598154792414
2026-10-01,1473,0.5586878523833931,-4.466499432102311,4.675322693663758,-0.1845207585853408,0.2362890825217837
2026-10-01,1474,0.5586878523833931,-5.188682657325227,8.855724809181648,0.0420297283444387,0.5843157355202461
2026-10-01,1475,0.5586878523833931,-4.927005975639808,6.525907315127909,-0.2460276781137876,0.16863147104049206
2026-10-01,1476,0.5586878523833931,-13.406940063091488,16.939890710382514,0.1878523833931317,0.7560225525371604
2026-10-01,1477,0.5586878523833931,-4.511278195488721,5.774278215223097,0.0682983085597129,0.6294208098411072
2026-10-01,1503,0.5586878523833931,-8.139534883720934,10.632911392405065,0.2476934905176832,0.805228088159918
2026-10-01,1504,0.5586878523833931,-6.114128488336002,8.683068017366137,0.0558687852383392,0.6094310609943618
2026-10-01,1506,0.5586878523833931,-5.94059761196185,6.947372436523462,-0.1781137878011276,0.24372116863147103
2026-10-01,1512,0.5586878523833931,-5.053601825504916,7.741935791507844,0.164274730907227,0.7406458226550487
2026-10-01,1513,0.5586878523833931,-1.7699115044247815,4.504504504504505,-0.0215274218349564,0.4674525884161968
2026-10-01,1514,0.5586878523833931,-3.773584905660377,6.470586739334405,0.1551768323936442,0.7309072270630446
2026-10-01,1515,0.5586878523833931,-11.631415865868322,15.213671301165196,0.1337775499743721,0.7037416709379806
2026-10-01,1516,0.5586878523833931,-8.47457627118644,14.074071248372382,0.199128651973347,0.7662737057919016
2026-10-01,1517,0.5586878523833931,-7.555555555555548,9.134615384615378,0.0484366991286519,0.5966171194259354
2026-10-01,1519,0.5586878523833931,-12.468193384223913,14.38953488372093,-0.2658892875448488,0.1522296258329062
2026-10-01,1521,0.5586878523833931,-5.494502853407601,11.627906976744184,-0.1978472578165044,0.2168118913377755
2026-10-01,1522,0.5586878523833931,-5.026931282921032,11.15312197708678,0.3636596617119425,0.8959507944643772
2026-10-01,1524,0.5586878523833931,-5.118831305092996,6.5510626702869095,0.0599692465402357,0.6150691952844695
2026-10-01,1525,0.5586878523833931,-4.925373134328359,5.337522018648204,-0.1248077908764736,0.3223987698616094
2026-10-01,1526,0.5586878523833931,-10.21020815302779,14.715717787726668,0.14633521271143,0.7245002562788314
2026-10-01,1527,0.5586878523833931,-0.9063398427514912,3.0487804878048785,-0.1189133777549974,0.3305996924654024
2026-10-01,1528,0.5586878523833931,-10.394264007818077,36.79999542236328,-0.6750384418247052,0.010763710917478216
2026-10-01,1529,0.5586878523833931,-8.211139587721817,17.252388853615454,0.2047667862634546,0.770374167093798
2026-10-01,1530,0.5586878523833931,-7.890221779173512,10.428302558884718,-0.1219887237314197,0.3267555099948744
2026-10-01,1531,0.5586878523833931,-5.691058373008384,7.327587851162621,-0.0231932342388518,0.4648898001025115
2026-10-01,1532,0.5586878523833931,-4.721026923086368,5.405400250409101,-0.1410814966683751,0.2947206560738083
2026-10-01,1533,0.5586878523833931,-4.381848918649755,6.710314711650342,0.1383905689390056,0.7114300358790364
2026-10-01,1535,0.5586878523833931,-0.7575773964493382,4.580157663725974,0.0427985648385443,0.5858534085084572
2026-10-01,1536,0.5586878523833931,-9.241247830483768,11.575565971873324,0.2221937467965146,0.7852383393131728
2026-10-01,1537,0.5586878523833931,-2.127659574468088,3.0434782608695654,0.0474115838031778,0.5937980522808816
2026-10-01,1538,0.5586878523833931,-14.891302583348288,21.966791944637755,-0.0181957970271655,0.4748846745258842
2026-10-01,1539,0.5586878523833931,-2.795033359052923,4.153358288847219,-0.1897744746283957,0.2309072270630446
2026-10-01,1540,0.5586878523833931,-2.500000000000002,4.871798784304888,0.1025115325474116,0.6752947206560738
2026-10-01,1541,0.5586878523833931,-6.3205401473644285,7.951805390507342,-0.1377498718605843,0.29882111737570477
2026-10-01,1558,0.5586878523833931,-1.3157894736842146,9.333333333333334,-0.3042029728344438,0.12455151204510508
2026-10-01,1560,0.5586878523833931,-1.4778325123152691,33.2,-0.0558687852383392,0.411327524346489
2026-10-01,1563,0.5586878523833931,-14.301804746961013,21.944815476526568,0.2606355715017938,0.8175294720656073
2026-10-01,1565,0.5586878523833931,-4.2574257425742505,6.101345941963709,-0.0622757560225524,0.4010763710917478
2026-10-01,1568,0.5586878523833931,-1.3574660633484004,16.055047038133715,0.1850333162480779,0.7549974372116863
2026-10-01,1569,0.5586878523833931,-6.176470588235294,35.81504463028385,-0.3259866735007688,0.10917478216299334
2026-10-01,1570,0.5586878523833931,-3.298346400149521,5.42635067488796,0.0784213223987698,0.6435161455663763
2026-10-01,1580,0.5586878523833931,-6.346153846153846,8.829567221890239,0.3954382368016402,0.9123526396719631
2026-10-01,1582,0.5586878523833931,-6.447368421052635,10.267233546776108,0.326114812916453,0.8682726806765761
2026-10-01,1583,0.5586878523833931,-4.6605846914609455,7.013813468779058,-0.0807278318810866,0.37826755509994875
2026-10-01,1584,0.5586878523833931,-3.125003849466479,8.870975945585517,0.0685545873910815,0.6299333675038442
2026-10-01,1586,0.5586878523833931,-2.185788271785738,3.3519510450309924,-0.1677344951307022,0.25781650435674014
2026-10-01,1587,0.5586878523833931,-3.0487804878048808,6.079666169684394,0.1823423885187083,0.7529472065607381
2026-10-01,1590,0.5586878523833931,-19.11262798634812,27.848101265822784,-0.0803434136340338,0.3787801127626858
2026-10-01,1591,0.5586878523833931,-4.387989077455535,19.80676512787308,-0.2230907227063043,0.19323423885187083
2026-10-01,1593,0.5586878523833931,-2.0092689483156234,3.785485348866941,-0.3335468990261404,0.10199897488467452
2026-10-01,1595,0.5586878523833931,-8.461538461538465,35.77430880799586,0.0361353152229626,0.5761148129164531
2026-10-01,1597,0.5586878523833931,-5.792682926829274,21.035598705501616,0.0879036391594054,0.65504869297796
2026-10-01,1598,0.5586878523833931,-4.861112791324318,9.245740236157047,-0.232060481804203,0.18400820092260378
2026-10-01,1599,0.5586878523833931,-2.7368421052631486,4.329004329004329,-0.3045873910814966,0.12352639671963096
2026-10-01,1603,0.5586878523833931,-0.6482994456942004,5.383359277423405,0.0776524859046643,0.6417221937467965
2026-10-01,1604,0.5586878523833931,-1.4767964205586015,1.7130686333143734,-0.3375192209123526,0.0999487442337263
2026-10-01,1605,0.5586878523833931,-1.7834394904458706,7.911800874346425,0.0781650435674012,0.6422347514095336
2026-10-01,1608,0.5586878523833931,-4.133333333333322,6.397772564841577,-0.0010251153254741,0.5102511532547411
2026-10-01,1609,0.5586878523833931,-1.5267175572518887,6.71834428181019,0.0699641209636084,0.6319835981547924
2026-10-01,1611,0.5586878523833931,-2.9661032633684026,6.550218340611353,0.1233982573039466,0.6950281906714505
2026-10-01,1612,0.5586878523833931,-1.6783216783216814,3.556187766714083,-0.2157867760123014,0.20143516145566376
2026-10-01,1614,0.5586878523833931,-0.9508692371318684,3.5199951171875,-0.1488980010251153,0.28805740645822653
2026-10-01,1615,0.5586878523833931,-4.367304499975644,5.1522283978428645,-0.1627370579190159,0.26704254228600716
2026-10-01,1616,0.5586878523833931,-5.897435897435887,9.536784741144414,0.1609431060994361,0.7373141978472578
2026-10-01,1617,0.5586878523833931,-6.238185255198481,36.89516436669134,0.1732444900051255,0.7473090722706305
2026-10-01,1618,0.5586878523833931,-3.0000000000000027,4.381445265307869,-0.0838031778575089,0.3751922091235264
2026-10-01,1623,0.5586878523833931,-9.772727272727275,11.586901763224182,-0.0604818042029728,0.402614044079959
2026-10-01,1626,0.5586878523833931,-2.7027004735150517,5.967077404383278,-0.0325474115838032,0.45258841619682216
2026-10-01,1702,0.5586878523833931,-1.6176470588235237,5.680124143135743,-0.1145566376217324,0.3359815479241415
2026-10-01,1707,0.5586878523833931,-7.667385087598388,8.771928039907719,-0.1255766273705791,0.3211173757047668
2026-10-01,1708,0.5586878523833931,-1.6513761467889854,13.246265809927412,0.3402101486417221,0.8769861609431061
2026-10-01,1709,0.5586878523833931,0.0,38.34586609575085,-0.009738595592004,0.4884674525884162
2026-10-01,1710,0.5586878523833931,-1.7341040462427793,10.88235406314626,0.0239620707329573,0.5581752947206561
2026-10-01,1711,0.5586878523833931,-8.773904827896228,18.249078978739597,0.5035879036391595,0.9687339825730394
2026-10-01,1712,0.5586878523833931,-3.995155611479817,4.287517687110853,-0.2942080984110713,0.13326499231163505
2026-10-01,1713,0.5586878523833931,-6.394704678492924,9.54063424513674,0.3641722193746796,0.8964633521271143
2026-10-01,1714,0.5586878523833931,-12.668460020017402,24.07407171932269,0.5179395181957971,0.973347001537673
2026-10-01,1717,0.5586878523833931,-13.017751479289942,22.31292724609375,0.5064069707842133,0.9702716555612506
2026-10-01,1718,0.5586878523833931,-5.752213980206955,10.328642079527947,0.2942080984110712,0.8472578165043567
2026-10-01,1720,0.5586878523833931,-0.7079646017699059,1.4260235954733456,-0.1968221424910302,0.2186058431573552
2026-10-01,1721,0.5586878523833931,-3.2727272727272716,28.947371289246064,0.1017426960533059,0.6729882111737571
2026-10-01,1722,0.5586878523833931,-9.060773480662988,10.44957287256512,-0.0030753459764223,0.5048692977960021
2026-10-01,1723,0.5586878523833931,-10.850113378433235,12.42158284300992,-0.1581240389543823,0.27370579190158895
2026-10-01,1725,0.5586878523833931,-3.1791864815943094,10.746264101854011,-0.234495130702204,0.18093285494618144
2026-10-01,1726,0.5586878523833931,-2.1739092258115544,2.6143790849673203,-0.2444900051255766,0.17068170169144029
2026-10-01,1727,0.5586878523833931,-10.4,34.6428598676409,-0.023833931317273,0.46437724243977446
2026-10-01,1730,0.5586878523833931,-1.156072270209341,1.7543889393351002,-0.2457713992824192,0.16940030753459764
2026-10-01,1731,0.5586878523833931,-1.1848359097153316,1.918463398226731,-0.2647360328036904,0.1532547411583803
2026-10-01,1732,0.5586878523833931,-1.140681542826072,2.3076864389272833,-0.2507688364941056,0.1629933367503844
2026-10-01,1733,0.5586878523833931,-8.153846153846144,10.720270562611232,-0.1304459251665812,0.3131727319323424
2026-10-01,1734,0.5586878523833931,-2.134144065069432,7.632395188756449,-0.2316760635571502,0.18452075858534084
2026-10-01,1735,0.5586878523833931,-6.060609401867945,11.414397739003372,0.2063044592516658,0.7708867247565351
2026-10-01,1736,0.5586878523833931,-4.49438202247191,9.411764705882351,-0.0697078421322399,0.3946694003075346
2026-10-01,1737,0.5586878523833931,-2.912620160650603,5.333334604899089,-0.1491542798564838,0.2870322911327524
2026-10-01,1742,0.5586878523833931,-2.465753424657535,7.022471910112358,-0.1641465914915428,0.265504869297796
2026-10-01,1752,0.5586878523833931,-2.0312499999999956,2.8708121803198514,-0.1663249615581752,0.2603792926704254
2026-10-01,1760,0.5586878523833931,-5.699484350451945,8.241758241758241,0.4010763710917477,0.9179907739620707
2026-10-01,1762,0.5586878523833931,-6.730773140591917,10.16200519275244,0.3029215786776012,0.8544336237826755
2026-10-01,1773,0.5586878523833931,-2.6162790697674465,10.149253731343284,0.3180420297283444,0.8610968733982574
2026-10-01,1776,0.5586878523833931,-4.497352569768842,10.803317759505928,-0.1827268067657611,0.23833931317273194
2026-10-01,1777,0.5586878523833931,-2.1080388586466214,3.903097612219255,-0.2037416709379805,0.21014864172219375
2026-10-01,1780,0.5586878523833931,-1.3671875,6.732674778097933,-0.2407739620707329,0.17580727831881088
2026-10-01,1781,0.5586878523833931,-4.401912130728403,6.306307451861024,-0.031009738595592,0.45592004100461303
2026-10-01,1783,0.5586878523833931,-5.919397274000082,9.638560344895206,0.3882624295233213,0.9103024090210149
2026-10-01,1784,0.5586878523833931,-3.668262735171979,8.609272786323597,0.1404407995899538,0.7160430548436699
2026-10-01,1785,0.5586878523833931,-3.809523809523807,11.386138613861387,0.5899538698103536,0.9892362890825218
2026-10-01,1786,0.5586878523833931,-9.234000807931242,12.48555266099169,0.3480266529984623,0.8849308047155305
2026-10-01,1788,0.5586878523833931,-1.162790697674421,1.1764705882352942,-0.2138646847770374,0.20297283444387493
2026-10-01,1789,0.5586878523833931,-5.289674364187502,10.372344483720497,0.0955920041004613,0.6676063557150179
2026-10-01,1795,0.5586878523833931,-5.600000000000005,9.6045197740113,0.1373654536135315,0.7093798052280882
2026-10-01,1796,0.5586878523833931,-0.3289473684210509,5.280530570757266,0.2173244490005125,0.7801127626858022
2026-10-01,1799,0.5586878523833931,-5.237313509060815,7.5993052006591375,0.2347514095335725,0.7939518195797027
2026-10-01,1802,0.5586878523833931,-8.125000000000004,13.60544217687075,0.2528190671450538,0.8108662224500256
2026-10-01,1805,0.5586878523833931,-1.9417493886531136,3.366338144434561,-0.3567401332649923,0.08508457201435161
2026-10-01,1806,0.5586878523833931,-2.1013615498327254,2.6515170781299338,-0.1806765761148128,0.23936442849820605
2026-10-01,1808,0.5586878523833931,-14.670259224841232,18.6119921952016,-0.3967196309584828,0.06868272680676576
2026-10-01,1809,0.5586878523833931,-5.864194575311943,27.54098027130294,0.2775499743721168,0.8308559712967709
2026-10-01,1810,0.5586878523833931,-4.0000000000000036,6.66666825612386,0.0436955407483342,0.5879036391594055
2026-10-01,1813,0.5586878523833931,-3.418801844324637,5.3097294495168885,-0.1911840082009225,0.2291132752434649
2026-10-01,1815,0.5586878523833931,-14.074074074074073,22.783404383166083,-0.3206048180420298,0.11122501281394157
2026-10-01,1817,0.5586878523833931,-1.356348328997936,1.875,-0.3680164018452077,0.08098411071245515
2026-10-01,1903,0.5586878523833931,-0.6256533017019783,3.777542994880476,-0.0427985648385443,0.4343926191696566
2026-10-01,1904,0.5586878523833931,-5.675143954436235,6.224066390041493,-0.4004356740133265,0.06663249615581752
2026-10-01,1905,0.5586878523833931,-9.21986061204787,11.32812798023225,-0.0056381342901076,0.49846232701178883
2026-10-01,1906,0.5586878523833931,-4.8458181760739905,6.944444444444444,-0.0407483341875961,0.437980522808816
2026-10-01,1907,0.5586878523833931,-8.943089430894313,10.714285714285714,-0.3136852895950794,0.11583803177857509
2026-10-01,1909,0.5586878523833931,-10.91702908373553,14.215684404560164,0.15504869297796,0.7303946694003075
2026-10-01,2002,0.5586878523833931,0.0,50.3999989827474,0.0041004613018964,0.5230650948231677
2026-10-01,2006,0.5586878523833931,-4.943820224719109,10.16548282993037,-0.4392619169656587,0.05433111225012814
2026-10-01,2007,0.5586878523833931,-0.7092198581560294,5.99999836512974,0.0613787801127626,0.6176319835981547
2026-10-01,2008,0.5586878523833931,-2.063492063492056,3.2414910858995136,-0.1032803690415172,0.34751409533572525
2026-10-01,2009,0.5586878523833931,-6.09318654025267,9.66920925460699,-0.1505638134290107,0.2839569451563301
2026-10-01,2010,0.5586878523833931,-2.597404205893572,7.111112806532118,-0.005381855458739,0.5002562788313686
2026-10-01,2012,0.5586878523833931,-2.047779019398832,5.923340960246748,0.2752434648898001,0.8277806253203486
2026-10-01,2013,0.5586878523833931,-1.5421150708139877,3.8554272019719504,-0.195284469502819,0.21988723731419785
2026-10-01,2014,0.5586878523833931,-2.005730659025773,7.309937058833603,0.1032803690415171,0.6760635571501794
2026-10-01,2015,0.5586878523833931,-1.5337377224664772,3.2710256606247565,-0.3332906201947719,0.10302409021014865
2026-10-01,2017,0.5586878523833931,-1.6233741865126938,7.260724393972601,0.1160943106099436,0.6896463352127115
2026-10-01,2020,0.5586878523833931,-10.427350427350436,30.15267029973387,0.0289595079446437,0.566888774987186
2026-10-01,2022,0.5586878523833931,-4.052288777815272,7.765669913642738,0.2849820604818042,0.8375192209123526
2026-10-01,2023,0.5586878523833931,-2.81690010308413,4.710142163262851,-0.1540235776524858,0.2788313685289595
2026-10-01,2024,0.5586878523833931,-1.1152416356877248,5.263157894736836,0.1676063557150178,0.742696053305997
2026-10-01,2025,0.5586878523833931,-6.333333333333324,22.41992611053574,0.0679138903126601,0.6289082521783701
2026-10-01,2027,0.5586878523833931,-5.413384406223221,12.174814722416428,0.1609431060994361,0.7373141978472578
2026-10-01,2028,0.5586878523833931,-3.7681159420289823,11.144580611263423,0.0046130189646336,0.5256278831368529
2026-10-01,2029,0.5586878523833931,-3.508771929824561,10.227276195179336,0.0740645822655048,0.6368528959507944
2026-10-01,2030,0.5586878523833931,-5.875000000000008,47.54315967737124,0.0033316248077908,0.521783700666325
2026-10-01,2031,0.5586878523833931,-1.7021276595744594,8.225106573724126,-0.1345463864684777,0.3044592516658124
2026-10-01,2032,0.5586878523833931,-6.666666666666665,24.23469387755102,0.0212711430035879,0.5527934392619169
2026-10-01,2033,0.5586878523833931,0.0,48.76476824603711,-0.0048692977960019,0.5012813941568427
2026-10-01,2034,0.5586878523833931,-5.599999999999994,20.974579503980735,0.0012813941568425,0.5176832393644285
2026-10-01,2035,0.5586878523833931,-3.411132382252391,6.691454068435612,-0.2802409021014863,0.14146591491542798
2026-10-01,2038,0.5586878523833931,-3.0075201879584457,12.015505354533824,0.2580727831881086,0.814966683751922
2026-10-01,2049,0.5586878523833931,-12.18872870249017,20.298507462686565,0.1940030753459764,0.7626858021527422
2026-10-01,2059,0.5586878523833931,-16.77215189873418,21.588508660752005,-0.2949769349051768,0.132752434648898
2026-10-01,2061,0.5586878523833931,-5.076923076923068,30.79416531604538,0.4815479241414659,0.9615581752947207
2026-10-01,2062,0.5586878523833931,-8.163267093517012,9.166664547390408,-0.0084572014351614,0.49051768323936445
2026-10-01,2063,0.5586878523833931,-2.8806553869884843,4.449149309578588,-0.2537160430548437,0.1619682214249103
2026-10-01,2064,0.5586878523833931,-6.976741435228129,9.999998410542792,0.0461301896463352,0.5909789851358278
2026-10-01,2065,0.5586878523833931,-2.595624354445847,5.049086218963666,-0.0343413634033828,0.4490005125576627
2026-10-01,2066,0.5586878523833931,-5.999999999999995,9.28433121288307,0.1896463352127114,0.757303946694003
2026-10-01,2067,0.5586878523833931,-13.097346599589889,22.199595775720788,-0.110968733982573,0.3398257303946694
2026-10-01,2069,0.5586878523833931,-6.533572729247739,27.766988809826305,-0.2501281394156842,0.16376217324449
2026-10-01,2070,0.5586878523833931,-9.221904013204352,17.619051252092635,0.2526909277293696,0.8103536647872885
2026-10-01,2072,0.5586878523833931,-4.964539007092195,11.194029850746269,0.4395181957970271,0.9431060994361866
2026-10-01,2073,0.5586878523833931,-3.0075201879584457,7.751937984496124,-0.0876473603280369,0.37109174782162996
2026-10-01,2101,0.5586878523833931,-6.907379450926743,7.419900106137363,0.0030753459764223,0.5210148641722194
2026-10-01,2102,0.5586878523833931,-8.918918918918916,13.353115727002963,0.141465914915428,0.716555612506407
2026-10-01,2103,0.5586878523833931,-3.786572344061278,13.953487007263949,0.1535110199897488,0.7293695540748334
2026-10-01,2104,0.5586878523833931,-5.5793960499053945,15.272721377286029,0.029600205023065,0.5689390056381343
2026-10-01,2105,0.5586878523833931,-1.926162522882824,4.418986518722509,0.1576114812916453,0.7334700153767298
2026-10-01,2106,0.5586878523833931,-4.5845313923338455,6.306313179634714,0.1312147616606868,0.7022039979497694
2026-10-01,2107,0.5586878523833931,-1.2820485232300394,3.5250421357729884,-0.2847257816504357,0.13915940543311123
2026-10-01,2108,0.5586878523833931,-8.54838709677419,13.051149075624172,0.0522808815991799,0.6045617631983599
2026-10-01,2109,0.5586878523833931,-4.635763998580744,6.250003973642997,-0.3341875961045618,0.10148641722193746
2026-10-01,2114,0.5586878523833931,-0.3322292819700645,2.333340115017345,-0.17247565351102,0.25166581240389546
2026-10-01,2115,0.5586878523833931,-3.245434608156683,4.612160928594241,-0.2684520758585341,0.15171706817016914
2026-10-01,2201,0.5586878523833931,-8.750000000000002,9.760275279005914,-0.1436442849820604,0.29215786776012304
2026-10-01,2204,0.5586878523833931,-5.263155271198672,6.130262352954382,-0.0055099948744233,0.4992311635058944
2026-10-01,2206,0.5586878523833931,-3.095972943284664,3.993610223642172,-0.3769861609431061,0.07739620707329574
2026-10-01,2207,0.5586878523833931,-6.021897810218979,8.155339805825243,-0.5146078933880062,0.03254741158380318
2026-10-01,2208,0.5586878523833931,-4.31472451787166,5.305039787798408,-0.2462839569451564,0.168118913377755
2026-10-01,2211,0.5586878523833931,-5.707489371237184,6.683474681416496,0.0343413634033828,0.5738083034341364
2026-10-01,2221,0.5586878523833931,-9.595959595959592,66.98324107591,-0.0153767298821118,0.4797539723218862
2026-10-01,2227,0.5586878523833931,-6.832296664983096,7.999998304578987,-0.0164018452075858,0.4787288569964121
2026-10-01,2228,0.5586878523833931,-3.072981460961677,6.208714594771713,0.0691952844695028,0.6314710404920554
2026-10-01,2230,0.5586878523833931,-6.724508843229837,9.767434763353924,0.2444900051255766,0.8031778575089698
2026-10-01,2231,0.5586878523833931,-4.717948717948717,9.68783638320775,0.2011788826242952,0.7667862634546386
2026-10-01,2233,0.5586878523833931,-3.988603988603989,12.759643916913946,0.5991799077396207,0.990773962070733
2026-10-01,2236,0.5586878523833931,-15.891472868217049,24.88479262672811,0.0030753459764223,0.5210148641722194
2026-10-01,2237,0.5586878523833931,-5.309734513274334,5.794392523364489,0.0463864684777037,0.5917478216299333
2026-10-01,2239,0.5586878523833931,-6.388208143000718,9.7112880917046,0.1460789338800614,0.7227063044592517
2026-10-01,2241,0.5586878523833931,-8.037581217609924,34.27923334578515,0.089185033316248,0.6581240389543823
2026-10-01,2243,0.5586878523833931,-6.785714285714284,25.57470972053849,-0.0210148641722194,0.46796514607893386
2026-10-01,2247,0.5586878523833931,-4.24628450106157,5.764966740576496,-0.3326499231163506,0.1035366478728857
2026-10-01,2248,0.5586878523833931,-2.2292981752687013,6.351787803227428,-0.1676063557150179,0.2583290620194772
2026-10-01,2250,0.5586878523833931,-5.4329396315429985,7.719933665633414,0.1829830855971297,0.7539723218862122
2026-10-01,2254,0.5586878523833931,-0.5285412262156397,35.28161368131891,-0.0197334700153767,0.47283444387493595
2026-10-01,2258,0.5586878523833931,-1.6949152542373058,8.3072124230077,0.106099436186571,0.6791389031266017
2026-10-01,2301,0.5586878523833931,-13.262195121951216,20.035149384885763,-0.0588159917990774,0.40594566888774986
2026-10-01,2302,0.5586878523833931,-1.5873015873015928,15.376347367481518,0.2460276781137877,0.8036904151717068
2026-10-01,2303,0.5586878523833931,-4.154302670623144,28.173374613003094,-0.109046642747309,0.3408508457201435
2026-10-01,2305,0.5586878523833931,-14.620689655172416,70.19386229877134,-0.1119938493080471,0.33828805740645823
2026-10-01,2308,0.5586878523833931,-3.053435114503822,21.25984251968504,-0.0102511532547411,0.48744233726294206
2026-10-01,2312,0.5586878523833931,-8.011871518735092,11.935486332062752,0.058175294720656,0.6119938493080471
2026-10-01,2313,0.5586878523833931,-12.984496124031008,20.044543429844097,0.1750384418247053,0.7483341875961046
2026-10-01,2314,0.5586878523833931,-2.5423728813559365,12.608692335045845,0.3234238851870835,0.8657098923628909
2026-10-01,2316,0.5586878523833931,-2.9069767441860517,11.676646706586826,0.4311891337775499,0.938493080471553
2026-10-01,2317,0.5586878523833931,-1.9305019305019264,6.102362204724409,-0.1184008200922602,0.33213736545361355
2026-10-01,2321,0.5586878523833931,-16.547797588462977,19.829072343542236,-0.4295233213736545,0.0584315735520246
2026-10-01,2324,0.5586878523833931,-12.945365015799736,16.507501328951015,-0.2216811891337775,0.19528446950281908
2026-10-01,2327,0.5586878523833931,-0.4958677685950374,15.614617940199334,0.4392619169656586,0.9425935417734496
2026-10-01,2328,0.5586878523833931,-1.9507202218822184,8.062832018467768,0.1066119938493079,0.6801640184520759
2026-10-01,2329,0.5586878523833931,-2.0971285939522466,9.921077139079234,0.3036904151717068,0.8552024602767812
2026-10-01,2330,0.5586878523833931,0.0,5.378486055776892,-0.0494618144541261,0.41901588928754485
2026-10-01,2331,0.5586878523833931,-4.726369967363475,8.877288579318293,0.1154536135315222,0.6873398257303946
2026-10-01,2332,0.5586878523833931,-4.72813066934592,12.40694789081886,-0.118785238339313,0.33111225012813944
2026-10-01,2337,0.5586878523833931,-6.923076923076921,13.223140495867767,0.3739108149666837,0.902101486417222
2026-10-01,2338,0.5586878523833931,-13.394495412844032,35.48728813559322,-0.3282931829830855,0.10814966683751923
2026-10-01,2340,0.5586878523833931,-1.9015659955257336,31.92702220538324,0.0525371604305484,0.6053305996924654
2026-10-01,2342,0.5586878523833931,-6.886792452830182,32.826749266341345,0.3339313172731932,0.8744233726294208
2026-10-01,2344,0.5586878523833931,-6.25,18.61111111111111,0.1289082521783702,0.7006663249615582
2026-10-01,2345,0.5586878523833931,-13.832199546485258,22.894736842105264,0.3785238339313173,0.9033828805740646
2026-10-01,2347,0.5586878523833931,-4.5999999999999925,14.989521018614058,-0.0171706817016913,0.477703741670938
2026-10-01,2348,0.5586878523833931,-51.32911392405063,105.46163849154745,-0.0012813941568426,0.5089697590978985
2026-10-01,2349,0.5586878523833931,-6.666666666666665,10.952377319335922,0.4761660686827267,0.9579702716555613
2026-10-01,2351,0.5586878523833931,-17.31517509727627,24.941176470588236,-0.3892875448487954,0.0717580727831881
2026-10-01,2352,0.5586878523833931,-2.838065914146004,6.013745704467353,-0.0399794976934905,0.44028703229113275
2026-10-01,2353,0.5586878523833931,-3.630860105179457,7.22134768307864,-0.0071758072783187,0.49410558687852385
2026-10-01,2354,0.5586878523833931,-4.74820143884892,9.365560064863224,-0.1940030753459762,0.2229625832906202
2026-10-01,2355,0.5586878523833931,-7.191011235955058,10.290556900726394,0.2856227575602255,0.8380317785750897
2026-10-01,2356,0.5586878523833931,-12.719300192686822,15.745396190751936,-0.0820092260379292,0.37724243977447464
2026-10-01,2357,0.5586878523833931,-6.310679611650483,13.471502590673577,0.0199897488467453,0.5509994874423373
2026-10-01,2359,0.5586878523833931,-15.51155115511551,20.703125,0.0784213223987698,0.6435161455663763
2026-10-01,2360,0.5586878523833931,-18.11023622047244,28.125,-0.6248077908764735,0.01742696053305997
2026-10-01,2362,0.5586878523833931,-6.61322930855518,7.832621300169326,-0.3552024602767812,0.08559712967708867
2026-10-01,2363,0.5586878523833931,-3.809523809523807,21.94719346049595,0.0748334187596104,0.6381342901076371
2026-10-01,2364,0.5586878523833931,-5.942028985507242,11.402159515992151,-0.1342901076371091,0.30497180932854945
2026-10-01,2365,0.5586878523833931,-8.14332475834142,12.943267822265623,0.1963095848282932,0.7631983598154792
2026-10-01,2367,0.5586878523833931,-3.020135883439923,11.880049656006705,0.5504869297796002,0.9851358277806254
2026-10-01,2368,0.5586878523833931,-9.50413223140496,23.74429223744292,0.5548436699128652,0.9866735007688365
2026-10-01,2369,0.5586878523833931,-5.505948089688073,15.275585745263289,0.411840082009226,0.9261916965658636
2026-10-01,2371,0.5586878523833931,-3.4810126582278555,14.09836315717854,-0.0588159917990773,0.4064582265504869
2026-10-01,2373,0.5586878523833931,-1.4869874505675895,2.6415051154370577,-0.1987442337262941,0.21527421834956434
2026-10-01,2374,0.5586878523833931,-7.103068015305536,9.14543643705491,0.1581240389543824,0.7339825730394669
2026-10-01,2375,0.5586878523833931,-4.597701149425292,12.851405622489958,0.5722706304459252,0.9876986160943106
2026-10-01,2376,0.5586878523833931,-1.9946808510638347,9.49796472184532,-0.1517170681701691,0.283444387493593
2026-10-01,2377,0.5586878523833931,-7.012195121951215,12.786885245901638,-0.2288569964120963,0.1865709892362891
2026-10-01,2379,0.5586878523833931,-4.030226700251893,14.960629921259844,0.0292157867760122,0.5679138903126602
2026-10-01,2380,0.5586878523833931,-11.688311688311693,19.70588459688075,0.4625832906201948,0.9538698103536648
2026-10-01,2382,0.5586878523833931,-4.97866287339972,7.0359281437125745,-0.1230138390568938,0.3249615581752947
2026-10-01,2383,0.5586878523833931,-12.257495590828926,20.804020100502512,0.1358277806253203,0.7052793439261917
2026-10-01,2385,0.5586878523833931,-5.381165919282516,9.004739336492891,-0.0666324961558175,0.3956945156330087
2026-10-01,2387,0.5586878523833931,-2.403206260626023,4.6511648780833195,-0.1317273193234239,0.3098411071245515
2026-10-01,2388,0.5586878523833931,-11.686746987951812,18.553886049278436,0.0622757560225525,0.6207073295745772
2026-10-01,2390,0.5586878523833931,-1.9323707642349583,5.320196668502749,0.1932342388518708,0.761148129164531
2026-10-01,2392,0.5586878523833931,-12.696749910056404,17.548084259033203,-0.2435930292157867,0.17119425935417734
2026-10-01,2393,0.5586878523833931,-3.007518796992481,8.527131782945736,0.2311635058944131,0.7898513582778063
2026-10-01,2395,0.5586878523833931,-4.111405835543769,15.076071922544951,-0.1040492055356226,0.3470015376729882
2026-10-01,2397,0.5586878523833931,-1.71339096655877,8.716317250875965,-0.0517683239364428,0.415684264479754
2026-10-01,2399,0.5586878523833931,0.0,13.742690058479528,0.054715530497181,0.6078933880061507
2026-10-01,2401,0.5586878523833931,-1.2867647058823484,13.035378908977824,0.3477703741670938,0.8841619682214249
2026-10-01,2402,0.5586878523833931,-4.666666666666663,12.237762237762237,0.6312147616606867,0.9933367503844183
2026-10-01,2404,0.5586878523833931,-0.760456273764254,24.75095785440613,0.1158380317785751,0.6881086622245003
2026-10-01,2405,0.5586878523833931,-2.547770700636931,7.516338622647948,0.2332137365453613,0.7913890312660175
2026-10-01,2406,0.5586878523833931,-1.8750000000000044,19.585986046274755,0.3892875448487954,0.911327524346489
2026-10-01,2408,0.5586878523833931,-3.888888888888886,14.354527938342969,0.0758585340850845,0.6394156842644797
2026-10-01,2409,0.5586878523833931,-4.250000000000009,36.4229784933145,-0.0586878523833931,0.4072270630445925
2026-10-01,2412,0.5586878523833931,-0.3424657534246589,6.872852233676976,-0.3334187596104561,0.10251153254741159
2026-10-01,2413,0.5586878523833931,-11.643837925013766,32.655043195384415,-0.4818042029728344,0.03997949769349052
2026-10-01,2414,0.5586878523833931,-0.5607476635513975,3.571431439622004,-0.0146078933880062,0.48180420297283444
2026-10-01,2415,0.5586878523833931,-8.403361344537819,11.559631627634031,0.3896719630958483,0.9118400820092261
2026-10-01,2417,0.5586878523833931,-12.076747921442031,16.688061617458278,0.3218862121988723,0.8646847770374168
2026-10-01,2419,0.5586878523833931,-5.220227205363326,14.285712972565484,-0.2816504356740134,0.1399282419272168
2026-10-01,2420,0.5586878523833931,-1.6949152542372836,10.517238748484644,0.1817016914402871,0.751922091235264
2026-10-01,2421,0.5586878523833931,-8.37988826815642,12.804878048780488,-0.1207073295745771,0.32906201947719116
2026-10-01,2423,0.5586878523833931,-6.405228758169946,8.659217877094976,-0.2951050743208611,0.13223987698616094
2026-10-01,2424,0.5586878523833931,-6.8493175023400905,12.990201220792882,-0.0466427473090722,0.4277293695540748
2026-10-01,2425,0.5586878523833931,-2.32859376545248,9.006626558619619,0.138646847770374,0.7119425935417735
2026-10-01,2426,0.5586878523833931,-7.623318385650224,20.29126361735816,0.2416709379805227,0.8006150691952845
2026-10-01,2427,0.5586878523833931,-5.091646745037592,11.802575107296136,-0.4669400307534598,0.047667862634546386
2026-10-01,2428,0.5586878523833931,-1.8796992481203032,8.237547892720306,0.2216811891337775,0.7839569451563301
2026-10-01,2429,0.5586878523833931,-5.674842210773967,8.455279590637703,0.2737057919015889,0.8257303946694003
2026-10-01,2430,0.5586878523833931,-0.8219178082191747,3.591158113426925,-0.3139415684264479,0.1150691952844695
2026-10-01,2431,0.5586878523833931,-2.4038425740404157,6.896549844976699,0.1095592004100461,0.6837519220912353
2026-10-01,2432,0.5586878523833931,-1.7793607639928877,4.347828851229902,-0.0507432086109688,0.4167093798052281
2026-10-01,2433,0.5586878523833931,-3.7125748502993994,4.477610042439171,-0.088672475653511,0.36981035366478726
2026-10-01,2434,0.5586878523833931,-13.835616438356167,23.529410551765576,-0.1519733470015376,0.28293182983085596
2026-10-01,2436,0.5586878523833931,-4.516129032258065,18.10811017010663,-0.0017939518195797,0.5079446437724244
2026-10-01,2438,0.5586878523833931,-13.260869565217392,22.80701371960174,-0.3323936442849819,0.10507432086109687
2026-10-01,2439,0.5586878523833931,-3.53089904666245,6.405230752782884,-0.0681701691440287,0.39518195797027167
2026-10-01,2440,0.5586878523833931,-5.882354114478183,11.45833730697633,0.136212198872373,0.7063044592516659
2026-10-01,2441,0.5586878523833931,-5.323193916349811,17.670682730923694,-0.1281394156842644,0.3157355202460277
2026-10-01,2442,0.5586878523833931,-21.249625145438312,28.731772949645567,0.1382624295233213,0.7109174782162994
2026-10-01,2444,0.5586878523833931,-9.090909090909092,37.99999872843424,-0.0788057406458226,0.3813429010763711
2026-10-01,2449,0.5586878523833931,-10.303030303030305,26.013513513513516,-0.2414146591491542,0.17478216299333674
2026-10-01,2450,0.5586878523833931,-0.5272434408327031,1.413432953635711,-0.2365453613531523,0.17888262429523322
2026-10-01,2451,0.5586878523833931,-3.500000000000003,10.362694300518134,0.0515120451050743,0.6025115325474116
2026-10-01,2453,0.5586878523833931,-5.160143636246772,8.442776735459663,-0.3726294208098411,0.07944643772424398
2026-10-01,2454,0.5586878523833931,-9.12408759124088,25.100401606425702,-0.4641209636084059,0.0486929779600205
2026-10-01,2455,0.5586878523833931,-7.457627118644073,18.13186813186813,-0.3491799077396207,0.09174782162993336
2026-10-01,2457,0.5586878523833931,-6.369423718281919,11.564622390297265,0.3252178370066632,0.867247565351102
2026-10-01,2458,0.5586878523833931,-0.7168458781361964,10.830324909747292,0.544079958995387,0.9830855971296771
2026-10-01,2459,0.5586878523833931,-3.278686325111579,4.006160977074104,-0.3075345976422347,0.11993849308047155
2026-10-01,2460,0.5586878523833931,-9.063897139895428,18.464057274114072,0.19771911840082,0.7657611481291645
2026-10-01,2461,0.5586878523833931,-6.45161482182135,7.758622882009923,-0.0481804202972834,0.4220912352639672
2026-10-01,2462,0.5586878523833931,-3.163013436459494,9.296474744327105,0.2929267042542285,0.8467452588416197
2026-10-01,2464,0.5586878523833931,-13.61607142857143,26.356589147286822,-0.1052024602767811,0.345463864684777
2026-10-01,2465,0.5586878523833931,-13.302325581395348,21.56652196794109,0.0338288057406457,0.5730394669400307
2026-10-01,2466,0.5586878523833931,-5.514705882352944,32.14008019592047,-0.017939518195797,0.47565351101998976
2026-10-01,2467,0.5586878523833931,-14.75667189952904,22.46777163904236,0.5525371604305485,0.9856483854433624
2026-10-01,2468,0.5586878523833931,-9.909000378846876,38.83277045355903,-0.6378780112762685,0.01486417221937468
2026-10-01,2471,0.5586878523833931,-3.703703703703709,9.519232236422024,-0.3066376217324449,0.12045105074320861
2026-10-01,2472,0.5586878523833931,-4.033970276008492,13.495575221238935,0.4700153767298821,0.9566888774987186
2026-10-01,2474,0.5586878523833931,-3.037383177570097,5.783132530120482,-0.2110456176319835,0.2045105074320861
2026-10-01,2476,0.5586878523833931,-3.529411764705881,10.16260162601626,0.1485135827780624,0.726294208098411
2026-10-01,2477,0.5586878523833931,-1.4925405183465743,8.658008658008658,-0.292157867760123,0.13480266529984622
2026-10-01,2478,0.5586878523833931,-4.961832061068705,13.654618473895583,0.4359302921578679,0.9410558687852384
2026-10-01,2480,0.5586878523833931,-4.191616766467066,8.4375,-0.4775756022552537,0.041517170681701694
2026-10-01,2481,0.5586878523833931,-1.933701657458564,19.718309859154928,0.3334187596104562,0.8739108149666838
2026-10-01,2482,0.5586878523833931,-2.9761860700419307,7.975455442089244,-0.0771399282419272,0.38364941055868784
2026-10-01,2483,0.5586878523833931,-2.2696929238985364,21.448086389426983,0.5476678626345464,0.9838544336237827
2026-10-01,2484,0.5586878523833931,-1.3986013986014068,24.9409019524324,0.252434648898001,0.8098411071245515
2026-10-01,2485,0.5586878523833931,-6.358381502890175,14.074075957875191,0.5761148129164531,0.9882111737570477
2026-10-01,2486,0.5586878523833931,-19.1869918699187,31.991951710261567,0.4277293695540748,0.9349051768323936
2026-10-01,2488,0.5586878523833931,-1.7068258033786976,3.5750766087844736,-0.1137878011276267,0.3372629420809841
2026-10-01,2489,0.5586878523833931,-10.659340659340666,22.878226905438,-0.0563813429010763,0.41004613018964636
2026-10-01,2491,0.5586878523833931,-23.440455894529176,35.30864951051312,0.1463352127114299,0.7237314197847258
2026-10-01,2492,0.5586878523833931,-4.360465116279066,22.492401215805472,0.3967196309584828,0.9133777549974372
2026-10-01,2493,0.5586878523833931,-4.600484261501214,19.796954314720814,0.354177344951307,0.8903126601742696
2026-10-01,2495,0.5586878523833931,-3.98010132481017,11.139894396529913,0.2309072270630445,0.7893388006150692
2026-10-01,2496,0.5586878523833931,-1.6071428571428514,2.9038084829783912,-0.021783700666325,0.46694003075345974
2026-10-01,2497,0.5586878523833931,-4.347826086956519,8.636361902410334,0.3874935930292158,0.9092772936955408
2026-10-01,2498,0.5586878523833931,-6.7235859124866515,17.505719077941755,0.1568426447975397,0.7329574577139928
2026-10-01,2501,0.5586878523833931,-7.87746324472468,9.501187648456057,-0.0317785750896975,0.45515120451050745
2026-10-01,2504,0.5586878523833931,-3.3227859771971624,3.764319536923972,-0.1865709892362891,0.2347514095335725
2026-10-01,2505,0.5586878523833931,-3.9436619718309807,6.158353296542797,-0.2688364941055868,0.15069195284469503
2026-10-01,2506,0.5586878523833931,-3.546908229249346,6.4056934976634325,-0.1027678113787801,0.34853921066119936
2026-10-01,2509,0.5586878523833931,-7.741935483870965,10.48951048951049,-0.1740133264992311,0.24833418759610457
2026-10-01,2511,0.5586878523833931,-3.4802771408578015,4.447114009123582,-0.3549461814454127,0.08610968733982573
2026-10-01,2514,0.5586878523833931,-2.1097077925892993,3.879316921891868,-0.0920041004613018,0.36340338288057406
2026-10-01,2515,0.5586878523833931,-4.400000000000004,6.69456226556371,0.0863659661711942,0.6524859046642747
2026-10-01,2516,0.5586878523833931,-3.194885819283022,11.55115511551155,-0.1494105586878523,0.2860071758072783
2026-10-01,2520,0.5586878523833931,-7.196966121055759,11.292510778725552,-0.4646335212711429,0.04818042029728344
2026-10-01,2524,0.5586878523833931,-7.733333333333325,12.572249925205472,-0.1422347514095335,0.2936955407483342
2026-10-01,2527,0.5586878523833931,-3.725490196078429,17.71894249071172,-0.0899538698103536,0.36699128651973345
2026-10-01,2528,0.5586878523833931,-6.779659294879526,7.272725291066355,-0.354177344951307,0.08713480266529984
2026-10-01,2530,0.5586878523833931,-5.647058823529405,9.97506234413965,-0.5084572014351615,0.03434136340338288
2026-10-01,2534,0.5586878523833931,-2.8818465157138484,4.154307198453727,-0.2530753459764223,0.16248077908764735
2026-10-01,2535,0.5586878523833931,-3.26441945165159,4.386953347445339,-0.3408508457201434,0.09789851358277807
2026-10-01,2536,0.5586878523833931,-8.173073554885324,11.2565425053941,-0.1749103024090209,0.24654023577652487
2026-10-01,2537,0.5586878523833931,-8.264465702010693,9.459462896123672,-0.2141209636084059,0.20246027678113787
2026-10-01,2538,0.5586878523833931,-1.8888888888888844,6.115514856772677,0.1896463352127114,0.757303946694003
2026-10-01,2539,0.5586878523833931,-5.124649729410091,6.423348753991788,-0.0256278831368528,0.4618144541260892
2026-10-01,2540,0.5586878523833931,-9.537037037037033,15.14841663434781,-0.1368528959507945,0.30138390568939005
2026-10-01,2542,0.5586878523833931,-21.472395088417507,28.125007947285972,-0.1175038441824705,0.33316248077908767
2026-10-01,2543,0.5586878523833931,-5.445548125708988,8.376965348009039,-0.0656073808303433,0.39671963095848284
2026-10-01,2545,0.5586878523833931,-5.524863869580344,9.502923976608187,0.0645822655048693,0.623526396719631
2026-10-01,2546,0.5586878523833931,-3.1963470319634757,8.49056603773585,-0.4429779600205024,0.05228088159917991
2026-10-01,2547,0.5586878523833931,-3.645316575724644,5.623714080373654,-0.0322911327524346,0.4546386468477704
2026-10-01,2548,0.5586878523833931,-6.8965502833205905,7.734203130850865,-0.2539723218862121,0.16145566376217324
2026-10-01,2596,0.5586878523833931,-5.034013605442178,7.879656160458453,-0.3669912865197334,0.0814966683751922
2026-10-01,2597,0.5586878523833931,-4.285714285714281,5.3731343283582085,-0.2936955407483342,0.1337775499743721
2026-10-01,2603,0.5586878523833931,-3.054989816700615,7.773109243697479,-0.437083546899026,0.05586878523833931
2026-10-01,2605,0.5586878523833931,-8.408800511179281,11.016953462934763,-0.5845720143516145,0.023065094823167605
2026-10-01,2606,0.5586878523833931,-10.036716345824315,11.70067819608312,-0.5489492567913891,0.026140440799589954
2026-10-01,2607,0.5586878523833931,-0.3703703703703764,2.973974858961141,-0.2983085597129677,0.1291645310097386
2026-10-01,2608,0.5586878523833931,-1.706482082184202,3.1249986754523382,-0.2177088672475653,0.1973347001537673
2026-10-01,2609,0.5586878523833931,-6.814577778293662,11.224487200886214,-0.6249359302921579,0.016914402870322913
2026-10-01,2610,0.5586878523833931,-1.6949134382365785,3.694581280788177,-0.0952075858534085,0.3582778062532035
2026-10-01,2611,0.5586878523833931,-4.013376701806326,8.710801393728223,0.0438236801640185,0.5884161968221425
2026-10-01,2612,0.5586878523833931,-7.390652829883848,9.446259041950835,-0.5756022552537161,0.02460276781137878
2026-10-01,2613,0.5586878523833931,-4.721026923086368,6.756756756756757,-0.1430035879036392,0.2926704254228601
2026-10-01,2614,0.5586878523833931,-0.5167958656330796,8.831170812829756,0.0220399794976934,0.5548436699128652
2026-10-01,2615,0.5586878523833931,-9.999999999999998,16.444444444444446,-0.4969246540235777,0.036391594054331115
2026-10-01,2616,0.5586878523833931,-2.2058850959922327,3.007523099282644,-0.1941312147616606,0.22193746796514607
2026-10-01,2617,0.5586878523833931,-10.503597122302155,12.379421221864956,-0.5812403895438236,0.02409021014864172
2026-10-01,2618,0.5586878523833931,-2.314816539997222,5.568725802887107,-0.1728600717580728,0.25064069707842135
2026-10-01,2630,0.5586878523833931,-10.591605656992042,13.553900296303862,0.2245002562788313,0.7860071758072783
2026-10-01,2633,0.5586878523833931,-1.9011378386504796,3.2945677291515265,-0.0868785238339313,0.371604305484367
2026-10-01,2634,0.5586878523833931,-5.154641306664676,9.316770186335404,0.0932854946181445,0.6645310097385956
2026-10-01,2636,0.5586878523833931,-2.213005510680832,5.51626807055008,-0.1981035366478729,0.21629933367503845
2026-10-01,2637,0.5586878523833931,-9.238095238095244,10.598109626569878,-0.6432598667350077,0.013326499231163505
2026-10-01,2640,0.5586878523833931,-10.79545454545454,14.331210191082802,-0.3416196822142491,0.09636084059456688
2026-10-01,2641,0.5586878523833931,-6.720432020609202,7.780982025762112,-0.1465914915427985,0.2895950794464377
2026-10-01,2642,0.5586878523833931,-2.631577170186328,4.176906051448288,-0.2168118913377755,0.20041004613018965
2026-10-01,2643,0.5586878523833931,-1.1111111111111185,1.605136436597111,-0.3426447975397232,0.09533572526909277
2026-10-01,2645,0.5586878523833931,-3.064066852367686,5.459770114942529,0.2607637109174782,0.8180420297283444
2026-10-01,2646,0.5586878523833931,-7.990865977228356,9.429278503872323,-0.1150691952844695,0.3352127114300359
2026-10-01,2701,0.5586878523833931,-1.904761904761898,2.9126232110180896,-0.179779600205023,0.24038954382368016
2026-10-01,2702,0.5586878523833931,-4.633203228588966,7.287446303888855,-0.318298308559713,0.1132752434648898
2026-10-01,2704,0.5586878523833931,-2.4837996890074265,3.875968992248062,-0.2457713992824192,0.16940030753459764
2026-10-01,2705,0.5586878523833931,-4.716978846063635,5.940591541453939,-0.0474115838031778,0.42337262942080983
2026-10-01,2706,0.5586878523833931,-3.1746061060283104,4.0983606557377055,-0.0089697590978984,0.4894925679138903
2026-10-01,2707,0.5586878523833931,-2.2222222222222254,2.840909090909091,-0.2919015889287545,0.1353152229625833
2026-10-01,2712,0.5586878523833931,-8.561646224723562,9.737829144081386,-0.0740645822655048,0.38749359302921577
2026-10-01,2718,0.5586878523833931,-6.432748538011701,8.625001907348633,0.0730394669400307,0.6345463864684777
2026-10-01,2719,0.5586878523833931,-4.411762918430462,6.6666627541566505,0.1037929267042542,0.677344951307022
2026-10-01,2722,0.5586878523833931,-2.7210850694819877,4.895101338277607,0.0663762173244491,0.6258329062019478
2026-10-01,2723,0.5586878523833931,-7.738095238095233,9.935479933215726,-0.3272680676576115,0.10866222450025628
2026-10-01,2724,0.5586878523833931,-10.606059314352944,26.27118159148651,-0.2793439261916965,0.14197847257816504
2026-10-01,2726,0.5586878523833931,-8.04597499553582,9.874999523162842,-0.1032803690415171,0.3480266529984623
2026-10-01,2727,0.5586878523833931,-0.4237288135593209,4.25531914893617,0.0763710917478216,0.6406970784213224
2026-10-01,2729,0.5586878523833931,-3.384615384615386,8.280254777070063,-0.2125832906201947,0.20348539210661198
2026-10-01,2731,0.5586878523833931,-0.6896551724137945,4.166666666666666,-0.0996924654023577,0.3521271143003588
2026-10-01,2732,0.5586878523833931,-5.563909774436093,7.484077647992759,-0.005894413121476,0.4971809328549462
2026-10-01,2734,0.5586878523833931,-4.333333333333334,4.8780487804878,-0.1793951819579702,0.24192721681189133
2026-10-01,2736,0.5586878523833931,-3.418801844324637,3.982299197036608,-0.0763710917478215,0.38544336237826754
2026-10-01,2739,0.5586878523833931,-4.8239857828664245,6.301367772768622,-0.1881086622245002,0.2337262942080984
2026-10-01,2740,0.5586878523833931,-9.797826987172408,14.655178990857356,-0.2029728344438749,0.21219887237314197
2026-10-01,2743,0.5586878523833931,-13.98026207848928,18.738048254417873,0.2203997949769349,0.7831881086622245
2026-10-01,2745,0.5586878523833931,-4.406779661016957,6.028366990686872,0.2729369554074833,0.8247052793439262
2026-10-01,2748,0.5586878523833931,-2.005016278909233,3.964202178408728,-0.1706817016914402,0.2539723218862122
2026-10-01,2751,0.5586878523833931,-2.9357798165137616,6.049150780603881,-0.5984110712455152,0.021014864172219375
2026-10-01,2752,0.5586878523833931,-2.4861878453038666,4.53257790368272,-0.3585340850845719,0.08457201435161456
2026-10-01,2753,0.5586878523833931,-0.2717391304347782,4.087193460490464,-0.0943106099436186,0.3600717580727832
2026-10-01,2754,0.5586878523833931,-3.271696944400493,4.558832505170036,-0.3047155304971809,0.12275756022552538
2026-10-01,2755,0.5586878523833931,-3.4146341463414664,4.646463105172822,0.0520246027678114,0.6037929267042542
2026-10-01,2756,0.5586878523833931,-2.0280787910563536,4.777070063694268,-0.2480779087647359,0.16606868272680678
2026-10-01,2762,0.5586878523833931,-5.428228519964662,6.760206027906775,-0.2080984110712455,0.20809841107124552
2026-10-01,2801,0.5586878523833931,-7.394957983193273,17.422864744321405,-0.7775499743721168,0.0030753459764223477
2026-10-01,2812,0.5586878523833931,-4.568531614641225,5.053195547550282,-0.3818554587391081,0.07329574577139929
2026-10-01,2816,0.5586878523833931,-4.22705666999793,7.314001326302412,-0.4992311635058944,0.03511019989748847
2026-10-01,2820,0.5586878523833931,-4.829547517309463,6.567166456535681,-0.5304971809328549,0.028190671450538187
2026-10-01,2832,0.5586878523833931,-4.857622656413296,6.866199869505117,-0.3388006150691953,0.09943618657098924
2026-10-01,2834,0.5586878523833931,-6.914889839451965,11.142850603376116,-0.6599179907739621,0.01230138390568939
2026-10-01,2836,0.5586878523833931,-0.2087682672233803,50.209205818974326,0.0041004613018964,0.5230650948231677
2026-10-01,2838,0.5586878523833931,0.0,61.250000733595634,0.0015376729882111,0.5181957970271656
2026-10-01,2845,0.5586878523833931,-5.415165060018145,7.251914220911883,-0.3999231163505894,0.06714505381855458
2026-10-01,2849,0.5586878523833931,-1.8404862030818592,12.812495231628418,-0.4874423372629421,0.03844182470527934
2026-10-01,2850,0.5586878523833931,-3.6809815950920255,5.095541401273886,-0.2956176319835982,0.13121476166068682
2026-10-01,2851,0.5586878523833931,-4.948453608247416,8.785247802734375,-0.619682214249103,0.018964633521271142
2026-10-01,2852,0.5586878523833931,-3.157894736842104,3.4420289855072435,-0.3954382368016402,0.06919528446950282
2026-10-01,2855,0.5586878523833931,-5.527639398269535,18.262409994788204,-0.3364941055868785,0.10097385955920041
2026-10-01,2880,0.5586878523833931,-6.314698313121891,15.027622623338225,-0.7906201947719119,0.0025627883136852894
2026-10-01,2881,0.5586878523833931,-66.90095846645367,202.12355212355217,-0.000512557662737,0.5133264992311635
2026-10-01,2882,0.5586878523833931,-49.743589743589745,99.31972789115646,-0.0038441824705279,0.5028190671450539
2026-10-01,2883,0.5586878523833931,-78.67647018949603,370.4597613455236,-0.0002562788313685,0.5140953357252691
2026-10-01,2884,0.5586878523833931,-4.223861749888291,17.640573318632853,-0.7357765248590467,0.006663249615581753
2026-10-01,2885,0.5586878523833931,-5.997206598692328,8.90207715133531,-0.4970527934392618,0.03587903639159405
2026-10-01,2886,0.5586878523833931,-7.655957295006177,9.92835678366092,-0.6368528959507944,0.015376729882111738
2026-10-01,2887,0.5586878523833931,-49.441963424716064,98.01324166472648,-0.0079446437724243,0.4925679138903127
2026-10-01,2889,0.5586878523833931,-7.714285714285718,11.76470352031128,-0.7091235263967196,0.008200922603792926
2026-10-01,2890,0.5586878523833931,-5.825239618138511,12.371128777048432,-0.725269092772937,0.007175807278318811
2026-10-01,2891,0.5586878523833931,-15.97222222222222,20.0,-0.1348026652998462,0.30394669400307534
2026-10-01,2892,0.5586878523833931,-5.494507255237336,14.341083299898052,-0.7757560225525372,0.004100461301896463
2026-10-01,2897,0.5586878523833931,-4.8458181760739905,8.796303360550525,-0.6227575602255254,0.018452075858534086
2026-10-01,2901,0.5586878523833931,-7.462683932822034,18.14516129032258,-0.0272936955407483,0.45976422347514095
2026-10-01,2903,0.5586878523833931,-3.090506094126355,4.100226052529719,-0.2696053305996925,0.14889800102511533
2026-10-01,2904,0.5586878523833931,-1.930500486079345,3.937007874015748,0.1107124551512044,0.6847770374167094
2026-10-01,2905,0.5586878523833931,-4.999999999999993,9.418286775287829,-0.7483341875961046,0.005125576627370579
2026-10-01,2906,0.5586878523833931,-4.9645415782376245,6.343286428878569,-0.1975909789851358,0.21732444900051257
2026-10-01,2908,0.5586878523833931,-2.212391031106742,4.524886877828054,-0.2569195284469502,0.15940543311122501
2026-10-01,2910,0.5586878523833931,-3.2786870124486445,5.932201773433362,-0.2980522808815991,0.12967708867247565
2026-10-01,2911,0.5586878523833931,-6.969695625445283,9.77198541746854,0.0174269605330599,0.5476678626345464
2026-10-01,2912,0.5586878523833931,-2.9680365296803624,4.0,-0.1204510507432086,0.3295745771399282
2026-10-01,2913,0.5586878523833931,-1.333333333333342,3.603600166939384,-0.1271143003587904,0.31727319323423886
2026-10-01,2915,0.5586878523833931,-3.4768236305079303,7.547172428608759,-0.4487442337262942,0.050230650948231675
2026-10-01,2916,0.5586878523833931,-0.6134969325153339,2.0987616644965277,-0.2253972321886212,0.19067145053818554
2026-10-01,2923,0.5586878523833931,-10.088495575221245,22.637795275590552,-0.133777549974372,0.3065094823167606
2026-10-01,2924,0.5586878523833931,-1.0498648035190403,15.384613360903309,-0.3316248077908765,0.10558687852383393
2026-10-01,2926,0.5586878523833931,-1.302934048856208,5.280529311781276,0.0594566888774986,0.6137878011276269
2026-10-01,2929,0.5586878523833931,-5.528456749513577,11.015488235552423,-0.2398769861609431,0.176832393644285
2026-10-01,2938,0.5586878523833931,-26.0,37.29729729729729,0.2013070220399794,0.7672988211173757
2026-10-01,2939,0.5586878523833931,-0.2272727272727315,12.984056407606955,0.0212711430035879,0.5527934392619169
2026-10-01,2941,0.5586878523833931,-8.554576387452595,13.548389557869204,-0.0412608918503331,0.4372116863147104
2026-10-01,2945,0.5586878523833931,-2.682926829268295,5.889720486519033,-0.1937467965146079,0.22347514095335724
2026-10-01,2947,0.5586878523833931,-2.2617148487364735,3.1404983898824894,0.0703485392106611,0.6324961558175295
2026-10-01,2948,0.5586878523833931,-4.947920443696963,6.301378223994007,-0.1924654023577652,0.2265504869297796
2026-10-01,3002,0.5586878523833931,-8.8992990516234,24.164528344161713,-0.0011532547411583,0.5094823167606356
2026-10-01,3003,0.5586878523833931,-13.207549091941518,22.40802930748981,0.5246027678113787,0.9774474628395694
2026-10-01,3004,0.5586878523833931,-6.2015503875969,12.396694214876034,0.3518708354689902,0.8872373141978472
2026-10-01,3005,0.5586878523833931,-2.083333333333337,6.808510638297872,-0.281009738595592,0.14044079958995387
2026-10-01,3006,0.5586878523833931,-11.91222570532915,19.9288256227758,-0.1376217324449,0.29958995386981035
2026-10-01,3008,0.5586878523833931,-21.99874292897549,35.69701853344077,-0.2045105074320861,0.2096360840594567
2026-10-01,3010,0.5586878523833931,-4.545454545454541,7.5396825396825395,0.0196053305996924,0.5499743721168632
2026-10-01,3011,0.5586878523833931,-4.285714285714281,12.935325280943912,0.3459764223475141,0.8826242952332137
2026-10-01,3013,0.5586878523833931,0.0,13.297872340425531,0.3795489492567914,0.9051768323936443
2026-10-01,3014,0.5586878523833931,-2.068965517241383,11.619718309859154,0.1258329062019476,0.6970784213223987
2026-10-01,3015,0.5586878523833931,-1.444046035820412,8.974361769008986,0.3587903639159406,0.8933880061506919
2026-10-01,3016,0.5586878523833931,-4.545454545454541,46.726190476190474,0.0138390568939006,0.5410046130189646
2026-10-01,3017,0.5586878523833931,-2.500000000000002,14.245014245014245,-0.0178113787801126,0.4761660686827268
2026-10-01,3018,0.5586878523833931,-2.0000000000000018,12.653062781509089,0.2998462327011789,0.849820604818042
2026-10-01,3019,0.5586878523833931,-15.95092024539877,23.35766423357664,0.2710148641722194,0.8231676063557151
2026-10-01,3021,0.5586878523833931,-9.193548387096785,38.89875937101049,0.0366478728856997,0.5771399282419272
2026-10-01,3022,0.5586878523833931,-6.085191244395283,17.81857451403888,0.0230650948231675,0.557150179395182
2026-10-01,3023,0.5586878523833931,-11.206896551724132,14.07766990291262,-0.3108662224500256,0.1168631471040492
2026-10-01,3024,0.5586878523833931,-9.615386825576532,13.475181363153132,-0.4146591491542798,0.06150691952844695
2026-10-01,3025,0.5586878523833931,0.0,14.113594619829769,0.2552537160430548,0.8118913377754997
2026-10-01,3026,0.5586878523833931,-2.068965517241383,27.93427230046948,0.1558175294720656,0.7319323423885187
2026-10-01,3027,0.5586878523833931,-4.10256410256411,11.229948564009232,0.0433111225012814,0.5866222450025628
2026-10-01,3028,0.5586878523833931,-6.616541353383454,9.66183574879227,0.24128651973347,0.8001025115325474
2026-10-01,3029,0.5586878523833931,-5.555555555555558,14.705882352941178,-0.6032803690415172,0.01998974884674526
2026-10-01,3030,0.5586878523833931,-5.709624796084833,16.782006920415224,0.4338800615069195,0.9402870322911328
2026-10-01,3031,0.5586878523833931,-3.6334901497343974,29.01639469334337,0.2329574577139928,0.7903639159405433
2026-10-01,3032,0.5586878523833931,-5.143538938523051,17.27616260812382,0.2357765248590465,0.7944643772424398
2026-10-01,3033,0.5586878523833931,-5.777777777777782,11.202830188679243,0.4413121476166068,0.9436186570989237
2026-10-01,3034,0.5586878523833931,-3.527336860670194,8.775137111517367,-0.332393644284982,0.10456176319835982
2026-10-01,3035,0.5586878523833931,-1.8433179723502335,24.413145539906104,0.0294720656073809,0.5684264479753972
2026-10-01,3036,0.5586878523833931,-0.234741784037562,14.823529411764705,0.0635571501793951,0.6219887237314198
2026-10-01,3037,0.5586878523833931,-1.2195121951219523,29.38271604938272,-0.0253716043054843,0.4628395694515633
2026-10-01,3038,0.5586878523833931,-0.4761904761904856,5.741630444686379,0.1037929267042542,0.677344951307022
2026-10-01,3040,0.5586878523833931,-10.33557046979866,12.425154269098522,-0.1383905689390056,0.29779600205023066
2026-10-01,3041,0.5586878523833931,-2.5691699604743157,13.590260596594511,0.2360328036904151,0.7949769349051768
2026-10-01,3042,0.5586878523833931,-2.4553571428571397,24.71395881006865,0.102255253716043,0.6745258841619682
2026-10-01,3043,0.5586878523833931,-5.373830088924336,7.901236451702354,-0.0504869297796001,0.41722193746796515
2026-10-01,3044,0.5586878523833931,-3.290676416819016,13.610586011342155,-0.3641722193746795,0.08354689902614044
2026-10-01,3045,0.5586878523833931,-2.7888446215139417,9.01639344262295,-0.5820092260379293,0.023577652485904665
2026-10-01,3046,0.5586878523833931,-6.7944275648156305,10.2803738317757,0.1053305996924654,0.6786263454638647
2026-10-01,3047,0.5586878523833931,-5.228759351384293,14.13793234989561,-0.0779087647360328,0.38288057406458226
2026-10-01,3048,0.5586878523833931,-4.0000000000000036,10.79545599041563,0.5239620707329574,0.9769349051768323
2026-10-01,3049,0.5586878523833931,-8.888888888888879,13.821136660692169,-0.004869297796002,0.5007688364941056
2026-10-01,3050,0.5586878523833931,-2.083333333333337,9.361705374210452,0.0941824705279343,0.6658124038954383
2026-10-01,3051,0.5586878523833931,-3.157894736842104,12.608693993609885,0.1719630958482828,0.7447462839569452
2026-10-01,3052,0.5586878523833931,-1.4150978874675424,4.306227396549825,0.0907227063044593,0.6601742696053307
2026-10-01,3054,0.5586878523833931,-0.831944237629878,10.234896768659551,0.1091747821629933,0.6829830855971297
2026-10-01,3055,0.5586878523833931,-7.079646017699115,47.14285714285714,-0.1242952332137365,0.32342388518708354
2026-10-01,3056,0.5586878523833931,-8.026754679431146,10.909090909090908,-0.1576114812916453,0.2752434648898001
2026-10-01,3057,0.5586878523833931,-11.420616578312329,15.408809829807884,0.1299333675038441,0.7011788826242953
2026-10-01,3058,0.5586878523833931,-2.8605522467440636,5.889576636940423,0.0299846232701178,0.5697078421322399
2026-10-01,3059,0.5586878523833931,-5.315205741378626,10.052225297175871,0.3439261916965659,0.8805740645822655
2026-10-01,3060,0.5586878523833931,-3.741496598639449,13.78091872791519,0.4064582265504869,0.9226037929267042
2026-10-01,3062,0.5586878523833931,-4.094830740079203,13.932585984133604,-0.0287032291132752,0.4582265504869298
2026-10-01,3064,0.5586878523833931,-16.886546881822294,20.31746516152034,-0.0420297283444387,0.43567401332649924
2026-10-01,3066,0.5586878523833931,-6.016260162601627,27.335638818443854,0.1399282419272168,0.7155304971809329
2026-10-01,3071,0.5586878523833931,-9.607843137254902,11.93058568329718,0.3252178370066633,0.8677601230138391
2026-10-01,3073,0.5586878523833931,-9.890109890109889,13.414634146341465,0.0677857508969759,0.628395694515633
2026-10-01,3078,0.5586878523833931,-5.670103092783507,12.021857923497269,0.4366991286519733,0.9420809841107125
2026-10-01,3081,0.5586878523833931,-25.385694249649372,36.84210526315789,-0.3798052280881598,0.07483341875961046
2026-10-01,3083,0.5586878523833931,-1.2371134020618624,10.855951488391344,0.3431573552024602,0.8795489492567914
2026-10-01,3086,0.5586878523833931,-15.846153846153843,19.744058500914072,-0.0645822655048693,0.39774474628395695
2026-10-01,3088,0.5586878523833931,-4.332129963898912,13.962264150943396,0.1317273193234238,0.7027165556125065
2026-10-01,3090,0.5586878523833931,-7.650273224043714,15.384615384615383,0.5476678626345464,0.9838544336237827
2026-10-01,3092,0.5586878523833931,-2.8000000000000025,13.991767977490838,0.494233726294208,0.9661711942593542
2026-10-01,3093,0.5586878523833931,-4.974093264248703,11.450381679389311,0.5438236801640185,0.9825730394669401
2026-10-01,3094,0.5586878523833931,0.0,40.76809678859514,0.004869297796002,0.526652998462327
2026-10-01,3095,0.5586878523833931,-12.285333319895376,17.62047733169004,0.0248590466427473,0.5602255253716043
2026-10-01,3105,0.5586878523833931,-1.46520146520146,23.42007434944238,-0.0005125576627371,0.5125576627370579
2026-10-01,3114,0.5586878523833931,-5.256241787122207,24.826628622830157,0.4310609943618657,0.9379805228088159
2026-10-01,3115,0.5586878523833931,-11.351351351351358,20.365854588950555,-0.0453613531522296,0.42901076371091745
2026-10-01,3118,0.5586878523833931,-1.5600600591664904,4.120441321903477,-0.1596617119425935,0.2724243977447463
2026-10-01,3122,0.5586878523833931,-5.587671369205793,12.44898426289461,0.5561250640697077,0.9871860584315736
2026-10-01,3128,0.5586878523833931,-8.863636363636363,11.471317890576294,-0.2239876986160943,0.1922091235263967
2026-10-01,3130,0.5586878523833931,-0.4739336492891044,1.4285714285714286,-0.0622757560225524,0.4010763710917478
2026-10-01,3131,0.5586878523833931,-13.296903460837884,20.798319327731093,0.2260379292670425,0.787288569964121
2026-10-01,3135,0.5586878523833931,-14.67391304347826,18.152866242038215,-0.0452332137365453,0.4295233213736545
2026-10-01,3138,0.5586878523833931,-12.389380530973447,27.27272727272727,0.1258329062019477,0.6978472578165044
2026-10-01,3141,0.5586878523833931,-23.18181818181818,32.544378698224854,-0.4723218862121989,0.0451050743208611
2026-10-01,3147,0.5586878523833931,0.0,19.626168224299064,0.00871348026653,0.5330599692465402
2026-10-01,3149,0.5586878523833931,-2.365308804204991,23.8223398036623,0.3195797027165556,0.862890825217837
2026-10-01,3150,0.5586878523833931,-7.917884442634671,13.057319981277368,0.4988467452588415,0.9677088672475653
2026-10-01,3152,0.5586878523833931,-5.102040816326525,12.043010752688172,0.5791901588928754,0.9887237314197848
2026-10-01,3158,0.5586878523833931,-6.629834254143652,8.52070644762389,-0.514607893388006,0.03331624807790876
2026-10-01,3162,0.5586878523833931,-4.891304347826086,27.42857142857143,0.1145566376217324,0.6868272680676576
2026-10-01,3163,0.5586878523833931,-17.594936708860764,24.42396313364055,-0.0715017939518196,0.39056893900563816
2026-10-01,3164,0.5586878523833931,-0.900898630432001,6.363631739760879,-0.0325474115838031,0.4531009738595592
2026-10-01,3167,0.5586878523833931,0.0,26.256410256410255,0.0269092772936955,0.5622757560225525
2026-10-01,3168,0.5586878523833931,-1.9362220873223368,5.110338589870972,-0.1699128651973347,0.25525371604305486
2026-10-01,3169,0.5586878523833931,-3.3057851239669422,18.461537157368458,0.0861096873398258,0.6519733470015376
2026-10-01,3171,0.5586878523833931,-10.188086700296994,11.343804537521814,-0.0471553049718093,0.42439774474628394
2026-10-01,3176,0.5586878523833931,-6.25,14.666666666666666,-0.5715017939518197,0.025115325474115838
2026-10-01,3178,0.5586878523833931,-14.950978801782988,36.59942033311475,-0.3877498718605843,0.07278318810866223
2026-10-01,3188,0.5586878523833931,-7.569722520292944,8.18965681667986,-0.1708098411071245,0.25320348539210663
2026-10-01,3189,0.5586878523833931,-0.9803921568627416,25.14851485148515,0.005894413121476,0.5279343926191696
2026-10-01,3191,0.5586878523833931,-5.865919781603246,9.495551225339623,0.158892875448488,0.735007688364941
2026-10-01,3205,0.5586878523833931,-2.7083333333333237,4.71092240458127,0.0299846232701178,0.5697078421322399
2026-10-01,3206,0.5586878523833931,-3.621174012880712,9.971100470923275,-0.303305996924654,0.12608918503331626
2026-10-01,3207,0.5586878523833931,-1.8094089264173665,13.144966894051372,0.4595079446437724,0.9523321373654536
2026-10-01,3209,0.5586878523833931,-6.01036269430052,9.040790461126996,0.1622245002562788,0.7385955920041004
2026-10-01,3211,0.5586878523833931,-2.9556650246305383,14.467005076142131,0.2555099948744234,0.8131727319323424
2026-10-01,3213,0.5586878523833931,-7.80669144981413,12.096774193548388,0.0916196822142491,0.6622245002562789
2026-10-01,3217,0.5586878523833931,-5.818181818181822,9.652509652509652,0.3468733982573039,0.8831368528959508
2026-10-01,3218,0.5586878523833931,-7.586206896551728,9.328358208955224,0.1595335725269093,0.7360328036904151
2026-10-01,3219,0.5586878523833931,-2.2304832713754608,40.45627144353018,0.0028190671450537,0.5202460276781138
2026-10-01,3221,0.5586878523833931,-2.893309222423135,20.484172742904004,0.3144541260891851,0.8595592004100461
2026-10-01,3224,0.5586878523833931,-11.714285714285722,14.88673262611562,-0.0379292670425422,0.44310609943618656
2026-10-01,3226,0.5586878523833931,0.0,19.230769230769234,-0.0251153254741157,0.46335212711430035
2026-10-01,3227,0.5586878523833931,-7.017543859649122,10.781671159029653,0.4333675038441824,0.9395181957970271
2026-10-01,3228,0.5586878523833931,-4.521276595744683,15.598885793871869,0.2334700153767298,0.7924141465914916
2026-10-01,3229,0.5586878523833931,-19.067217057525745,41.52542372881356,-0.5158892875448489,0.03177857508969759
2026-10-01,3230,0.5586878523833931,-7.14285714285714,12.544376892450998,0.4438749359302922,0.9451563300871348
2026-10-01,3231,0.5586878523833931,-4.987531172069826,11.811023622047244,-0.1071245515120451,0.3418759610456176
2026-10-01,3232,0.5586878523833931,-8.810575752070903,15.70048309178744,-0.52614044079959,0.028703229113275244
2026-10-01,3234,0.5586878523833931,-21.818181818181813,33.72093023255814,-0.0074320861096873,0.4935930292157868
2026-10-01,3236,0.5586878523833931,0.0,14.62409729569628,0.4700153767298821,0.9566888774987186
2026-10-01,3252,0.5586878523833931,-3.154576463318448,9.446259041950858,0.071245515120451,0.6335212711430036
2026-10-01,3257,0.5586878523833931,-2.549019607843128,10.36217610840826,0.4105586878523833,0.9246540235776525
2026-10-01,3259,0.5586878523833931,-15.827335819473143,42.735042735042725,0.8159917990773962,0.9994874423372629
2026-10-01,3260,0.5586878523833931,-11.21495327102804,14.342105263157896,-0.1068682726806765,0.3434136340338288
2026-10-01,3264,0.5586878523833931,-15.198618307426592,28.30957230142566,-0.3452075858534085,0.09431060994361866
2026-10-01,3265,0.5586878523833931,-6.565656565656564,20.81081081081081,-0.2278318810866222,0.1883649410558688
2026-10-01,3266,0.5586878523833931,-1.060068004057313,4.285710198538632,-0.2106611993849307,0.20579190158892877
2026-10-01,3268,0.5586878523833931,-1.8181818181818077,24.768520284582067,0.1394156842644798,0.7147616606868272
2026-10-01,3272,0.5586878523833931,-10.897438076277568,14.748202811042194,-0.0884161968221424,0.3705791901588929
2026-10-01,3276,0.5586878523833931,-3.80622710397881,6.47481739949837,0.2802409021014864,0.8329062019477191
2026-10-01,3284,0.5586878523833931,-7.092196905838577,10.687024842085124,0.2706304459251666,0.822655048692978
2026-10-01,3285,0.5586878523833931,-7.366069851025003,15.66265060240964,-0.0274218349564326,0.4592516658124039
2026-10-01,3287,0.5586878523833931,-7.444444444444443,25.69027794223158,-0.3774987186058431,0.07688364941055868
2026-10-01,3288,0.5586878523833931,-8.008659527788375,18.352939381318933,-0.3413634033828805,0.09687339825730394
2026-10-01,3289,0.5586878523833931,-3.74149659863946,12.36749116607774,0.398257303946694,0.9159405433111225
2026-10-01,3290,0.5586878523833931,-4.580155450365043,15.5,0.4800102511532547,0.9607893388006151
2026-10-01,3293,0.5586878523833931,0.0,15.601965601965604,0.0758585340850845,0.6394156842644797
2026-10-01,3294,0.5586878523833931,-8.575384218613912,22.844178954339423,0.3836494105586878,0.9062019477191184
2026-10-01,3296,0.5586878523833931,-3.378379623588612,22.9021019035286,-0.1610712455151204,0.2693490517683239
2026-10-01,3297,0.5586878523833931,-19.023139423158952,40.4761965312655,-0.5879036391594055,0.02255253716043055
2026-10-01,3303,0.5586878523833931,-6.704982206483711,9.958936938025378,0.2903639159405433,0.8426447975397232
2026-10-01,3305,0.5586878523833931,-7.423580786026196,15.566037735849056,0.6422347514095336,0.9938493080471553
2026-10-01,3306,0.5586878523833931,-2.162717309085005,8.842106869346217,0.0850845720143516,0.6509482316760635
2026-10-01,3308,0.5586878523833931,-3.1914893617021267,11.86813522171188,-0.0631727319323424,0.3992824192721681
2026-10-01,3310,0.5586878523833931,-3.409093002642438,6.470590479233686,-0.2283444387493592,0.18708354689902615
2026-10-01,3311,0.5586878523833931,0.0,30.454042926843243,0.0066632496155817,0.5294720656073808
2026-10-01,3312,0.5586878523833931,-10.590275409228944,21.165044099381827,0.0641978472578164,0.6227575602255254
2026-10-01,3313,0.5586878523833931,-9.051727128794218,11.374414814592006,0.097385955920041,0.6694003075345977
2026-10-01,3317,0.5586878523833931,-10.684931506849315,30.214725096532906,0.5410046130189646,0.981547924141466
2026-10-01,3321,0.5586878523833931,-4.188483588962977,12.841532139178833,0.0607380830343414,0.6166068682726806
2026-10-01,3322,0.5586878523833931,-0.8547008547008517,10.775863713231574,0.3787801127626858,0.9041517170681702
2026-10-01,3323,0.5586878523833931,-3.140495867768589,12.798634812286688,0.4902614044079958,0.964633521271143
2026-10-01,3324,0.5586878523833931,-12.857142857142856,33.442622950819676,-0.4397744746283956,0.053818554587391085
2026-10-01,3325,0.5586878523833931,-8.235294117647063,14.957264957264956,-0.1627370579190158,0.2675550999487442
2026-10-01,3332,0.5586878523833931,-0.1538461538461488,8.782743856609326,0.1242952332137365,0.6965658636596617
2026-10-01,3338,0.5586878523833931,-5.431758894141614,12.812966977373662,-0.0083290620194772,0.49154279856483857
2026-10-01,3339,0.5586878523833931,-9.538151224559977,19.755821778427617,-0.1017426960533059,0.3495643259866735
2026-10-01,3346,0.5586878523833931,-7.692307692307687,32.083336512247726,0.0645822655048693,0.623526396719631
2026-10-01,3349,0.5586878523833931,-15.28384138355241,20.10309081716636,0.044079958995387,0.589185033316248
2026-10-01,3354,0.5586878523833931,-15.700141442715696,39.59731799644112,-0.1570989236289082,0.27575602255253717
2026-10-01,3356,0.5586878523833931,-12.07795725574826,16.02023050665311,-0.1389031266017427,0.2962583290620195
2026-10-01,3357,0.5586878523833931,-3.846153846153843,12.470588235294118,0.389031266017427,0.910814966683752
2026-10-01,3360,0.5586878523833931,-1.9292604501607744,10.163934426229511,0.4309328549461815,0.9374679651460789
2026-10-01,3362,0.5586878523833931,-17.6056338028169,29.059829059829063,0.2165556125064069,0.779600205023065
2026-10-01,3363,0.5586878523833931,-24.588235294117645,34.477379095163805,-0.305740645822655,0.12096360840594567
2026-10-01,3372,0.5586878523833931,-3.2352941176470584,17.62917701234208,0.2762685802152742,0.8293182983085597
2026-10-01,3373,0.5586878523833931,-2.7355668210865325,4.0625035762786865,0.0740645822655048,0.6368528959507944
2026-10-01,3374,0.5586878523833931,-8.064516129032262,22.587719298245617,-0.47385955920041,0.044079958995386984
2026-10-01,3376,0.5586878523833931,-18.881118881118887,25.287356321839084,0.0348539210661199,0.5750896975909789
2026-10-01,3379,0.5586878523833931,-7.226890756302517,13.586956521739127,0.3567401332649924,0.8913377754997437
2026-10-01,3380,0.5586878523833931,-7.121663823755098,15.974440894568689,-0.2565351101998975,0.16043054843669913
2026-10-01,3388,0.5586878523833931,-7.8602604738637005,13.981037230288246,0.2824192721681189,0.8352127114300358
2026-10-01,3390,0.5586878523833931,-1.973680930344457,7.1588298618393456,0.3444387493593028,0.8810866222450026
2026-10-01,3402,0.5586878523833931,-0.363636363636366,13.503649635036496,0.2270630445925167,0.787801127626858
2026-10-01,3406,0.5586878523833931,-16.666666666666664,28.52631578947368,0.0977703741670938,0.6699128651973347
2026-10-01,3413,0.5586878523833931,-1.0135135135135087,8.361774744027302,0.3039466940030754,0.8559712967708867
2026-10-01,3416,0.5586878523833931,-6.4606741573033695,12.012012012012011,0.4218349564325986,0.9313172731932342
2026-10-01,3419,0.5586878523833931,-5.200000000000005,16.03375205510778,0.5320348539210661,0.9805228088159919
2026-10-01,3430,0.5586878523833931,-3.879310344827591,14.43946051490681,0.5039723218862122,0.9692465402357765
2026-10-01,3432,0.5586878523833931,-6.050954272652332,10.84745374776548,-0.0007688364941056,0.5117888262429523
2026-10-01,3434,0.5586878523833931,-8.052712746718193,16.71975129728864,-0.7052793439261917,0.008713480266529985
2026-10-01,3437,0.5586878523833931,-9.259256410300686,30.838998807530828,-0.0292157867760122,0.45771399282419273
2026-10-01,3438,0.5586878523833931,-9.824042885701145,12.195115748459733,0.1629933367503844,0.7396207073295745
2026-10-01,3441,0.5586878523833931,0.0,39.01234567901234,-0.0604818042029728,0.402614044079959
2026-10-01,3443,0.5586878523833931,-7.548273844353426,36.265822784810126,-0.4751409533572527,0.043054843669912864
2026-10-01,3444,0.5586878523833931,-7.24137931034482,12.391573729863692,0.1668375192209124,0.7421834956432599
2026-10-01,3447,0.5586878523833931,-9.046051490257312,13.5623869801085,0.3500768836494105,0.8859559200410047
2026-10-01,3450,0.5586878523833931,-17.73162939297125,26.601941747572816,-0.0025627883136852,0.5058944131214762
2026-10-01,3455,0.5586878523833931,-1.7123287671232834,24.390243902439025,0.0832906201947719,0.6494105586878524
2026-10-01,3465,0.5586878523833931,0.0,5.833333333333333,0.1528703229113275,0.7283444387493593
2026-10-01,3466,0.5586878523833931,-5.940594059405946,7.789475290398849,0.0125576627370578,0.5381855458739108
2026-10-01,3467,0.5586878523833931,-18.243246052948347,54.68320189757125,-0.6960533059969246,0.009738595592004101
2026-10-01,3479,0.5586878523833931,-2.500000000000002,13.186813186813188,-0.0153767298821116,0.4805228088159918
2026-10-01,3481,0.5586878523833931,-5.7657657657657735,17.686424474187383,0.3534085084572014,0.8892875448487955
2026-10-01,3483,0.5586878523833931,-6.100476755032281,13.121013276895898,0.1550486929779599,0.7298821117375704
2026-10-01,3484,0.5586878523833931,-7.436396453212336,16.067650050995972,0.4935930292157868,0.9656586365966171
2026-10-01,3485,0.5586878523833931,-4.063205417607218,16.235294117647058,0.7667862634546386,0.9984623270117888
2026-10-01,3489,0.5586878523833931,-1.2448132780083054,13.02521008403362,0.1752947206560738,0.7488467452588417
2026-10-01,3490,0.5586878523833931,0.0,17.641022511017628,0.0105074320861096,0.5361353152229625
2026-10-01,3491,0.5586878523833931,-8.588957055214719,21.476510067114095,-0.084828293182983,0.37365453613531524
2026-10-01,3492,0.5586878523833931,-1.5424203145075643,4.177551667933053,0.0908508457201435,0.6606868272680677
2026-10-01,3494,0.5586878523833931,-7.922075641237624,11.283493849050847,-0.1376217324449,0.29958995386981035
2026-10-01,3498,0.5586878523833931,-6.595744680851068,28.018223234624145,0.0061506919528446,0.5287032291132753
2026-10-01,3499,0.5586878523833931,-7.71811844276884,19.63636224920098,0.0889287544848794,0.6570989236289082
2026-10-01,3501,0.5586878523833931,-6.683171841341073,7.692311739731847,-0.1004613018964633,0.3511019989748847
2026-10-01,3504,0.5586878523833931,-16.108785271884575,23.192018047532535,0.2104049205535622,0.7749871860584315
2026-10-01,3508,0.5586878523833931,-6.137186700781349,27.500005868765022,-0.4109431060994362,0.06304459251665813
2026-10-01,3511,0.5586878523833931,-2.7295266945041696,11.989797864641462,0.2466683751922091,0.8042029728344439
2026-10-01,3512,0.5586878523833931,-2.538074840484672,3.6458373069763184,-0.0194771911840082,0.47360328036904153
2026-10-01,3515,0.5586878523833931,-8.510638297872342,15.813953488372093,0.1792670425422859,0.7498718605843158
2026-10-01,3516,0.5586878523833931,-7.142854547824906,10.453647410375831,0.0023065094823167,0.5187083546899026
2026-10-01,3518,0.5586878523833931,-10.63122923588039,40.52044798745837,0.062019477191184,0.6201947719118401
2026-10-01,3520,0.5586878523833931,-4.494377928932192,4.999995512120868,-0.3544336237826756,0.08662224500256278
2026-10-01,3521,0.5586878523833931,-2.439025903112113,5.416671435038264,-0.1741414659149154,0.24756535110199898
2026-10-01,3522,0.5586878523833931,-7.749078789333341,15.200004577636731,-0.5384418247052793,0.02716555612506407
2026-10-01,3523,0.5586878523833931,-14.826500472625348,20.00000565140338,-0.137109174782163,0.30035879036391594
2026-10-01,3526,0.5586878523833931,-5.226480836236935,9.191176470588236,0.2985648385443362,0.8487954894925679
2026-10-01,3527,0.5586878523833931,-3.2015038097404247,9.63034425728052,0.2760123013839057,0.8288057406458227
2026-10-01,3528,0.5586878523833931,-1.1376564277588153,12.54315304948217,0.2588416196822142,0.8154792414146591
2026-10-01,3529,0.5586878523833931,-10.72902338376891,40.21571648690293,-0.0466427473090722,0.4277293695540748
2026-10-01,3530,0.5586878523833931,-3.2786885245901676,10.000002586235436,0.2571758072783188,0.8139415684264479
2026-10-01,3531,0.5586878523833931,-2.083335062603864,4.018914333190197,-0.1319835981547923,0.3090722706304459
2026-10-01,3532,0.5586878523833931,-4.723618090452264,25.63291139240506,-0.0199897488467453,0.4712967708867248
2026-10-01,3533,0.5586878523833931,-0.536193029490617,19.946091644204852,0.2698616094310609,0.8211173757047668
2026-10-01,3535,0.5586878523833931,-2.352941176470591,13.581600795048091,0.3849308047155305,0.9067145053818555
2026-10-01,3537,0.5586878523833931,0.0,12.798637416175607,0.4115838031778576,0.9256791389031266
2026-10-01,3540,0.5586878523833931,-7.599999999999996,14.71861306723062,0.2833162480779087,0.8359815479241415
2026-10-01,3541,0.5586878523833931,-5.426353792481942,17.622947692871094,-0.311122501281394,0.11635058944131214
2026-10-01,3543,0.5586878523833931,-1.5414287136003235,21.330727056514498,0.0348539210661198,0.5745771399282419
2026-10-01,3545,0.5586878523833931,-3.370789277986408,11.046513106471808,-0.0269092772936954,0.46078933880061507
2026-10-01,3546,0.5586878523833931,-3.9370040267585504,7.24043090486787,-0.1409533572526908,0.2952332137365454
2026-10-01,3548,0.5586878523833931,-13.754224766615351,16.601303200316586,-0.013582778062532,0.48282931829830855
2026-10-01,3550,0.5586878523833931,-6.375230288890011,24.31906614785992,0.3595592004100461,0.893900563813429
2026-10-01,3551,0.5586878523833931,-0.2583979328165342,13.21243523316062,0.2150179395181958,0.7780625320348539
2026-10-01,3552,0.5586878523833931,-4.833510792561357,17.494356659142213,0.3167606355715018,0.8605843157355203
2026-10-01,3555,0.5586878523833931,-21.5962441314554,29.34131736526946,-0.1050743208610968,0.3459764223475141
2026-10-01,3556,0.5586878523833931,-6.929133858267711,14.720813473670818,0.5994361865709892,0.99128651973347
2026-10-01,3557,0.5586878523833931,-6.477735682260121,9.95671491086225,0.1724756535110199,0.7457713992824193
2026-10-01,3558,0.5586878523833931,-0.3861003861003853,10.07751937984496,0.0789338800615068,0.6453100973859559
2026-10-01,3563,0.5586878523833931,-8.606060606060606,24.6684350132626,0.1002050230650948,0.6714505381855459
2026-10-01,3564,0.5586878523833931,-4.494384751498193,16.47059122721354,0.0190927729369553,0.5494618144541261
2026-10-01,3567,0.5586878523833931,-1.134215500945179,6.309754351584905,0.2470527934392619,0.8047155304971809
2026-10-01,3570,0.5586878523833931,-0.8720930232558155,5.865102639296188,-0.2145053818554587,0.20194771911840081
2026-10-01,3576,0.5586878523833931,-7.9601990049751326,21.891896015888943,0.0486929779600204,0.5976422347514095
2026-10-01,3577,0.5586878523833931,-7.599999999999996,19.047619047619047,0.0006406970784211,0.5166581240389544
2026-10-01,3580,0.5586878523833931,-6.034482758620685,31.46789270803469,-0.0035879036391593,0.5033316248077909
2026-10-01,3581,0.5586878523833931,-8.949416342412453,30.512817904480517,0.4305484366991285,0.9369554074833418
2026-10-01,3583,0.5586878523833931,-10.619469026548678,17.963224893917964,0.446694003075346,0.9456688877498719
2026-10-01,3587,0.5586878523833931,-13.464991023339325,20.539419087136928,0.4495130702203997,0.946694003075346
2026-10-01,3588,0.5586878523833931,0.0,14.527029604525184,0.3733982573039467,0.9015889287544849
2026-10-01,3591,0.5586878523833931,-4.6099290780141855,18.215616219105772,-0.0802152742183495,0.3795489492567914
2026-10-01,3592,0.5586878523833931,-1.449275362318836,10.294117647058822,0.261660686827268,0.8190671450538185
2026-10-01,3593,0.5586878523833931,-2.127659574468088,30.608699632727586,0.5102511532547411,0.9712967708867247
2026-10-01,3594,0.5586878523833931,-6.28683974449773,12.159335538276336,0.4028703229113275,0.9195284469502819
2026-10-01,3596,0.5586878523833931,-5.846153846153845,7.18954248366013,0.0372885699641209,0.5776524859046642
2026-10-01,3597,0.5586878523833931,-2.090594937245571,10.14235011199191,-0.022296258329062,0.46591491542798563
2026-10-01,3605,0.5586878523833931,-6.5616797900262425,43.258426966292134,-0.0950794464377241,0.35879036391594055
2026-10-01,3607,0.5586878523833931,-1.0638324639115626,5.017926616053453,0.1019989748846745,0.6740133264992312
2026-10-01,3609,0.5586878523833931,-10.852710542093636,35.869565217391305,-0.0479241414659148,0.4228600717580728
2026-10-01,3611,0.5586878523833931,0.0,2.168021680216802,0.0466427473090722,0.592516658124039
2026-10-01,3615,0.5586878523833931,-5.567685589519645,30.057805232229946,0.372116863147104,0.9005638134290108
2026-10-01,3617,0.5586878523833931,-4.330708661417326,8.23045267489712,-0.1219887237314197,0.3267555099948744
2026-10-01,3622,0.5586878523833931,-14.525140879183285,22.22222388439968,0.5181957970271656,0.9741158380317786
2026-10-01,3623,0.5586878523833931,-1.4516129032258074,26.67757649273412,-0.0440799589953868,0.43208610968733985
2026-10-01,3624,0.5586878523833931,0.0,43.84105758161734,0.0274218349564325,0.5633008713480266
2026-10-01,3625,0.5586878523833931,-17.037037037037038,29.46428571428572,0.0530497180932855,0.606099436186571
2026-10-01,3628,0.5586878523833931,-6.905367210968382,14.83515854720231,-0.3172731932342388,0.11378780112762686
2026-10-01,3629,0.5586878523833931,-24.121781215233884,31.790125811541525,-0.4174782162993337,0.06073808303434136
2026-10-01,3630,0.5586878523833931,-7.081176887441664,11.89591361687529,0.0735520246027677,0.6350589441312148
2026-10-01,3631,0.5586878523833931,-3.113772455089814,12.48454693958108,0.0515120451050743,0.6025115325474116
2026-10-01,3632,0.5586878523833931,-4.710630369111113,5.225986275969258,-0.0030753459764223,0.5048692977960021
2026-10-01,3645,0.5586878523833931,-2.368421052631575,12.398917720002949,0.4315735520246028,0.93900563813429
2026-10-01,3646,0.5586878523833931,-1.1928414436604418,6.237421477104816,-0.3513582778062531,0.0902101486417222
2026-10-01,3652,0.5586878523833931,-1.4285714285714235,9.275364530259283,-0.1273705791901589,0.3167606355715018
2026-10-01,3653,0.5586878523833931,-3.980446927374304,28.363636363636363,0.0123013839056893,0.5376729882111737
2026-10-01,3661,0.5586878523833931,-12.645011600928068,27.88844621513944,0.5164018452075858,0.9728344438749359
2026-10-01,3663,0.5586878523833931,-5.1020387054985905,18.279566376623105,0.4151717068170169,0.9277293695540748
2026-10-01,3664,0.5586878523833931,-3.48964093382289,30.16949238750219,-0.0361353152229625,0.4451563300871348
2026-10-01,3665,0.5586878523833931,-4.841713221601484,34.24657534246575,0.0548436699128651,0.6084059456688877
2026-10-01,3666,0.5586878523833931,-0.393700787401563,2.7667954034013653,-0.1913121476166069,0.22808815991799078
2026-10-01,3669,0.5586878523833931,-7.22222222222223,11.976047904191615,0.3434136340338288,0.8800615069195284
2026-10-01,3672,0.5586878523833931,-6.923076923076921,12.396694214876034,0.3229113275243465,0.8651973347001538
2026-10-01,3673,0.5586878523833931,-3.298153034300788,21.555252387448835,0.2416709379805228,0.8011276268580215
2026-10-01,3675,0.5586878523833931,-0.2777777777777768,28.969359331476323,0.3585340850845719,0.8923628908252178
2026-10-01,3679,0.5586878523833931,-1.8099547511312264,4.6082949308755765,-0.30138390568939,0.12762685802152743
2026-10-01,3680,0.5586878523833931,-3.839441535776611,15.335753176043555,0.0433111225012814,0.5866222450025628
2026-10-01,3684,0.5586878523833931,-2.8622566765730606,8.287292817679559,-0.3249615581752947,0.1096873398257304
2026-10-01,3685,0.5586878523833931,-9.293195528895282,13.564215766059029,-0.402614044079959,0.06509482316760636
2026-10-01,3686,0.5586878523833931,-4.761904761904767,17.500000000000004,0.1460789338800615,0.7232188621219887
2026-10-01,3687,0.5586878523833931,-5.230769230769228,8.279218302144633,0.2506406970784213,0.8088159917990774
2026-10-01,3689,0.5586878523833931,-10.88709677419355,16.7420814479638,0.4514351614556637,0.9482316760635572
2026-10-01,3691,0.5586878523833931,-13.793103448275868,35.55555555555556,0.3792926704254229,0.9046642747309073
2026-10-01,3693,0.5586878523833931,-11.229946524064172,18.373493975903617,-0.744233726294208,0.005638134290107637
2026-10-01,3694,0.5586878523833931,-1.7274443387328198,7.031247019767761,0.2820348539210662,0.8344438749359303
2026-10-01,3701,0.5586878523833931,0.0,23.611111111111107,0.0463864684777037,0.5917478216299333
2026-10-01,3702,0.5586878523833931,-0.8333333333333304,16.80672268907563,-0.0443362378267555,0.4315735520246028
2026-10-01,3703,0.5586878523833931,-5.326874764410105,6.3938618925831205,-0.2401332649923117,0.17631983598154793
2026-10-01,3704,0.5586878523833931,-6.3157894736842195,9.737831525290654,-0.0643259866735008,0.398257303946694
2026-10-01,3705,0.5586878523833931,-1.2195148210288886,4.056442772059634,-0.3001025115325474,0.12813941568426448
2026-10-01,3706,0.5586878523833931,-5.23609274401241,11.006530687376296,0.4433623782675551,0.9446437724243978
2026-10-01,3707,0.5586878523833931,-1.273885350318471,26.83870869298135,0.2421834956432598,0.8016401845207586
2026-10-01,3708,0.5586878523833931,-2.5615763546797954,8.291200149891003,0.1811891337775499,0.7514095335725269
2026-10-01,3709,0.5586878523833931,-2.5147906989552493,10.773897532808943,0.4159405433111225,0.9287544848795489
2026-10-01,3710,0.5586878523833931,-7.972662349208393,15.841580853603856,-0.2170681701691439,0.19887237314197848
2026-10-01,3711,0.5586878523833931,-1.7980636237897696,20.422535211267608,-0.0515120451050743,0.41619682214249104
2026-10-01,3712,0.5586878523833931,-6.13636363636364,8.71670332716972,-0.2426960533059969,0.1727319323423885
2026-10-01,3713,0.5586878523833931,-10.967741935483865,17.028988271519772,-0.124038954382368,0.3239364428498206
2026-10-01,3714,0.5586878523833931,-4.840944542218417,17.87791141243868,-0.2273193234238852,0.18913377754997437
2026-10-01,3715,0.5586878523833931,-6.521739130434778,17.441860465116278,0.3963352127114301,0.9128651973347002
2026-10-01,3716,0.5586878523833931,-2.718170936198727,4.2647081262925095,-0.0202460276781137,0.4705279343926192
2026-10-01,3717,0.5586878523833931,-5.19930801260291,29.06764447144224,0.151204510507432,0.7273193234238852
2026-10-01,4102,0.5586878523833931,-5.6265947825476115,7.046066325531419,-0.172988211173757,0.24987186058431574
2026-10-01,4104,0.5586878523833931,-0.4109589041095818,3.301240063107161,-0.2501281394156842,0.16376217324449
2026-10-01,4105,0.5586878523833931,-1.008831047882386,3.821656050955414,-0.3534085084572014,0.08764736032803691
2026-10-01,4106,0.5586878523833931,-2.032521844375079,2.6970970185465863,-0.3899282419272168,0.07124551512045105
2026-10-01,4107,0.5586878523833931,-2.643171806167399,3.167420814479638,-0.101742696053306,0.3490517683239364
2026-10-01,4108,0.5586878523833931,-2.127659574468088,6.521739130434782,0.022296258329062,0.5558687852383393
2026-10-01,4109,0.5586878523833931,-3.5398246370193176,4.12843861711133,-0.1663249615581752,0.2603792926704254
2026-10-01,4111,0.5586878523833931,-0.3454257696167917,1.9064164450924772,-0.1504356740133265,0.28446950281906713
2026-10-01,4113,0.5586878523833931,-12.968301625357824,16.556291390728465,-0.6002050230650949,0.020502306509482315
2026-10-01,4114,0.5586878523833931,-1.9933567238062275,2.7118682861328125,-0.1649154279856484,0.2637109174782163
2026-10-01,4116,0.5586878523833931,-2.9268292682926855,4.396984924623116,-0.1696565863659662,0.2557662737057919
2026-10-01,4119,0.5586878523833931,-8.237233443318527,15.26032315978456,-0.6353152229625834,0.016401845207585853
2026-10-01,4120,0.5586878523833931,-2.953589621963515,6.086963155995244,-0.1341619682214249,0.30574064582265503
2026-10-01,4121,0.5586878523833931,-2.6717585593723503,4.313726986155805,0.073680164018452,0.6360840594566889
2026-10-01,4123,0.5586878523833931,-0.6349206349206327,6.869008365911417,0.225781650435674,0.7867760123013839
2026-10-01,4126,0.5586878523833931,-0.3831456450384851,1.9230769230769231,-0.1532547411583802,0.2803690415171707
2026-10-01,4127,0.5586878523833931,-34.59383893279946,55.246259211472825,-0.0020502306509482,0.5071758072783188
2026-10-01,4128,0.5586878523833931,-1.941747572815522,8.910888571156903,0.289210661199385,0.8416196822142491
2026-10-01,4129,0.5586878523833931,-1.4319844964882145,3.2687706751049865,-0.0361353152229626,0.4443874935930292
2026-10-01,4131,0.5586878523833931,-5.368093730158597,9.88654533893208,-0.3516145566376217,0.08969759097898514
2026-10-01,4133,0.5586878523833931,-0.721150204627341,3.631961259079904,-0.0550999487442337,0.41260891850333165
2026-10-01,4137,0.5586878523833931,-8.841095839965385,11.926603504745865,0.049461814454126,0.6002050230650948
2026-10-01,4138,0.5586878523833931,-4.569422594297102,9.392269408505266,-0.4894925679138903,0.037929267042542285
2026-10-01,4139,0.5586878523833931,-6.984475788682332,12.395701902841925,-0.0133264992311634,0.4833418759610456
2026-10-01,4142,0.5586878523833931,-1.3623978201634857,7.182324657124058,-0.0586878523833931,0.4072270630445925
2026-10-01,4147,0.5586878523833931,-6.766917293233088,12.419356069257184,-0.0130702203997949,0.48385443362378266
2026-10-01,4148,0.5586878523833931,-11.04895104895105,15.25157352663436,-0.5978985135827781,0.021527421834956432
2026-10-01,4153,0.5586878523833931,-5.01520197371732,5.600006103515625,-0.3880061506919529,0.07227063044592516
2026-10-01,4154,0.5586878523833931,-3.846153846153843,15.599998474121094,0.1200666324961557,0.6929779600205023
2026-10-01,4155,0.5586878523833931,-3.5714261828193594,9.427606858789709,-0.208354689902614,0.20758585340850846
2026-10-01,4157,0.5586878523833931,-5.926721431004789,7.445585550174953,-0.2014351614556637,0.21322398769861609
2026-10-01,4160,0.5586878523833931,-3.5935527359463704,7.594375806479957,-0.3695540748334187,0.08047155304971809
2026-10-01,4161,0.5586878523833931,-5.434782608695654,5.977011494252877,-0.1929779600205023,0.22501281394156844
2026-10-01,4162,0.5586878523833931,-5.470085470085473,8.318261255191851,0.0594566888774987,0.6145566376217324
2026-10-01,4163,0.5586878523833931,-2.1505376344086,9.89010989010989,0.0872629420809841,0.6540235776524859
2026-10-01,4164,0.5586878523833931,-1.275045537340613,8.671585308229789,0.14633521271143,0.7245002562788314
2026-10-01,4166,0.5586878523833931,-3.5087704947959875,8.282825200244634,0.1970784213223988,0.7642234751409533
2026-10-01,4167,0.5586878523833931,-1.754385964912275,6.377547127859929,-0.1796514607893387,0.24115838031778575
2026-10-01,4168,0.5586878523833931,-2.207505518763797,7.223479742390301,0.3129164531009739,0.859046642747309
2026-10-01,4169,0.5586878523833931,-4.430379746835444,11.258278145695364,0.4267042542286008,0.9343926191696565
2026-10-01,4171,0.5586878523833931,-4.105567556501699,6.1162079510703355,-0.0345976422347514,0.44848795489492566
2026-10-01,4173,0.5586878523833931,-1.4285714285714235,3.478263080983922,-0.16376217324449,0.26601742696053304
2026-10-01,4174,0.5586878523833931,0.0,43.619491329325875,0.0138390568939006,0.5410046130189646
2026-10-01,4175,0.5586878523833931,-2.499999999999991,2.9585798816568047,-0.2649923116350589,0.15274218349564325
2026-10-01,4178,0.5586878523833931,0.0,12.80653950953679,0.1627370579190159,0.7391081496668375
2026-10-01,4183,0.5586878523833931,0.0,10.034602076124562,0.0574064582265505,0.6112250128139416
2026-10-01,4188,0.5586878523833931,-10.06289092400725,21.67831767689097,-0.0734238851870835,0.3880061506919528
2026-10-01,4190,0.5586878523833931,-5.482044314233548,7.800003051757813,-0.1642747309072271,0.2644797539723219
2026-10-01,4195,0.5586878523833931,-9.51008844490847,28.980892934616964,0.4261916965658636,0.9338800615069195
2026-10-01,4198,0.5586878523833931,-6.190476190476191,20.304568527918786,-0.6401845207585853,0.014351614556637622
2026-10-01,4205,0.5586878523833931,-1.5736788295657722,2.470936886099882,-0.1286519733470015,0.3147104049205536
2026-10-01,4207,0.5586878523833931,-6.280196690943751,8.247424646751169,0.0263967196309584,0.5617631983598155
2026-10-01,4303,0.5586878523833931,-13.03780618790672,15.89205168533897,0.0099948744233726,0.5345976422347514
2026-10-01,4304,0.5586878523833931,-21.896161183103835,45.95375612291986,0.2488467452588416,0.8070220399794977
2026-10-01,4305,0.5586878523833931,-5.460752494373655,5.776176957590629,-0.1932342388518708,0.22450025627883136
2026-10-01,4306,0.5586878523833931,-5.86319452184636,6.920415224913495,-0.0057662737057918,0.49769349051768325
2026-10-01,4401,0.5586878523833931,-3.135891076705599,5.755397055646512,0.0216555612506406,0.5535622757560226
2026-10-01,4402,0.5586878523833931,-7.516341022212947,13.427565881304536,0.1837519220912352,0.7544848795489493
2026-10-01,4406,0.5586878523833931,-3.7735883686286,7.352941176470589,-0.3481547924141466,0.09277293695540749
2026-10-01,4413,0.5586878523833931,-4.906540360968403,13.759210010125535,-0.0743208610968735,0.38646847770374165
2026-10-01,4414,0.5586878523833931,-4.5882352941176485,5.548702950248295,-0.1160943106099436,0.3344438749359303
2026-10-01,4416,0.5586878523833931,-9.6551724137931,32.44274809160305,-0.378395694515633,0.07585853408508457
2026-10-01,4417,0.5586878523833931,-1.7821782178217838,7.560483870967742,-0.4755253716043055,0.04202972834443875
2026-10-01,4420,0.5586878523833931,-10.875000000000002,13.8849951274599,-0.2218093285494618,0.194771911840082
2026-10-01,4426,0.5586878523833931,-4.844722751481834,7.8329031523463,-0.1553049718093285,0.2780625320348539
2026-10-01,4430,0.5586878523833931,-1.1111111111111072,5.617977528089887,-0.0261404407995899,0.4613018964633521
2026-10-01,4432,0.5586878523833931,-3.459117180665139,4.234525202151607,-0.2063044592516658,0.20861096873398258
2026-10-01,4433,0.5586878523833931,-5.249340037321959,7.479215923108552,-0.0589441312147616,0.4054331112250128
2026-10-01,4438,0.5586878523833931,-3.214887518064946,6.4685261332905375,0.3009994874423373,0.8518708354689902
2026-10-01,4439,0.5586878523833931,-1.3131313131313105,5.936543553488023,-0.1758072783188108,0.24551512045105076
2026-10-01,4440,0.5586878523833931,-1.680674370075419,2.849002849002849,-0.2852383393131728,0.13787801127626859
2026-10-01,4441,0.5586878523833931,-3.1339031339031376,3.5294117647058822,-0.0486929779600204,0.4213223987698616
2026-10-01,4442,0.5586878523833931,-9.090911426199677,17.407410233109086,-0.5146078933880062,0.03254741158380318
2026-10-01,4502,0.5586878523833931,-5.105102930959127,7.59493550167808,-0.2411583803177857,0.17529472065607382
2026-10-01,4503,0.5586878523833931,-2.620964746197263,10.973083306543575,0.6176319835981547,0.9928241927216812
2026-10-01,4506,0.5586878523833931,-4.0650406504065035,4.661016949152542,-0.0831624807790876,0.3762173244490005
2026-10-01,4510,0.5586878523833931,-10.31991885284771,16.4556997143358,-0.1253203485392106,0.32188621219887237
2026-10-01,4513,0.5586878523833931,-3.529411764705892,11.585363527623608,-0.096873398257304,0.3557150179395182
2026-10-01,4523,0.5586878523833931,-4.0000000000000036,6.874998410542806,0.1428754484879548,0.7180932854946181
2026-10-01,4526,0.5586878523833931,-6.77506775067751,20.930230340292283,0.318298308559713,0.8616094310609944
2026-10-01,4528,0.5586878523833931,-2.3026303530069514,4.7138034293948605,-0.142491030240902,0.29318298308559715
2026-10-01,4529,0.5586878523833931,-17.77778165003545,24.62462977962093,0.0384418247052793,0.5807278318810867
2026-10-01,4530,0.5586878523833931,-18.991596638655466,32.15767634854772,-0.1796514607893387,0.24115838031778575
2026-10-01,4532,0.5586878523833931,-3.1250014435499684,9.27419816294024,-0.0525371604305484,0.41465914915427987
2026-10-01,4533,0.5586878523833931,-4.664176390467867,10.76320939334638,0.4671963095848283,0.9548949256791389
2026-10-01,4534,0.5586878523833931,-11.781607261342176,24.5928313910767,0.1160943106099435,0.6888774987186058
2026-10-01,4535,0.5586878523833931,-4.085256249073854,7.222217983669704,-0.0103792926704253,0.486929779600205
2026-10-01,4536,0.5586878523833931,-2.9940119760479056,4.320987654320987,-0.2298821117375705,0.18554587391081498
2026-10-01,4538,0.5586878523833931,-3.324095636683566,5.444119516279772,-0.0576627370579189,0.40953357252690925
2026-10-01,4540,0.5586878523833931,-2.8301863479659017,13.268603476120044,0.0358790363915939,0.575602255253716
2026-10-01,4541,0.5586878523833931,-9.320664776896848,16.93428534636283,0.2374423372629421,0.796514607893388
2026-10-01,4542,0.5586878523833931,-8.123249299719893,32.926829268292686,0.1189133777549974,0.6922091235263967
2026-10-01,4543,0.5586878523833931,-1.791533385248012,10.61360120377928,0.5058944131214762,0.9697590978985136
2026-10-01,4545,0.5586878523833931,-3.312883435582825,24.111675126903553,0.0904664274730906,0.6596617119425935
2026-10-01,4549,0.5586878523833931,-5.4181825087100455,9.753334509945011,0.0602255253716043,0.6155817529472065
2026-10-01,4550,0.5586878523833931,-0.8113574913807597,5.725969809939769,-0.0535622757560225,0.4131214761660687
2026-10-01,4551,0.5586878523833931,-8.244680851063835,20.869565217391305,0.5202460276781138,0.9759097898513582
2026-10-01,4552,0.5586878523833931,-7.396447613878587,12.140572642365964,0.2216811891337775,0.7839569451563301
2026-10-01,4554,0.5586878523833931,-6.478406500852385,7.637654062274507,0.0725269092772936,0.6340338288057407
2026-10-01,4555,0.5586878523833931,-9.42184302153426,13.356977602550607,0.2332137365453613,0.7913890312660175
2026-10-01,4556,0.5586878523833931,0.0,40.80717488789238,0.0128139415684264,0.5389543823680164
2026-10-01,4557,0.5586878523833931,-1.3725490196078494,3.9761431411530817,-0.1901588928754485,0.230138390568939
2026-10-01,4558,0.5586878523833931,-5.070422535211261,8.308603077330998,-0.2098923628908252,0.20656073808303435
2026-10-01,4560,0.5586878523833931,-1.672239548191845,4.591838032209954,0.2027165556125063,0.7688364941055869
2026-10-01,4561,0.5586878523833931,-4.708516919209327,13.176466997931986,0.2042542286007176,0.7693490517683239
2026-10-01,4562,0.5586878523833931,-2.9780552661148985,10.500807754442649,0.2132239876986159,0.7765248590466427
2026-10-01,4563,0.5586878523833931,-1.6544117647058765,20.8411214953271,-0.0356227575602254,0.44746283956945154
2026-10-01,4564,0.5586878523833931,-2.1020998591540385,7.3619620200315135,0.2288569964120964,0.7888262429523322
2026-10-01,4566,0.5586878523833931,-2.590673575129532,19.41489564611557,0.0379292670425422,0.5786776012301383
2026-10-01,4568,0.5586878523833931,-3.461064861640606,4.99359990509463,-0.2278318810866222,0.1883649410558688
2026-10-01,4569,0.5586878523833931,-15.531335149863756,20.32258064516129,0.1392875448487955,0.7139928241927217
2026-10-01,4571,0.5586878523833931,-5.810397553516822,11.03896103896104,0.3208610968733983,0.8641722193746797
2026-10-01,4572,0.5586878523833931,-4.810996563573888,5.415162454873646,-0.1160943106099436,0.3344438749359303
2026-10-01,4576,0.5586878523833931,-7.945736434108531,16.42105263157895,-0.1258329062019477,0.3203485392106612
2026-10-01,4577,0.5586878523833931,-7.660879886601791,17.367261700925575,0.0284469502819066,0.5656073808303435
2026-10-01,4580,0.5586878523833931,-5.517241379310345,8.394162440241978,0.0950794464377242,0.6663249615581753
2026-10-01,4581,0.5586878523833931,-1.3402061855670055,2.9258130112411833,-0.1955407483341875,0.2193746796514608
2026-10-01,4582,0.5586878523833931,-5.882349924114772,8.035710879734586,0.1678626345463864,0.7437211686314711
2026-10-01,4583,0.5586878523833931,-14.822335025380706,18.831942789034564,0.1386468477703741,0.7124551512045105
2026-10-01,4584,0.5586878523833931,-5.897110574915587,9.333333333333334,0.0788057406458226,0.6447975397232188
2026-10-01,4585,0.5586878523833931,-4.071661237785018,7.130730050933787,-0.2389800102511532,0.1778575089697591
2026-10-01,4588,0.5586878523833931,-3.1249974336888475,13.799277685021844,-0.0607380830343413,0.4018452075858534
2026-10-01,4590,0.5586878523833931,-7.450160361381897,9.637188208616765,-0.3751922091235263,0.07893388006150692
2026-10-01,4609,0.5586878523833931,0.0,9.799550317709064,0.3288057406458227,0.8708354689902614
2026-10-01,4702,0.5586878523833931,-5.306124291981995,7.004316510825341,-0.0069195284469503,0.49487442337262944
2026-10-01,4706,0.5586878523833931,-19.418604651162795,30.591626187939664,-0.239364428498206,0.17734495130702205
2026-10-01,4707,0.5586878523833931,-11.69230769230769,25.43553741136079,0.371604305484367,0.8995386981035366
2026-10-01,4711,0.5586878523833931,-4.154304840488498,4.95356745764198,-0.1267298821117376,0.31804202972834444
2026-10-01,4714,0.5586878523833931,-8.494207146459853,20.67510387565516,-0.3293182983085597,0.1071245515120451
2026-10-01,4716,0.5586878523833931,-2.542377082161895,8.115950874660326,0.4766786263454638,0.9589953869810354
2026-10-01,4720,0.5586878523833931,-5.693072868835413,12.3359600077151,0.2101486417221937,0.7739620707329574
2026-10-01,4721,0.5586878523833931,-4.38909005671817,19.10670164501105,0.3067657611481291,0.8564838544336237
2026-10-01,4722,0.5586878523833931,0.0,15.513126491646778,0.5258841619682215,0.9779600205023065
2026-10-01,4726,0.5586878523833931,-4.098359156410957,9.829056568634815,0.4072270630445924,0.9231163505894413
2026-10-01,4728,0.5586878523833931,-2.832512315270941,4.055766793409378,-0.1740133264992311,0.24833418759610457
2026-10-01,4729,0.5586878523833931,-3.087885985748229,14.215688144459447,0.2737057919015889,0.8257303946694003
2026-10-01,4735,0.5586878523833931,-5.874671754257799,8.460469450930782,-0.0859815479241413,0.3731419784725782
2026-10-01,4736,0.5586878523833931,-3.3457249070631967,8.846153846153847,-0.4745002562788313,0.04356740133264992
2026-10-01,4737,0.5586878523833931,-8.88157780398291,13.718408798052517,-0.3495643259866735,0.0912352639671963
2026-10-01,4739,0.5586878523833931,-2.669634577467761,17.25714111328125,0.4997437211686315,0.9682214249103024
2026-10-01,4741,0.5586878523833931,-6.27906976744187,15.880897086548156,0.7291132752434649,0.9979497693490518
2026-10-01,4743,0.5586878523833931,-3.4736842105263177,9.814612868047982,0.4502819067145053,0.9472065607380831
2026-10-01,4744,0.5586878523833931,-8.598725004241425,17.421602787456447,-0.0597129677088672,0.40389543823680163
2026-10-01,4745,0.5586878523833931,-0.8163265306122436,6.172839506172839,0.2368016401845207,0.796002050230651
2026-10-01,4746,0.5586878523833931,-1.2096743802001209,9.387751988002233,0.2725525371604306,0.8241927216811892
2026-10-01,4747,0.5586878523833931,-11.494254167136496,15.151515151515152,0.0615069195284469,0.6184008200922604
2026-10-01,4749,0.5586878523833931,-8.24242424242424,16.380449141347427,0.5999487442337261,0.9917990773962071
2026-10-01,4754,0.5586878523833931,-2.9487179487179493,5.416114232656662,-0.0056381342901076,0.49846232701178883
2026-10-01,4755,0.5586878523833931,-2.0576131687242816,10.504201680672267,0.3880061506919527,0.9097898513582778
2026-10-01,4760,0.5586878523833931,0.0,14.558058925476605,0.2875448487954894,0.8400820092260379
2026-10-01,4763,0.5586878523833931,-12.429906542056068,18.356453520002333,-0.2173244490005125,0.19835981547924142
2026-10-01,4764,0.5586878523833931,-25.10121457489879,38.91891891891892,0.0164018452075858,0.5451050743208611
2026-10-01,4766,0.5586878523833931,-2.1428571428571463,5.693430656934306,0.0690671450538186,0.6304459251665813
2026-10-01,4767,0.5586878523833931,-4.745762711864399,8.00711743772242,-0.0356227575602255,0.44669400307534596
2026-10-01,4768,0.5586878523833931,-9.045848822800496,31.19891008174387,0.0674013326499231,0.6273705791901589
2026-10-01,4770,0.5586878523833931,-6.779661016949157,29.09090909090909,-0.0090978985135828,0.48898001025115323
2026-10-01,4771,0.5586878523833931,-2.954545454545454,9.836065573770492,-0.248590466427473,0.16504356740133266
2026-10-01,4772,0.5586878523833931,-5.704099821746878,19.65973534971645,0.2603792926704253,0.8165043567401332
2026-10-01,4807,0.5586878523833931,-7.30949117992199,16.442958140533243,-0.0999487442337263,0.35161455663762176
2026-10-01,4903,0.5586878523833931,-0.1126126126126059,25.3664001671276,0.0115325474115837,0.5371604305484367
2026-10-01,4904,0.5586878523833931,-2.3255813953488413,6.666666666666667,-0.4965402357765249,0.03741670937980523
2026-10-01,4905,0.5586878523833931,-7.276733374101973,17.95481388123794,0.3124038954382367,0.858534085084572
2026-10-01,4906,0.5586878523833931,-4.593641290677864,18.76543775016879,0.1132752434648898,0.6860584315735521
2026-10-01,4907,0.5586878523833931,-5.7531365710324245,10.432854079776812,-0.0917478216299333,0.3649410558687852
2026-10-01,4908,0.5586878523833931,-22.83018867924528,32.27383863080684,-0.4794976934905177,0.04100461301896463
2026-10-01,4909,0.5586878523833931,-8.015265389852855,16.59751037344398,0.6614556637621732,0.9958995386981035
2026-10-01,4911,0.5586878523833931,-6.000000000000005,6.737587299752742,-0.1301896463352127,0.31368528959507946
2026-10-01,4912,0.5586878523833931,-2.727272727272722,23.364485981308412,0.039723218862122,0.5822655048692978
2026-10-01,4915,0.5586878523833931,-2.2556390977443663,10.615386962890623,-0.3782675550999487,0.07637109174782163
2026-10-01,4916,0.5586878523833931,-4.1860465116279055,14.75727859052641,-0.0324192721681187,0.45412608918503333
2026-10-01,4919,0.5586878523833931,0.0,28.289473684210524,0.3006150691952844,0.8513582778062532
2026-10-01,4923,0.5586878523833931,-3.2640971455085044,26.840490797546018,0.0238339313172731,0.557662737057919
2026-10-01,4924,0.5586878523833931,-15.200000000000005,55.534590715132424,-0.4969246540235776,0.03690415171706817
2026-10-01,4927,0.5586878523833931,-4.782608695652179,13.698630136986305,-0.0934136340338287,0.36135315222962583
2026-10-01,4930,0.5586878523833931,-2.743900176813552,4.388713537712456,-0.0084572014351614,0.49051768323936445
2026-10-01,4931,0.5586878523833931,-6.049149338374294,16.700201207243463,0.3557150179395182,0.8908252178370066
2026-10-01,4933,0.5586878523833931,-1.6333911053442174,8.118076957899707,0.4300358790363917,0.9364428498206048
2026-10-01,4934,0.5586878523833931,-4.605261960848528,13.79310344827586,0.2124551512045105,0.7760123013839056
2026-10-01,4935,0.5586878523833931,-2.4355343516206385,12.922177755885189,0.2278318810866222,0.7883136852895951
2026-10-01,4938,0.5586878523833931,-5.648534058902599,8.093121310824037,-0.1842644797539723,0.23731419784725782
2026-10-01,4939,0.5586878523833931,-16.507936507936506,29.40430538433737,0.0589441312147617,0.6130189646335212
2026-10-01,4942,0.5586878523833931,-4.647671799217202,8.647792744186688,0.3344438749359303,0.8749359302921579
2026-10-01,4943,0.5586878523833931,-19.151515151515152,25.787103301224143,-0.0128139415684264,0.4843669912865197
2026-10-01,4946,0.5586878523833931,-1.9512195121951237,15.92039800995025,0.0691952844695027,0.6309584828293183
2026-10-01,4949,0.5586878523833931,-10.705882352941163,18.44532279314888,0.148257303946694,0.725781650435674
2026-10-01,4950,0.5586878523833931,-1.5197614063501177,6.790125811541511,0.1394156842644798,0.7147616606868272
2026-10-01,4951,0.5586878523833931,-17.534246575342472,34.66224036739514,-0.2590978985135828,0.15812403895438237
2026-10-01,4952,0.5586878523833931,-4.150577738855099,11.379652993316498,0.4005638134290108,0.9174782162993337
2026-10-01,4953,0.5586878523833931,-6.3745019920318775,8.085106382978724,-0.1057150179395182,0.3444387493593029
2026-10-01,4956,0.5586878523833931,-5.120480474150025,39.15343915343915,0.0207585853408509,0.5515120451050743
2026-10-01,4958,0.5586878523833931,-3.9548022598870025,16.56862745098039,0.4592516658124039,0.9518195797027166
2026-10-01,4960,0.5586878523833931,-4.208419762852744,22.803350472550015,0.0492055356227576,0.5994361865709892
2026-10-01,4961,0.5586878523833931,-1.5873015873015928,13.440860215053762,-0.1522296258329063,0.2824192721681189
2026-10-01,4966,0.5586878523833931,-2.3890784982935176,11.363636363636363,0.1447975397232188,0.7219374679651461
2026-10-01,4967,0.5586878523833931,-5.391304347826087,7.904411764705882,-0.1690158892875449,0.25627883136852897
2026-10-01,4968,0.5586878523833931,-2.4154589371980673,16.534650443804146,0.3270117888262429,0.8692977960020503
2026-10-01,4971,0.5586878523833931,-26.446280991735534,38.57677902621723,-0.2052793439261916,0.20912352639671963
2026-10-01,4972,0.5586878523833931,-4.3988227015888555,5.521470052332965,-0.1192977960020502,0.3300871348026653
2026-10-01,4973,0.5586878523833931,-13.015873015873014,18.248175182481752,0.3154792414146591,0.8600717580727832
2026-10-01,4974,0.5586878523833931,-5.562913907284772,9.957922123591995,-0.222450025627883,0.19425935417734494
2026-10-01,4976,0.5586878523833931,-14.166666666666671,20.66574414130223,0.1367247565351101,0.707842132239877
2026-10-01,4977,0.5586878523833931,-10.026385224274405,17.008797653958943,0.015504869297796,0.5433111225012814
2026-10-01,4979,0.5586878523833931,-15.34954407294833,28.186714542190305,-0.1281394156842644,0.3157355202460277
2026-10-01,4989,0.5586878523833931,-6.859753931086332,11.947625592570454,0.5074320861096874,0.9707842132239877
2026-10-01,4991,0.5586878523833931,-13.303571428571423,29.45417095777549,0.415684264479754,0.9282419272168119
2026-10-01,4994,0.5586878523833931,-5.990786715361196,9.436280119652842,-0.1314710404920553,0.31163505894413124
2026-10-01,4995,0.5586878523833931,-4.9429630219481435,9.199996948242188,-0.5169144028703229,0.031266017426960536
2026-10-01,4999,0.5586878523833931,-4.594594594594604,5.099147980341493,-0.038313685289595,0.44131214761660686
2026-10-01,5007,0.5586878523833931,-0.3533542040863091,2.482265445357519,-0.0899538698103535,0.3675038441824705
2026-10-01,5009,0.5586878523833931,-4.093569390959062,7.317077822801544,0.1934905176832393,0.7621732444900051
2026-10-01,5011,0.5586878523833931,-3.376623376623366,7.526879669517599,0.3388006150691953,0.876473603280369
2026-10-01,5013,0.5586878523833931,0.0,37.676058128965856,0.0097385955920041,0.5340850845720143
2026-10-01,5014,0.5586878523833931,-0.9615348288291804,7.475723340673336,0.1809328549461815,0.7508969759097899
2026-10-01,5015,0.5586878523833931,-2.6785697711973477,6.192662300319847,-0.0468990261404407,0.4267042542286007
2026-10-01,5016,0.5586878523833931,0.0,14.056940859322877,0.0243464889800102,0.5589441312147616
2026-10-01,5201,0.5586878523833931,-6.410258698823911,19.00685323427801,-0.6413377754997437,0.013839056893900564
2026-10-01,5202,0.5586878523833931,-11.006287173056128,30.38868718770702,-0.5468990261404408,0.02665299846232701
2026-10-01,5203,0.5586878523833931,-3.161395211913731,8.59106529209622,0.093029215786776,0.66376217324449
2026-10-01,5205,0.5586878523833931,0.0,20.481927710843372,0.4049205535622757,0.9213223987698617
2026-10-01,5206,0.5586878523833931,-4.2016776013311,12.280698408160292,-0.0324192721681189,0.4536135315222963
2026-10-01,5209,0.5586878523833931,-5.769230769230771,17.49271137026239,-0.442337262942081,0.05330599692465402
2026-10-01,5210,0.5586878523833931,-2.427183261453869,9.78440748122992,-0.0753459764223475,0.3859559200410046
2026-10-01,5211,0.5586878523833931,-6.63716814159292,16.82464816558983,-0.0982829318298308,0.35366478728857
2026-10-01,5212,0.5586878523833931,-0.6103794843647092,6.243609113117323,-0.0731676063557149,0.38903126601742694
2026-10-01,5213,0.5586878523833931,-3.7296071537753384,6.053268765133173,-0.0404920553562275,0.43926191696565864
2026-10-01,5215,0.5586878523833931,-5.269761606022582,7.284772253983861,0.1389031266017427,0.7134802665299846
2026-10-01,5220,0.5586878523833931,-4.526748971193417,22.19827750633503,0.0509994874423372,0.6012301383905689
2026-10-01,5222,0.5586878523833931,-1.8433179723502335,7.042253521126761,0.1236545361353152,0.6955407483341876
2026-10-01,5223,0.5586878523833931,-8.055012579507215,12.820512820512825,0.1558175294720655,0.7314197847257816
2026-10-01,5225,0.5586878523833931,-10.0486234785649,16.39640052039344,0.3980010251153255,0.9149154279856484
2026-10-01,5227,0.5586878523833931,-5.640241707598104,12.277865063200474,0.234495130702204,0.7934392619169657
2026-10-01,5228,0.5586878523833931,-2.8888888888888853,15.446224256292906,0.4764223475140953,0.9584828293182983
2026-10-01,5230,0.5586878523833931,-6.016598998000933,30.0220801077668,-0.0494618144541261,0.41901588928754485
2026-10-01,5234,0.5586878523833931,-8.054711246200608,16.859504132231404,0.372629420809841,0.9010763710917479
2026-10-01,5236,0.5586878523833931,-1.0830324909747335,6.569343065693431,0.283444387493593,0.8364941055868785
2026-10-01,5243,0.5586878523833931,-5.380710659898469,14.377684040642604,0.2516658124038955,0.8093285494618144
2026-10-01,5244,0.5586878523833931,-3.8978514333365744,13.146855280949518,-0.1823423885187083,0.238851870835469
2026-10-01,5245,0.5586878523833931,-12.236289745080043,16.346161182110126,0.3470015376729882,0.8836494105586878
2026-10-01,5251,0.5586878523833931,-9.863431525606805,26.094276094276097,-0.4446437724243977,0.051255766273705795
2026-10-01,5258,0.5586878523833931,-10.864981772346926,15.621307192469487,0.2385955920041005,0.7980522808815992
2026-10-01,5263,0.5586878523833931,-14.433962264150946,19.845644983461963,0.30138390568939,0.8523833931317273
2026-10-01,5269,0.5586878523833931,-1.9933554817275767,13.898305084745765,-0.003459764223475,0.503844182470528
2026-10-01,5272,0.5586878523833931,-3.225808436366906,12.777784135606554,0.3002306509482316,0.8503331624807791
2026-10-01,5274,0.5586878523833931,-12.66055045871559,24.579831932773107,-0.5199897488467453,0.030240902101486417
2026-10-01,5276,0.5586878523833931,-8.222813528393536,9.53757004930794,-0.1655561250640697,0.26242952332137365
2026-10-01,5278,0.5586878523833931,-4.4715461967972825,6.59574955067736,-0.1567145053818554,0.27626858021527423
2026-10-01,5283,0.5586878523833931,-5.861455207424338,7.924529741395195,-0.4381086622245003,0.055356227575602254
2026-10-01,5284,0.5586878523833931,-17.79310344827586,25.0,0.2555099948744233,0.8124038954382368
2026-10-01,5285,0.5586878523833931,-1.9771056236101203,17.62207905957653,0.0845720143516145,0.6499231163505894
2026-10-01,5287,0.5586878523833931,-1.0791366906474864,3.636363636363636,-0.0206304459251666,0.469502819067145
2026-10-01,5288,0.5586878523833931,-2.061855670103097,8.421052631578947,-0.078036904151717,0.3823680164018452
2026-10-01,5289,0.5586878523833931,-11.340206185567014,16.666666666666664,0.2908764736032804,0.8439261916965659
2026-10-01,5291,0.5586878523833931,-16.53005116488977,27.332237231165607,0.3528959507944644,0.8887749871860584
2026-10-01,5292,0.5586878523833931,-1.2499999999999956,13.502109704641349,0.2426960533059969,0.8021527421834956
2026-10-01,5299,0.5586878523833931,-0.480769230769229,12.463769590221164,0.4200410046130189,0.9308047155304972
2026-10-01,5302,0.5586878523833931,-6.0952380952380985,9.837730902929094,0.4800102511532547,0.9607893388006151
2026-10-01,5306,0.5586878523833931,-6.455026455026447,8.597283341765943,-0.2447462839569451,0.17016914402870323
2026-10-01,5309,0.5586878523833931,-5.563909774436093,29.37898210659149,0.1974628395694515,0.7652485904664275
2026-10-01,5310,0.5586878523833931,-8.263067959701099,22.97794117647059,-0.0284469502819068,0.45873910814966684
2026-10-01,5312,0.5586878523833931,-2.717391304347827,2.793296089385475,-0.2985648385443363,0.12865197334700154
2026-10-01,5314,0.5586878523833931,-34.61538354947642,71.24182757209329,-0.0202460276781138,0.47001537672988214
2026-10-01,5315,0.5586878523833931,-3.3248044113902475,8.20105416434152,-0.0010251153254741,0.5102511532547411
2026-10-01,5321,0.5586878523833931,-18.915798760676537,32.57467668731386,0.2068170169144028,0.7713992824192721
2026-10-01,5324,0.5586878523833931,-5.323191169860342,8.835336769441032,-0.341107124551512,0.097385955920041
2026-10-01,5328,0.5586878523833931,-7.594937824358672,20.37671494157347,0.8034341363403383,0.9989748846745259
2026-10-01,5340,0.5586878523833931,-9.459462571033692,14.925373134328357,-0.2697334700153767,0.14812916453100974
2026-10-01,5344,0.5586878523833931,-5.944055944055949,11.152414938774257,0.3528959507944643,0.8882624295233214
2026-10-01,5345,0.5586878523833931,-6.986898013900323,13.380283481078528,0.1276268580215274,0.699641209636084
2026-10-01,5347,0.5586878523833931,-2.1220159151193685,22.493224932249323,0.0402357765248589,0.5827780625320349
2026-10-01,5348,0.5586878523833931,-3.2544356860648493,9.48011765786266,-0.1950281906714504,0.2203997949769349
2026-10-01,5351,0.5586878523833931,-13.779527559055117,22.37442922374429,0.2498718605843157,0.8083034341363403
2026-10-01,5353,0.5586878523833931,-1.3840817432876351,5.789472345720258,0.0853408508457201,0.6514607893388006
2026-10-01,5355,0.5586878523833931,0.0,20.281692289970287,-0.172988211173757,0.24987186058431574
2026-10-01,5356,0.5586878523833931,-1.7077813091273653,3.474902002047388,-0.1460789338800615,0.29062019477191187
2026-10-01,5364,0.5586878523833931,-1.988306280028884,4.176615530664994,-0.0702203997949769,0.393900563813429
2026-10-01,5381,0.5586878523833931,-12.264150943396224,16.98925059328797,0.2870322911327524,0.8395694515633009
2026-10-01,5386,0.5586878523833931,-14.896755162241892,30.155979202772965,-0.0625320348539211,0.40030753459764223
2026-10-01,5388,0.5586878523833931,-8.23680463270209,10.799434710017094,0.0365197334700153,0.5766273705791901
2026-10-01,5392,0.5586878523833931,-12.977096340536251,16.791972301358868,0.3798052280881599,0.9056893900563814
2026-10-01,5398,0.5586878523833931,-6.122447761515504,7.608697034310616,-0.122116863147104,0.3259866735007688
2026-10-01,5403,0.5586878523833931,-2.8213135155087277,3.978491342195916,-0.2091235263967196,0.2070732957457714
2026-10-01,5410,0.5586878523833931,-9.739370887884636,13.221891455374951,0.2634546386468477,0.8195797027165556
2026-10-01,5425,0.5586878523833931,-1.015228426395942,14.461536896534454,0.4284982060481804,0.9354177344951307
2026-10-01,5426,0.5586878523833931,-7.741935483870965,13.461539795348692,0.2482060481804203,0.8062532034853921
2026-10-01,5432,0.5586878523833931,-7.580174927113703,17.981072555205046,0.0061506919528446,0.5287032291132753
2026-10-01,5434,0.5586878523833931,0.0,8.641975308641975,-0.0381855458739108,0.4418247052793439
2026-10-01,5438,0.5586878523833931,-3.0898834867105984,9.275353473165762,0.2384674525884161,0.7975397232188621
2026-10-01,5439,0.5586878523833931,-7.889908256880728,14.14342629482072,0.3977447462839569,0.9144028703229113
2026-10-01,5443,0.5586878523833931,-8.571428571428575,18.303571428571427,0.1665812403895439,0.7416709379805229
2026-10-01,5450,0.5586878523833931,-3.947367215750941,6.8493150684931505,-0.1610712455151204,0.2693490517683239
2026-10-01,5452,0.5586878523833931,-2.6595771015903935,10.018214936247723,0.17247565351102,0.7462839569451564
2026-10-01,5457,0.5586878523833931,-15.39823008849558,20.71130026334499,0.2775499743721169,0.831881086622245
2026-10-01,5460,0.5586878523833931,-3.631282862472174,11.594202898550735,-0.1145566376217324,0.3359815479241415
2026-10-01,5464,0.5586878523833931,-7.314632092718376,34.378381677575995,0.0381855458739107,0.5797027165556125
2026-10-01,5465,0.5586878523833931,-8.389717723764512,39.58641514292143,-0.0361353152229624,0.4459251665812404
2026-10-01,5468,0.5586878523833931,-10.701754385964913,17.48526822373066,0.34495130702204,0.8815991799077396
2026-10-01,5469,0.5586878523833931,-1.7127819495967531,6.702412868632708,0.2175807278318811,0.7806253203485393
2026-10-01,5471,0.5586878523833931,-15.61996572055211,23.282436924126312,0.4484879548949256,0.946181445412609
2026-10-01,5474,0.5586878523833931,-3.508771929824561,15.151515151515152,-0.2211686314710406,0.19579702716555614
2026-10-01,5475,0.5586878523833931,-14.62829736211031,22.752808988764045,0.2844695028190671,0.8370066632496156
2026-10-01,5478,0.5586878523833931,-1.2158024167634671,2.2564071264022583,-0.0481804202972834,0.4220912352639672
2026-10-01,5481,0.5586878523833931,-0.8968575959776959,11.085967672356652,-0.2715274218349564,0.14633521271143005
2026-10-01,5483,0.5586878523833931,-4.514672686230248,24.349881796690305,0.0594566888774986,0.6137878011276269
2026-10-01,5484,0.5586878523833931,-9.885057471264355,13.52040621699119,0.0316504356740133,0.5720143516145566
2026-10-01,5487,0.5586878523833931,-5.5921040784949305,8.362368008816285,-0.4174782162993337,0.06073808303434136
2026-10-01,5488,0.5586878523833931,-1.2195137269010117,6.9958879133310825,0.2614044079958995,0.8185545873910814
2026-10-01,5489,0.5586878523833931,-9.12016869803396,17.827625117026084,0.0953357252690927,0.6668375192209124
2026-10-01,5490,0.5586878523833931,-8.896798389790506,12.10937649011612,0.3865966171194259,0.9082521783700667
2026-10-01,5493,0.5586878523833931,-3.6131759078148584,12.56891017186208,-0.2470527934392619,0.16760635571501795
2026-10-01,5498,0.5586878523833931,-11.0720586237833,15.513838515451305,0.2944643772424398,0.8477703741670938
2026-10-01,5508,0.5586878523833931,-10.999999999999998,15.543069732323122,-0.0958482829318297,0.3567401332649923
2026-10-01,5511,0.5586878523833931,-2.805053248463374,4.040408444094968,-0.2206560738083033,0.19682214249103025
2026-10-01,5512,0.5586878523833931,-1.7857161972334668,4.545459499606838,-0.107124551512045,0.3426447975397232
2026-10-01,5514,0.5586878523833931,-1.948049519230466,5.96026237437266,-0.349820604818042,0.09072270630445925
2026-10-01,5515,0.5586878523833931,-3.1954901100748057,9.417480172462833,0.0609943618657099,0.6171194259354177
2026-10-01,5516,0.5586878523833931,-2.834011098452094,7.083336512247736,-0.4428498206048179,0.052793439261916965
2026-10-01,5519,0.5586878523833931,-9.04159006517614,11.33200946906452,0.0937980522808816,0.6652998462327012
2026-10-01,5520,0.5586878523833931,-0.5952380952380931,2.9940119760479043,-0.0894413121476166,0.3682726806765761
2026-10-01,5521,0.5586878523833931,-0.4672879453870737,4.2253503217383725,-0.132239876986161,0.30855971296770884
2026-10-01,5522,0.5586878523833931,-5.882350718078399,7.565786964014958,-0.1858021527421834,0.23577652485904665
2026-10-01,5523,0.5586878523833931,-1.2569018825736578e-06,0.6589810969998455,-0.2729369554074833,0.14556637621732446
2026-10-01,5525,0.5586878523833931,-4.1575508341791245,5.2511398106405185,-0.4021014864172219,0.06560738083034341
2026-10-01,5529,0.5586878523833931,-2.0676705773766457,16.89059354522178,-0.2788313685289595,0.14274730907227062
2026-10-01,5530,0.5586878523833931,-3.4653465346534684,5.743588178585737,-0.2296258329062019,0.18605843157355204
2026-10-01,5531,0.5586878523833931,-7.620321091176807,9.117223074398234,-0.0832906201947719,0.37570476678626347
2026-10-01,5533,0.5586878523833931,-2.4561403508771895,4.316549506976463,-0.303818554587391,0.1255766273705792
2026-10-01,5534,0.5586878523833931,-6.505103860483297,7.776268182314759,-0.0953357252690927,0.3575089697590979
2026-10-01,5536,0.5586878523833931,-1.134020618556697,16.05839416058394,0.4556637621732445,0.9502819067145054
2026-10-01,5538,0.5586878523833931,-5.394736842105252,9.040333796940194,0.0279343926191696,0.5648385443362378
2026-10-01,5543,0.5586878523833931,-8.783784959331909,13.333334746184171,-0.0149923116350589,0.4812916453100974
2026-10-01,5546,0.5586878523833931,-11.217950888952831,14.44043596729046,-0.150179395181958,0.2852383393131727
2026-10-01,5547,0.5586878523833931,-1.225488349044812,4.21836417602842,-0.1884930804715531,0.2327011788826243
2026-10-01,5548,0.5586878523833931,-2.6763954135271217,2.7499961853027344,-0.2004100461301896,0.2142491030240902
2026-10-01,5601,0.5586878523833931,-7.0739561237451065,7.612459387333748,-0.1897744746283957,0.2309072270630446
2026-10-01,5603,0.5586878523833931,-6.24999751647306,8.518515692816827,0.0379292670425422,0.5786776012301383
2026-10-01,5604,0.5586878523833931,-1.5673969420358036,3.503185928247537,-0.1556893900563813,0.27729369554074834
2026-10-01,5607,0.5586878523833931,-11.130139308298736,13.10212534057382,-0.4433623782675551,0.05176832393644285
2026-10-01,5608,0.5586878523833931,-5.292483134044634,10.294117647058822,-0.342004100461302,0.09584828293182983
2026-10-01,5609,0.5586878523833931,-1.8891706511995563,2.053913317228618,-0.3757047667862634,0.07842132239876987
2026-10-01,5701,0.5586878523833931,-7.28929103001934,9.82800631323962,-0.0471553049718093,0.42439774474628394
2026-10-01,5704,0.5586878523833931,-4.641353280711968,6.63716814159292,-0.1701691440287033,0.2547411583803178
2026-10-01,5706,0.5586878523833931,-2.64317507829791,4.072405094474689,-0.0430548436699128,0.43311122501281396
2026-10-01,5864,0.5586878523833931,-2.795421897778516,13.856207155713848,0.2757560225525371,0.8282931829830856
2026-10-01,5871,0.5586878523833931,-13.043478260869568,15.099999999999994,-0.1529984623270117,0.2813941568426448
2026-10-01,5876,0.5586878523833931,-3.200000000000003,12.499998423678816,-0.7770374167093798,0.0035879036391594054
2026-10-01,5878,0.5586878523833931,-2.196384357060388,2.2457127841964577,-0.2270630445925166,0.1901588928754485
2026-10-01,5880,0.5586878523833931,-5.797102751288163,8.076924544114334,-0.6832393644284983,0.010251153254741158
2026-10-01,5902,0.5586878523833931,-2.2791980310509885,4.664718583443422,-0.287801127626858,0.13685289595079447
2026-10-01,5903,0.5586878523833931,-0.5347593582887722,1.881720430107527,-0.1606868272680677,0.27011788826242955
2026-10-01,5904,0.5586878523833931,-7.866666666666678,9.261939218523889,-0.2590978985135828,0.15812403895438237
2026-10-01,5905,0.5586878523833931,-5.249679203373003,7.837836806838576,0.3521271143003587,0.8877498718605843
2026-10-01,5906,0.5586878523833931,-3.5046711771006267,21.79176755447942,-0.1596617119425936,0.2716555612506407
2026-10-01,5907,0.5586878523833931,-5.697448799494575,8.125007152557373,-0.1577396207073295,0.27473090722706306
2026-10-01,6005,0.5586878523833931,-3.91566485863043,7.366772355704472,-0.1317273193234238,0.31086622245002565
2026-10-01,6015,0.5586878523833931,-3.561643835616435,11.647722937844016,-0.3193234238851871,0.11276268580215275
2026-10-01,6016,0.5586878523833931,-2.8688509404675044,15.822784810126585,-0.0340850845720143,0.4500256278831369
2026-10-01,6020,0.5586878523833931,-2.8368776801517837,4.136254897662902,-0.0527934392619169,0.4141465914915428
2026-10-01,6021,0.5586878523833931,-9.0512510626657,17.266179731995653,-0.792157867760123,0.0015376729882111738
2026-10-01,6023,0.5586878523833931,-4.396840002731794,7.193394427029593,-0.2762685802152742,0.14402870322911326
2026-10-01,6024,0.5586878523833931,-5.8176078032873395,6.510848871654576,-0.3206048180420297,0.11173757047667862
2026-10-01,6026,0.5586878523833931,-2.1604984349145595,7.570982731479199,-0.1861865709892362,0.2352639671963096
2026-10-01,6028,0.5586878523833931,-0.7007022174044364,6.350809527981665,-0.1227575602255253,0.32547411583803176
2026-10-01,6101,0.5586878523833931,-4.430379746835444,9.271523178807946,-0.2583290620194771,0.15889287544848796
2026-10-01,6103,0.5586878523833931,-18.000000000000004,42.411923085447896,0.5148641722193746,0.9718093285494618
2026-10-01,6104,0.5586878523833931,-7.467203418831048,10.796075818842864,0.3605843157355202,0.8949256791389031
2026-10-01,6108,0.5586878523833931,-5.123339658444026,19.800001525878912,-0.0069195284469503,0.49487442337262944
2026-10-01,6109,0.5586878523833931,-8.333330265959694,11.483251763302729,0.1365966171194259,0.70732957457714
2026-10-01,6111,0.5586878523833931,-1.550389537754315,14.69816873705606,0.4338800615069195,0.9402870322911328
2026-10-01,6112,0.5586878523833931,-10.169488944058712,18.867924528301884,-0.662224500256279,0.011276268580215274
2026-10-01,6113,0.5586878523833931,0.0,13.654618473895578,0.1765761148129164,0.7493593029215787
2026-10-01,6115,0.5586878523833931,-2.9735715429643372,3.972758229284904,-0.1232701178882624,0.32444900051255765
2026-10-01,6116,0.5586878523833931,-4.86322188449847,18.21086018230205,0.1535110199897487,0.7288569964120963
2026-10-01,6117,0.5586878523833931,-6.736531206849095,9.79133593710812,0.1932342388518708,0.761148129164531
2026-10-01,6118,0.5586878523833931,-5.780346820809246,15.644171779141107,0.1431317273193234,0.7191184008200923
2026-10-01,6120,0.5586878523833931,-4.2207792207792245,24.74576271186441,0.0881599179907739,0.655561250640697
2026-10-01,6121,0.5586878523833931,-6.871165644171784,9.881422924901186,0.3516145566376217,0.8867247565351102
2026-10-01,6122,0.5586878523833931,-0.3200000000000091,23.836273634223264,0.0079446437724244,0.531009738595592
2026-10-01,6123,0.5586878523833931,-1.940637561338887,4.190917897696266,-0.2690927729369554,0.14992311635058944
2026-10-01,6124,0.5586878523833931,-2.3339331151399634,8.088238099042107,0.1091747821629933,0.6829830855971297
2026-10-01,6125,0.5586878523833931,-9.692030233686832,15.44634054752147,0.3713480266529984,0.8990261404407995
2026-10-01,6126,0.5586878523833931,-4.049839675753086,11.85064191942091,0.1173757047667862,0.690927729369554
2026-10-01,6127,0.5586878523833931,0.0,20.07041984880474,0.4882111737570476,0.9641209636084059
2026-10-01,6128,0.5586878523833931,-3.266329803971524,5.974023992365057,0.1354433623782676,0.7042542286007176
2026-10-01,6129,0.5586878523833931,-5.466239101664572,14.625854232684295,0.1445412608918503,0.7211686314710405
2026-10-01,6130,0.5586878523833931,-14.363636363636356,18.25902011490678,-0.0914915427985648,0.3654536135315223
2026-10-01,6133,0.5586878523833931,-5.483870967741932,31.399320010032262,0.0084572014351613,0.5325474115838031
2026-10-01,6134,0.5586878523833931,-4.612851281295205,8.635578583765112,-0.040235776524859,0.4397744746283957
2026-10-01,6136,0.5586878523833931,-0.1976284584980225,4.950498071047342,-0.1418503331624808,0.29420809841107126
2026-10-01,6138,0.5586878523833931,-4.865771812080533,13.051146384479717,0.5927729369554076,0.9897488467452589
2026-10-01,6139,0.5586878523833931,-1.171875,9.617918313570488,0.4789851358277807,0.9600205023065095
2026-10-01,6140,0.5586878523833931,-16.283927510241945,39.40150386972023,-0.6619682214249103,0.011788826242952332
2026-10-01,6141,0.5586878523833931,-11.073254988853863,20.88122897677951,0.2332137365453613,0.7913890312660175
2026-10-01,6142,0.5586878523833931,-6.4285732497278865,14.285718861687013,-0.0161455663762172,0.47924141465914916
2026-10-01,6143,0.5586878523833931,-9.944134078212295,12.65508306233522,0.1040492055356227,0.6781137878011276
2026-10-01,6144,0.5586878523833931,-5.185185185185182,10.15625149011612,0.1594054331112249,0.7355202460276781
2026-10-01,6146,0.5586878523833931,-6.443298969072164,10.743801652892564,0.2824192721681189,0.8352127114300358
2026-10-01,6147,0.5586878523833931,-3.218884120171672,27.494456762749447,-0.098411071245515,0.3531522296258329
2026-10-01,6148,0.5586878523833931,-9.61994921831324,38.23915699621694,-0.6360840594566889,0.015889287544848796
2026-10-01,6150,0.5586878523833931,0.0,15.879829417653015,0.031009738595592,0.5715017939518195
2026-10-01,6151,0.5586878523833931,-2.941178544818046,5.627707829551092,0.0274218349564326,0.5638134290107637
2026-10-01,6152,0.5586878523833931,-2.523661652004572,16.50485560346191,-0.3487954894925679,0.09226037929267042
2026-10-01,6153,0.5586878523833931,-4.043126684636123,9.55055965466446,0.345976422347514,0.8821117375704767
2026-10-01,6154,0.5586878523833931,-0.6993020237835768,3.5211267605633805,-0.1619682214249103,0.2685802152742183
2026-10-01,6155,0.5586878523833931,0.0,22.70115052146473,0.3080471553049718,0.8569964120963608
2026-10-01,6156,0.5586878523833931,-2.684563758389269,11.954022988505754,0.4220912352639671,0.9318298308559713
2026-10-01,6158,0.5586878523833931,-5.9945523629554405,10.144927536231885,-0.0376729882111737,0.44387493593029215
2026-10-01,6160,0.5586878523833931,-7.333333333333336,8.63309352517985,-0.0008969759097898,0.5110199897488468
2026-10-01,6161,0.5586878523833931,-5.094339622641519,11.033795699921566,0.2555099948744234,0.8131727319323424
2026-10-01,6163,0.5586878523833931,-4.82758620689655,13.52656636261134,0.0966171194259353,0.668631471040492
2026-10-01,6164,0.5586878523833931,-3.088801661440599,15.13943919147628,0.3500768836494105,0.8859559200410047
2026-10-01,6165,0.5586878523833931,-3.689320388349515,9.07258064516129,0.1160943106099436,0.6896463352127115
2026-10-01,6166,0.5586878523833931,-9.40766550522648,27.692307692307693,0.0379292670425422,0.5786776012301383
2026-10-01,6167,0.5586878523833931,-2.3809523809523836,5.56097263243142,0.1189133777549974,0.6922091235263967
2026-10-01,6168,0.5586878523833931,0.0,41.48936170212766,-0.0497180932854945,0.41824705279343927
2026-10-01,6169,0.5586878523833931,-5.952383799707828,6.751056461897596,-0.049461814454126,0.41978472578165044
2026-10-01,6170,0.5586878523833931,-0.1016260162601701,3.153608289157877,0.0328036904151717,0.5725269092772937
2026-10-01,6171,0.5586878523833931,0.0,7.861057539526685,-0.0702203997949769,0.393900563813429
2026-10-01,6173,0.5586878523833931,-8.610271903323262,30.909090909090907,-0.3974884674525884,0.06817016914402871
2026-10-01,6174,0.5586878523833931,0.0,19.5,0.385699641209636,0.9077396207073296
2026-10-01,6175,0.5586878523833931,-1.037613488975353,12.7129730984549,0.4866735007688365,0.9636084059456689
2026-10-01,6176,0.5586878523833931,-4.989601975584989,9.080957792520016,-0.0361353152229625,0.4451563300871348
2026-10-01,6177,0.5586878523833931,-7.440478992750411,9.431943249472468,-0.3295745771399283,0.10661199384930804
2026-10-01,6179,0.5586878523833931,-14.200480451543596,36.717665543642426,-0.4236289082521783,0.05945668887749872
2026-10-01,6180,0.5586878523833931,-2.800463283203669,5.882345614026861,0.1258329062019477,0.6978472578165044
2026-10-01,6182,0.5586878523833931,-6.810035842293905,30.384615384615383,0.3426447975397232,0.8790363915940543
2026-10-01,6183,0.5586878523833931,-1.3888872813181965,3.900323373912344,-0.1626089185033314,0.26806765761148127
2026-10-01,6184,0.5586878523833931,-3.809523809523818,6.559409717522045,-0.0238339313172732,0.4638646847770374
2026-10-01,6185,0.5586878523833931,-2.702701269653518,6.746027204725463,0.1436442849820605,0.7196309584828293
2026-10-01,6186,0.5586878523833931,-12.0845880921972,14.60480444210092,0.0543311122501281,0.6073808303434136
2026-10-01,6187,0.5586878523833931,-11.149825783972124,20.0,0.2074577139928242,0.7719118400820092
2026-10-01,6188,0.5586878523833931,-10.51873395587286,13.043481946567406,0.2715274218349564,0.8236801640184521
2026-10-01,6189,0.5586878523833931,-0.7905138339920903,9.16334661354582,0.1281394156842645,0.7001537672988212
2026-10-01,6190,0.5586878523833931,-1.7931034482758568,9.691013379043408,0.4081240389543824,0.9236289082521784
2026-10-01,6191,0.5586878523833931,-0.4722514317050286,4.982202785577922,0.1727319323423884,0.7467965146078934
2026-10-01,6192,0.5586878523833931,-6.382978723404253,8.181818181818182,0.0630445925166581,0.6212198872373142
2026-10-01,6194,0.5586878523833931,-1.472992629455283,3.1561423773781403,-0.3402101486417222,0.09892362890825218
2026-10-01,6195,0.5586878523833931,-0.5291018675533166,4.432624113475177,-0.2034853921066119,0.21117375704766786
2026-10-01,6196,0.5586878523833931,0.0,18.272425249169437,0.0517683239364429,0.6032803690415172
2026-10-01,6197,0.5586878523833931,-1.0494752623688153,12.575757575757576,0.2769092772936955,0.8298308559712968
2026-10-01,6199,0.5586878523833931,-0.3891050583657574,30.23437261581421,-0.0166581240389543,0.47821629933367504
2026-10-01,6201,0.5586878523833931,-8.988765463453763,10.88664935761697,-0.1660686827268067,0.2619169656586366
2026-10-01,6202,0.5586878523833931,-0.9884678747940744,11.980033277870222,0.2906201947719118,0.8431573552024603
2026-10-01,6203,0.5586878523833931,-1.147540983606565,2.9850733616261143,0.1132752434648898,0.6860584315735521
2026-10-01,6204,0.5586878523833931,-12.916666666666664,34.162676505494915,0.0574064582265505,0.6112250128139416
2026-10-01,6205,0.5586878523833931,-8.535031847133755,25.76601671309192,0.1819579702716556,0.752434648898001
2026-10-01,6206,0.5586878523833931,-4.137931034482756,8.992805755395683,-0.3448231676063557,0.09482316760635572
2026-10-01,6207,0.5586878523833931,-8.227848101265822,37.93103448275862,0.0914915427985649,0.6617119425935418
2026-10-01,6208,0.5586878523833931,-3.0487804878048808,12.704400596378736,0.5281906714505382,0.9789851358277806
2026-10-01,6209,0.5586878523833931,-6.553672316384174,15.96130223487568,0.1017426960533059,0.6729882111737571
2026-10-01,6210,0.5586878523833931,-3.2432432432432545,11.452509704248866,0.2703741670937981,0.822142491030241
2026-10-01,6212,0.5586878523833931,-7.725323902717907,13.64341558412064,-0.4820604818042029,0.03946694003075346
2026-10-01,6213,0.5586878523833931,-1.078582434514641,26.012461059190027,0.0076883649410559,0.5304971809328549
2026-10-01,6214,0.5586878523833931,-3.076923076923077,7.142857142857142,-0.6099436186570989,0.019477191184008202
2026-10-01,6215,0.5586878523833931,-7.962085308056876,10.813594232749743,0.1086622245002563,0.6822142491030241
2026-10-01,6216,0.5586878523833931,-4.358351744097167,7.088605663444422,0.2488467452588416,0.8070220399794977
2026-10-01,6217,0.5586878523833931,-17.102137767220903,31.23209169054441,0.7145053818554588,0.9974372116863147
2026-10-01,6218,0.5586878523833931,-8.985507246376812,43.789808917197455,-0.1267298821117376,0.31804202972834444
2026-10-01,6219,0.5586878523833931,-5.000000000000004,9.311737801864547,-0.0023065094823166,0.5064069707842133
2026-10-01,6220,0.5586878523833931,-2.879075850388302,4.940711462450593,0.1564582265504869,0.7324449000512557
2026-10-01,6221,0.5586878523833931,-8.702069006182512,41.68013417085268,-0.247565351101999,0.1670937980522809
2026-10-01,6223,0.5586878523833931,-16.996699669966997,21.17296222664016,-0.0827780625320348,0.3767298821117376
2026-10-01,6224,0.5586878523833931,-11.961209791735604,22.3990245431552,-0.596873398257304,0.022039979497693492
2026-10-01,6225,0.5586878523833931,-16.374999999999996,57.39910541984889,-0.1299333675038442,0.3141978472578165
2026-10-01,6226,0.5586878523833931,0.0,38.75000079472859,-0.0417734495130702,0.43644284982060483
2026-10-01,6227,0.5586878523833931,-5.841924398625431,25.18248175182482,-0.2904920553562276,0.13582778062532036
2026-10-01,6228,0.5586878523833931,-11.893205515052186,23.69146636038116,0.2478216299333675,0.805740645822655
2026-10-01,6229,0.5586878523833931,-1.629324845178448,8.074529422736317,0.1922091235263966,0.7596104561763198
2026-10-01,6230,0.5586878523833931,-6.72268907563025,12.162162162162163,-0.019861609431061,0.47206560738083037
2026-10-01,6231,0.5586878523833931,-3.0674846625766916,17.088607594936708,0.3267555099948743,0.8687852383393132
2026-10-01,6233,0.5586878523833931,-3.877551020408166,19.108280254777068,0.2785750896975909,0.8323936442849821
2026-10-01,6234,0.5586878523833931,-6.611566883130104,24.52590884511299,0.270374167093798,0.8216299333675039
2026-10-01,6235,0.5586878523833931,-3.926380368098159,8.173692881071402,0.1663249615581752,0.7411583803177858
2026-10-01,6236,0.5586878523833931,-2.0942408376963484,25.133691879517272,-0.0920041004613019,0.362890825217837
2026-10-01,6237,0.5586878523833931,-5.648268857115745,16.054425920758927,0.4046642747309073,0.920553562275756
2026-10-01,6239,0.5586878523833931,-3.14569536423841,13.675213675213676,0.1009738595592004,0.671963095848283
2026-10-01,6240,0.5586878523833931,-10.442477876106192,27.470358746796258,0.0153767298821116,0.5425422860071758
2026-10-01,6241,0.5586878523833931,-7.714285714285718,15.479876160990711,0.1915684264479754,0.7590978985135828
2026-10-01,6243,0.5586878523833931,-2.406738868832736,12.946980919702714,0.1447975397232188,0.7219374679651461
2026-10-01,6244,0.5586878523833931,-4.980081125387348,14.255763599707644,0.2375704766786264,0.7970271655561251
2026-10-01,6245,0.5586878523833931,-2.538629705140738,16.421291053227634,-0.150179395181958,0.2852383393131727
2026-10-01,6246,0.5586878523833931,-8.63309101771872,11.023619043545446,-0.1491542798564838,0.2870322911327524
2026-10-01,6248,0.5586878523833931,-0.5763688760807018,4.637685582257708,0.1000768836494105,0.6709379805228088
2026-10-01,6257,0.5586878523833931,-2.471482889733845,23.00194931773879,-0.0030753459764223,0.5048692977960021
2026-10-01,6259,0.5586878523833931,-2.453987730061346,15.25157232704403,0.4943618657098924,0.9666837519220912
2026-10-01,6261,0.5586878523833931,-4.353079904579982,12.3893747438221,0.1968221424910302,0.7637109174782163
2026-10-01,6263,0.5586878523833931,-6.017191977077363,13.719512195121952,0.2885699641209636,0.841107124551512
2026-10-01,6264,0.5586878523833931,-0.6589813925891308,2.8192384128349137,-0.1788826242952332,0.2424397744746284
2026-10-01,6265,0.5586878523833931,-14.496525512709235,21.928932461036645,0.4136340338288057,0.9272168118913378
2026-10-01,6266,0.5586878523833931,-0.9920664895658238,3.2064174124616422,-0.2329574577139928,0.18298308559712967
2026-10-01,6269,0.5586878523833931,-12.751677852348998,17.692307692307693,0.1417221937467965,0.717068170169144
2026-10-01,6270,0.5586878523833931,-1.9261637239165297,11.45662972657848,0.337262942080984,0.875961045617632
2026-10-01,6271,0.5586878523833931,-6.3008130081300795,13.882863340563992,0.1368528959507944,0.7083546899026141
2026-10-01,6272,0.5586878523833931,-19.23077120583434,24.60317763071212,-0.261660686827268,0.15633008713480268
2026-10-01,6274,0.5586878523833931,-0.967741935483868,17.91530944625407,0.1806765761148129,0.7503844182470528
2026-10-01,6275,0.5586878523833931,-2.9652382017033907,9.167549607625624,0.1158380317785751,0.6881086622245003
2026-10-01,6276,0.5586878523833931,-6.4285714285714395,11.195932635824189,0.2917734495130702,0.8446950281906714
2026-10-01,6277,0.5586878523833931,-5.128206895761512,7.979413870832327,-0.2885699641209635,0.13634033828805742
2026-10-01,6278,0.5586878523833931,-2.914798206278024,20.092378752886837,-0.0643259866735007,0.39876986160943106
2026-10-01,6279,0.5586878523833931,-11.71875,15.929203539823009,0.3293182983085597,0.8713480266529985
2026-10-01,6281,0.5586878523833931,-1.1605430446522402,2.152643371701471,-0.2250128139415684,0.19169656586365966
2026-10-01,6282,0.5586878523833931,-3.884571069250775,8.083140877598154,0.4185033316248077,0.929267042542286
2026-10-01,6283,0.5586878523833931,-5.159706937528286,13.212441162741865,0.5335725269092773,0.9810353664787289
2026-10-01,6284,0.5586878523833931,-2.073170731707319,11.083439011057168,0.4613018964633521,0.9528446950281907
2026-10-01,6285,0.5586878523833931,-6.547619047619047,15.286624203821656,0.2775499743721168,0.8308559712967709
2026-10-01,6290,0.5586878523833931,-4.80274442538593,16.756756756756758,0.0648385443362378,0.6248077908764736
2026-10-01,6291,0.5586878523833931,-9.276437847866417,23.619631901840492,-0.3639159405433112,0.0840594566888775
2026-10-01,6292,0.5586878523833931,-2.325585727887447,13.690483002435592,-0.1875961045617631,0.23423885187083546
2026-10-01,6294,0.5586878523833931,-5.536910333234301,6.3943134531458155,-0.3031778575089698,0.12660174269605332
2026-10-01,6405,0.5586878523833931,-9.98003717845185,28.82483370288248,0.4251665812403895,0.9328549461814454
2026-10-01,6409,0.5586878523833931,-13.913043478260867,21.21212121212121,0.4541260891850333,0.9492567913890313
2026-10-01,6411,0.5586878523833931,-5.084744009331866,8.673463548932755,0.2364172219374679,0.7954894925679139
2026-10-01,6412,0.5586878523833931,-6.7500000000000115,9.919573090990491,0.2898513582778063,0.8421322398769862
2026-10-01,6414,0.5586878523833931,-1.8292682926829285,11.5527950310559,0.1619682214249103,0.7380830343413634
2026-10-01,6415,0.5586878523833931,-7.8125,15.254237288135592,0.0130702203997949,0.5397232188621219
2026-10-01,6416,0.5586878523833931,-2.822580645161288,23.65145228215767,-0.2970271655561251,0.13070220399794977
2026-10-01,6417,0.5586878523833931,-5.555555555555558,7.84313725490196,0.3288057406458226,0.8703229113275244
2026-10-01,6418,0.5586878523833931,-5.601088960620027,11.866855207296943,-0.3093285494618144,0.11814454126089186
2026-10-01,6419,0.5586878523833931,-4.024767801857587,11.935483870967742,0.0420297283444386,0.5835468990261404
2026-10-01,6423,0.5586878523833931,0.0,16.63135916499769,0.0550999487442337,0.6089185033316248
2026-10-01,6425,0.5586878523833931,-3.558718861209964,30.38130568988795,0.0476678626345463,0.5948231676063557
2026-10-01,6426,0.5586878523833931,-17.597087378640776,48.01178203240059,-0.5179395181957971,0.030753459764223477
2026-10-01,6431,0.5586878523833931,-13.513515134740818,20.17046104777943,0.2575602255253715,0.814454126089185
2026-10-01,6432,0.5586878523833931,0.0,25.501432664756447,0.328549461814454,0.8698103536647873
2026-10-01,6435,0.5586878523833931,0.0,13.740458015267176,0.4536135315222963,0.9487442337262942
2026-10-01,6438,0.5586878523833931,-3.2352941176470584,16.717325227963524,0.0966171194259353,0.668631471040492
2026-10-01,6441,0.5586878523833931,-7.434942925250299,24.297185691006217,-0.304202972834444,0.12403895438236802
2026-10-01,6442,0.5586878523833931,-22.916666666666664,30.74324324324325,-0.1724756535110199,0.2521783700666325
2026-10-01,6443,0.5586878523833931,-7.615896373625086,26.88172043010753,0.0046130189646336,0.5256278831368529
2026-10-01,6446,0.5586878523833931,-19.310344827586217,27.77777777777778,0.185545873910815,0.7555099948744234
2026-10-01,6449,0.5586878523833931,-5.349794238683126,16.52173913043478,0.670041004613019,0.9964120963608406
2026-10-01,6451,0.5586878523833931,-18.217821782178223,26.997578692493946,0.2590978985135828,0.8159917990773962
2026-10-01,6456,0.5586878523833931,-8.150467290464702,39.02161026434959,0.0302409021014864,0.5704766786263454
2026-10-01,6461,0.5586878523833931,-18.197277850161154,25.363826949978076,-0.2952332137365454,0.13172731932342388
2026-10-01,6462,0.5586878523833931,-3.167420814479638,14.392524790541032,0.2542286007175808,0.8113787801127627
2026-10-01,6464,0.5586878523833931,-2.284267743715096,4.155850100826908,-0.4383649410558687,0.0548436699128652
2026-10-01,6465,0.5586878523833931,-13.33333333333333,18.509617218604458,0.2919015889287545,0.8452075858534085
2026-10-01,6469,0.5586878523833931,-5.294117647058815,6.67701744885178,0.1632496155817529,0.7401332649923117
2026-10-01,6470,0.5586878523833931,-2.7334885744172643,6.323186798453051,-0.2373141978472578,0.17837006663249616
2026-10-01,6472,0.5586878523833931,-4.12946428571429,12.80558789289872,-0.0197334700153767,0.47283444387493595
2026-10-01,6474,0.5586878523833931,-4.059541899777008,5.500707370774197,0.0453613531522296,0.5904664274730907
2026-10-01,6477,0.5586878523833931,-7.446804754655101,11.781604810692798,0.0995643259866734,0.6704254228600718
2026-10-01,6482,0.5586878523833931,-6.889762381152098,10.570824524312895,-0.0902101486417222,0.3664787288569964
2026-10-01,6485,0.5586878523833931,0.0,30.93270365997639,0.0809841107124551,0.6478728856996412
2026-10-01,6486,0.5586878523833931,-12.203022311365483,15.990159901599016,-0.2847257816504357,0.13915940543311123
2026-10-01,6488,0.5586878523833931,-4.405286343612335,24.23963133640553,0.3418759610456177,0.8774987186058432
2026-10-01,6491,0.5586878523833931,0.0,14.827995255041518,-0.0468990261404408,0.4259354177344951
2026-10-01,6492,0.5586878523833931,-1.0014327762492892,5.202309933701002,0.285879036391594,0.8385443362378268
2026-10-01,6494,0.5586878523833931,-7.58377549396797,15.07633878984524,0.5181957970271656,0.9741158380317786
2026-10-01,6496,0.5586878523833931,-3.643727672631647,6.932779520499606,-0.2708867247565351,0.14710404920553563
2026-10-01,6498,0.5586878523833931,-15.15527950310559,23.86530461457952,0.5940543311122501,0.9902614044079959
2026-10-01,6499,0.5586878523833931,-3.5365853658536617,17.06700379266751,0.0535622757560225,0.6068682726806766
2026-10-01,6504,0.5586878523833931,-6.532661524876371,9.946238610052292,-0.0225525371604305,0.4654023577652486
2026-10-01,6505,0.5586878523833931,-4.559270516717328,24.734605598854667,-0.0771399282419272,0.38364941055868784
2026-10-01,6506,0.5586878523833931,-1.85184987087047,5.660373245609416,-0.0153767298821116,0.4805228088159918
2026-10-01,6508,0.5586878523833931,-7.375642012576722,16.851849026150173,-0.365838031778575,0.08200922603792926
2026-10-01,6509,0.5586878523833931,-2.5948074126042275,11.782786885245905,0.2014351614556637,0.7678113787801127
2026-10-01,6510,0.5586878523833931,-23.761118170266837,32.5,-0.5098667350076883,0.033828805740645826
2026-10-01,6512,0.5586878523833931,-3.80047157271185,5.432091230227623,-0.1888774987186057,0.23167606355715017
2026-10-01,6515,0.5586878523833931,-30.1452784503632,47.31369150779896,0.2091235263967196,0.7729369554074833
2026-10-01,6516,0.5586878523833931,-5.201339854844367,8.3185786694552,-0.2567913890312659,0.15991799077396207
2026-10-01,6517,0.5586878523833931,-13.48774021808219,19.527561458077017,0.1099436186570989,0.6842644797539723
2026-10-01,6523,0.5586878523833931,-3.7634408602150504,4.4692737430167595,-0.2480779087647361,0.16555612506406972
2026-10-01,6525,0.5586878523833931,-4.545454545454541,17.582417582417584,0.6446694003075345,0.9943618657098924
2026-10-01,6526,0.5586878523833931,-3.828306264501158,30.759951749095293,-0.0043567401332649,0.5017939518195798
2026-10-01,6527,0.5586878523833931,-4.3367365557468895,7.066670735677083,-0.3325217837006664,0.10404920553562276
2026-10-01,6530,0.5586878523833931,-2.857142857142858,15.29411615109911,-0.0905945668887749,0.36596617119425934
2026-10-01,6531,0.5586878523833931,-12.394366197183093,19.078242229367632,-0.0271655561250639,0.460276781137878
2026-10-01,6532,0.5586878523833931,-3.543307086614178,29.632655552455343,0.0187083546899025,0.5489492567913891
2026-10-01,6533,0.5586878523833931,0.0,38.88130968622101,0.0102511532547411,0.5356227575602255
2026-10-01,6534,0.5586878523833931,-2.5751041060387836,4.185016984981603,-0.0972578165043567,0.3546899026140441
2026-10-01,6535,0.5586878523833931,-5.930232558139526,15.08034233404473,0.3013839056893901,0.8528959507944643
2026-10-01,6538,0.5586878523833931,-21.04700854700855,59.40460081190798,-0.7942080984110712,0.0010251153254741158
2026-10-01,6541,0.5586878523833931,-9.701492537313428,11.73553466796875,0.0802152742183495,0.64633521271143
2026-10-01,6542,0.5586878523833931,-11.33333333333334,12.781954887218047,-0.0940543311122501,0.3608405945668888
2026-10-01,6546,0.5586878523833931,-7.441860465116279,12.562814070351758,0.1355715017939518,0.7047667862634547
2026-10-01,6547,0.5586878523833931,-13.296395227168931,25.079867329460363,-0.0717580727831881,0.3900563813429011
2026-10-01,6548,0.5586878523833931,-8.333333333333337,13.286713286713288,-0.088672475653511,0.36981035366478726
2026-10-01,6550,0.5586878523833931,-13.002103680559152,56.08816419328962,-0.9497693490517684,0.0005125576627370579
2026-10-01,6552,0.5586878523833931,-0.7905108422595397,9.1633435739464,0.3421322398769861,0.8780112762685802
2026-10-01,6556,0.5586878523833931,-0.9646314398390587,4.383118121654956,0.0615069195284469,0.6184008200922604
2026-10-01,6558,0.5586878523833931,-2.312141600382311,11.439848228319155,0.3613531522296258,0.8954382368016401
2026-10-01,6560,0.5586878523833931,-8.938545545408482,17.48465906622951,-0.1389031266017426,0.2970271655561251
2026-10-01,6561,0.5586878523833931,-5.045871559633031,7.085346215780998,0.0089697590978985,0.5335725269092773
2026-10-01,6568,0.5586878523833931,-6.666666666666665,13.928571428571429,-0.0448487954894925,0.43106099436186573
2026-10-01,6569,0.5586878523833931,-1.8279569892473144,4.381161007667032,0.0920041004613018,0.6627370579190159
2026-10-01,6570,0.5586878523833931,-10.113424142836111,14.511044218462471,0.3698103536647873,0.8980010251153254
2026-10-01,6573,0.5586878523833931,-6.321837026702115,11.349689741076135,0.4930804715530497,0.96514607893388
2026-10-01,6574,0.5586878523833931,-3.658536585365857,5.485232067510549,-0.3230394669400307,0.11019989748846745
2026-10-01,6576,0.5586878523833931,-5.269461077844317,6.068271873271571,-0.2808815991799077,0.14095335725269093
2026-10-01,6577,0.5586878523833931,-0.4944375772558795,4.223602484472057,-0.1881086622245003,0.23321373654536134
2026-10-01,6578,0.5586878523833931,-10.81081081081081,13.636363636363637,-0.2975397232188621,0.1301896463352127
2026-10-01,6579,0.5586878523833931,-0.6191950464396245,11.838006230529595,0.2429523321373654,0.8026652998462327
2026-10-01,6581,0.5586878523833931,-3.57142857142857,3.7037037037037033,-0.3805740645822655,0.0743208610968734
2026-10-01,6582,0.5586878523833931,-3.095972943284664,4.792332268370607,-0.0406201947719118,0.4387493593029216
2026-10-01,6584,0.5586878523833931,-21.79675994108984,28.24858757062147,0.0492055356227575,0.5984110712455151
2026-10-01,6585,0.5586878523833931,-10.087719298245611,13.658536585365855,0.0474115838031778,0.5937980522808816
2026-10-01,6588,0.5586878523833931,-13.38582677165354,24.545454545454547,-0.3040748334187596,0.12506406970784215
2026-10-01,6589,0.5586878523833931,-2.9629629629629672,17.17557251908397,-0.1332649923116349,0.30753459764223473
2026-10-01,6590,0.5586878523833931,-13.200000000000012,28.520721810570883,-0.6540235776524859,0.012813941568426449
2026-10-01,6591,0.5586878523833931,-10.20833333333333,15.545245389650702,-0.0943106099436186,0.3600717580727832
2026-10-01,6592,0.5586878523833931,0.0,40.46121673264094,0.0128139415684264,0.5389543823680164
2026-10-01,6593,0.5586878523833931,-0.4622519550470105,3.715172640679422,-0.0427985648385443,0.4343926191696566
2026-10-01,6596,0.5586878523833931,-1.0183268628503717,5.3497910990146105,-0.1581240389543824,0.2731932342388519
2026-10-01,6597,0.5586878523833931,-16.9960490995254,22.06349448552207,-0.2706304459251666,0.1476166068682727
2026-10-01,6598,0.5586878523833931,-10.869564080248727,13.69605860611735,-0.4315735520246028,0.057919015889287544
2026-10-01,6603,0.5586878523833931,-2.931598503495536,22.14765228681116,-0.0082009226037929,0.4920553562275756
2026-10-01,6605,0.5586878523833931,-1.4184397163120588,4.676258992805756,-0.3195797027165556,0.11225012813941568
2026-10-01,6606,0.5586878523833931,-4.214560786944266,6.8000030517578125,-0.2280881599179908,0.1875961045617632
2026-10-01,6609,0.5586878523833931,-4.353079904579982,7.45890505244548,-0.1632496155817528,0.2665299846232701
2026-10-01,6612,0.5586878523833931,-0.2590673575129543,10.649350649350652,0.160430548436699,0.7365453613531522
2026-10-01,6613,0.5586878523833931,-1.0657193605683846,11.490125673249551,0.3872373141978472,0.9087647360328037
2026-10-01,6614,0.5586878523833931,-3.155008885785049,3.824369090136995,-0.1743977447462839,0.24705279343926193
2026-10-01,6615,0.5586878523833931,-4.01146551481032,4.776126235278685,-0.0583034341363403,0.4079958995386981
2026-10-01,6616,0.5586878523833931,-3.841678075971544,8.232449215203165,-0.1650435674013326,0.2629420809841107
2026-10-01,6617,0.5586878523833931,-11.409395973154355,27.27272727272727,-0.5335725269092773,0.027678113787801127
2026-10-01,6620,0.5586878523833931,-6.774193548387098,46.57439657561094,-0.0379292670425424,0.442337262942081
2026-10-01,6624,0.5586878523833931,-10.271543402248897,12.5,0.1381342901076371,0.7101486417221937
2026-10-01,6625,0.5586878523833931,-3.141363191028157,4.32433051031989,-0.0189646335212711,0.4741158380317786
2026-10-01,6629,0.5586878523833931,-5.045871559633031,8.212560386473431,-0.1178882624295233,0.3326499231163506
2026-10-01,6637,0.5586878523833931,-6.260869565217398,7.977735133693037,-0.0053818554587391,0.49974372116863147
2026-10-01,6640,0.5586878523833931,-15.909090909090908,29.27927927927928,-0.031009738595592,0.45592004100461303
2026-10-01,6641,0.5586878523833931,-4.2492897152409554,6.213013237044657,0.0481804202972834,0.5961045617631984
2026-10-01,6642,0.5586878523833931,-2.1226415094339535,11.686748826360123,0.1440287032291132,0.7201435161455664
2026-10-01,6643,0.5586878523833931,-6.463195691202872,30.13435700575815,0.0082009226037929,0.5317785750896976
2026-10-01,6645,0.5586878523833931,-6.250002629616624,12.549022599762576,0.0647104049205535,0.6242952332137366
2026-10-01,6649,0.5586878523833931,-1.7173051519154492,7.930103425056707,0.0868785238339313,0.6535110199897488
2026-10-01,6651,0.5586878523833931,-5.1446945337620615,13.559322033898304,0.0768836494105586,0.6412096360840595
2026-10-01,6654,0.5586878523833931,-7.079646017699115,16.19047619047619,0.0808559712967709,0.6473603280369041
2026-10-01,6657,0.5586878523833931,-16.41025641025641,27.91411159960039,-0.3657098923628907,0.08303434136340339
2026-10-01,6658,0.5586878523833931,-8.121827411167516,19.060773480662984,0.4564325986673501,0.9510507432086109
2026-10-01,6662,0.5586878523833931,-3.3898305084745783,7.017543859649122,-0.0577908764736033,0.4090210148641722
2026-10-01,6664,0.5586878523833931,-5.350318471337578,17.362045760430686,0.1911840082009225,0.7580727831881087
2026-10-01,6666,0.5586878523833931,-1.6603687424954217e-06,7.508162704982488,-0.0966171194259354,0.35622757560225526
2026-10-01,6667,0.5586878523833931,-3.153988868274582,20.88122605363985,-0.2631983598154792,0.15581752947206562
2026-10-01,6668,0.5586878523833931,-12.93899939289197,31.422503688026637,-0.4689902614044081,0.04664274730907227
2026-10-01,6669,0.5586878523833931,-26.608695652173907,37.91469194312796,0.1932342388518708,0.761148129164531
2026-10-01,6670,0.5586878523833931,-3.730017761989346,4.797047970479705,-0.2169400307534598,0.1998974884674526
2026-10-01,6671,0.5586878523833931,-2.765957446808509,4.157552573039182,-0.1353152229625832,0.3034341363403383
2026-10-01,6672,0.5586878523833931,0.0,35.511713933415535,0.0210148641722193,0.5520246027678114
2026-10-01,6674,0.5586878523833931,-0.8108108108108025,16.621254445421595,-0.1309584828293184,0.3121476166068683
2026-10-01,6679,0.5586878523833931,-5.977011494252871,12.71393643031785,0.4564325986673501,0.9510507432086109
2026-10-01,6680,0.5586878523833931,-9.64912280701754,12.815531017710862,-0.5252434648898,0.0292157867760123
2026-10-01,6683,0.5586878523833931,-9.482758620689658,32.06349206349206,-0.1787544848795489,0.24295233213736545
2026-10-01,6684,0.5586878523833931,-5.293008402862021,17.36527098391108,0.1737570476678626,0.7478216299333675
2026-10-01,6689,0.5586878523833931,-14.056221388492665,22.8971915081654,-0.4800102511532547,0.040492055356227574
2026-10-01,6690,0.5586878523833931,-11.940298507462687,22.88135593220339,-0.7041260891850334,0.009226037929267043
2026-10-01,6691,0.5586878523833931,-2.0053475935828846,20.463847203274216,0.1481291645310097,0.7252690927729369
2026-10-01,6692,0.5586878523833931,-4.158001117603227,7.375266184775793,-0.3093285494618144,0.11814454126089186
2026-10-01,6693,0.5586878523833931,-4.921700223713643,28.47058823529412,0.411327524346489,0.9251665812403895
2026-10-01,6695,0.5586878523833931,-2.464788732394363,20.216609252488997,0.1422347514095335,0.7175807278318811
2026-10-01,6697,0.5586878523833931,-4.418604651162783,7.2992700729927,-0.4291389031266017,0.058944131214761664
2026-10-01,6698,0.5586878523833931,-4.867260919204719,9.302331495654675,0.3587903639159405,0.8928754484879549
2026-10-01,6703,0.5586878523833931,-2.898550724637683,3.9800995024875623,-0.1369810353664786,0.300871348026653
2026-10-01,6706,0.5586878523833931,-8.03571428571429,30.74433656957929,-0.133264992311635,0.3070220399794977
2026-10-01,6708,0.5586878523833931,0.0,35.21126894883706,0.0156330087134803,0.5438236801640185
2026-10-01,6712,0.5586878523833931,-0.917431192660545,7.4074074074074066,0.0876473603280368,0.6545361353152229
2026-10-01,6715,0.5586878523833931,-5.526590198123049,37.969094922737305,-0.0953357252690927,0.3575089697590979
2026-10-01,6716,0.5586878523833931,-14.855072463768115,21.70212765957447,-0.1117375704766786,0.3388006150691953
2026-10-01,6719,0.5586878523833931,-4.325699745547073,10.372340425531917,0.3718605843157354,0.9000512557662738
2026-10-01,6720,0.5586878523833931,-6.296296296296299,7.114624505928854,-0.1365966171194259,0.3018964633521271
2026-10-01,6721,0.5586878523833931,-3.088801661440599,4.88047960744911,0.0845720143516146,0.6504356740133265
2026-10-01,6722,0.5586878523833931,-3.5608330438351765,5.5384650597205525,-0.0468990261404407,0.4267042542286007
2026-10-01,6725,0.5586878523833931,-5.353319057815842,12.669683257918551,0.5294720656073808,0.9794976934905176
2026-10-01,6727,0.5586878523833931,-19.338842975206617,29.098360655737704,0.3577652485904664,0.8918503331624807
2026-10-01,6728,0.5586878523833931,0.0,2.752293577981652,-0.0981547924141466,0.35417734495130704
2026-10-01,6730,0.5586878523833931,-2.4242424242424176,4.658385093167702,0.0522808815991799,0.6045617631983599
2026-10-01,6732,0.5586878523833931,-0.9771986970684045,6.907894736842106,0.3303434136340338,0.872116863147104
2026-10-01,6733,0.5586878523833931,-9.92780031478826,11.422847220319548,-0.0709892362890824,0.3928754484879549
2026-10-01,6735,0.5586878523833931,-4.434907010014322,16.31736526946109,0.4853921066119938,0.9625832906201948
2026-10-01,6739,0.5586878523833931,-19.34306569343066,29.411764705882355,0.3194515633008714,0.8621219887237315
2026-10-01,6741,0.5586878523833931,-8.099173553719009,9.892086330935252,-0.1770886724756535,0.2450025627883137
2026-10-01,6742,0.5586878523833931,-5.119451454330582,27.158270636908444,0.2134802665299845,0.7770374167093798
2026-10-01,6743,0.5586878523833931,0.0,17.31343055838969,0.0253716043054844,0.5607380830343414
2026-10-01,6751,0.5586878523833931,-2.7624309392265234,9.886360168457031,-0.139543823680164,0.29574577139928243
2026-10-01,6752,0.5586878523833931,-8.815165876777254,10.914760914760912,-0.3308559712967708,0.10609943618657099
2026-10-01,6753,0.5586878523833931,-6.338028169014088,9.022556390977442,0.1929779600205023,0.7601230138390569
2026-10-01,6754,0.5586878523833931,-5.202312138728327,6.707317073170732,-0.2852383393131727,0.13839056893900564
2026-10-01,6756,0.5586878523833931,-7.109004739336489,12.244897959183673,0.1062275756022553,0.6796514607893388
2026-10-01,6757,0.5586878523833931,-5.150975624084142,6.928840380036429,0.0164018452075858,0.5451050743208611
2026-10-01,6761,0.5586878523833931,-13.6482939632546,18.541033434650455,0.300358790363916,0.8508457201435161
2026-10-01,6762,0.5586878523833931,-7.14285714285714,7.6923076923076925,-0.3930035879036391,0.07022039979497693
2026-10-01,6763,0.5586878523833931,-3.5128822860381437,6.310685167034852,-0.1040492055356227,0.34648898001025114
2026-10-01,6767,0.5586878523833931,-5.202314925814788,15.040653507883956,-0.1262173244490005,0.3193234238851871
2026-10-01,6768,0.5586878523833931,-2.012381586420442,5.529225908372828,0.2196309584828292,0.7826755509994875
2026-10-01,6770,0.5586878523833931,-1.1936359518109674,11.677858493472106,0.022296258329062,0.5558687852383393
2026-10-01,6771,0.5586878523833931,-0.2320185614849257,4.8837209302325615,-0.1706817016914402,0.2539723218862122
2026-10-01,6776,0.5586878523833931,-1.3084112149532756,4.545457435376717,0.0224243977447462,0.5566376217324449
2026-10-01,6781,0.5586878523833931,-12.393162393162394,18.341463414634145,0.4674525884161968,0.955407483341876
2026-10-01,6782,0.5586878523833931,-5.566600397614319,13.473684210526317,-0.0531778575089698,0.41363403382880576
2026-10-01,6785,0.5586878523833931,-11.759259259259258,18.258133815192977,-0.0471553049718093,0.42439774474628394
2026-10-01,6788,0.5586878523833931,-8.575197889182062,17.604617604617605,0.658892875448488,0.9953869810353665
2026-10-01,6789,0.5586878523833931,-4.678362573099415,17.995910020449898,0.296514607893388,0.8482829318298308
2026-10-01,6790,0.5586878523833931,-1.5686274509803977,1.8592317740755728,-0.1660686827268068,0.26140440799589953
2026-10-01,6791,0.5586878523833931,-3.8277511961722466,6.965174129353234,0.0287032291132752,0.566376217324449
2026-10-01,6792,0.5586878523833931,-6.349206349206349,9.830507181458554,-0.0629164531009738,0.3997949769349052
2026-10-01,6794,0.5586878523833931,-5.791502091357536,10.245897470276208,-0.0715017939518195,0.3910814966683752
2026-10-01,6796,0.5586878523833931,-13.376834158430162,22.22222078542476,0.5271655561250641,0.9784725781650435
2026-10-01,6799,0.5586878523833931,-1.600853788687295,17.787415345165066,0.3036904151717068,0.8552024602767812
2026-10-01,6803,0.5586878523833931,-1.6574585635359074,2.4344569288389515,-0.1928498206048181,0.2255253716043055
2026-10-01,6804,0.5586878523833931,-2.1333333333333204,6.267027893897947,-0.2644797539723219,0.15376729882111737
2026-10-01,6805,0.5586878523833931,-13.090909090909086,30.962343096234303,-0.3915940543311123,0.07073295745771399
2026-10-01,6807,0.5586878523833931,-5.555557662438348,9.287925696594428,-0.2031009738595591,0.21168631471040492
2026-10-01,6811,0.5586878523833931,-10.642201834862384,21.971252566735114,-0.7701178882624296,0.0046130189646335215
2026-10-01,6821,0.5586878523833931,-2.873563218390806,9.467455621301776,0.4620707329574577,0.9533572526909277
2026-10-01,6823,0.5586878523833931,-5.451708901269681,14.82701183740154,0.2688364941055869,0.8200922603792927
2026-10-01,6829,0.5586878523833931,-22.64150943396226,30.48780487804878,-0.0932854946181445,0.3618657098923629
2026-10-01,6830,0.5586878523833931,-17.160686427457094,24.858757062146893,-0.3480266529984623,0.09328549461814455
2026-10-01,6831,0.5586878523833931,-23.83627608346709,32.34984193888303,0.013582778062532,0.5402357765248591
2026-10-01,6834,0.5586878523833931,-1.2396694214875992,28.451882845188287,0.0886724756535111,0.6565863659661711
2026-10-01,6835,0.5586878523833931,-1.8897637795275648,5.9390060400312255,-0.083803177857509,0.37467965146078935
2026-10-01,6838,0.5586878523833931,-3.189492047644349,14.534883720930234,0.021783700666325,0.5540748334187596
2026-10-01,6840,0.5586878523833931,-10.941704035874444,24.874115758552055,-0.4725781650435674,0.04459251665812404
2026-10-01,6841,0.5586878523833931,-3.878583473861718,14.561403508771924,0.3744233726294209,0.902614044079959
2026-10-01,6843,0.5586878523833931,-3.513170709480107,5.591671550537426,-0.2160430548436699,0.2009226037929267
2026-10-01,6844,0.5586878523833931,-4.651163999092844,7.142861130345573,0.0955920041004613,0.6676063557150179
2026-10-01,6846,0.5586878523833931,-2.504176106290834,7.36301892424283,-0.1063557150179395,0.34392619169656585
2026-10-01,6854,0.5586878523833931,-9.029126213592232,16.86232983111826,0.3785238339313173,0.9033828805740646
2026-10-01,6856,0.5586878523833931,-6.598408902383602,8.404386755029119,-0.1668375192209124,0.2590978985135828
2026-10-01,6859,0.5586878523833931,-6.5891472868217065,17.012448132780083,-0.0763710917478216,0.3849308047155305
2026-10-01,6861,0.5586878523833931,-10.01540832049307,50.0,0.2142491030240901,0.7775499743721168
2026-10-01,6862,0.5586878523833931,-3.401360544217691,12.323943661971832,0.4256791389031265,0.9333675038441824
2026-10-01,6863,0.5586878523833931,-11.981566820276502,18.42931777394879,-0.0722706304459251,0.389543823680164
2026-10-01,6865,0.5586878523833931,-6.429777617989374,18.44484077439817,-0.2229625832906203,0.19374679651460788
2026-10-01,6869,0.5586878523833931,-5.706519784233244,16.138324132913816,0.0143516145566375,0.5417734495130703
2026-10-01,6870,0.5586878523833931,-7.499999999999996,20.66772655007949,-0.4677088672475653,0.04715530497180933
2026-10-01,6872,0.5586878523833931,-14.972271169278784,55.217386328655735,-0.7916453100973859,0.0020502306509482316
2026-10-01,6873,0.5586878523833931,-5.431758894141614,7.805600959878957,0.0492055356227575,0.5984110712455151
2026-10-01,6874,0.5586878523833931,-8.137599639059923,12.977784330194645,0.4087647360328036,0.9241414659149154
2026-10-01,6875,0.5586878523833931,-13.774102870932817,20.287537498596,-0.1014864172219374,0.3500768836494106
2026-10-01,6877,0.5586878523833931,0.0,23.104693140794225,0.0676576114812916,0.627883136852896
2026-10-01,6881,0.5586878523833931,-0.462962962962965,2.7906976744186047,-0.0789338800615069,0.38083034341363403
2026-10-01,6884,0.5586878523833931,-3.384615384615386,10.03184591888622,-0.2870322911327523,0.13736545361353153
2026-10-01,6885,0.5586878523833931,-4.545454545454541,31.269842480856276,-0.0814966683751922,0.3777549974372117
2026-10-01,6887,0.5586878523833931,-4.767875901814566,8.827400458817111,-0.4753972321886212,0.04254228600717581
2026-10-01,6890,0.5586878523833931,-19.293478260869566,25.925925925925924,0.3025371604305484,0.8539210661199385
2026-10-01,6894,0.5586878523833931,-5.882352941176472,14.305555555555555,-0.3764736032803689,0.07790876473603281
2026-10-01,6895,0.5586878523833931,-9.036144578313255,19.867549668874172,0.2737057919015889,0.8257303946694003
2026-10-01,6899,0.5586878523833931,-8.163267905969063,10.50505204634233,-0.0407483341875961,0.437980522808816
2026-10-01,6901,0.5586878523833931,-3.757225433526024,16.816816816816825,0.3318810866222449,0.8728856996412097
2026-10-01,6902,0.5586878523833931,-15.300546448087427,40.32258064516129,-0.4359302921578677,0.056381342901076374
2026-10-01,6903,0.5586878523833931,-3.3639143730886834,11.708860759493673,0.4669400307534597,0.9543823680164019
2026-10-01,6906,0.5586878523833931,-5.298756606479604,15.238089788527716,-0.2421834956432599,0.1735007688364941
2026-10-01,6907,0.5586878523833931,-5.700712589073631,18.89168765743073,0.0427985648385442,0.5853408508457202
2026-10-01,6908,0.5586878523833931,-14.33021399620812,20.7272685657848,-0.0389543823680164,0.4407995899538698
2026-10-01,6909,0.5586878523833931,-2.840909090909094,10.877196551763523,0.2819067145053818,0.8339313172731933
2026-10-01,6910,0.5586878523833931,-1.4705882352941124,11.567162755709973,0.048436699128652,0.5971296770886725
2026-10-01,6913,0.5586878523833931,-20.370370370370377,30.620155038759687,0.126986160943106,0.699128651973347
2026-10-01,6914,0.5586878523833931,-4.0650406504065035,4.23728813559322,-0.0768836494105587,0.3844182470527934
2026-10-01,6916,0.5586878523833931,-9.090910795040063,13.513513513513514,0.2188621219887236,0.7811378780112763
2026-10-01,6918,0.5586878523833931,-7.624999999999993,10.01353386451814,-0.1491542798564838,0.2870322911327524
2026-10-01,6919,0.5586878523833931,-13.551912568306012,17.951955686779,0.0707329574577139,0.6330087134802665
2026-10-01,6921,0.5586878523833931,-4.871064331095587,15.66265290042004,-0.1927216811891337,0.22603792926704255
2026-10-01,6922,0.5586878523833931,-3.913043478260869,21.945701357466064,0.0420297283444386,0.5835468990261404
2026-10-01,6923,0.5586878523833931,-4.942967617813954,6.133331298828125,-0.2544848795489492,0.16094310609943618
2026-10-01,6924,0.5586878523833931,-6.944444444444442,23.50746268656717,-0.4095335725269092,0.06432598667350077
2026-10-01,6925,0.5586878523833931,-9.87500000000001,42.7184455437733,0.0002562788313685,0.5151204510507432
2026-10-01,6928,0.5586878523833931,-4.7131132643826845,9.032259705246137,0.2693490517683239,0.8206048180420298
2026-10-01,6931,0.5586878523833931,-6.377856283320648,8.868896562826357,-0.1103280369041517,0.34033828805740646
2026-10-01,6933,0.5586878523833931,-2.472187886279354,31.432192648922687,0.0076883649410558,0.5299846232701179
2026-10-01,6934,0.5586878523833931,-8.292682926829265,13.563825729045462,-0.0338288057406459,0.45053818554587394
2026-10-01,6936,0.5586878523833931,-3.3232583831721785,4.999995231628418,-0.0743208610968734,0.3869810353664787
2026-10-01,6937,0.5586878523833931,-4.437400950871629,12.603648424543948,-0.2169400307534599,0.19938493080471553
2026-10-01,6944,0.5586878523833931,-0.8674101610904539,16.375,0.0666324961558174,0.6263454638646848
2026-10-01,6945,0.5586878523833931,-4.026845637583898,39.16083916083916,-0.0429267042542286,0.433623782675551
2026-10-01,6947,0.5586878523833931,-3.5211267605633756,6.569343065693431,0.2341107124551512,0.7929267042542286
2026-10-01,6949,0.5586878523833931,-39.68254080631427,68.11741199570629,0.0744490005125576,0.6376217324449001
2026-10-01,6951,0.5586878523833931,-3.6111111111110983,4.17867655025779,-0.1458226550486929,0.2911327524346489
2026-10-01,6952,0.5586878523833931,-2.7568959494035483,7.474230736801306,-0.3370066632496155,0.10046130189646335
2026-10-01,6953,0.5586878523833931,-1.9417475728155331,14.85148514851485,0.1203229113275243,0.6934905176832393
2026-10-01,6955,0.5586878523833931,-8.899521531100474,12.710082430799469,0.1973347001537673,0.7647360328036904
2026-10-01,6957,0.5586878523833931,-4.0000000000000036,48.4375,-0.0007688364941056,0.5117888262429523
2026-10-01,6958,0.5586878523833931,-0.2272727272727315,22.551256323186575,0.0153767298821116,0.5425422860071758
2026-10-01,6961,0.5586878523833931,-5.456352068693615,6.925504830551548,0.0812403895438236,0.6483854433623782
2026-10-01,6962,0.5586878523833931,-0.5997001499250421,9.803920417889216,0.3195797027165556,0.862890825217837
2026-10-01,6965,0.5586878523833931,-15.84553757111159,19.936706446394133,-0.0417734495130702,0.43644284982060483
2026-10-01,6967,0.5586878523833931,-2.4556657255345726,14.965041367324083,0.2878011276268579,0.840594566888775
2026-10-01,6968,0.5586878523833931,-1.6607390285599877,2.6538052806233035,-0.2009226037929267,0.21373654536135314
2026-10-01,6969,0.5586878523833931,-18.0349966371109,22.82430714574354,-0.4451563300871348,0.05074320861096873
2026-10-01,6971,0.5586878523833931,-12.73408489058463,15.021462501886068,-0.0308815991799077,0.4566888774987186
2026-10-01,6982,0.5586878523833931,-7.929967657181047,12.416105675750662,0.4364428498206048,0.9415684264479754
2026-10-01,6983,0.5586878523833931,-3.28767123287671,7.0821529745042495,-0.0863659661711943,0.37211686314710407
2026-10-01,6986,0.5586878523833931,-5.1724169115389795,15.909090909090908,-0.0458739108149666,0.4284982060481804
2026-10-01,6988,0.5586878523833931,-6.799999999999995,10.72961373390558,-0.3150948231676063,0.11430035879036392
2026-10-01,6994,0.5586878523833931,-19.80742441914279,36.87820958027913,0.8459764223475141,1.0
2026-10-01,6996,0.5586878523833931,-9.35828877005348,13.569321533923304,0.2245002562788313,0.7860071758072783
2026-10-01,7402,0.5586878523833931,-9.04977375565611,11.840797538187967,0.3705791901588928,0.8985135827780625
2026-10-01,7547,0.5586878523833931,-5.735294117647072,31.435259790762725,0.0561250640697078,0.6099436186570989
2026-10-01,7556,0.5586878523833931,-4.021937842778788,13.904761904761903,0.0820092260379292,0.6488980010251153
2026-10-01,7584,0.5586878523833931,-1.7182143467878277,12.237762237762237,-0.1281394156842644,0.3157355202460277
2026-10-01,7610,0.5586878523833931,-17.972350230414747,36.51685393258427,-0.1945156330087134,0.22091235263967196
2026-10-01,7631,0.5586878523833931,-5.211726384364823,14.0893470790378,0.3536647872885698,0.8898001025115325
2026-10-01,7642,0.5586878523833931,-12.226508779106338,15.102634821469474,0.0530497180932855,0.606099436186571
2026-10-01,7689,0.5586878523833931,-7.73638968481375,13.664596273291924,0.5412608918503332,0.982060481804203
2026-10-01,7703,0.5586878523833931,-5.5299539170506895,18.536585365853657,-0.2037416709379804,0.2106611993849308
2026-10-01,7704,0.5586878523833931,-5.116279069767438,9.640525369083178,-0.3403382880574064,0.09841107124551512
2026-10-01,7705,0.5586878523833931,-2.3026303530069514,3.0303017458931767,-0.217580727831881,0.19784725781650436
2026-10-01,7708,0.5586878523833931,-1.3903743315508033,2.1691973969631237,-0.1553049718093285,0.2780625320348539
2026-10-01,7709,0.5586878523833931,-9.684210526315796,28.7878752310515,-0.4195284469502819,0.05996924654023578
2026-10-01,7711,0.5586878523833931,-8.740740740740737,38.47402597402597,0.0584315735520245,0.6125064069707842
2026-10-01,7712,0.5586878523833931,-1.1695906432748535,17.45562130177515,0.3241927216811892,0.866735007688365
2026-10-01,7713,0.5586878523833931,-0.9333333333333416,2.6917900403768504,-0.2252690927729369,0.1911840082009226
2026-10-01,7714,0.5586878523833931,-10.789473684210527,20.943952802359885,-0.3528959507944644,0.08867247565351102
2026-10-01,7715,0.5586878523833931,-6.589787006035197,12.87477819587398,0.4133777549974372,0.9267042542286007
2026-10-01,7716,0.5586878523833931,-0.4158004158004269,4.384133611691026,-0.0917478216299334,0.36442849820604817
2026-10-01,7717,0.5586878523833931,-12.678288431061802,40.29038112522686,-0.4992311635058944,0.03511019989748847
2026-10-01,7718,0.5586878523833931,-3.055849820074119,4.021744106126868,-0.0889287544848795,0.3690415171706817
2026-10-01,7721,0.5586878523833931,-3.281250000000002,12.924071082390952,0.1204510507432086,0.6940030753459764
2026-10-01,7722,0.5586878523833931,-8.931698774080566,11.153846153846157,0.1076371091747821,0.68118913377755
2026-10-01,7723,0.5586878523833931,-11.62227439644422,13.424651263511343,0.0397232188621219,0.5817529472065608
2026-10-01,7728,0.5586878523833931,-9.103641456582634,22.342064714946073,0.1084059456688877,0.681701691440287
2026-10-01,7730,0.5586878523833931,-1.269035532994922,15.938303341902312,0.061506919528447,0.6191696565863659
2026-10-01,7732,0.5586878523833931,-4.734572586413011,6.174696497170321,-0.2685802152742184,0.15120451050743208
2026-10-01,7734,0.5586878523833931,-10.702875399361025,25.939177101967797,0.3646847770374167,0.8969759097898513
2026-10-01,7736,0.5586878523833931,-3.1029640035704187,4.221254040580649,-0.1579958995386981,0.274218349564326
2026-10-01,7738,0.5586878523833931,-13.091922005571032,16.346153846153847,-0.055740645822655,0.4120963608405946
2026-10-01,7740,0.5586878523833931,-24.07407407407407,32.19512195121951,-0.0425422860071758,0.4351614556637622
2026-10-01,7743,0.5586878523833931,-2.7237382963384404,18.800003051757812,-0.3084315735520246,0.11891337775499744
2026-10-01,7744,0.5586878523833931,-6.118881118881115,17.59776536312849,-0.1683751922091235,0.2573039466940031
2026-10-01,7747,0.5586878523833931,-3.463203463203468,4.0358744394618835,-0.3056125064069708,0.12147616606868272
2026-10-01,7749,0.5586878523833931,-2.4301336573511523,18.55541718555417,0.1371091747821631,0.7088672475653511
2026-10-01,7750,0.5586878523833931,-23.43434343434343,32.71767810026385,0.0046130189646335,0.5246027678113788
2026-10-01,7751,0.5586878523833931,-3.834808259587019,23.92638036809816,0.2924141465914915,0.8457201435161456
2026-10-01,7753,0.5586878523833931,-3.120755825617494,4.481788442916228,0.0635571501793951,0.6219887237314198
2026-10-01,7757,0.5586878523833931,-5.408274535217772,8.295965836187099,0.0781650435674014,0.6427473090722706
2026-10-01,7760,0.5586878523833931,-2.985074626865669,6.923076923076923,-0.0859815479241415,0.3726294208098411
2026-10-01,7765,0.5586878523833931,-9.03846153846154,19.23890063424947,-0.5545873910814966,0.025627883136852898
2026-10-01,7768,0.5586878523833931,-3.525641025641024,19.93355481727575,0.334828293182983,0.8754484879548949
2026-10-01,7769,0.5586878523833931,-23.32402234636871,32.42258652094718,-0.1968221424910302,0.2186058431573552
2026-10-01,7770,0.5586878523833931,-3.4924347760053265,20.62725992053208,0.1389031266017426,0.7129677088672476
2026-10-01,7772,0.5586878523833931,-7.537688442211055,59.89130268926206,-0.412352639671963,0.06253203485392107
2026-10-01,7777,0.5586878523833931,-4.494380203120962,12.287583693959354,0.5230650948231677,0.9764223475140953
2026-10-01,7780,0.5586878523833931,-5.278588136850326,6.8111419677734375,0.1335212711430035,0.7032291132752435
2026-10-01,7782,0.5586878523833931,-7.706422018348624,10.934393638170976,-0.1330087134802665,0.3080471553049718
2026-10-01,7786,0.5586878523833931,-1.6597510373444035,7.59493670886076,-0.241799077396207,0.17426960533059968
2026-10-01,7788,0.5586878523833931,-14.432989690721651,25.47332185886403,-0.0001281394156842,0.5146078933880062
2026-10-01,7791,0.5586878523833931,-4.5296192626522735,4.927010083720627,-0.1210917478216299,0.32752434648898
2026-10-01,7792,0.5586878523833931,-7.064017660044152,37.173396674584325,-0.0181957970271655,0.4748846745258842
2026-10-01,7795,0.5586878523833931,-8.688245315161836,23.13432835820895,0.4686058431573552,0.955920041004613
2026-10-01,7799,0.5586878523833931,-3.3101045296167197,40.0,0.0025627883136851,0.5194771911840081
2026-10-01,7803,0.5586878523833931,-10.999999999999998,14.044943820224717,-0.0064069707842132,0.4961558175294721
2026-10-01,7805,0.5586878523833931,-6.666666666666665,7.346938775510205,-0.0451050743208611,0.4300358790363916
2026-10-01,7810,0.5586878523833931,-2.892561983471076,14.042553191489365,-0.0338288057406457,0.451050743208611
2026-10-01,7811,0.5586878523833931,-0.9433921523345434,2.993193126860119,0.0082009226037929,0.5317785750896976
2026-10-01,7814,0.5586878523833931,-5.175294569132194,6.514085850245517,0.2101486417221937,0.7739620707329574
2026-10-01,7818,0.5586878523833931,-3.376206972959861,5.15807369187747,0.0044848795489492,0.5238339313172732
2026-10-01,7819,0.5586878523833931,-9.041833484599891,10.534122365164826,-0.1736289082521783,0.24910302409021015
2026-10-01,7820,0.5586878523833931,-8.333333333333337,16.818181818181817,0.4509226037929267,0.9477191184008201
2026-10-01,7821,0.5586878523833931,-10.709841500522275,12.69177552546417,-0.1184008200922603,0.3316248077908765
2026-10-01,7822,0.5586878523833931,-2.4390243902439046,23.3,0.2738339313172732,0.8267555099948745
2026-10-01,7823,0.5586878523833931,-8.266358898112191,10.137670180376835,-0.1355715017939517,0.30240902101486417
2026-10-01,7825,0.5586878523833931,-28.36820083682009,52.21962616822431,0.0343413634033828,0.5738083034341364
2026-10-01,7827,0.5586878523833931,-3.2258064516129004,15.454545454545451,0.0492055356227576,0.5994361865709892
2026-10-01,7828,0.5586878523833931,-15.919282511210763,27.200000000000003,-0.4510507432086109,0.04971809328549462
2026-10-01,7839,0.5586878523833931,-4.017855508290968,6.279071541719658,-0.2633264992311635,0.15530497180932856
2026-10-01,7842,0.5586878523833931,-10.366972477064218,15.557826968518118,-0.1255766273705791,0.3211173757047668
2026-10-01,8011,0.5586878523833931,-3.892219959545928,8.411217330029437,0.0247309072270631,0.5597129677088672
2026-10-01,8016,0.5586878523833931,-3.993344425956735,10.051993067590988,0.4779600205023065,0.9595079446437724
2026-10-01,8021,0.5586878523833931,0.0,18.389662027833,0.0889287544848795,0.6576114812916453
2026-10-01,8024,0.5586878523833931,-10.507247613723758,17.81376363777437,-0.0498462327011788,0.4177344951307022
2026-10-01,8027,0.5586878523833931,-6.888888888888889,30.54892601431981,0.2396207073295746,0.7990773962070733
2026-10-01,8028,0.5586878523833931,-5.245346869712353,28.214285714285715,0.3113787801127626,0.8580215274218349
2026-10-01,8032,0.5586878523833931,-1.4965986394557709,7.320446204085377,0.274730907227063,0.8272680676576115
2026-10-01,8033,0.5586878523833931,-6.896551724137934,13.105413105413104,0.5545873910814967,0.9861609431060995
2026-10-01,8034,0.5586878523833931,-7.638890520044783,11.027572746563676,-0.2478216299333675,0.16658124038954383
2026-10-01,8038,0.5586878523833931,-2.449569868157686,16.543575720737742,0.2193746796514607,0.7821629933367504
2026-10-01,8039,0.5586878523833931,-11.90839694656488,25.82322357019064,0.2908764736032804,0.8439261916965659
2026-10-01,8040,0.5586878523833931,-6.926829268292678,30.18868244419058,0.1307022039979497,0.7016914402870323
2026-10-01,8042,0.5586878523833931,-4.453441295546556,19.915254237288135,0.3651973347001537,0.8974884674525884
2026-10-01,8043,0.5586878523833931,-7.35785953177257,15.162454873646208,0.689390056381343,0.9969246540235777
2026-10-01,8044,0.5586878523833931,-2.419351836769102,7.851238093100303,0.2391081496668374,0.7985648385443362
2026-10-01,8045,0.5586878523833931,-5.5267727833282265,23.126145385519024,0.0289595079446438,0.5674013326499231
2026-10-01,8046,0.5586878523833931,-2.068965517241383,30.985915492957744,0.0394669400307534,0.5812403895438237
2026-10-01,8047,0.5586878523833931,-0.9708737864077666,20.39215985466452,-0.0342132239876986,0.44951307022039977
2026-10-01,8048,0.5586878523833931,-5.046728971962622,12.598428200549028,0.4725781650435674,0.9574577139928242
2026-10-01,8049,0.5586878523833931,-0.2012072434607659,2.620964665566727,0.0166581240389543,0.5461301896463352
2026-10-01,8050,0.5586878523833931,-6.764705882352939,21.766560310821053,-0.0105074320861096,0.48641722193746795
2026-10-01,8054,0.5586878523833931,-2.9189189189189224,14.476614699331847,0.29267042542286,0.8462327011788826
2026-10-01,8059,0.5586878523833931,-23.68385536412768,35.02247476170208,-0.3815991799077396,0.07380830343413634
2026-10-01,8064,0.5586878523833931,-7.41935483870968,37.282229965156795,0.0169144028703228,0.5468990261404408
2026-10-01,8066,0.5586878523833931,-2.922075517383804,7.6923051406707135,-0.3218862121988723,0.11071245515120451
2026-10-01,8067,0.5586878523833931,-5.138337060327847,11.666663487752263,0.0894413121476165,0.6586365966171194
2026-10-01,8068,0.5586878523833931,-6.3324575969743275,19.4366240165603,0.0513839056893901,0.601742696053306
2026-10-01,8069,0.5586878523833931,-9.433962264150942,14.23611111111111,0.1583803177857509,0.734495130702204
2026-10-01,8070,0.5586878523833931,-1.9531264610122667,5.87649554370409,0.0468990261404408,0.593029215786776
2026-10-01,8071,0.5586878523833931,-9.090911956947512,15.000005201859908,0.5297283444387493,0.9800102511532548
2026-10-01,8072,0.5586878523833931,-3.639516005497656,11.3309338796053,-0.0492055356227576,0.4202972834443875
2026-10-01,8074,0.5586878523833931,-8.48056290375303,14.961389961389962,0.4856483854433624,0.9630958482829318
2026-10-01,8076,0.5586878523833931,-4.635759983286059,7.407409173470955,0.4187596104561763,0.9302921578677601
2026-10-01,8077,0.5586878523833931,-8.633879781420772,9.449760765550248,-0.0335725269092773,0.4520758585340851
2026-10-01,8080,0.5586878523833931,-8.045979315446639,9.821428571428571,-0.2929267042542286,0.13429010763710916
2026-10-01,8081,0.5586878523833931,-1.9230769230769271,6.470588235294119,0.3303434136340338,0.872116863147104
2026-10-01,8083,0.5586878523833931,-1.5723270440251569,2.8753993610223643,-0.1558175294720655,0.2767811378780113
2026-10-01,8084,0.5586878523833931,-50.612244897959194,102.47933884297522,0.0007688364941055,0.5171706817016914
2026-10-01,8085,0.5586878523833931,-9.59752108447004,15.06849184428176,0.0757303946694004,0.6386468477703742
2026-10-01,8086,0.5586878523833931,-6.122448979591832,16.52173913043478,0.6465914915427985,0.9948744233726294
2026-10-01,8087,0.5586878523833931,-12.592592592592588,18.644066180213024,0.0243464889800102,0.5589441312147616
2026-10-01,8088,0.5586878523833931,-3.5359116022099513,10.194732561144225,0.5197334700153767,0.9748846745258841
2026-10-01,8089,0.5586878523833931,-3.685505490961361,17.857142857142854,0.0932854946181445,0.6645310097385956
2026-10-01,8091,0.5586878523833931,-4.856512141280356,10.904872389791183,0.3332906201947718,0.8733982573039467
2026-10-01,8092,0.5586878523833931,-8.058605489167848,9.163343573946388,-0.1114812916453101,0.33931317273193234
2026-10-01,8093,0.5586878523833931,-11.091548101553418,23.168318342454363,0.2022039979497693,0.7683239364428498
2026-10-01,8096,0.5586878523833931,-24.24242424242424,38.971426827566965,0.6163505894413122,0.9923116350589442
2026-10-01,8097,0.5586878523833931,-6.2741298936840995,8.65087695765078,-0.0520246027678114,0.41517170681701693
2026-10-01,8099,0.5586878523833931,-2.427183261453869,6.467657895823617,-0.1307022039979497,0.31266017426960535
2026-10-01,8101,0.5586878523833931,-11.952192573210072,18.55203792520238,-0.0894413121476166,0.3682726806765761
2026-10-01,8102,0.5586878523833931,-12.721891521067686,17.457624532408637,-0.0802152742183495,0.3795489492567914
2026-10-01,8103,0.5586878523833931,-6.060606060606055,18.951612903225808,0.0448487954894925,0.5899538698103537
2026-10-01,8104,0.5586878523833931,-2.311250370742723,11.198741780470598,0.3997949769349052,0.9169656586365966
2026-10-01,8105,0.5586878523833931,-5.504589360681256,14.239487138766698,0.4982060481804203,0.9671963095848283
2026-10-01,8107,0.5586878523833931,-7.812501373700775,9.322037131099377,-0.1922091235263967,0.22706304459251667
2026-10-01,8109,0.5586878523833931,-0.6872852233676952,14.186851211072666,0.3235520246027678,0.8662224500256279
2026-10-01,8110,0.5586878523833931,-8.286249718567284,25.87268680517678,-0.0069195284469502,0.495643259866735
2026-10-01,8111,0.5586878523833931,-7.032182858851388,20.897439809945915,-0.1389031266017426,0.2970271655561251
2026-10-01,8112,0.5586878523833931,-50.27144325863458,101.20087003083208,0.000512557662737,0.5158892875448488
2026-10-01,8114,0.5586878523833931,-10.552763819095478,13.764044943820226,0.3982573039466939,0.9154279856483855
2026-10-01,8121,0.5586878523833931,0.0,24.96392496392496,0.4548949256791389,0.9497693490517684
2026-10-01,8131,0.5586878523833931,-4.725607539981924,12.95999755859375,0.4848795489492568,0.9620707329574577
2026-10-01,8147,0.5586878523833931,-10.59190031152648,25.435540069686414,0.1719630958482829,0.7452588416196823
2026-10-01,8150,0.5586878523833931,-0.4310344827586188,27.44588480367289,0.076114812916453,0.6401845207585853
2026-10-01,8155,0.5586878523833931,-15.7258064516129,22.328548644338117,-0.0356227575602255,0.44669400307534596
2026-10-01,8162,0.5586878523833931,-1.3062431145823172,15.882357429055608,0.4033828805740647,0.920041004613019
2026-10-01,8163,0.5586878523833931,-4.524178694468928,9.803921568627452,0.3985135827780625,0.9164531009738596
2026-10-01,8171,0.5586878523833931,-2.3584940799319387,9.90338717105884,-0.107124551512045,0.3426447975397232
2026-10-01,8176,0.5586878523833931,-2.8999999999999915,5.1493305870236865,-0.2109174782162993,0.20502306509482318
2026-10-01,8182,0.5586878523833931,-1.6666666666666718,19.2090395480226,0.4051768323936443,0.9220912352639672
2026-10-01,8201,0.5586878523833931,0.0,34.8441926345609,0.0220399794976934,0.5548436699128652
2026-10-01,8210,0.5586878523833931,-16.33663366336634,22.24852071005917,0.0174269605330599,0.5476678626345464
2026-10-01,8213,0.5586878523833931,-1.449275362318836,7.79411652508904,0.0604818042029727,0.6160943106099436
2026-10-01,8215,0.5586878523833931,-6.129032258064515,22.33676975945017,0.0271655561250641,0.5627883136852896
2026-10-01,8222,0.5586878523833931,-8.376286858161208,12.79887267808874,0.4287544848795489,0.9359302921578677
2026-10-01,8227,0.5586878523833931,-5.46163849154746,63.13617606602476,-0.0110199897488467,0.48564838544336236
2026-10-01,8234,0.5586878523833931,-10.38407216907693,15.396832662915427,0.3969759097898513,0.9138903126601743
2026-10-01,8240,0.5586878523833931,-4.444444444444439,26.162790697674417,0.0197334700153766,0.5504869297796002
2026-10-01,8249,0.5586878523833931,-6.078666785608833,12.309650479234415,0.4049205535622757,0.9213223987698617
2026-10-01,8255,0.5586878523833931,-0.6644518272425293,12.37458193979933,0.5499743721168632,0.9846232701178883
2026-10-01,8261,0.5586878523833931,-2.680965147453085,15.702479338842975,0.5162737057919016,0.9723218862121988
2026-10-01,8271,0.5586878523833931,-12.798264642082424,16.666666666666664,-0.0793182983085596,0.380317785750897
2026-10-01,8272,0.5586878523833931,-5.752216631584206,10.641632318869815,-0.3106099436186571,0.11737570476678626
2026-10-01,8277,0.5586878523833931,-24.390243902439025,37.74193794496599,-0.4600205023065095,0.04920553562275756
2026-10-01,8279,0.5586878523833931,-0.9803921568627416,4.9504969379689365,0.1445412608918502,0.7206560738083034
2026-10-01,8284,0.5586878523833931,-3.0129082355650705,7.100584944324381,-0.6242952332137365,0.017939518195797026
2026-10-01,8289,0.5586878523833931,0.0,21.274506812002144,0.441824705279344,0.9441312147616607
2026-10-01,8291,0.5586878523833931,-14.090909090909086,17.460320151461914,-0.0174269605330599,0.47719118400820093
2026-10-01,8299,0.5586878523833931,-10.212765957446813,21.32701421800948,-0.1055868785238339,0.34495130702203997
2026-10-01,8341,0.5586878523833931,-3.0065359477124187,3.3692722371967654,-0.1940030753459764,0.22245002562788313
2026-10-01,8342,0.5586878523833931,-5.113636363636365,8.383233532934131,0.0565094823167606,0.610456176319836
2026-10-01,8349,0.5586878523833931,0.0,17.51101153537565,0.0476678626345463,0.5948231676063557
2026-10-01,8354,0.5586878523833931,-6.944444444444442,8.059703769968516,-0.2271911840082008,0.18964633521271143
2026-10-01,8358,0.5586878523833931,-5.607476635514019,12.970297029702971,0.3018964633521271,0.8534085084572014
2026-10-01,8367,0.5586878523833931,-0.9708756202239432,3.308829139260685,-0.1532547411583803,0.2798564838544336
2026-10-01,8374,0.5586878523833931,-13.400903877021031,17.6853135286289,0.2160430548436699,0.779087647360328
2026-10-01,8383,0.5586878523833931,-3.276349071550455,10.309272732404615,-0.0337006663249616,0.45156330087134805
2026-10-01,8390,0.5586878523833931,-8.971771393184413,11.295677683546185,0.1362121988723731,0.7068170169144029
2026-10-01,8401,0.5586878523833931,-1.30434782608696,2.643173486650778,-0.1843926191696565,0.23680164018452077
2026-10-01,8403,0.5586878523833931,-1.562503911554669,2.3809564176690645,-0.1773449513070221,0.24449000512557661
2026-10-01,8404,0.5586878523833931,-19.637458531011877,25.563906906242668,0.0650948231676063,0.6253203485392107
2026-10-01,8409,0.5586878523833931,-2.439028424559042,3.0555619133843317,-0.1011019989748847,0.35058944131214764
2026-10-01,8410,0.5586878523833931,-8.852459016393443,10.611513535753428,-0.0781650435674013,0.38185545873910814
2026-10-01,8411,0.5586878523833931,-9.848483545830511,13.445373342818556,-0.2690927729369554,0.14992311635058944
2026-10-01,8415,0.5586878523833931,-5.952379054162959,9.704643496313512,0.1359559200410045,0.7057919015889288
2026-10-01,8416,0.5586878523833931,-2.0289855072463725,2.6627218934911245,-0.2339825730394669,0.1814454126089185
2026-10-01,8421,0.5586878523833931,-5.797102751288163,13.076921609731809,0.1825986673500768,0.7534597642234752
2026-10-01,8422,0.5586878523833931,-5.009279126982136,5.859375,-0.0594566888774987,0.4044079958995387
2026-10-01,8423,0.5586878523833931,-7.692307692307687,13.333331214057075,-0.1995130702203998,0.21476166068682725
2026-10-01,8426,0.5586878523833931,-2.132703191156926,6.053268765133173,-0.047027165556125,0.42542286007175806
2026-10-01,8429,0.5586878523833931,-3.1147525836561885,4.7377281382604295,0.0107637109174782,0.5366478728856996
2026-10-01,8431,0.5586878523833931,-7.965864592686933,25.038646951525067,-0.2596104561763198,0.1573552024602768
2026-10-01,8432,0.5586878523833931,-1.361870632487172,3.35305870402259,-0.1916965658636596,0.22757560225525372
2026-10-01,8433,0.5586878523833931,-4.347827409000304,5.6818181818181825,-0.1781137878011276,0.24372116863147103
2026-10-01,8435,0.5586878523833931,-0.7448803673304805,1.876172607879925,-0.1476166068682727,0.28908252178370064
2026-10-01,8436,0.5586878523833931,-8.695652173913048,11.904761904761903,0.016017426960533,0.5443362378267556
2026-10-01,8437,0.5586878523833931,-2.3041509002773353,19.339624440894955,0.1017426960533059,0.6729882111737571
2026-10-01,8438,0.5586878523833931,-2.9976036932123473,21.384428988575788,0.4023577652485904,0.9190158892875449
2026-10-01,8440,0.5586878523833931,-6.04651162790698,9.9009900990099,0.0035879036391592,0.522296258329062
2026-10-01,8442,0.5586878523833931,-3.1847102393119164,6.688594818115234,-0.4848795489492568,0.038954382368016405
2026-10-01,8443,0.5586878523833931,-2.2026464587427297,3.603608758599925,-0.2430804715530496,0.1717068170169144
2026-10-01,8446,0.5586878523833931,-1.6222514510435992,2.591289255166924,-0.1140440799589953,0.33675038441824706
2026-10-01,8450,0.5586878523833931,-2.3890759566134623,4.545451877834068,-0.0207585853408509,0.46899026140440797
2026-10-01,8454,0.5586878523833931,-5.158730158730163,7.740585774058577,-0.0558687852383392,0.411327524346489
2026-10-01,8455,0.5586878523833931,-8.677688829479091,9.502265895653627,-0.0592004100461301,0.40492055356227574
2026-10-01,8462,0.5586878523833931,-7.917888563049857,10.828025477707008,-0.2715274218349564,0.14633521271143005
2026-10-01,8463,0.5586878523833931,-1.8518535852104945,5.188681044668521,-0.168631471040492,0.256791389031266
2026-10-01,8464,0.5586878523833931,-6.330749354005172,7.448275862068964,-0.398257303946694,0.06765761148129165
2026-10-01,8466,0.5586878523833931,-9.821424476143273,21.7821731819178,0.1381342901076371,0.7101486417221937
2026-10-01,8467,0.5586878523833931,-5.775401069518726,12.599317223746986,0.2985648385443363,0.849308047155305
2026-10-01,8472,0.5586878523833931,-16.726833609328907,29.624275251620073,-0.433623782675551,0.05740645822655049
2026-10-01,8473,0.5586878523833931,-8.406056762937608,13.146794864981796,0.4238851870835469,0.9323423885187083
2026-10-01,8476,0.5586878523833931,-0.4901960784313597,8.374380478130766,0.1914402870322912,0.7585853408508457
2026-10-01,8477,0.5586878523833931,-8.090613752082575,10.915494300949756,-0.0123013839056894,0.4848795489492568
2026-10-01,8478,0.5586878523833931,-2.076124567474047,4.593639575971731,0.0276781137878011,0.5643259866735008
2026-10-01,8481,0.5586878523833931,-2.7511943972499897,3.3210294566324574,-0.2757560225525371,0.1450538185545874
2026-10-01,8482,0.5586878523833931,-4.2156862745098,9.621291224031634,-0.0101230138390568,0.4879548949256791
2026-10-01,8487,0.5586878523833931,-2.2253150096290586,2.7027048732274626,-0.1911840082009226,0.22860071758072784
2026-10-01,8488,0.5586878523833931,-13.684207637994572,17.276420825865195,-0.3049718093285495,0.12198872373141978
2026-10-01,8489,0.5586878523833931,-5.073994240532875,10.913135214213009,-0.3528959507944643,0.08918503331624808
2026-10-01,8499,0.5586878523833931,-4.119850187265916,6.640625,0.2410302409021015,0.7995899538698104
2026-10-01,8905,0.5586878523833931,-2.127659574468088,4.057975437330163,-0.4015889287544849,0.06611993849308047
2026-10-01,8906,0.5586878523833931,-5.0819672131147575,10.362694300518136,-0.4712967708867247,0.04613018964633521
2026-10-01,8908,0.5586878523833931,-1.9512195121951128,3.7365244395697297,-0.4095335725269092,0.06432598667350077
2026-10-01,8916,0.5586878523833931,-1.4423040772329476,2.5609737489281628,-0.0994361865709892,0.35263967196309587
2026-10-01,8924,0.5586878523833931,-3.106796116504862,4.909821168215337,-0.0110199897488467,0.48564838544336236
2026-10-01,8926,0.5586878523833931,-1.9966697247718048,6.960948173380464,0.110968733982573,0.6852895950794464
2026-10-01,8927,0.5586878523833931,-3.5353498183491094,7.329840934713474,0.088159917990774,0.6560738083034341
2026-10-01,8928,0.5586878523833931,-7.815634081406397,10.217392962911855,-0.2232188621219887,0.19272168118913377
2026-10-01,8929,0.5586878523833931,-1.132075471698113,3.816793893129771,0.0925166581240389,0.663249615581753
2026-10-01,8930,0.5586878523833931,-4.651163999092844,5.923347606060812,-0.2116863147104049,0.20399794976934904
2026-10-01,8931,0.5586878523833931,-3.3975118324733655,8.440802552915262,-0.4718093285494618,0.04561763198359815
2026-10-01,8932,0.5586878523833931,-4.870466321243527,12.41830231577223,0.2045105074320861,0.769861609431061
2026-10-01,8933,0.5586878523833931,-2.1276556026237903,8.260861687038258,0.2191184008200922,0.7816504356740134
2026-10-01,8935,0.5586878523833931,-5.392155093626039,20.207251909483283,0.385187083546899,0.9072270630445926
2026-10-01,8936,0.5586878523833931,-1.1257035647279423,6.261859582542689,0.0101230138390568,0.5351101998974884
2026-10-01,8937,0.5586878523833931,-21.296300002849243,31.3725564994064,-0.2324449000512558,0.18349564325986673
2026-10-01,8938,0.5586878523833931,-1.5094339622641506,4.980839988737727,-0.3725012813941568,0.07995899538698104
2026-10-01,8940,0.5586878523833931,-3.2154352707518097,6.644518272425248,0.2219374679651461,0.7847257816504357
2026-10-01,8941,0.5586878523833931,-3.193835852741933,7.053475059882501,-0.3944131214761661,0.06970784213223988
2026-10-01,8942,0.5586878523833931,-6.410259739081836,7.098386771652203,-0.2696053305996925,0.14889800102511533
2026-10-01,8996,0.5586878523833931,-6.006006006006004,32.587859424920126,-0.4351614556637622,0.05689390056381343
2026-10-01,9103,0.5586878523833931,-4.077671679197293,4.25101407626379,-0.159917990773962,0.27114300358790366
2026-10-01,9105,0.5586878523833931,-5.375143211334232,7.455622656105539,0.0166581240389543,0.5461301896463352
2026-10-01,9110,0.5586878523833931,-3.870964784651876,19.46308468812264,0.1217324449000512,0.6945156330087134
2026-10-01,9136,0.5586878523833931,-19.203541186787746,24.75356220023917,0.0902101486417222,0.6591491542798564
2026-10-01,9802,0.5586878523833931,-11.232876712328776,15.432098765432102,0.4013326499231163,0.9185033316248078
2026-10-01,9902,0.5586878523833931,-4.69314341925493,6.06060895052824,-0.1482573039466939,0.2885699641209636
2026-10-01,9904,0.5586878523833931,-0.798400172262892,4.22534904249717,-0.0732957457713993,0.3885187083546899
2026-10-01,9905,0.5586878523833931,-0.6960521687749632,2.8037311874817465,-0.1455663762173243,0.291645310097386
2026-10-01,9906,0.5586878523833931,-7.325180766162365,18.587403860151397,0.0617631983598155,0.619682214249103
2026-10-01,9907,0.5586878523833931,-4.807694635447623,6.060609913835633,-0.1076371091747822,0.34136340338288057
2026-10-01,9908,0.5586878523833931,-2.195947206394777,2.417964638823672,-0.2352639671963096,0.17990773962070733
2026-10-01,9910,0.5586878523833931,-6.267031921323696,8.866276851920194,-0.2429523321373655,0.17221937467965145
2026-10-01,9911,0.5586878523833931,-1.3317173056192289,1.7177932832870015,-0.1267298821117375,0.31881086622245003
2026-10-01,9912,0.5586878523833931,-3.717470753573604,7.3359058630512495,-0.4097898513582779,0.06355715017939519
2026-10-01,9914,0.5586878523833931,-16.80876824677533,23.718882793912428,0.3206048180420297,0.8636596617119426
2026-10-01,9917,0.5586878523833931,-1.8433179723502335,3.286384976525822,-0.2337262942080985,0.18195797027165556
2026-10-01,9918,0.5586878523833931,-0.6896551724137834,2.6620405691641347,-0.1828549461814454,0.23782675550999488
2026-10-01,9919,0.5586878523833931,-3.4965047836769902,5.797102831412052,-0.3532803690415171,0.08815991799077397
2026-10-01,9921,0.5586878523833931,-10.873786407766994,19.281042427279072,0.0435674013326499,0.5873910814966684
2026-10-01,9924,0.5586878523833931,-3.2911392405063244,4.9738259839761945,0.0421578677601229,0.5848282931829831
2026-10-01,9925,0.5586878523833931,-1.2484375695015593,1.7699134334752291,-0.1668375192209124,0.2590978985135828
2026-10-01,9926,0.5586878523833931,-1.8000000000000016,2.6476578411405236,-0.3083034341363403,0.1194259354177345
2026-10-01,9927,0.5586878523833931,-9.348439967092029,10.781247615814204,-0.235007688364941,0.1804202972834444
2026-10-01,9928,0.5586878523833931,-0.8241758241758212,4.432135077394602,-0.0348539210661199,0.4479753972321886
2026-10-01,9929,0.5586878523833931,-7.500000000000007,10.81080909247871,-0.1649154279856484,0.2637109174782163
2026-10-01,9930,0.5586878523833931,-5.790299589242476,6.644520807107819,-0.1529984623270118,0.28088159917990774
2026-10-01,9931,0.5586878523833931,-0.58308816766518,1.759526317070656,-0.2421834956432599,0.1735007688364941
2026-10-01,9933,0.5586878523833931,-3.2520308057411684,10.564220194913904,-0.2603792926704254,0.15684264479753973
2026-10-01,9934,0.5586878523833931,-11.569503701026251,14.401623491824983,0.1891337775499743,0.7565351101998975
2026-10-01,9935,0.5586878523833931,-7.556676839512799,10.8991825613079,0.1035366478728857,0.6765761148129165
2026-10-01,9937,0.5586878523833931,-2.1543999039545514,3.4862413318879018,-0.1663249615581752,0.2603792926704254
2026-10-01,9938,0.5586878523833931,-7.664670658682637,10.505834596784815,0.3426447975397231,0.8785238339313173
2026-10-01,9939,0.5586878523833931,-6.037735849056602,7.228915662650602,-0.1752947206560738,0.2460276781137878
2026-10-01,9940,0.5586878523833931,-6.308409544836191,8.22942453132306,-0.3029215786776011,0.12711430035879037
2026-10-01,9941,0.5586878523833931,-41.13389734405965,69.87705230712892,-0.0020502306509482,0.5071758072783188
2026-10-01,9942,0.5586878523833931,-0.4347826086956496,1.7467248908296942,-0.1341619682214249,0.30574064582265503
2026-10-01,9943,0.5586878523833931,-2.5145082084241377,3.174607715909443,-0.0945668887749872,0.3593029215786776
2026-10-01,9944,0.5586878523833931,-1.4367794483399643,2.6239000325995354,-0.1727319323423884,0.2511532547411584
2026-10-01,9945,0.5586878523833931,-3.7828935294765382,9.57264696430956,-0.1934905176832393,0.2239876986160943
2026-10-01,9946,0.5586878523833931,-7.67123287671232,9.79228260255355,-0.0142234751409533,0.4823167606355715
2026-10-01,9949,0.5586878523833931,-2.016126017912767,3.703702133869438,0.1025115325474116,0.6752947206560738
2026-10-01,9950,0.5586878523833931,-4.2056057690345146,5.365855519364537,-0.1246796514607893,0.3229113275243465
2026-10-01,9951,0.5586878523833931,-14.07678364815743,17.021278219020104,-0.0561250640697078,0.4105586878523834
2026-10-01,9955,0.5586878523833931,-5.714285714285705,10.822510822510822,0.0181957970271655,0.548436699128652
2026-10-01,9958,0.5586878523833931,-2.127659574468088,7.282605378524116,0.1491542798564838,0.7268067657611481
2026-10-01,9960,0.5586878523833931,-10.607868133510944,34.400004069010414,0.0025627883136851,0.5194771911840081
2026-10-01,9962,0.5586878523833931,-1.4285714285714346,6.666662612399042,0.0256278831368528,0.5612506406970784
