Date,Code,BREADTH_5D,DIST_HIGH20,RANGE20_PCT,RS_ACCEL,RS_ACCEL_PCTL
2026-09-30,0050,0.5005086469989827,-1.4945054945054936,7.0504252796777385,-0.14852492370295,0.27568667344862663
2026-09-30,0051,0.5005086469989827,0.0,5.4008721905400945,-0.031027466937945,0.4440488301119023
2026-09-30,0052,0.5005086469989827,-0.7581501137225222,6.799083269671509,-0.0826551373346897,0.3761444557477111
2026-09-30,0053,0.5005086469989827,-1.2343260188087737,7.359653284473551,-0.0844354018311291,0.3738555442522889
2026-09-30,0055,0.5005086469989827,-4.143971717211892,10.249651008235867,-0.7393184130213631,0.006612410986775178
2026-09-30,0056,0.5005086469989827,-1.555745026551214,5.882350261845643,-0.3013733468972532,0.12639877924720244
2026-09-30,0057,0.5005086469989827,-1.05341246290801,6.327787105567739,-0.1403865717192269,0.2894201424211597
2026-09-30,0061,0.5005086469989827,-4.985694105388383,6.2795669391591,-0.2410986775178026,0.17599186164801628
2026-09-30,1101,0.5005086469989827,0.0,45.27649769585253,0.004323499491353,0.5157680569684638
2026-09-30,1102,0.5005086469989827,-0.8310207390622382,4.4692694807851785,-0.065615462868769,0.3982706002034588
2026-09-30,1103,0.5005086469989827,-1.4925345091331366,3.40908946412981,-0.0502288911495423,0.4160732451678535
2026-09-30,1104,0.5005086469989827,-4.301073960349711,5.056181204006466,-0.1828585961342828,0.2268565615462869
2026-09-30,1108,0.5005086469989827,-5.508476103629478,7.623321806903377,0.2772126144455747,0.8296032553407935
2026-09-30,1109,0.5005086469989827,-1.8382380474809337,2.6217257038930963,-0.0877416073245167,0.3662258392675483
2026-09-30,1110,0.5005086469989827,-10.942253370557353,14.334476197538931,-0.2212614445574771,0.19226856561546288
2026-09-30,1201,0.5005086469989827,-4.8979591836734615,6.437768240343347,-0.095498474059003,0.3514750762970498
2026-09-30,1203,0.5005086469989827,-6.723582874524703,10.869565217391305,-0.1922685656154628,0.2136317395727365
2026-09-30,1210,0.5005086469989827,-1.5151500920837613,2.692303290733924,-0.1436927772126144,0.28204476093591047
2026-09-30,1213,0.5005086469989827,-9.891435049774556,18.6077626035555,-0.1085961342828077,0.335707019328586
2026-09-30,1215,0.5005086469989827,-6.25,7.6190476190476195,-0.2661495422177009,0.1541200406917599
2026-09-30,1216,0.5005086469989827,-3.259448562858746,4.043122571754966,-0.1368260427263479,0.2952695829094608
2026-09-30,1217,0.5005086469989827,-0.5000000000000115,1.105524187711016,-0.2163021363173957,0.1968463886063072
2026-09-30,1218,0.5005086469989827,-0.680270820154083,3.7671245940744185,0.1594608341810783,0.7324516785350966
2026-09-30,1219,0.5005086469989827,-2.553191489361706,5.2401780041024315,-0.108850457782299,0.3344354018311292
2026-09-30,1220,0.5005086469989827,-2.252255611514009,4.14747246948808,-0.0122075279755849,0.4811800610376399
2026-09-30,1225,0.5005086469989827,-5.576923076923079,7.7393059817933745,-0.026703967446592,0.4537131230925738
2026-09-30,1227,0.5005086469989827,-2.5996546674274867,3.202845617545457,-0.0517548321464903,0.4145473041709054
2026-09-30,1229,0.5005086469989827,-5.785120572361347,7.142853318599232,-0.0879959308240081,0.36546286876907425
2026-09-30,1231,0.5005086469989827,-1.728395061728405,2.2613103665299157,-0.2484740590030518,0.1683621566632757
2026-09-30,1232,0.5005086469989827,-2.5396825396825418,2.6058631921824107,-0.2329603255340793,0.18006103763987794
2026-09-30,1233,0.5005086469989827,-2.2608695652173827,4.0925253328479485,-0.1799338758901322,0.23067141403865718
2026-09-30,1234,0.5005086469989827,-1.7857098255025683,2.121207497336652,-0.2396998982706001,0.17650050864699898
2026-09-30,1235,0.5005086469989827,-17.537314997861586,22.171952605786903,-0.1874364191251271,0.22075279755849442
2026-09-30,1236,0.5005086469989827,-3.2319363563432124,5.893909626719057,-0.289674465920651,0.13657171922685657
2026-09-30,1240,0.5005086469989827,-2.688170712490434,3.683241252302026,-0.3435910478128178,0.09715157680569685
2026-09-30,1256,0.5005086469989827,-8.695652173913048,11.01190476190476,0.0255595116988809,0.559003051881994
2026-09-30,1259,0.5005086469989827,-1.30434782608696,10.132160830952872,-0.2772126144455746,0.14242115971515767
2026-09-30,1264,0.5005086469989827,-3.543307086614178,4.8979591836734695,-0.0104272634791455,0.48372329603255343
2026-09-30,1268,0.5005086469989827,-4.371584699453557,8.571428571428571,0.0431078331637844,0.5910478128179044
2026-09-30,1294,0.5005086469989827,-6.83918406373154,8.730154188852461,0.0136063072227873,0.5376398779247202
2026-09-30,1295,0.5005086469989827,-3.756345177664977,10.970465744598004,0.1303407934893184,0.6968463886063072
2026-09-30,1301,0.5005086469989827,-4.353928484710035,14.684282210429862,0.0339521871820955,0.5762970498474059
2026-09-30,1303,0.5005086469989827,-3.5849056603773577,18.395303326810176,-0.0068667344862665,0.4898270600203459
2026-09-30,1304,0.5005086469989827,-3.802278578211504,9.090906075338117,0.2811546286876908,0.8346897253306206
2026-09-30,1305,0.5005086469989827,-5.7251935849606745,11.336037021899529,0.3666073245167853,0.9003051881993896
2026-09-30,1307,0.5005086469989827,-0.1584786053882791,4.761907183934774,0.0665055951169888,0.6220752797558494
2026-09-30,1308,0.5005086469989827,-5.245901639344264,9.688578674949976,0.086088504577823,0.6505595116988809
2026-09-30,1309,0.5005086469989827,-5.1020395850102425,9.318997783045628,0.0206002034587996,0.5490844354018312
2026-09-30,1310,0.5005086469989827,-0.8574490889603492,9.513515575512036,0.3648270600203459,0.8992878942014242
2026-09-30,1312,0.5005086469989827,0.0,40.13015101633465,0.0127161749745676,0.5361139369277721
2026-09-30,1313,0.5005086469989827,-2.380955336405588,7.723583438532168,0.0623092573753816,0.6149542217700915
2026-09-30,1314,0.5005086469989827,-5.263157894736848,16.444439358181423,-0.0595116988809765,0.40412004069175994
2026-09-30,1315,0.5005086469989827,-4.435694300752857e-06,4.941862682963527,-0.1829857578840285,0.22583926754832145
2026-09-30,1316,0.5005086469989827,-4.888888888888898,7.943928798782508,-0.1101220752797559,0.3306205493387589
2026-09-30,1319,0.5005086469989827,-6.706586826347294,7.573812580231072,-0.2596642929806714,0.1612410986775178
2026-09-30,1321,0.5005086469989827,-2.1147991129618404,4.1666619571638694,-0.3046795523906409,0.12207527975584945
2026-09-30,1323,0.5005086469989827,-2.0547928144688865,4.195802417390553,-0.3428280773143438,0.0979145473041709
2026-09-30,1324,0.5005086469989827,-3.009710533925203,3.603609713228854,-0.1091047812817904,0.3329094608341811
2026-09-30,1325,0.5005086469989827,-2.079397909545966,5.212356685211299,-0.0357324516785351,0.43845371312309256
2026-09-30,1326,0.5005086469989827,-10.869561739072742,20.65996802178141,-0.0371312309257375,0.43641912512716174
2026-09-30,1336,0.5005086469989827,-1.1395968419087188,9.221898719281905,-0.1152085452695828,0.32451678535096645
2026-09-30,1337,0.5005086469989827,-4.487175983789982,6.487694896040881,0.2515259409969481,0.8097660223804679
2026-09-30,1338,0.5005086469989827,-3.105590062111807,13.141024418366271,0.2589013224821973,0.8143438453713123
2026-09-30,1339,0.5005086469989827,-2.978239359529389,4.250302365425767,-0.1775178026449643,0.23601220752797558
2026-09-30,1340,0.5005086469989827,-0.5692596021838914,4.007634315781921,0.1040183112919633,0.6683621566632757
2026-09-30,1341,0.5005086469989827,-0.1666666666666705,3.5058405244091713,-0.1397507629704986,0.2904374364191251
2026-09-30,1342,0.5005086469989827,-4.761904761904767,6.599998474121094,0.143056968463886,0.714649033570702
2026-09-30,1402,0.5005086469989827,-4.074705371313813,7.433629668919386,-0.0245422177009154,0.45676500508647
2026-09-30,1409,0.5005086469989827,-7.948241396306166,13.052208835341366,0.2272380467955239,0.788911495422177
2026-09-30,1410,0.5005086469989827,-4.554455445544548,6.016600676097315,-0.1917599186164801,0.21490335707019328
2026-09-30,1413,0.5005086469989827,-4.455954772314918,7.592188820663067,-0.0826551373346897,0.3761444557477111
2026-09-30,1414,0.5005086469989827,-9.020616767738131,13.597731549746593,0.31205493387589,0.8585961342828077
2026-09-30,1416,0.5005086469989827,-3.781509520635185,6.986892900092082,0.0433621566632758,0.5915564598168871
2026-09-30,1417,0.5005086469989827,-2.398083320488076,4.914006085594983,0.1996439471007122,0.7670396744659207
2026-09-30,1418,0.5005086469989827,-3.166230811519932,9.264309334819908,0.0834181078331638,0.6475076297049848
2026-09-30,1419,0.5005086469989827,-3.6443127255523344,5.597574808233265,-0.2304170905391658,0.18463886063072227
2026-09-30,1423,0.5005086469989827,-0.5524882837687928,5.833339691162109,0.069175991861648,0.626144455747711
2026-09-30,1432,0.5005086469989827,-1.3157882353605488,2.000001271565767,-0.1696337741607324,0.25076297049847407
2026-09-30,1434,0.5005086469989827,-2.419356840003306,6.336086052508394,0.0515005086469989,0.6027466937945066
2026-09-30,1435,0.5005086469989827,-8.196719876222458,15.625,-0.2538148524923703,0.16531027466937945
2026-09-30,1436,0.5005086469989827,-9.39086645326308,11.484598111705626,-0.022380467955239,0.46312309257375384
2026-09-30,1437,0.5005086469989827,-3.776430609501058,5.180526565719436,-0.4598168870803663,0.04984740590030519
2026-09-30,1438,0.5005086469989827,-7.032967032967042,10.813422236882186,-0.4689725330620549,0.04628687690742624
2026-09-30,1439,0.5005086469989827,-3.6666666666666736,8.477511290447936,-0.4043743641912513,0.06459816887080366
2026-09-30,1440,0.5005086469989827,-8.08081044204635,14.285719875014337,0.2243133265513733,0.7863682604272635
2026-09-30,1441,0.5005086469989827,-2.4262964823344335,16.986629486083977,-0.6495422177009156,0.015768056968463885
2026-09-30,1442,0.5005086469989827,-14.866981688617798,19.301473393159757,-0.3151068158697864,0.11597151576805696
2026-09-30,1443,0.5005086469989827,-5.633804265506914,10.021323588357044,0.0277212614445574,0.5635808748728383
2026-09-30,1444,0.5005086469989827,-4.685405622784778,11.516849646407566,0.4163275686673448,0.9292980671414038
2026-09-30,1445,0.5005086469989827,-5.164315851930268,6.435639787428432,-0.129323499491353,0.3041709053916582
2026-09-30,1446,0.5005086469989827,-3.5971196564905994,4.850743421867699,-0.0211088504577823,0.4646490335707019
2026-09-30,1447,0.5005086469989827,-5.314686577607719,13.293945278691757,0.5348423194303153,0.9816887080366226
2026-09-30,1449,0.5005086469989827,-1.5748016714081323,5.1999969482421875,0.0488301119023397,0.598677517802645
2026-09-30,1451,0.5005086469989827,-2.0172932206015237,2.941178714527795,-0.1752288911495422,0.24186164801627671
2026-09-30,1452,0.5005086469989827,-5.676854323955249,6.944444444444444,-0.0676500508646999,0.39623601220752797
2026-09-30,1453,0.5005086469989827,-3.964760936963574,5.504590655685581,-0.0991861648016276,0.3453713123092574
2026-09-30,1454,0.5005086469989827,-5.791504403950231,7.377046053526833,-0.3288402848423194,0.10859613428280773
2026-09-30,1455,0.5005086469989827,-6.22641846903611,10.965796303701133,0.1917599186164801,0.7594099694811801
2026-09-30,1456,0.5005086469989827,-5.177992356902095,12.969280672561592,-0.1762461851475074,0.24008138351983724
2026-09-30,1457,0.5005086469989827,-1.3698655907130486,2.430558204650891,-0.2973041709053915,0.12970498474059003
2026-09-30,1459,0.5005086469989827,0.0,8.982037070268639,0.0521363173957273,0.6032553407934893
2026-09-30,1460,0.5005086469989827,-5.580695445766503,6.389777881268877,0.0513733468972533,0.602238046795524
2026-09-30,1463,0.5005086469989827,-3.0470914127423865,6.571430751255584,-0.1752288911495422,0.24186164801627671
2026-09-30,1464,0.5005086469989827,-2.1568609154806073,3.306612461984516,0.0653611393692776,0.6195320447609359
2026-09-30,1465,0.5005086469989827,-6.048384206476021,8.154504800559097,0.1177517802644964,0.6831129196337742
2026-09-30,1466,0.5005086469989827,-9.451217405998824,14.14141028818458,0.1126653102746693,0.6754832146490336
2026-09-30,1467,0.5005086469989827,-5.306598661886907,7.222907183921501,0.1480162767039674,0.7220244150559512
2026-09-30,1468,0.5005086469989827,-0.7352969019470135,8.14815097384984,-0.1274160732451678,0.30671414038657174
2026-09-30,1470,0.5005086469989827,-2.8169029002981794,5.797099869690574,-0.3587232960325533,0.08799593082400814
2026-09-30,1471,0.5005086469989827,-4.9246212930462825,7.610996480219963,-0.0127161749745676,0.4801627670396745
2026-09-30,1472,0.5005086469989827,-2.310232662956613,5.63063063063063,-0.1169888097660223,0.3224821973550356
2026-09-30,1473,0.5005086469989827,-4.466499432102311,4.675322693663758,-0.1904883011190234,0.21668362156663276
2026-09-30,1474,0.5005086469989827,-5.188682657325227,8.855724809181648,-0.0412004069175991,0.4318413021363174
2026-09-30,1475,0.5005086469989827,-5.109487730005191,6.538457136887771,-0.1236012207527975,0.31052899287894203
2026-09-30,1476,0.5005086469989827,-13.564668769716093,16.970802919708028,-0.0162767039674466,0.4735503560528993
2026-09-30,1477,0.5005086469989827,-3.759398496240607,5.729166666666666,0.0406917599186164,0.5844354018311292
2026-09-30,1503,0.5005086469989827,-8.139534883720934,10.632911392405065,0.0623092573753815,0.6141912512716174
2026-09-30,1504,0.5005086469989827,-7.620324624604235,10.419688245494529,-0.0384028484231943,0.43540183112919634
2026-09-30,1506,0.5005086469989827,-5.643567920210158,6.400843457184975,-0.1709053916581892,0.24821973550356052
2026-09-30,1512,0.5005086469989827,-6.431855992554036,7.855974125588975,-0.0045778229908443,0.4931332655137335
2026-09-30,1513,0.5005086469989827,-1.4662756598240456,5.059523809523809,0.0050864699898269,0.517293997965412
2026-09-30,1514,0.5005086469989827,-4.2056074766355085,7.414632657679116,0.1387334689725331,0.7070193285859614
2026-09-30,1515,0.5005086469989827,-11.572702298655011,16.946312565131475,0.2316887080366225,0.7914547304170906
2026-09-30,1516,0.5005086469989827,-7.11864406779662,13.86861035423556,0.3184130213631739,0.866734486266531
2026-09-30,1517,0.5005086469989827,-6.666666666666665,9.04761723109654,0.1482706002034588,0.7227873855544252
2026-09-30,1519,0.5005086469989827,-11.832061068702291,14.14141414141414,-0.2655137334689725,0.15462868769074262
2026-09-30,1521,0.5005086469989827,-6.227103606481965,11.71875,0.2108341810783316,0.780264496439471
2026-09-30,1522,0.5005086469989827,0.0,51.46198904769928,0.0073753814852492,0.5244150559511699
2026-09-30,1524,0.5005086469989827,-5.263155271198672,7.279692025020204,0.0932095625635808,0.655645981688708
2026-09-30,1525,0.5005086469989827,-5.908415256355548,6.4364183267207125,-0.1111393692777212,0.3285859613428281
2026-09-30,1526,0.5005086469989827,-9.609607538666763,14.617938931994262,0.0322990844354018,0.5742624618514751
2026-09-30,1527,0.5005086469989827,-1.2084546603040702,3.058103975535168,-0.0160223804679551,0.474059003051882
2026-09-30,1528,0.5005086469989827,-7.347668984083889,35.589937545805874,-0.4498982706002034,0.05239064089521872
2026-09-30,1529,0.5005086469989827,-8.069166286387897,18.80877742946707,0.215412004069176,0.7835707019328586
2026-09-30,1530,0.5005086469989827,-8.061748368039112,10.447759770635342,-0.1436927772126144,0.28204476093591047
2026-09-30,1531,0.5005086469989827,-5.28455431427135,6.8669544269086975,0.0858341810783315,0.6490335707019329
2026-09-30,1532,0.5005086469989827,-4.291842359676846,5.381160787402782,-0.2171922685656154,0.1953204476093591
2026-09-30,1533,0.5005086469989827,-5.164321513423498,6.7656803445847515,0.1129196337741607,0.676500508646999
2026-09-30,1535,0.5005086469989827,-0.8658025028872474,4.585157835847946,0.0227619532044761,0.5534079348931842
2026-09-30,1536,0.5005086469989827,-8.754866521965454,11.513862528526452,0.1856561546286876,0.7512716174974567
2026-09-30,1537,0.5005086469989827,-2.9535864978902926,3.91304347826087,-0.0277212614445574,0.4519328585961343
2026-09-30,1538,0.5005086469989827,-18.69565048830717,22.994649856485776,-0.0170396744659206,0.4712614445574771
2026-09-30,1539,0.5005086469989827,-4.0372693544643905,4.207123444689902,-0.3074771108850457,0.12105798575788403
2026-09-30,1540,0.5005086469989827,-3.499999999999992,4.922283745800275,-0.0291200406917599,0.4501525940996948
2026-09-30,1541,0.5005086469989827,-6.278023699363533,8.612436540959555,-0.0012716174974567,0.5007629704984741
2026-09-30,1558,0.5005086469989827,-1.3157894736842146,9.77777777777778,-0.2094354018311293,0.20040691759918616
2026-09-30,1560,0.5005086469989827,-2.923387096774188,32.294911734164074,-0.0460325534079348,0.4231943031536114
2026-09-30,1563,0.5005086469989827,-14.864867790673486,22.08995314502212,0.1744659206510681,0.7433875890132248
2026-09-30,1565,0.5005086469989827,-4.455445544554459,6.113991218527364,-0.0882502543234994,0.3641912512716175
2026-09-30,1568,0.5005086469989827,-0.9063444108761476,15.853659699602831,0.2751780264496439,0.8265513733468972
2026-09-30,1569,0.5005086469989827,-7.941176470588229,36.501595006583216,-0.0910478128179043,0.3611393692777213
2026-09-30,1570,0.5005086469989827,-0.4497751124437732,5.271083188344201,0.3741098677517803,0.9033570701932858
2026-09-30,1580,0.5005086469989827,-7.962085308056876,10.401646214336864,0.3009918616480163,0.848677517802645
2026-09-30,1582,0.5005086469989827,-6.501952440399195,11.404735156657466,0.3888606307222786,0.9120040691759919
2026-09-30,1583,0.5005086469989827,-5.167170320092929,7.051280421069545,-0.1767548321464903,0.2380467955239064
2026-09-30,1584,0.5005086469989827,-1.822916666666652,8.753319697291523,0.1017293997965412,0.6642929806714141
2026-09-30,1586,0.5005086469989827,-2.185788271785738,3.3519510450309924,-0.1009664292980671,0.344354018311292
2026-09-30,1587,0.5005086469989827,-3.120406666390352e-06,5.316978095743067,0.2784842319430316,0.8316378433367243
2026-09-30,1590,0.5005086469989827,-18.08873720136519,27.500000000000004,-0.0834181078331638,0.37538148524923703
2026-09-30,1591,0.5005086469989827,-1.270207852193994,19.181290119014974,-0.2129959308240081,0.19786368260427264
2026-09-30,1593,0.5005086469989827,-2.0092689483156234,3.785485348866941,-0.3090030518819938,0.11953204476093592
2026-09-30,1595,0.5005086469989827,0.0,28.253223021172975,0.0633265513733469,0.615971515768057
2026-09-30,1597,0.5005086469989827,-10.67073170731707,22.18430034129693,0.1215666327568667,0.6869277721261444
2026-09-30,1598,0.5005086469989827,-5.092594268717687,9.268290822098894,-0.4300610376398778,0.05595116988809766
2026-09-30,1599,0.5005086469989827,-2.947368421052632,4.3383947939262475,-0.3252797558494404,0.10986775178026449
2026-09-30,1603,0.5005086469989827,-0.8103727714748765,5.392154369478916,0.0933367243133265,0.6561546286876907
2026-09-30,1604,0.5005086469989827,-1.0548555058714992,2.558637021192864,-0.271617497456765,0.14496439471007122
2026-09-30,1605,0.5005086469989827,-3.759402176729276,9.63541865348816,0.1389877924720244,0.7080366225839267
2026-09-30,1608,0.5005086469989827,-5.598962084493553,8.827588311557113,0.0254323499491353,0.5584944048830112
2026-09-30,1609,0.5005086469989827,-0.6410256410256387,5.935481902091734,0.1719226856561546,0.742115971515768
2026-09-30,1611,0.5005086469989827,-3.3472787920465596,7.792204489439597,0.3362156663275686,0.8804679552390641
2026-09-30,1612,0.5005086469989827,-0.1398601398601373,3.5014005602240896,-0.0439979654120039,0.42777212614445576
2026-09-30,1614,0.5005086469989827,-1.2678264555730512,3.531295262025983,-0.2283825025432351,0.18514750762970497
2026-09-30,1615,0.5005086469989827,-3.80739410477644,5.005824274456126,-0.1083418107833164,0.3367243133265514
2026-09-30,1616,0.5005086469989827,-5.808077178649795,10.991953013729477,0.4173448626653103,0.9303153611393693
2026-09-30,1617,0.5005086469989827,0.0,28.066531238833488,0.3118006103763987,0.8575788402848423
2026-09-30,1618,0.5005086469989827,-3.827160493827153,5.648268967752125,0.0467955239064089,0.5953713123092573
2026-09-30,1623,0.5005086469989827,-8.863636363636363,11.4713216957606,-0.1091047812817904,0.3329094608341811
2026-09-30,1626,0.5005086469989827,-3.9039017022371,6.04166587193807,-0.0874872838250254,0.36673448626653105
2026-09-30,1702,0.5005086469989827,-1.1958169022902698,4.0847270463490455,-0.1711597151576805,0.24771108850457782
2026-09-30,1707,0.5005086469989827,-7.451402362657089,8.051340109826244,-0.1482706002034588,0.27619532044760936
2026-09-30,1708,0.5005086469989827,-1.2844036697247765,13.197023186098688,0.3397761953204475,0.8814852492370295
2026-09-30,1709,0.5005086469989827,-4.158415841584162,36.570249510205485,-0.0228891149542217,0.46134282807731436
2026-09-30,1710,0.5005086469989827,-2.3323593436006873,10.149252592627684,-0.0703204476093591,0.39114954221770093
2026-09-30,1711,0.5005086469989827,-8.501120129935247,18.704160209972876,0.5928280773143437,0.9923702950152594
2026-09-30,1712,0.5005086469989827,-3.6319594788624783,4.271358700852898,-0.2456765005086469,0.1693794506612411
2026-09-30,1713,0.5005086469989827,-6.394704678492924,9.54063424513674,0.271617497456765,0.8240081383519837
2026-09-30,1714,0.5005086469989827,-11.051209279647344,23.636361324425913,0.6055442522889115,0.9944048830111902
2026-09-30,1717,0.5005086469989827,-13.450292397660824,23.51351557551204,0.6110122075279755,0.9949135300101729
2026-09-30,1718,0.5005086469989827,-9.205019471316469,16.129032258064516,0.3446083418107833,0.8873346897253306
2026-09-30,1720,0.5005086469989827,-0.8802803587615426,1.9538161174442163,-0.0419633774160732,0.4303153611393693
2026-09-30,1721,0.5005086469989827,-1.489759313917116,26.654068598900498,0.2474567650050865,0.8041709053916581
2026-09-30,1722,0.5005086469989827,-8.176795580110507,10.34897529978471,-0.0015259409969481,0.49949135300101727
2026-09-30,1723,0.5005086469989827,-9.731545164862766,11.648081196875967,-0.008646998982706,0.4862665310274669
2026-09-30,1725,0.5005086469989827,-1.3005736819834524,10.541723203868504,-0.1986266531027467,0.20651068158697863
2026-09-30,1726,0.5005086469989827,-2.1739092258115544,2.6143790849673203,-0.1674720244150559,0.2538148524923703
2026-09-30,1727,0.5005086469989827,-12.8,35.596333075007166,0.0658697863682604,0.6205493387589013
2026-09-30,1730,0.5005086469989827,-1.538461538461533,2.1484345197677612,-0.2332146490335706,0.17955239064089523
2026-09-30,1731,0.5005086469989827,-0.9478690893549468,1.9138774233001303,-0.2239318413021364,0.18921668362156663
2026-09-30,1732,0.5005086469989827,-0.570339320957769,2.2944492318206264,-0.0556968463886062,0.4104781281790437
2026-09-30,1733,0.5005086469989827,-8.923076923076923,10.810810810810809,-0.2576297049847406,0.16327568667344863
2026-09-30,1734,0.5005086469989827,-2.134144065069432,7.632395188756449,-0.1739572736520855,0.2441505595116989
2026-09-30,1735,0.5005086469989827,-7.9726683467554516,13.86139180400584,0.1215666327568667,0.6869277721261444
2026-09-30,1736,0.5005086469989827,-3.745318352059923,9.33852140077821,0.0913021363173955,0.6551373346897253
2026-09-30,1737,0.5005086469989827,-2.7508078609183584,5.32446050405899,-0.1795523906408951,0.23245167853509666
2026-09-30,1742,0.5005086469989827,-3.561643835616435,7.102272727272727,-0.1206765005086469,0.3138351983723296
2026-09-30,1752,0.5005086469989827,-1.5625,2.857141646127852,-0.022380467955239,0.46312309257375384
2026-09-30,1760,0.5005086469989827,-6.024093917455198,8.608053018758586,0.3884791454730417,0.9114954221770092
2026-09-30,1762,0.5005086469989827,-5.631872087756474,10.043670343346296,0.4019582909460834,0.9221770091556459
2026-09-30,1773,0.5005086469989827,-3.458213256484155,11.044776119402986,0.2662767039674465,0.8204476093591048
2026-09-30,1776,0.5005086469989827,-3.9682520299891832,10.743795347607826,-0.1457273652085453,0.2807731434384537
2026-09-30,1777,0.5005086469989827,-2.6350480707131196,3.924223986304338,-0.2039674465920651,0.20142421159715157
2026-09-30,1780,0.5005086469989827,-0.1972401606205709,5.7312283120136485,-0.1813326551373347,0.22863682604272634
2026-09-30,1781,0.5005086469989827,-5.75472037280389,7.807811626323604,-0.0350966429298067,0.4399796541200407
2026-09-30,1783,0.5005086469989827,-6.758449840742364,10.335576614277477,0.3954730417090539,0.9188708036622584
2026-09-30,1784,0.5005086469989827,-2.392345685306696,8.496733272776885,0.4399796541200406,0.9450661241098678
2026-09-30,1785,0.5005086469989827,-4.285714285714281,11.442786069651742,0.5883774160732452,0.9918616480162767
2026-09-30,1786,0.5005086469989827,-9.603343171907142,13.04850236923535,0.1472533062054934,0.7202441505595117
2026-09-30,1788,0.5005086469989827,-1.538461538461533,1.953125,-0.1641658189216683,0.25737538148524924
2026-09-30,1789,0.5005086469989827,-4.5340068724124105,10.290241493084189,0.0623092573753815,0.6141912512716174
2026-09-30,1795,0.5005086469989827,-4.533333333333333,9.497206703910614,0.3298575788402849,0.8769074262461851
2026-09-30,1796,0.5005086469989827,-3.7953771155675886,5.145797598627787,-0.2321973550356053,0.18158697863682605
2026-09-30,1799,0.5005086469989827,-6.451612903225811,9.137929719069907,0.0943540183112919,0.6576805696846388
2026-09-30,1802,0.5005086469989827,-6.406250000000002,13.35559265442404,0.1686164801627669,0.7390640895218719
2026-09-30,1805,0.5005086469989827,-2.4271862728676874,3.383086474973755,-0.3557985757884028,0.09053916581892167
2026-09-30,1806,0.5005086469989827,-1.4778311237724773,2.499997615814209,-0.1248728382502543,0.30976602238046796
2026-09-30,1808,0.5005086469989827,-14.80484872133202,18.64139502647364,-0.3906408952187182,0.07171922685656154
2026-09-30,1809,0.5005086469989827,-1.5432098765432056,26.332288401253923,0.2871312309257376,0.8372329603255341
2026-09-30,1810,0.5005086469989827,-2.9761934136226187,7.3619678707941905,0.0798575788402848,0.6429298067141404
2026-09-30,1813,0.5005086469989827,-3.418801844324637,5.3097294495168885,-0.0045778229908443,0.4931332655137335
2026-09-30,1815,0.5005086469989827,-14.074074074074073,22.783404383166083,-0.4993641912512716,0.03611393692777213
2026-09-30,1817,0.5005086469989827,-1.7262620227641912,1.8820558019085312,-0.4215412004069175,0.05849440488301119
2026-09-30,1903,0.5005086469989827,-0.5202897836213194,3.974890609166613,-0.0059766022380467,0.4908443540183113
2026-09-30,1904,0.5005086469989827,-3.71819673357392,6.097560975609756,-0.1892166836215666,0.21897253306205494
2026-09-30,1905,0.5005086469989827,-7.446811014626931,9.961687285324636,0.103382502543235,0.6668362156663276
2026-09-30,1906,0.5005086469989827,-4.803491863991882,7.798163387753551,0.0707019328585961,0.6294506612410987
2026-09-30,1907,0.5005086469989827,-7.642276422764227,10.035212610808896,-0.2665310274669379,0.1525940996948118
2026-09-30,1909,0.5005086469989827,-10.04366662377214,14.077668051117833,0.1703967446592065,0.7405900305188199
2026-09-30,2002,0.5005086469989827,-0.5340453938584844,50.604025821557784,0.0027975584944048,0.5134791454730417
2026-09-30,2006,0.5005086469989827,-4.044943820224711,10.655735918174582,-0.3077314343845371,0.12054933875890132
2026-09-30,2007,0.5005086469989827,-0.8498575533404162,6.142854690551758,0.1256358087487284,0.6927772126144456
2026-09-30,2008,0.5005086469989827,-1.269841269841265,3.215434083601286,-0.0879959308240081,0.36546286876907425
2026-09-30,2009,0.5005086469989827,-4.988120071814173,10.124998092651367,0.1103763987792473,0.67293997965412
2026-09-30,2010,0.5005086469989827,-0.4329004329004404,6.956521739130441,0.0686673448626653,0.6251271617497457
2026-09-30,2012,0.5005086469989827,-2.3728813559321993,6.5972208976745605,0.2961597151576806,0.8448626653102747
2026-09-30,2013,0.5005086469989827,-1.304867155321976,3.846159348121056,-0.1799338758901322,0.23067141403865718
2026-09-30,2014,0.5005086469989827,0.0,6.896547339428423,0.1159715157680569,0.6818413021363174
2026-09-30,2015,0.5005086469989827,-1.5337377224664772,3.2710256606247565,-0.4066632756866735,0.06408952187182096
2026-09-30,2017,0.5005086469989827,-1.1904761904761862,7.228916498290749,0.1729399796541201,0.7426246185147508
2026-09-30,2020,0.5005086469989827,0.0,20.03745175479503,0.0315361139369276,0.572736520854527
2026-09-30,2022,0.5005086469989827,-4.18300773043404,7.776264279145661,0.2678026449643947,0.8214649033570702
2026-09-30,2023,0.5005086469989827,-3.169012783870062,4.727269952947443,-0.0816378433367243,0.3776703967446592
2026-09-30,2024,0.5005086469989827,-4.089217970741266,5.426355110582455,-0.0854526958290946,0.371057985757884
2026-09-30,2025,0.5005086469989827,0.0,19.112625382459196,0.069938962360122,0.6271617497456765
2026-09-30,2027,0.5005086469989827,-6.594486786166309,12.328763907526014,0.0755340793489318,0.6350457782299085
2026-09-30,2028,0.5005086469989827,0.0,10.20408385696634,0.0310274669379451,0.5722278738555443
2026-09-30,2029,0.5005086469989827,-1.535087719298256,10.022275113316054,0.0729908443540182,0.6327568667344863
2026-09-30,2030,0.5005086469989827,0.0,39.7820153093468,0.0040691759918616,0.5147507629704985
2026-09-30,2031,0.5005086469989827,-0.7470618687734354,7.849457443401378,-0.0178026449643947,0.46998982706002035
2026-09-30,2032,0.5005086469989827,-3.3333333333333326,23.39901477832512,0.0414547304170905,0.5862156663275687
2026-09-30,2033,0.5005086469989827,0.0,44.74616382873607,-0.0033062054933875,0.49491353001017296
2026-09-30,2034,0.5005086469989827,-0.8000000000000007,19.9596804957236,0.0269582909460834,0.5630722278738556
2026-09-30,2035,0.5005086469989827,-4.84739807173562,6.981133514980101,-0.1501780264496439,0.27314343845371314
2026-09-30,2038,0.5005086469989827,-0.7518811225621369,11.742425687385328,0.2571210579857579,0.8128179043743642
2026-09-30,2049,0.5005086469989827,-12.18872870249017,20.298507462686565,0.2655137334689726,0.8199389623601221
2026-09-30,2059,0.5005086469989827,-18.2157394843962,25.50808793031937,-0.293997965412004,0.13224821973550355
2026-09-30,2061,0.5005086469989827,-5.529225908372826,28.929765886287623,0.4600712105798575,0.9582909460834181
2026-09-30,2062,0.5005086469989827,-7.908165057665661,9.14127212482146,0.0422177009155645,0.5892675483214649
2026-09-30,2063,0.5005086469989827,-3.292178033653792,4.468081859832115,-0.2928535096642929,0.13377416073245169
2026-09-30,2065,0.5005086469989827,-3.396737127651084,5.6258790436005635,-0.0569684638860631,0.4074262461851475
2026-09-30,2066,0.5005086469989827,-5.09090909090909,9.19540083728074,0.3934384537131231,0.9165818921668362
2026-09-30,2067,0.5005086469989827,-13.097346599589889,22.199595775720788,0.1480162767039674,0.7220244150559512
2026-09-30,2069,0.5005086469989827,-3.085296771686008,26.7790247885029,-0.056968463886063,0.40793489318413023
2026-09-30,2070,0.5005086469989827,-11.344539709768863,20.695106301450807,0.3908952187182096,0.9150559511698881
2026-09-30,2072,0.5005086469989827,-8.041958041958042,12.927756653992397,0.4158189216683621,0.9287894201424212
2026-09-30,2073,0.5005086469989827,-5.2631592533547655,7.936507936507936,0.1442014242115972,0.7166836215666328
2026-09-30,2101,0.5005086469989827,-6.1224501039699675,7.190636727323503,-0.0572227873855544,0.4064089521871821
2026-09-30,2102,0.5005086469989827,-10.781667489585669,13.89727635686131,-0.1180061037639877,0.31943031536113936
2026-09-30,2103,0.5005086469989827,-4.4142639363711105,15.27531490021023,0.0869786368260426,0.6525940996948117
2026-09-30,2104,0.5005086469989827,-4.291842359676834,15.067258757860657,0.1124109867751779,0.6749745676500508
2026-09-30,2105,0.5005086469989827,-1.6051352316320378,4.404568944436303,0.130467955239064,0.6973550356052899
2026-09-30,2106,0.5005086469989827,-4.857142857142859,6.606608897716076,0.0757884028484232,0.6363173957273652
2026-09-30,2107,0.5005086469989827,-1.0988983349614512,3.5185142799660016,-0.2248219735503561,0.18769074262461852
2026-09-30,2108,0.5005086469989827,-9.73312509997112,15.826090937075406,0.1401322482197354,0.7118514750762971
2026-09-30,2109,0.5005086469989827,-4.635763998580744,6.25000264909534,-0.3143438453713123,0.11673448626653103
2026-09-30,2114,0.5005086469989827,-0.5530990237160194,2.4471686069373955,-0.1477619532044761,0.2774669379450661
2026-09-30,2115,0.5005086469989827,-3.042594848425373,4.602512056358689,-0.2670396744659207,0.1510681586978637
2026-09-30,2201,0.5005086469989827,-8.59375,9.743591047759748,-0.2692014242115972,0.14852492370295015
2026-09-30,2204,0.5005086469989827,-5.081667062905959,6.1185410100233035,-0.0483214649033571,0.41861648016276704
2026-09-30,2206,0.5005086469989827,-3.869966769616251,4.025764895330113,-0.371820956256358,0.08189216683621567
2026-09-30,2207,0.5005086469989827,-7.116788321167888,8.447937131630647,-0.5648524923702951,0.027466937945066123
2026-09-30,2208,0.5005086469989827,-2.791881937254237,5.221932114882507,-0.1059257375381485,0.3392675483214649
2026-09-30,2211,0.5005086469989827,-5.231865105770527,6.649935350214675,0.034969481180061,0.5773143438453713
2026-09-30,2221,0.5005086469989827,-0.2525252525252486,61.92405217810523,-0.002288911495422,0.49745676500508645
2026-09-30,2227,0.5005086469989827,-6.832296664983096,7.888887193467882,-0.0762970498474058,0.38631739572736523
2026-09-30,2228,0.5005086469989827,-4.225350241478654,6.283418380002925,0.0867243133265513,0.6520854526958291
2026-09-30,2230,0.5005086469989827,-5.422990361972579,9.633020523491256,0.3980162767039674,0.9196337741607324
2026-09-30,2231,0.5005086469989827,-0.3157894736842026,6.863780359028511,0.2978128179043744,0.8453713123092573
2026-09-30,2233,0.5005086469989827,-5.649717514124298,13.77245508982036,0.6180061037639879,0.9954221770091557
2026-09-30,2235,0.5005086469989827,-2.777775202268362,8.035714285714286,-0.2781027466937945,0.14140386571719227
2026-09-30,2236,0.5005086469989827,-15.116279069767447,24.65753424657534,0.2583926754832146,0.8133265513733469
2026-09-30,2237,0.5005086469989827,-5.477029253876198,5.98130555910485,0.0175483214649033,0.5442522889114955
2026-09-30,2239,0.5005086469989827,-6.879608625189693,9.762534994563202,0.2057477110885046,0.7746693794506613
2026-09-30,2241,0.5005086469989827,-3.65344467640919,32.71939493594681,0.1533570701932859,0.7278738555442523
2026-09-30,2243,0.5005086469989827,-6.071428571428572,26.61596958174905,-0.0495930824008138,0.41785350966429297
2026-09-30,2247,0.5005086469989827,-4.670912951167727,5.79064587973274,-0.3186673448626653,0.11393692777212615
2026-09-30,2248,0.5005086469989827,-2.388533845993024,6.3621496104105075,0.0709562563580875,0.6302136317395728
2026-09-30,2250,0.5005086469989827,-3.553297002267519,7.894736842105263,0.3612665310274669,0.896236012207528
2026-09-30,2254,0.5005086469989827,-0.537056928034374,34.341253523692714,-0.0109359104781281,0.48296032553407936
2026-09-30,2258,0.5005086469989827,-0.1560038634969118,7.03125,0.048321464903357,0.5976602238046795
2026-09-30,2301,0.5005086469989827,-14.786585365853655,20.39355992844365,-0.263733468972533,0.15666327568667346
2026-09-30,2302,0.5005086469989827,-4.761904761904767,15.888892279730904,0.3013733468972532,0.8499491353001017
2026-09-30,2303,0.5005086469989827,-8.308605341246288,29.449838187702262,-0.1820956256358087,0.2278738555442523
2026-09-30,2305,0.5005086469989827,-5.241379310344829,63.24599819932962,-0.0099186164801627,0.4852492370295015
2026-09-30,2308,0.5005086469989827,-3.8167938931297662,21.428571428571427,0.1506866734486267,0.7253306205493387
2026-09-30,2312,0.5005086469989827,-7.27003177291844,11.84000244140625,0.1759918616480162,0.7451678535096643
2026-09-30,2313,0.5005086469989827,-12.71676300578035,20.52980132450331,0.3096388606307222,0.8565615462868769
2026-09-30,2314,0.5005086469989827,-4.273502712958943,12.05356631960186,-0.0801119023397761,0.3809766022380468
2026-09-30,2316,0.5005086469989827,-2.92397660818714,11.144578313253012,0.4206510681586979,0.9333672431332655
2026-09-30,2317,0.5005086469989827,-2.895752895752901,6.163021868787276,-0.1719226856561546,0.24643947100712105
2026-09-30,2321,0.5005086469989827,-13.706871548921283,18.35321497034145,-0.4992370295015259,0.03662258392675483
2026-09-30,2323,0.5005086469989827,-1.3452914798206317,6.818185286088442,0.1907426246185147,0.7568667344862665
2026-09-30,2324,0.5005086469989827,-11.87648136660764,16.30727557159177,-0.2642421159715158,0.15615462868769076
2026-09-30,2327,0.5005086469989827,-9.421487603305788,17.153284671532848,0.0089013224821973,0.5277212614445574
2026-09-30,2328,0.5005086469989827,-2.361397833518319,8.096745086894552,-0.0264496439471007,0.45422177009155645
2026-09-30,2329,0.5005086469989827,-1.1037510937781492,9.82142346245902,0.3095116988809765,0.8560528992878942
2026-09-30,2330,0.5005086469989827,-1.195219123505975,5.443548387096774,-0.1532299084435401,0.26805696846388605
2026-09-30,2331,0.5005086469989827,-4.477613753179033,8.854170640309652,0.0659969481180061,0.6210579857578841
2026-09-30,2332,0.5005086469989827,-2.600471056502518,12.135922330097086,-0.098677517802645,0.3463886063072228
2026-09-30,2337,0.5005086469989827,-5.769230769230771,13.06122448979592,0.4651576805696846,0.9608341810783316
2026-09-30,2338,0.5005086469989827,-13.211009174311927,35.41226215644821,-0.5963886063072228,0.02187182095625636
2026-09-30,2340,0.5005086469989827,-1.6867469879518149,26.470586365344477,0.0910478128179044,0.6546286876907427
2026-09-30,2342,0.5005086469989827,-5.094339622641519,32.206760960118196,0.3743641912512717,0.9043743641912513
2026-09-30,2344,0.5005086469989827,-6.5104166666666625,18.662952646239557,0.3199389623601221,0.8682604272634792
2026-09-30,2345,0.5005086469989827,-20.581655480984335,26.197183098591548,0.0305188199389623,0.5701932858596134
2026-09-30,2347,0.5005086469989827,-5.099999999999993,15.173868836542576,0.0096642929806715,0.5300101729399797
2026-09-30,2348,0.5005086469989827,-51.20253164556963,104.92866407263296,-0.0022889114954221,0.4969481180061038
2026-09-30,2349,0.5005086469989827,-5.30973611156943,11.214951488459208,0.5457782299084436,0.9837232960325534
2026-09-30,2351,0.5005086469989827,-18.67704280155642,25.358851674641148,-0.2342319430315361,0.1790437436419125
2026-09-30,2352,0.5005086469989827,-1.00166944908181,6.070827593489801,0.077822990844354,0.6403865717192269
2026-09-30,2353,0.5005086469989827,-4.236003840782732,7.266980211881665,-0.2609359104781282,0.16022380467955238
2026-09-30,2354,0.5005086469989827,-4.7826086956521685,8.675800248005256,-0.1887080366225839,0.21998982706002035
2026-09-30,2355,0.5005086469989827,-6.59217877094973,10.76555023923445,0.4509155645981688,0.9547304170905392
2026-09-30,2356,0.5005086469989827,-13.011697846982685,15.46218615620076,-0.1195320447609359,0.31637843336724314
2026-09-30,2357,0.5005086469989827,-6.6990291262135955,13.527575442247658,0.0409460834181077,0.5849440488301119
2026-09-30,2359,0.5005086469989827,-15.181518151815176,20.622568093385212,0.0940996948118005,0.6566632756866735
2026-09-30,2360,0.5005086469989827,-15.944881889763783,27.400468384074944,-0.603001017293998,0.02034587995930824
2026-09-30,2362,0.5005086469989827,-6.012026922129577,7.782519244944364,-0.3463886063072228,0.09638860630722279
2026-09-30,2363,0.5005086469989827,-6.190476190476191,22.504228827513614,0.1159715157680569,0.6818413021363174
2026-09-30,2364,0.5005086469989827,-5.797101449275366,11.384617732121391,-0.1630213631739572,0.2589013224821974
2026-09-30,2365,0.5005086469989827,-7.654725421949616,12.87478492373512,0.1098677517802644,0.6719226856561547
2026-09-30,2367,0.5005086469989827,-3.6504441041787072,12.973597074348811,0.5755340793489319,0.9893184130213631
2026-09-30,2368,0.5005086469989827,-10.040160642570283,26.339285714285715,0.5523906408952187,0.9852492370295015
2026-09-30,2369,0.5005086469989827,-4.315471845148721,15.08553180130978,0.2512716174974567,0.809003051881994
2026-09-30,2371,0.5005086469989827,-1.1363636363636465,11.494255379111507,-0.0808748728382502,0.37945066124109866
2026-09-30,2373,0.5005086469989827,-1.6728610591514204,2.6464985088499824,-0.2220244150559512,0.19175991861648017
2026-09-30,2374,0.5005086469989827,-6.406689214820571,9.077390034993488,0.1233468972533061,0.6897253306205493
2026-09-30,2375,0.5005086469989827,-11.27819548872181,15.677966101694915,0.2179552390640895,0.7843336724313327
2026-09-30,2376,0.5005086469989827,-4.654255319148937,9.762900976290098,-0.2962868769074262,0.13021363173957273
2026-09-30,2377,0.5005086469989827,-7.926829268292678,12.91390728476821,-0.2698372329603256,0.14649033570701933
2026-09-30,2379,0.5005086469989827,-4.282115869017633,15.0,0.0366225839267548,0.5793489318413021
2026-09-30,2380,0.5005086469989827,-11.688311688311693,19.70588459688075,0.4745676500508647,0.965412004069176
2026-09-30,2382,0.5005086469989827,-5.120910384068278,7.04647676161919,-0.1411495422177009,0.28763987792472023
2026-09-30,2383,0.5005086469989827,-13.949433304272018,22.289766970618036,0.1017293997965411,0.66353001017294
2026-09-30,2385,0.5005086469989827,-6.278026905829592,9.090909090909092,-0.2390640895218717,0.1770091556459817
2026-09-30,2387,0.5005086469989827,-2.6702289521154055,4.663925275554055,-0.0928280773143438,0.3570701932858596
2026-09-30,2388,0.5005086469989827,-12.048192771084343,18.630134896056298,-0.0297558494404882,0.448118006103764
2026-09-30,2390,0.5005086469989827,-1.435404899549797,6.213586307266383,0.3420651068158699,0.884028484231943
2026-09-30,2392,0.5005086469989827,-13.242962798547786,18.26923627119798,-0.2834435401831129,0.14089521871820956
2026-09-30,2393,0.5005086469989827,-3.007518796992481,8.527131782945736,0.2113428280773143,0.7810274669379451
2026-09-30,2395,0.5005086469989827,-3.7135278514588865,15.013774104683195,-0.0979145473041709,0.3484231943031536
2026-09-30,2397,0.5005086469989827,-1.8691542138383863,8.730152675083705,0.064471007121058,0.6169888097660223
2026-09-30,2399,0.5005086469989827,-4.019607843137251,13.78958120531154,-0.0226347914547304,0.46210579857578843
2026-09-30,2401,0.5005086469989827,-0.5576208178438624,11.962613970319795,0.3049338758901322,0.853001017293998
2026-09-30,2402,0.5005086469989827,-7.4367099781674995,17.43589874006744,0.5602746693794507,0.9875381485249237
2026-09-30,2404,0.5005086469989827,-0.7692307692307665,23.875968992248065,0.1744659206510681,0.7433875890132248
2026-09-30,2405,0.5005086469989827,-1.9292616530873885,6.557377049180328,0.2149033570701933,0.7828077314343845
2026-09-30,2406,0.5005086469989827,-1.7187500000000022,19.554847753673364,0.3898779247202442,0.9130213631739573
2026-09-30,2408,0.5005086469989827,-5.807622504537202,16.473988439306357,0.1458545269582909,0.7187182095625636
2026-09-30,2409,0.5005086469989827,0.0,32.425423509570564,0.0139877924720244,0.539674465920651
2026-09-30,2412,0.5005086469989827,-1.7123287671232834,7.317073170731707,-0.3907680569684638,0.07121057985757884
2026-09-30,2413,0.5005086469989827,-11.98630366949046,32.78210562026918,-0.6074516785350966,0.019837232960325534
2026-09-30,2414,0.5005086469989827,-0.373831775700939,3.564730817784065,0.0399287894201424,0.582909460834181
2026-09-30,2415,0.5005086469989827,-8.571428571428575,11.580880950478948,0.3217192268565615,0.8708036622583927
2026-09-30,2417,0.5005086469989827,-11.286680187745112,16.539440203562343,0.431586978636826,0.939471007121058
2026-09-30,2419,0.5005086469989827,-3.099509397565947,18.51851851851852,-0.3603763987792472,0.08596134282807731
2026-09-30,2420,0.5005086469989827,-0.722024395057197,4.545454545454546,0.1614954221770091,0.7339776195320448
2026-09-30,2421,0.5005086469989827,-12.771739130434778,16.1993769470405,-0.3425737538148524,0.09918616480162767
2026-09-30,2423,0.5005086469989827,-5.751633986928118,7.212201037783894,-0.2688199389623601,0.14903357070193285
2026-09-30,2424,0.5005086469989827,-5.251144028115529,12.77108939297228,0.2726347914547304,0.8245167853509664
2026-09-30,2425,0.5005086469989827,-2.9754242703170397,9.066670735677084,-0.04323499491353,0.42828077314343843
2026-09-30,2426,0.5005086469989827,-6.3063063063063085,19.61538608257587,-0.0241607324516786,0.4577822990844354
2026-09-30,2427,0.5005086469989827,-4.8879807509282225,11.77730192719486,-0.1927772126144455,0.21286876907426247
2026-09-30,2428,0.5005086469989827,-5.451127819548873,8.548707753479125,-0.1042726347914547,0.34104781281790436
2026-09-30,2429,0.5005086469989827,-6.77711057600664,10.339259330983694,0.2062563580874872,0.7754323499491353
2026-09-30,2430,0.5005086469989827,0.0,3.561641745371362,-0.1405137334689725,0.28891149542217703
2026-09-30,2431,0.5005086469989827,-2.4038425740404157,6.896549844976699,0.065615462868769,0.6200406917599186
2026-09-30,2432,0.5005086469989827,-1.601424823347963,4.3399665929094144,-0.0562054933875889,0.4084435401831129
2026-09-30,2433,0.5005086469989827,-3.113772455089814,4.449938195302836,-0.0851983723296032,0.3718209562563581
2026-09-30,2434,0.5005086469989827,-10.41095890410958,22.629968252386153,-0.0157680569684638,0.4750762970498474
2026-09-30,2436,0.5005086469989827,-3.870967741935482,17.98657922936766,0.1365717192268566,0.7049847405900305
2026-09-30,2438,0.5005086469989827,-13.47826086956523,24.371861213415713,-0.2497456765005087,0.16683621566632756
2026-09-30,2439,0.5005086469989827,-2.522071847150431,6.338941171900267,-0.0348423194303153,0.44150559511698884
2026-09-30,2440,0.5005086469989827,-5.882354114478183,11.45833730697633,0.1809511698880976,0.7477110885045778
2026-09-30,2441,0.5005086469989827,-4.562737642585546,17.52988047808765,-0.0235249237029502,0.45930824008138355
2026-09-30,2442,0.5005086469989827,-20.69892322337844,28.532246748606365,0.1380976602238046,0.7054933875890133
2026-09-30,2444,0.5005086469989827,-3.6363636363636376,35.84905540418325,0.0099186164801627,0.5315361139369278
2026-09-30,2449,0.5005086469989827,-10.757575757575754,26.146010186757216,-0.0897761953204475,0.36291963377416075
2026-09-30,2450,0.5005086469989827,-0.8787372802643967,1.418445127230164,-0.2416073245167853,0.17344862665310273
2026-09-30,2451,0.5005086469989827,-3.6666666666666625,10.38062283737024,0.0747711088504579,0.6337741607324516
2026-09-30,2453,0.5005086469989827,-4.626335814311943,8.395522388059701,-0.4581637843336724,0.05035605289928789
2026-09-30,2454,0.5005086469989827,-10.21897810218978,25.406504065040657,-0.4323499491353001,0.055442522889114956
2026-09-30,2455,0.5005086469989827,-6.440677966101694,21.014492753623188,-0.5991861648016277,0.020854526958290945
2026-09-30,2457,0.5005086469989827,-4.852323738055531,11.973395844520857,0.5361139369277721,0.9821973550356052
2026-09-30,2458,0.5005086469989827,-1.433691756272404,10.909090909090908,0.4829603255340793,0.9699898270600203
2026-09-30,2459,0.5005086469989827,-3.1296550251502797,3.692305344801678,-0.2272380467955239,0.1856561546286877
2026-09-30,2460,0.5005086469989827,-9.212485543261606,18.49427668045469,0.1915055951169887,0.7583926754832147
2026-09-30,2461,0.5005086469989827,-4.289542278249748,7.843135117816658,0.1361902339776195,0.7044760935910478
2026-09-30,2462,0.5005086469989827,-4.545452803204785,11.0275631859189,0.3949643947100711,0.9181078331637843
2026-09-30,2464,0.5005086469989827,-14.0625,26.49350649350649,-0.1934130213631739,0.2121057985757884
2026-09-30,2465,0.5005086469989827,-15.16279069767441,22.03947201109769,-0.1480162767039674,0.2767039674465921
2026-09-30,2466,0.5005086469989827,0.0,23.93574542309863,-0.0081383519837232,0.4872838250254323
2026-09-30,2467,0.5005086469989827,-16.174183514774498,23.747680890538035,0.4425228891149542,0.9476093591047813
2026-09-30,2468,0.5005086469989827,-7.987867951459771,38.021976345188016,-0.4132756866734486,0.06052899287894201
2026-09-30,2471,0.5005086469989827,-4.074074074074074,9.555986028840644,-0.3077314343845372,0.12004069175991862
2026-09-30,2472,0.5005086469989827,-9.341825902335454,14.285714285714285,0.4059003051881994,0.9242115971515769
2026-09-30,2474,0.5005086469989827,-3.7296037296037254,6.053268765133172,-0.3639369277721262,0.0844354018311292
2026-09-30,2476,0.5005086469989827,-5.000000000000004,12.145748987854253,0.0826551373346896,0.6464903357070193
2026-09-30,2477,0.5005086469989827,-1.2793209090789404,8.639308855291578,-0.1686164801627669,0.2517802644964395
2026-09-30,2478,0.5005086469989827,-8.3969465648855,14.166666666666666,0.3009918616480163,0.848677517802645
2026-09-30,2480,0.5005086469989827,-4.191616766467066,8.4375,-0.3561800610376399,0.09003051881993897
2026-09-30,2481,0.5005086469989827,-4.972375690607733,20.348837209302324,0.2932349949135299,0.8428280773143438
2026-09-30,2482,0.5005086469989827,-2.0833288866374144,7.902730924380225,0.1071973550356052,0.6703967446592065
2026-09-30,2483,0.5005086469989827,-0.8321754324813968,18.041954840813485,0.5958799593082401,0.9933875890132248
2026-09-30,2484,0.5005086469989827,-2.132998745294856,19.23077314327925,0.4580366225839267,0.9577822990844354
2026-09-30,2485,0.5005086469989827,-4.137931034482756,14.2685869614855,0.5526449643947101,0.9857578840284842
2026-09-30,2486,0.5005086469989827,-21.95121951219512,33.125,0.3837741607324517,0.9084435401831129
2026-09-30,2488,0.5005086469989827,-1.9076290193064227,3.5823950870010237,-0.000762970498474,0.5017802644964394
2026-09-30,2489,0.5005086469989827,-8.131868131868137,22.248802002537197,-0.1653102746693794,0.25559511698880977
2026-09-30,2491,0.5005086469989827,-22.873348160414587,35.0490270876417,0.2624618514750762,0.8168870803662258
2026-09-30,2492,0.5005086469989827,-12.936046511627907,24.707846410684475,-0.2011698880976602,0.2034587995930824
2026-09-30,2493,0.5005086469989827,-4.358353510895885,19.746835443037973,0.4636317395727365,0.9600712105798576
2026-09-30,2495,0.5005086469989827,-2.8606983609802517,11.011521733829827,0.2085452695829095,0.7782299084435402
2026-09-30,2496,0.5005086469989827,-1.7857142857142905,2.909088134765625,0.0138606307222787,0.5391658189216684
2026-09-30,2497,0.5005086469989827,-3.5869565217391264,8.568205720542382,0.4303153611393692,0.9379450661241099
2026-09-30,2498,0.5005086469989827,-2.941176470588247,11.65500987659802,0.1648016276703967,0.737029501525941
2026-09-30,2501,0.5005086469989827,-7.658644867633757,9.47867298578199,-0.1083418107833163,0.3377416073245168
2026-09-30,2504,0.5005086469989827,-3.00633028481484,3.752040396312324,-0.2383011190233977,0.1775178026449644
2026-09-30,2505,0.5005086469989827,-4.225352112676061,6.176466100356158,-0.1971007121057986,0.20752797558494404
2026-09-30,2506,0.5005086469989827,-3.546908229249346,6.4056934976634325,-0.0712105798575788,0.3906408952187182
2026-09-30,2509,0.5005086469989827,-7.741935483870965,10.48951048951049,-0.3003560528992879,0.1271617497456765
2026-09-30,2511,0.5005086469989827,-3.248258576292562,4.436449467135276,-0.3392675483214649,0.10122075279755849
2026-09-30,2514,0.5005086469989827,-1.2658259632150726,3.846160367003903,-0.0236520854526958,0.4587995930824008
2026-09-30,2515,0.5005086469989827,-4.799999999999994,6.722690678444229,-0.0960071210579857,0.3504577822990844
2026-09-30,2516,0.5005086469989827,-1.9169305165672943,11.400651465798047,-0.1106307222787384,0.32934893184130215
2026-09-30,2520,0.5005086469989827,-7.828279276694838,11.3698567429634,-0.5119532044760936,0.035096642929806715
2026-09-30,2524,0.5005086469989827,-7.466666666666654,12.536018657409493,-0.151322482197355,0.27009155645981686
2026-09-30,2527,0.5005086469989827,-1.9607843137254943,17.400001525878906,-0.0132248219735502,0.47914547304170907
2026-09-30,2528,0.5005086469989827,-6.053267029644827,7.216492879022028,-0.3015005086469989,0.12512716174974567
2026-09-30,2530,0.5005086469989827,-5.647058823529405,11.970072910375428,-0.5633265513733469,0.02797558494404883
2026-09-30,2534,0.5005086469989827,-2.305477652305632,4.129798011442201,-0.0550610376398779,0.41200406917599186
2026-09-30,2535,0.5005086469989827,-2.9379776725233064,4.372199020043617,-0.2580111902339775,0.16276703967446593
2026-09-30,2536,0.5005086469989827,-8.373204069241691,11.74934725848564,-0.0417090539165819,0.430824008138352
2026-09-30,2537,0.5005086469989827,-7.02479631960543,9.333335028754355,-0.2245676500508646,0.18819938962360122
2026-09-30,2538,0.5005086469989827,-0.8888888888888946,6.053811231536181,0.2304170905391658,0.7904374364191251
2026-09-30,2539,0.5005086469989827,-4.986145568431133,6.413989720469666,-0.0630722278738555,0.40030518819938965
2026-09-30,2540,0.5005086469989827,-10.277777777777777,15.273480961566367,0.0089013224821973,0.5277212614445574
2026-09-30,2542,0.5005086469989827,-20.961147660607725,27.943082861264955,-0.1358087487283825,0.29679552390640895
2026-09-30,2543,0.5005086469989827,-4.702973896329754,8.31169029334923,0.0961342828077314,0.6594608341810784
2026-09-30,2545,0.5005086469989827,-4.834256149328741,9.433962264150942,0.1019837232960325,0.6648016276703967
2026-09-30,2546,0.5005086469989827,-4.109589041095896,8.571428571428571,-0.0570956256358087,0.4069175991861648
2026-09-30,2547,0.5005086469989827,-3.5467944045341815,5.617969735041301,-0.0356052899287894,0.4389623601220753
2026-09-30,2548,0.5005086469989827,-7.099390043051923,7.751090037250102,-0.2881485249237029,0.1373346897253306
2026-09-30,2596,0.5005086469989827,-4.489795918367346,7.834757834757834,-0.42293997965412,0.056459816887080364
2026-09-30,2597,0.5005086469989827,-4.0000000000000036,5.357142857142857,-0.2168107833163784,0.1963377416073245
2026-09-30,2603,0.5005086469989827,-2.4439918533604943,7.724425887265135,-0.4458290946083417,0.052899287894201424
2026-09-30,2605,0.5005086469989827,-8.020702208260555,11.251758087201129,-0.6393692777212615,0.01627670396744659
2026-09-30,2606,0.5005086469989827,-9.914317320444487,12.092383011527684,-0.5214903357070193,0.03306205493387589
2026-09-30,2607,0.5005086469989827,-0.3703703703703764,3.1598527192183146,-0.2634791454730416,0.15717192268565616
2026-09-30,2608,0.5005086469989827,-2.3890759566134734,3.146851813042914,-0.3123092573753815,0.11800610376398779
2026-09-30,2609,0.5005086469989827,-5.863706122970125,11.111108542291404,-0.475203458799593,0.044760935910478125
2026-09-30,2610,0.5005086469989827,-0.9685211730018796,3.6674816625916873,0.0412004069175991,0.5854526958290946
2026-09-30,2611,0.5005086469989827,-3.3333333333333326,8.96551855679216,0.0610376398779246,0.6106307222787386
2026-09-30,2612,0.5005086469989827,-6.787334607277229,11.326867014073246,-0.6673448626653102,0.013224821973550356
2026-09-30,2613,0.5005086469989827,-3.862657796267333,6.696428571428571,-0.0559511698880976,0.409206510681587
2026-09-30,2614,0.5005086469989827,-0.2597402597402598,8.333335320154827,0.059766022380468,0.6093591047812817
2026-09-30,2615,0.5005086469989827,-8.799999999999997,16.228070175438596,-0.466937945066124,0.04730417090539166
2026-09-30,2616,0.5005086469989827,-2.2058850959922327,3.007523099282644,-0.1380976602238046,0.2917090539165819
2026-09-30,2617,0.5005086469989827,-9.49640287769784,12.559620867851995,-0.6599694811800609,0.014750762970498474
2026-09-30,2618,0.5005086469989827,-0.8101869369403158,5.484252716028843,-0.0305188199389623,0.44506612410986773
2026-09-30,2630,0.5005086469989827,-10.2099262787935,13.49628541725475,0.1286876907426246,0.6958290946083419
2026-09-30,2633,0.5005086469989827,-2.4714800605188048,3.313834207099781,-0.1948118006103764,0.2105798575788403
2026-09-30,2634,0.5005086469989827,-5.743742913455585,9.375,-0.0614191251271617,0.40233977619532046
2026-09-30,2636,0.5005086469989827,-0.8298797046084272,5.439332672076577,-0.08646998982706,0.3690233977619532
2026-09-30,2637,0.5005086469989827,-8.190476190476181,13.381744321451148,-0.7632248219735505,0.005595116988809766
2026-09-30,2640,0.5005086469989827,-10.79545454545454,14.331210191082802,-0.302263479145473,0.12410986775178026
2026-09-30,2641,0.5005086469989827,-5.913980424245602,7.714287894112723,-0.1510681586978636,0.2711088504577823
2026-09-30,2642,0.5005086469989827,-2.392342716059037,4.1666685366163065,-0.0197100712105797,0.4669379450661241
2026-09-30,2643,0.5005086469989827,-1.1058439897274286,2.2364180689802566,-0.3718209562563581,0.08138351983723296
2026-09-30,2645,0.5005086469989827,-3.621169916434541,5.491329479768786,0.0031790437436419,0.5142421159715158
2026-09-30,2646,0.5005086469989827,-7.990865977228356,9.429278503872323,-0.0283570701932858,0.45116988809766023
2026-09-30,2701,0.5005086469989827,-1.904761904761898,2.9126232110180896,-0.1091047812817905,0.33214649033570703
2026-09-30,2702,0.5005086469989827,-5.40540401216314,7.346937218490907,-0.2648779247202441,0.15513733468972532
2026-09-30,2704,0.5005086469989827,-1.8358515141835396,4.4004400440044,-0.366734486266531,0.08341810783316378
2026-09-30,2705,0.5005086469989827,-5.031444262413265,5.96026237437266,-0.095116988809766,0.35198372329603256
2026-09-30,2706,0.5005086469989827,-3.1746061060283104,4.0983606557377055,0.0618006103763987,0.6129196337741607
2026-09-30,2707,0.5005086469989827,-2.500000000000002,2.849002849002849,-0.289674465920651,0.13657171922685657
2026-09-30,2712,0.5005086469989827,-7.191783246816796,9.594097348596788,0.0096642929806714,0.529501525940997
2026-09-30,2718,0.5005086469989827,-5.380116959064319,8.529050093793455,0.1388606307222787,0.7075279755849441
2026-09-30,2719,0.5005086469989827,-3.186272699435977,6.582274618028086,0.323499491353001,0.8723296032553408
2026-09-30,2722,0.5005086469989827,-2.947842446942406,4.906538490937136,0.0717192268565615,0.6307222787385555
2026-09-30,2723,0.5005086469989827,-7.857142857142851,9.94831647059714,-0.3393947100712106,0.10071210579857579
2026-09-30,2726,0.5005086469989827,-8.04597499553582,9.874999523162842,0.0086469989827059,0.5267039674465921
2026-09-30,2727,0.5005086469989827,0.0,4.23728813559322,0.1634028484231943,0.7355035605289929
2026-09-30,2729,0.5005086469989827,-4.0000000000000036,8.333333333333332,-0.2325788402848423,0.18107833163784334
2026-09-30,2731,0.5005086469989827,-0.3448275862068972,4.1522491349480966,0.0414547304170905,0.5862156663275687
2026-09-30,2732,0.5005086469989827,-5.112781954887213,7.448495662344616,-0.0124618514750763,0.48067141403865715
2026-09-30,2734,0.5005086469989827,-3.9867121802711902,5.190311418685122,-0.0302644964394709,0.4458290946083418
2026-09-30,2736,0.5005086469989827,-6.967211660279005,8.370042372380059,0.0198372329603254,0.5478128179043744
2026-09-30,2739,0.5005086469989827,-5.67741935483872,7.387142990258422,-0.2199898270600203,0.19277721261444558
2026-09-30,2740,0.5005086469989827,-6.220844264249948,14.096190798935018,-0.3298575788402849,0.10783316378433368
2026-09-30,2743,0.5005086469989827,-12.33552521574529,18.38649012581716,0.3118006103763988,0.858087487283825
2026-09-30,2745,0.5005086469989827,-4.499439209474588,6.478209658421672,0.3512207527975585,0.8931841302136317
2026-09-30,2748,0.5005086469989827,-2.7568959494035483,3.9948532261799294,-0.2011698880976602,0.2034587995930824
2026-09-30,2751,0.5005086469989827,-3.302752293577982,6.072107709562529,-0.4908443540183113,0.039165818921668365
2026-09-30,2752,0.5005086469989827,-2.209944751381221,4.519774011299435,-0.2980671414038657,0.12894201424211596
2026-09-30,2753,0.5005086469989827,-1.3698630136986356,3.3333333333333335,-0.0445066124109867,0.4262461851475076
2026-09-30,2754,0.5005086469989827,-3.271696944400493,4.558832505170036,-0.3181586978636826,0.11444557477110885
2026-09-30,2755,0.5005086469989827,-3.5121951219512115,4.651161247847415,0.1546286876907425,0.7293997965412004
2026-09-30,2756,0.5005086469989827,-2.0280787910563536,4.777070063694268,-0.2118514750762971,0.1991353001017294
2026-09-30,2762,0.5005086469989827,-4.463210443637777,4.924244350857205,-0.1083418107833164,0.3367243133265514
2026-09-30,2801,0.5005086469989827,-7.226890756302517,17.57246515025263,-0.798321464903357,0.003051881993896236
2026-09-30,2812,0.5005086469989827,-4.31472451787166,4.774543903866876,-0.3929298067141403,0.06917599186164802
2026-09-30,2816,0.5005086469989827,-2.657008418686424,7.196033562974955,-0.3596134282807731,0.08646998982706001
2026-09-30,2820,0.5005086469989827,-4.261365711442644,6.824923552108447,-0.5854526958290945,0.023397761953204477
2026-09-30,2832,0.5005086469989827,-4.690118470949233,6.854132734409325,-0.2685656154628688,0.14954221770091555
2026-09-30,2834,0.5005086469989827,-5.585102551444132,11.267605633802818,-0.7077822990844355,0.009664292980671414
2026-09-30,2836,0.5005086469989827,0.0,50.41666825612386,0.0027975584944048,0.5134791454730417
2026-09-30,2838,0.5005086469989827,-1.1406844106463865,62.49999926640437,0.0015259409969481,0.5104272634791455
2026-09-30,2845,0.5005086469989827,-5.415165060018145,7.251914220911883,-0.4443031536113937,0.05340793489318413
2026-09-30,2849,0.5005086469989827,-1.5337377224664772,13.395636252525078,-0.5531536113936927,0.02899287894201424
2026-09-30,2850,0.5005086469989827,0.0,4.9079754601226995,-0.0984231943031536,0.3474059003051882
2026-09-30,2851,0.5005086469989827,-2.680412371134011,8.686437445171808,-0.5966429298067141,0.021363173957273652
2026-09-30,2852,0.5005086469989827,-2.280701754385961,2.8725314183123904,-0.353001017293998,0.09231943031536113
2026-09-30,2855,0.5005086469989827,-5.19263102734141,18.374560999786052,-0.3565615462868768,0.08952187182095625
2026-09-30,2880,0.5005086469989827,-6.107658972377406,16.5380374862183,-0.7675483214649034,0.00508646998982706
2026-09-30,2881,0.5005086469989827,-66.90095846645367,202.12355212355217,-0.000762970498474,0.5017802644964394
2026-09-30,2882,0.5005086469989827,-49.743589743589745,99.31972789115646,-0.0096642929806714,0.48575788402848424
2026-09-30,2883,0.5005086469989827,-79.01960745081448,377.1027948254737,-0.0005086469989827,0.5025432349949135
2026-09-30,2884,0.5005086469989827,-5.279827992998676,18.61761086760556,-0.8222278738555443,0.00254323499491353
2026-09-30,2885,0.5005086469989827,-4.4630363799766375,9.781017442689324,-0.6363173957273652,0.0167853509664293
2026-09-30,2886,0.5005086469989827,-7.088849560891585,9.867756437066856,-0.677263479145473,0.012207527975584944
2026-09-30,2887,0.5005086469989827,-48.99553484568485,96.93653933068072,-0.0170396744659206,0.4712614445574771
2026-09-30,2889,0.5005086469989827,-5.714285714285716,13.030300718365284,-0.6897253306205493,0.011698880976602238
2026-09-30,2890,0.5005086469989827,-4.53074119364556,12.655363783324503,-0.715412004069176,0.008646998982706003
2026-09-30,2891,0.5005086469989827,-15.97222222222222,19.00826446280992,-0.1739572736520854,0.2446592065106816
2026-09-30,2892,0.5005086469989827,-5.61660737506261,15.394568597514755,-0.775178026449644,0.004577822990844354
2026-09-30,2897,0.5005086469989827,0.0,12.658224628947435,-0.1038911495422176,0.34231943031536116
2026-09-30,2901,0.5005086469989827,-9.88805713619566,18.633540372670808,-0.0322990844354018,0.4430315361139369
2026-09-30,2903,0.5005086469989827,-2.207503871749372,4.063203695396268,-0.2240590030518821,0.18870803662258392
2026-09-30,2904,0.5005086469989827,-2.702701269653518,3.968253968253968,-0.0302644964394709,0.4458290946083418
2026-09-30,2905,0.5005086469989827,-3.68421052631579,9.562841530054644,-0.673321464903357,0.01271617497456765
2026-09-30,2906,0.5005086469989827,-4.9645415782376245,6.343286428878569,-0.2697100712105799,0.14699898270600203
2026-09-30,2908,0.5005086469989827,-2.43362996542551,4.535147392290249,-0.2619532044760936,0.15869786368260427
2026-09-30,2910,0.5005086469989827,-5.220882082113887,8.050845841229972,-0.241353001017294,0.17446592065106817
2026-09-30,2911,0.5005086469989827,-7.87878654767219,9.539472429375898,0.0068667344862665,0.5233977619532044
2026-09-30,2912,0.5005086469989827,-2.9680365296803624,3.5294117647058822,-0.1419125127161749,0.28687690742624616
2026-09-30,2913,0.5005086469989827,-1.3274352938316911,4.035872728835291,-0.0390386571719227,0.4331129196337742
2026-09-30,2915,0.5005086469989827,-2.6490090818845013,7.82313314424891,-0.3463886063072228,0.09638860630722279
2026-09-30,2916,0.5005086469989827,-0.4907975460122782,2.0961737956130553,-0.3013733468972532,0.12639877924720244
2026-09-30,2923,0.5005086469989827,-9.91150442477876,22.593320235756387,-0.266531027466938,0.1520854526958291
2026-09-30,2924,0.5005086469989827,-3.9370040267585504,15.8469924509851,0.039674465920651,0.5824008138351984
2026-09-30,2926,0.5005086469989827,-3.5143746449619706,7.284764422486161,0.0309003051881994,0.5717192268565615
2026-09-30,2929,0.5005086469989827,-5.203253502523941,10.977699253612275,-0.1716683621566633,0.24720244150559512
2026-09-30,2937,0.5005086469989827,-0.1117318435754133,2.796420581655481,-0.0350966429298066,0.4409969481180061
2026-09-30,2938,0.5005086469989827,-25.59999999999999,37.09677419354838,0.3583418107833164,0.8952187182095626
2026-09-30,2939,0.5005086469989827,-0.454545454545463,13.013700372007886,0.0295015259409969,0.5671414038657172
2026-09-30,2941,0.5005086469989827,-8.554576387452595,13.548389557869204,-0.2632248219735503,0.15768056968463887
2026-09-30,2945,0.5005086469989827,-2.804878048780479,5.8971103491119035,-0.2711088504577822,0.14547304170905392
2026-09-30,2947,0.5005086469989827,-3.5087731039388226,4.46281117841232,0.0977873855544252,0.6607324516785351
2026-09-30,2948,0.5005086469989827,-2.60417053682922,6.149740780101103,0.0111902339776195,0.53382502543235
2026-09-30,2949,0.5005086469989827,-2.1306818181818232,13.497825146413517,0.1865462868769074,0.7522889114954222
2026-09-30,3002,0.5005086469989827,-9.601875151482345,24.352335559271776,-0.0869786368260426,0.36775178026449645
2026-09-30,3003,0.5005086469989827,-12.84271668085022,22.847687171784457,0.5233977619532044,0.9796541200406917
2026-09-30,3004,0.5005086469989827,-7.751937984496127,12.605042016806722,0.3133265513733469,0.8601220752797558
2026-09-30,3005,0.5005086469989827,-2.9166666666666674,6.866952789699571,-0.4224313326551373,0.05747711088504578
2026-09-30,3006,0.5005086469989827,-10.344827586206897,19.58041958041958,-0.0057222787385554,0.491353001017294
2026-09-30,3008,0.5005086469989827,-25.64102564102564,34.73507148864592,-0.3776703967446592,0.07731434384537131
2026-09-30,3010,0.5005086469989827,-4.92424242424242,7.569721115537849,-0.0843082400813834,0.3743641912512716
2026-09-30,3011,0.5005086469989827,-4.2452864648608095,13.793109085759522,0.4969481180061038,0.9725330620549338
2026-09-30,3013,0.5005086469989827,-5.549511905549598,11.981568578201506,0.3448626653102747,0.8880976602238047
2026-09-30,3014,0.5005086469989827,-2.4137931034482807,11.66077738515901,0.138351983723296,0.7065106815869786
2026-09-30,3015,0.5005086469989827,-0.3610108303249038,8.876811594202895,0.4071719226856561,0.9247202441505595
2026-09-30,3016,0.5005086469989827,-3.9772727272727297,46.44970414201183,0.0178026449643947,0.5452695829094608
2026-09-30,3017,0.5005086469989827,-4.583333333333329,14.556040756914118,-0.1350457782299085,0.2980671414038657
2026-09-30,3018,0.5005086469989827,-8.396949232350448,17.916671435038264,-0.0250508646998982,0.45625635808748727
2026-09-30,3019,0.5005086469989827,-16.257668711656436,23.44322344322344,0.2502543234994914,0.8077314343845371
2026-09-30,3021,0.5005086469989827,-8.225806451612904,38.84006761708452,0.0854526958290946,0.6485249237029501
2026-09-30,3022,0.5005086469989827,-6.389450883992276,17.876489707475624,-0.1823499491353001,0.2273652085452696
2026-09-30,3023,0.5005086469989827,-11.781609195402298,14.169381107491857,-0.3540183112919634,0.09155645981688708
2026-09-30,3024,0.5005086469989827,-8.97436120022601,13.380285719750646,-0.4682095625635809,0.04679552390640895
2026-09-30,3025,0.5005086469989827,-0.5639112004457769,6.238183812968898,0.3395218718209562,0.8809766022380467
2026-09-30,3026,0.5005086469989827,-7.59345794392523,28.31858407079646,0.1542472024415057,0.7288911495422177
2026-09-30,3027,0.5005086469989827,-3.076923076923088,11.111113129469452,0.0611648016276704,0.6113936927772126
2026-09-30,3028,0.5005086469989827,-5.41353383458647,9.538950715421304,0.341556459816887,0.8827568667344863
2026-09-30,3029,0.5005086469989827,-4.761904761904767,14.583333333333334,-0.388351983723296,0.07324516785350967
2026-09-30,3030,0.5005086469989827,-8.972267536704726,17.38351254480287,0.5139877924720244,0.9766022380467956
2026-09-30,3031,0.5005086469989827,-2.6856228397317827,28.733767472304304,0.2700915564598168,0.8219735503560529
2026-09-30,3032,0.5005086469989827,-6.563249226089907,17.752236942374083,0.22558494404883,0.7871312309257376
2026-09-30,3033,0.5005086469989827,-5.333333333333334,11.150234741784038,0.4300610376398779,0.9374364191251272
2026-09-30,3034,0.5005086469989827,-3.703703703703709,8.791208791208792,-0.4081892166836215,0.06307222787385554
2026-09-30,3035,0.5005086469989827,-2.995391705069128,24.70308788598575,0.1243641912512716,0.6917599186164801
2026-09-30,3036,0.5005086469989827,-2.1428571428571463,13.86861313868613,-0.0559511698880976,0.409206510681587
2026-09-30,3037,0.5005086469989827,-2.083333333333337,27.829787234042552,0.0200915564598168,0.5483214649033571
2026-09-30,3038,0.5005086469989827,-0.952380952380949,5.769234437208909,0.1538657171922685,0.728382502543235
2026-09-30,3040,0.5005086469989827,-9.127516778523482,12.259974965668851,-0.0152594099694811,0.4755849440488301
2026-09-30,3041,0.5005086469989827,-0.6122448979591799,10.472276127558713,0.2484740590030518,0.8056968463886063
2026-09-30,3042,0.5005086469989827,-5.61797752808989,25.0,0.2497456765005087,0.8067141403865717
2026-09-30,3043,0.5005086469989827,-5.128208502630893,8.108115606284551,0.0303916581892166,0.5696846388606307
2026-09-30,3044,0.5005086469989827,-4.021937842778788,13.714285714285715,-0.2414801627670396,0.17395727365208546
2026-09-30,3045,0.5005086469989827,-4.7808764940239,10.0418410041841,-0.6228382502543235,0.01780264496439471
2026-09-30,3046,0.5005086469989827,-6.620211541572285,10.261194029850746,0.0554425228891149,0.6057985757884028
2026-09-30,3047,0.5005086469989827,-3.594772443649541,13.89830637786348,-0.0951169888097659,0.35249237029501523
2026-09-30,3048,0.5005086469989827,-7.014385937323963,12.18568517806682,0.4799084435401831,0.9682095625635809
2026-09-30,3049,0.5005086469989827,-7.664232291120432,15.019759830278842,0.3002288911495423,0.8479145473041709
2026-09-30,3050,0.5005086469989827,-0.4166666666666763,9.205024112717393,0.1943031536113937,0.7624618514750763
2026-09-30,3051,0.5005086469989827,-1.89473684210526,12.446350294121345,0.2980671414038657,0.8458799593082401
2026-09-30,3052,0.5005086469989827,-2.347414342581655,4.8076923076923075,0.198118006103764,0.7665310274669379
2026-09-30,3054,0.5005086469989827,-4.347823736656398,13.636361067543929,0.1447100712105798,0.7171922685656155
2026-09-30,3055,0.5005086469989827,-7.300884955752207,51.07398568019092,-0.0147507629704985,0.4760935910478128
2026-09-30,3056,0.5005086469989827,-7.357858349827007,10.830324909747292,-0.1411495422177009,0.28763987792472023
2026-09-30,3057,0.5005086469989827,-9.749307457148417,15.123461499626254,0.0757884028484232,0.6363173957273652
2026-09-30,3058,0.5005086469989827,-2.2646047145155057,5.853664584276153,0.0391658189216683,0.5808748728382502
2026-09-30,3059,0.5005086469989827,-4.20272121353581,9.935489777595766,0.448880976602238,0.953204476093591
2026-09-30,3060,0.5005086469989827,-3.103448275862064,12.455516014234874,0.3743641912512716,0.9038657171922686
2026-09-30,3062,0.5005086469989827,-1.2931066942837632,13.537119569736795,-0.0671414038657172,0.3967446592065107
2026-09-30,3066,0.5005086469989827,-5.040650406504065,27.054793214144773,0.0226347914547303,0.5528992878942014
2026-09-30,3071,0.5005086469989827,-9.607843137254902,11.93058568329718,0.0284842319430315,0.5651068158697864
2026-09-30,3073,0.5005086469989827,-9.450549450549438,13.349514563106796,-0.0762970498474059,0.3853001017293998
2026-09-30,3078,0.5005086469989827,-5.041149281981339,12.134341222364236,0.4865208545269582,0.9715157680569685
2026-09-30,3081,0.5005086469989827,-25.13888888888889,37.66233766233766,-0.4074262461851475,0.06358087487283826
2026-09-30,3083,0.5005086469989827,-3.418801844324637,7.7433628318584065,0.2293997965412004,0.7899287894201424
2026-09-30,3085,0.5005086469989827,0.0,10.330575359754308,-0.0414547304170905,0.4313326551373347
2026-09-30,3086,0.5005086469989827,-17.59398496240602,22.445255474452548,-0.1236012207527975,0.31052899287894203
2026-09-30,3088,0.5005086469989827,-3.6101083032490937,13.857677902621724,0.1449643947100711,0.7177009155645981
2026-09-30,3090,0.5005086469989827,-12.02185792349727,16.149068322981368,0.1111393692777212,0.6734486266531028
2026-09-30,3092,0.5005086469989827,-1.5748016714081323,15.199996948242186,0.4975839267548322,0.9730417090539166
2026-09-30,3093,0.5005086469989827,-8.119221792372889,12.639824442682116,0.3157426246185147,0.8636826042726348
2026-09-30,3094,0.5005086469989827,-1.4399999999999968,36.36363884071251,-0.0261953204476094,0.4547304170905392
2026-09-30,3095,0.5005086469989827,-11.492730910135409,17.462682012301773,-0.103763987792472,0.34282807731434384
2026-09-30,3105,0.5005086469989827,0.0,22.50922509225092,0.0012716174974567,0.508646998982706
2026-09-30,3114,0.5005086469989827,-5.205479452054796,21.38728213448056,0.4463377416073245,0.9511698880976602
2026-09-30,3115,0.5005086469989827,-8.108108108108103,19.64705972110524,0.3507121057985758,0.8921668362156663
2026-09-30,3118,0.5005086469989827,-2.3400912789829142,4.153352195081619,-0.3044252288911495,0.12258392675483215
2026-09-30,3122,0.5005086469989827,-9.022557695681954,15.289259350989475,0.3151068158697863,0.8626653102746694
2026-09-30,3128,0.5005086469989827,-7.499999999999996,11.30220755312308,0.0553153611393693,0.6052899287894201
2026-09-30,3130,0.5005086469989827,-0.9478672985781976,1.4354066985645932,-0.1099949135300101,0.3311291963377416
2026-09-30,3131,0.5005086469989827,-8.014571948998183,19.603960396039604,0.3825025432349949,0.9074262461851476
2026-09-30,3135,0.5005086469989827,-14.130434782608692,18.037974683544306,0.018056968463886,0.5457782299084435
2026-09-30,3138,0.5005086469989827,-10.619469026548678,26.732673267326735,0.0634537131230925,0.6164801627670397
2026-09-30,3141,0.5005086469989827,-22.45454545454546,32.94255389697666,-0.7123601220752798,0.009155645981688708
2026-09-30,3147,0.5005086469989827,-2.6000000000000023,14.37371663244353,-0.01881993896236,0.46820956256358087
2026-09-30,3149,0.5005086469989827,0.0,21.08107901908256,0.388351983723296,0.9109867751780264
2026-09-30,3150,0.5005086469989827,-8.211139587721817,13.099036658533848,0.5180569684638862,0.978382502543235
2026-09-30,3152,0.5005086469989827,-6.477732793522262,12.987012987012983,0.583418107833164,0.9908443540183113
2026-09-30,3158,0.5005086469989827,-6.187845303867401,8.480561776492564,-0.5292472024415056,0.031027466937945065
2026-09-30,3162,0.5005086469989827,-2.8441410693970437,23.302107728337244,0.1017293997965411,0.66353001017294
2026-09-30,3163,0.5005086469989827,-18.60759493670886,24.72783825816485,-0.1770091556459817,0.23652085452695829
2026-09-30,3164,0.5005086469989827,-0.6005983232514889,6.3444062662268585,0.0467955239064089,0.5953713123092573
2026-09-30,3167,0.5005086469989827,-8.650875386199797,28.41037204058625,0.1225839267548322,0.688708036622584
2026-09-30,3168,0.5005086469989827,-2.505698149533009,5.607480200651651,-0.1927772126144455,0.21286876907426247
2026-09-30,3169,0.5005086469989827,-4.958677685950407,18.782607368800953,0.0405645981688709,0.5839267548321465
2026-09-30,3171,0.5005086469989827,-7.836989493498492,11.054421768707485,0.1912512716174974,0.7576297049847406
2026-09-30,3176,0.5005086469989827,-5.7499999999999885,14.58885941644562,-0.1920142421159715,0.21414038657171922
2026-09-30,3178,0.5005086469989827,-14.950978801782988,36.59942033311475,-0.3626653102746693,0.08545269582909461
2026-09-30,3188,0.5005086469989827,-7.171316151845919,7.72532352562114,-0.1810783316378433,0.22965412004069177
2026-09-30,3189,0.5005086469989827,-2.610441767068272,23.711340206185564,0.0231434384537132,0.5539165818921669
2026-09-30,3191,0.5005086469989827,-6.685240735014563,9.85075537838153,0.1308494404883011,0.6983723296032553
2026-09-30,3205,0.5005086469989827,-2.500000000000002,4.700856331067208,0.0584944048830112,0.6078331637843337
2026-09-30,3206,0.5005086469989827,-2.646243692201755,9.871246818138635,-0.0841810783316379,0.3748728382502543
2026-09-30,3207,0.5005086469989827,-6.053267029644827,13.4020638220089,0.4416327568667345,0.9460834181078331
2026-09-30,3209,0.5005086469989827,-6.01036269430052,9.040790461126996,0.12970498474059,0.6963377416073245
2026-09-30,3211,0.5005086469989827,-2.8048780487804903,15.30740276035132,0.1958290946083418,0.7639877924720244
2026-09-30,3213,0.5005086469989827,-7.434944237918217,12.048192771084338,0.0020345879959308,0.5111902339776195
2026-09-30,3217,0.5005086469989827,-6.810035842293905,11.153846153846157,0.3256612410986775,0.8748728382502543
2026-09-30,3218,0.5005086469989827,-6.896551724137934,9.25925925925926,0.1845116988809766,0.7507629704984741
2026-09-30,3219,0.5005086469989827,-2.2304832713754608,40.45627144353018,0.0124618514750762,0.5356052899287894
2026-09-30,3221,0.5005086469989827,-2.2900791811737986,15.820316970348358,0.3456256358087487,0.8886063072227874
2026-09-30,3224,0.5005086469989827,-10.780141843971636,15.421304869538083,0.0208545269582909,0.5506103763987793
2026-09-30,3226,0.5005086469989827,-0.6578947368421018,13.74172185430463,-0.0923194303153611,0.3593591047812818
2026-09-30,3227,0.5005086469989827,-7.268170426065168,10.81081081081081,0.3830111902339776,0.9079348931841302
2026-09-30,3228,0.5005086469989827,-3.1914893617021267,15.384615384615383,0.1141912512716174,0.6790437436419126
2026-09-30,3229,0.5005086469989827,-19.615913891034033,41.80887372013652,-0.8410478128179044,0.002034587995930824
2026-09-30,3230,0.5005086469989827,-9.010989010989013,12.80193052430084,0.2433875890132247,0.8026449643947101
2026-09-30,3231,0.5005086469989827,-7.980049875311723,12.195121951219512,-0.4112410986775178,0.06154628687690743
2026-09-30,3232,0.5005086469989827,-7.929518512960487,15.550239234449762,-0.1458545269582909,0.280264496439471
2026-09-30,3234,0.5005086469989827,-21.363636363636363,33.52601156069364,-0.380467955239064,0.07477110885045778
2026-09-30,3236,0.5005086469989827,-6.362675352687564,12.910534004392874,0.3992878942014242,0.9211597151576806
2026-09-30,3252,0.5005086469989827,-3.4700338689753862,9.477129169538932,0.1475076297049847,0.7207527975584944
2026-09-30,3257,0.5005086469989827,-2.7450980392156876,10.383067592497794,0.4104781281790438,0.9267548321464903
2026-09-30,3259,0.5005086469989827,-23.381292861315295,46.948353225636346,0.4498982706002035,0.9542217700915565
2026-09-30,3260,0.5005086469989827,-11.799065420560751,14.437086092715232,-0.1785350966429298,0.23296032553407936
2026-09-30,3264,0.5005086469989827,-15.889464594127812,28.54209445585216,-0.2845879959308239,0.13987792472024416
2026-09-30,3265,0.5005086469989827,-6.060606060606055,20.698924731182796,0.1620040691759918,0.7344862665310274
2026-09-30,3266,0.5005086469989827,-1.060068004057313,4.285710198538632,-0.2519074262461851,0.16632756866734486
2026-09-30,3268,0.5005086469989827,-1.1363636363636354,24.597702903309088,0.1675991861648016,0.7380467955239064
2026-09-30,3272,0.5005086469989827,-10.57692526360231,14.695341869067132,0.0790946083418108,0.641912512716175
2026-09-30,3276,0.5005086469989827,-4.0955606426866575,7.829177422031377,0.1767548321464903,0.7459308240081384
2026-09-30,3284,0.5005086469989827,-5.910163787592248,10.552765736028777,0.4170905391658188,0.9298067141403866
2026-09-30,3285,0.5005086469989827,-7.366069851025003,15.66265060240964,-0.0376398779247202,0.43591047812817907
2026-09-30,3287,0.5005086469989827,-6.333333333333336,25.385529686689097,-0.1813326551373347,0.22863682604272634
2026-09-30,3288,0.5005086469989827,-8.225109740664172,18.396224615708835,-0.4036113936927772,0.06510681586978637
2026-09-30,3289,0.5005086469989827,-5.102040816326525,12.544802867383511,0.318031536113937,0.8657171922685656
2026-09-30,3290,0.5005086469989827,-0.3816793893129722,14.846740371879486,0.4979654120040692,0.9735503560528993
2026-09-30,3293,0.5005086469989827,-1.005025125628145,13.83248730964467,0.141912512716175,0.7141403865717192
2026-09-30,3294,0.5005086469989827,-10.23513518590079,23.266567471214728,0.3779247202441506,0.9064089521871821
2026-09-30,3296,0.5005086469989827,-4.054055290556535,23.06338431129993,-0.08646998982706,0.3690233977619532
2026-09-30,3297,0.5005086469989827,-16.195376037935937,39.110435298615435,-0.3772889114954221,0.07782299084435401
2026-09-30,3303,0.5005086469989827,-6.80076764569677,9.969172227786968,0.3138351983723296,0.8611393692777213
2026-09-30,3305,0.5005086469989827,-8.225108225108224,16.50943396226415,0.637589013224822,0.9974567650050865
2026-09-30,3306,0.5005086469989827,-1.029866117404743,8.7408980767511,0.1749745676500509,0.7446592065106816
2026-09-30,3308,0.5005086469989827,-4.893617021276587,12.08054032635102,-0.0602746693794505,0.40335707019328587
2026-09-30,3310,0.5005086469989827,-2.272729390908823,6.39535105505655,-0.1747202441505595,0.24364191251271616
2026-09-30,3311,0.5005086469989827,-2.145411203814074,25.70036633731969,0.0236520854526958,0.5544252288911495
2026-09-30,3312,0.5005086469989827,-9.72221983067777,20.96153405996469,-0.0080111902339776,0.48779247202441506
2026-09-30,3313,0.5005086469989827,-9.913796065962057,11.483260889372792,0.0677772126144455,0.6236012207527976
2026-09-30,3317,0.5005086469989827,-10.684931506849315,30.214725096532906,0.5801119023397762,0.9903357070193286
2026-09-30,3321,0.5005086469989827,-4.450263688446688,12.8767144190122,0.3741098677517802,0.9028484231943031
2026-09-30,3322,0.5005086469989827,-0.877189665583189,8.407077958098538,0.4804170905391657,0.9689725330620549
2026-09-30,3323,0.5005086469989827,-1.8181818181818188,12.626262626262626,0.5270854526958291,0.9801627670396744
2026-09-30,3324,0.5005086469989827,-12.571428571428566,33.33333333333333,-0.198880976602238,0.20600203458799593
2026-09-30,3325,0.5005086469989827,-6.666666666666665,14.705882352941178,-0.0854526958290946,0.371057985757884
2026-09-30,3332,0.5005086469989827,-0.312989045383405,7.22135127620008,0.134028484231943,0.702441505595117
2026-09-30,3338,0.5005086469989827,-5.292483134044634,12.794124378877529,-0.0762970498474058,0.38631739572736523
2026-09-30,3339,0.5005086469989827,-8.333331928993626,19.496161470277418,-0.1838758901322483,0.22533062054933875
2026-09-30,3346,0.5005086469989827,-7.115384615384624,31.884061130184072,0.000381485249237,0.5050864699898271
2026-09-30,3349,0.5005086469989827,-12.882094618653127,19.548870268322176,0.2426246185147508,0.8016276703967447
2026-09-30,3354,0.5005086469989827,0.0,26.74961357057372,-0.0501017293997965,0.4170905391658189
2026-09-30,3356,0.5005086469989827,-11.676486740934331,15.947411277077414,-0.3912767039674465,0.07070193285859613
2026-09-30,3357,0.5005086469989827,-8.501118568232657,14.180929095354522,0.2609359104781281,0.8153611393692777
2026-09-30,3360,0.5005086469989827,-1.9169305165672943,10.749183182607633,0.461851475076297,0.9593082400813835
2026-09-30,3362,0.5005086469989827,-19.718309859154925,29.82456140350877,-0.048321464903357,0.41912512716174977
2026-09-30,3363,0.5005086469989827,-23.64705882352941,34.05238828967643,-0.3288402848423194,0.10859613428280773
2026-09-30,3372,0.5005086469989827,-2.6470588235294024,17.52265630531886,0.215412004069176,0.7835707019328586
2026-09-30,3373,0.5005086469989827,-3.614460046275037,5.0000011920928955,0.0511190233977619,0.6014750762970499
2026-09-30,3374,0.5005086469989827,-8.366935483870963,22.662266226622663,-0.1467446592065107,0.2787385554425229
2026-09-30,3376,0.5005086469989827,-20.319634703196343,27.793696275071632,0.0005086469989827,0.5058494404883012
2026-09-30,3379,0.5005086469989827,-6.890756302521006,13.537906137184116,0.1883265513733468,0.754323499491353
2026-09-30,3380,0.5005086469989827,-4.599408687978491,16.796272242236103,-0.1963377416073244,0.20854526958290945
2026-09-30,3388,0.5005086469989827,-7.783783783783782,14.888624792780996,0.2759409969481179,0.8280773143438453
2026-09-30,3390,0.5005086469989827,-0.8771896655832112,7.0796392660225385,0.3446083418107833,0.8873346897253306
2026-09-30,3402,0.5005086469989827,-1.0909090909090868,13.602941176470589,0.2653865717192268,0.8189216683621566
2026-09-30,3406,0.5005086469989827,-21.92982456140351,30.44943820224719,-0.4758392675483215,0.04374364191251272
2026-09-30,3413,0.5005086469989827,-1.6891891891891886,8.419243986254296,0.195320447609359,0.762970498474059
2026-09-30,3416,0.5005086469989827,-10.71428571428571,14.76923076923077,0.1818413021363173,0.7482197355035606
2026-09-30,3419,0.5005086469989827,-3.599999999999992,15.767631689047898,0.46617497456765,0.9613428280773143
2026-09-30,3430,0.5005086469989827,-4.29184549356223,14.887891008180354,0.5854526958290945,0.991353001017294
2026-09-30,3432,0.5005086469989827,-5.095540248306419,10.738251193257774,0.0190742624618514,0.5462868769074263
2026-09-30,3434,0.5005086469989827,-8.052712746718193,16.71975129728864,-0.3985249237029502,0.06612410986775177
2026-09-30,3437,0.5005086469989827,-7.613165823639479,30.28952889559264,-0.0867243133265514,0.36826042726347913
2026-09-30,3438,0.5005086469989827,-9.237532595526854,12.116311709599652,0.0704476093591048,0.6281790437436419
2026-09-30,3441,0.5005086469989827,-8.208955223880599,42.00542005420054,-0.116734486266531,0.3229908443540183
2026-09-30,3443,0.5005086469989827,-5.90988882387361,35.634328358208954,-0.0595116988809765,0.40412004069175994
2026-09-30,3444,0.5005086469989827,-6.5517241379310365,12.300123001230013,0.0584944048830111,0.6073245167853509
2026-09-30,3447,0.5005086469989827,-11.414792083362537,16.152452860034312,0.1548830111902339,0.7299084435401831
2026-09-30,3450,0.5005086469989827,-19.90811638591118,31.35755258126195,-0.0518819938962359,0.4140386571719227
2026-09-30,3455,0.5005086469989827,-4.3010752688172005,21.34831460674157,0.098677517802645,0.6612410986775178
2026-09-30,3465,0.5005086469989827,-0.8347270670149953,5.723908292725432,0.2039674465920651,0.7721261444557477
2026-09-30,3466,0.5005086469989827,-5.905510397866176,8.368200836820085,0.0628179043743642,0.6154628687690743
2026-09-30,3467,0.5005086469989827,-17.004507356780884,55.42741151807105,-0.4788911495422177,0.042726347914547304
2026-09-30,3479,0.5005086469989827,-2.857142857142858,13.23529411764706,0.0727365208545269,0.6322482197355036
2026-09-30,3481,0.5005086469989827,0.0,15.447897623400369,0.419379450661241,0.9328585961342828
2026-09-30,3483,0.5005086469989827,-5.382773392650364,13.02148599540238,0.242115971515768,0.8008646998982706
2026-09-30,3484,0.5005086469989827,-8.904106868859074,16.32652733430955,0.5167853509664293,0.9773652085452695
2026-09-30,3485,0.5005086469989827,-8.131868131868137,19.37799043062201,0.7349949135300102,0.9994913530010173
2026-09-30,3489,0.5005086469989827,-0.849256900212314,10.920770877944328,0.2512716174974567,0.809003051881994
2026-09-30,3490,0.5005086469989827,-6.533194337397541,16.45997573181634,-0.1846388606307223,0.22431332655137334
2026-09-30,3491,0.5005086469989827,-7.975460122699385,21.333333333333336,-0.3385045778229908,0.10223804679552391
2026-09-30,3492,0.5005086469989827,-1.5424203145075643,4.177551667933053,0.0718463886063072,0.6312309257375381
2026-09-30,3494,0.5005086469989827,-7.792205508150518,11.267601604193027,-0.1670905391658189,0.2548321464903357
2026-09-30,3498,0.5005086469989827,-2.553191489361706,26.85589519650655,0.0259409969481179,0.5595116988809766
2026-09-30,3499,0.5005086469989827,-7.382547964378904,19.56521600916764,-0.0967700915564597,0.34893184130213634
2026-09-30,3501,0.5005086469989827,-6.806934212904292,7.702527293171066,-0.1077060020345879,0.3387589013224822
2026-09-30,3504,0.5005086469989827,-17.259412905312598,23.514536629735897,0.1581892166836215,0.7314343845371313
2026-09-30,3508,0.5005086469989827,-6.498197521162963,27.799230744939972,-0.3304933875890131,0.10681586978636826
2026-09-30,3511,0.5005086469989827,-1.9851098069621151,11.898736108707476,0.3986520854526958,0.9206510681586979
2026-09-30,3512,0.5005086469989827,-3.030299293837857,4.166662693023682,-0.0681586978636826,0.39521871820956256
2026-09-30,3515,0.5005086469989827,-9.787234042553196,16.037735849056602,0.1152085452695828,0.6800610376398779
2026-09-30,3516,0.5005086469989827,-6.959704359556329,10.433069364292416,0.1403865717192268,0.7126144455747712
2026-09-30,3518,0.5005086469989827,0.0,29.92700915557045,0.0503560528992879,0.5996948118006104
2026-09-30,3520,0.5005086469989827,-2.528085709821959,4.6109466112999815,-0.2413530010172939,0.17497456765005087
2026-09-30,3521,0.5005086469989827,-3.6585380793232143,5.485236896241279,-0.1701424211597151,0.24923702950152593
2026-09-30,3522,0.5005086469989827,-7.749078789333341,15.59999847412108,-0.4954221770091557,0.03763987792472025
2026-09-30,3523,0.5005086469989827,-5.362778302917048,18.000005086263045,0.1706510681586979,0.7410986775178027
2026-09-30,3526,0.5005086469989827,-5.391304347826087,9.375,0.3690233977619532,0.901322482197355
2026-09-30,3527,0.5005086469989827,0.0,9.32203102471016,0.3313835198372329,0.8794506612410987
2026-09-30,3528,0.5005086469989827,-1.6091954022988575,11.682242990654206,0.2276195320447609,0.7894201424211598
2026-09-30,3529,0.5005086469989827,-9.07840440165062,39.4856278366112,0.0101729399796541,0.5320447609359105
2026-09-30,3530,0.5005086469989827,-2.950819672131144,9.966218793714368,0.164292980671414,0.7365208545269583
2026-09-30,3531,0.5005086469989827,-3.2407424495707216,4.0669874711470175,-0.1369532044760936,0.2945066124109868
2026-09-30,3532,0.5005086469989827,-3.5823950870010224,23.88535031847134,-0.0272126144455747,0.4529501525940997
2026-09-30,3533,0.5005086469989827,-0.8403361344537785,16.38418079096045,0.4254832146490335,0.9354018311291964
2026-09-30,3535,0.5005086469989827,-1.6042780748663057,13.478262528129244,0.3649542217700915,0.8997965412004069
2026-09-30,3537,0.5005086469989827,-6.491228070175447,11.069421249303764,0.2548321464903356,0.8107833163784334
2026-09-30,3540,0.5005086469989827,-9.784733118247102,17.13665447110985,0.1223296032553408,0.6879450661241099
2026-09-30,3541,0.5005086469989827,-5.426353792481942,17.622947692871094,0.0104272634791453,0.5325534079348931
2026-09-30,3543,0.5005086469989827,-4.299065420560744,24.4140625,0.3491861648016275,0.8906408952187183
2026-09-30,3545,0.5005086469989827,-2.996257453482487,11.00386247671709,0.0536622583926754,0.6042726347914548
2026-09-30,3546,0.5005086469989827,-4.724405633096607,7.300269176808928,-0.2309257375381485,0.18362156663275686
2026-09-30,3548,0.5005086469989827,-12.852308162867542,16.04138925806517,-0.0442522889114954,0.427263479145473
2026-09-30,3550,0.5005086469989827,-5.64663023679417,24.131271185561957,0.4103509664292981,0.9262461851475077
2026-09-30,3551,0.5005086469989827,-1.832460732984298,12.266666666666666,0.1495422177009154,0.7243133265513734
2026-09-30,3552,0.5005086469989827,-5.2631563420305945,17.573696145124714,0.3265513733468972,0.8758901322482198
2026-09-30,3555,0.5005086469989827,-21.44522144522144,29.970326409495552,-0.1312309257375381,0.30264496439471006
2026-09-30,3556,0.5005086469989827,-8.503937007874018,14.974183757210763,0.4773652085452696,0.9664292980671414
2026-09-30,3557,0.5005086469989827,-6.882593969349915,10.000004975692086,0.2346134282807731,0.7945066124109867
2026-09-30,3558,0.5005086469989827,-3.474903474903479,10.4,0.0806205493387589,0.6439471007121058
2026-09-30,3563,0.5005086469989827,-2.1818181818181848,23.04832713754647,0.1037639877924719,0.667853509664293
2026-09-30,3564,0.5005086469989827,-5.243448400506057,17.58893582189507,-0.01881993896236,0.46820956256358087
2026-09-30,3567,0.5005086469989827,-0.7575743235613275,6.106871684998957,0.2708545269582909,0.8224821973550356
2026-09-30,3570,0.5005086469989827,-2.9069767441860517,5.9880239520958085,-0.4552390640895219,0.0508646998982706
2026-09-30,3576,0.5005086469989827,0.0,18.527922654514988,0.0651068158697864,0.6187690742624619
2026-09-30,3577,0.5005086469989827,-6.000000000000005,18.72340425531915,0.1960834181078331,0.7644964394710071
2026-09-30,3580,0.5005086469989827,-4.741379310344829,31.674208144796378,0.0373855544252288,0.5798575788402849
2026-09-30,3581,0.5005086469989827,-0.4255319148936176,21.11110850277111,0.4188708036622584,0.9323499491353001
2026-09-30,3583,0.5005086469989827,-10.619469026548678,17.963224893917964,0.3636826042726347,0.8982706002034588
2026-09-30,3587,0.5005086469989827,-14.362657091561935,20.754716981132077,0.2810274669379451,0.8341810783316378
2026-09-30,3588,0.5005086469989827,-2.8828828828828867,9.09091192185326,0.3207019328585961,0.8690233977619533
2026-09-30,3591,0.5005086469989827,-1.3310597145782088,16.467415787048896,-0.0363682604272633,0.43743641912512715
2026-09-30,3592,0.5005086469989827,-0.6276150627615107,9.263157894736842,0.2647507629704984,0.818413021363174
2026-09-30,3593,0.5005086469989827,0.0,25.18182234330611,0.5602746693794507,0.9875381485249237
2026-09-30,3594,0.5005086469989827,-9.62264150943396,16.492696296198133,0.2777212614445574,0.830620549338759
2026-09-30,3596,0.5005086469989827,-5.846153846153845,7.18954248366013,0.1202950152594099,0.685147507629705
2026-09-30,3597,0.5005086469989827,-2.090594937245571,10.14235011199191,0.0302644964394709,0.568413021363174
2026-09-30,3605,0.5005086469989827,-10.498687664041997,45.16129032258064,-0.1625127161749746,0.25940996948118006
2026-09-30,3607,0.5005086469989827,-0.7092225444273681,5.0000054495675474,0.3012461851475076,0.8494404883011191
2026-09-30,3609,0.5005086469989827,-10.852710542093636,35.869565217391305,-0.0745167853509664,0.3886063072227874
2026-09-30,3611,0.5005086469989827,-0.8130081300813052,2.185792349726776,0.0419633774160732,0.5885045778229908
2026-09-30,3615,0.5005086469989827,0.0,28.3842811417892,0.3428280773143439,0.8850457782299085
2026-09-30,3617,0.5005086469989827,-7.80952380952381,11.776859504132233,-0.2912004069175992,0.1347914547304171
2026-09-30,3622,0.5005086469989827,-14.152701405889957,22.12581510399014,0.513733468972533,0.9760935910478128
2026-09-30,3623,0.5005086469989827,-1.650165016501648,26.00671396959548,-0.0679043743641911,0.3957273652085453
2026-09-30,3624,0.5005086469989827,-4.844290657439442,43.41817959872159,0.1139369277721262,0.6785350966429298
2026-09-30,3625,0.5005086469989827,-17.407407407407405,23.318389071477384,0.0668870803662258,0.6228382502543235
2026-09-30,3628,0.5005086469989827,-7.03324445381045,14.855564542452932,-0.3301119023397761,0.10732451678535096
2026-09-30,3629,0.5005086469989827,-18.969556482934948,25.72254555762849,-0.4120040691759918,0.061037639877924724
2026-09-30,3630,0.5005086469989827,-6.908465320317947,11.873843276213185,0.1828585961342828,0.7492370295015259
2026-09-30,3631,0.5005086469989827,-4.028437754040071,13.580246913580249,-0.1518311291963378,0.2695829094608342
2026-09-30,3632,0.5005086469989827,-3.7685038332124887,5.034960233248197,0.2080366225839267,0.7774669379450662
2026-09-30,3645,0.5005086469989827,-0.2649006622516547,11.55378080775855,0.4819430315361139,0.9694811800610377
2026-09-30,3646,0.5005086469989827,-0.7952271235142194,6.613224923969032,-0.3555442522889114,0.09104781281790437
2026-09-30,3652,0.5005086469989827,-2.28571428571428,9.356727377015943,-0.1887080366225839,0.21998982706002035
2026-09-30,3653,0.5005086469989827,-5.027932960893855,28.676470588235293,0.0002543234994912,0.5045778229908443
2026-09-30,3661,0.5005086469989827,-14.022988505747126,29.144385026737968,0.4799084435401831,0.9682095625635809
2026-09-30,3663,0.5005086469989827,-1.1661807580174877,17.55162129359962,0.4224313326551372,0.9348931841302136
2026-09-30,3664,0.5005086469989827,-3.3805896806407776,30.135441041692367,-0.0300101729399796,0.4471007121057986
2026-09-30,3665,0.5005086469989827,-3.3519553072625663,33.71868978805395,0.0208545269582909,0.5506103763987793
2026-09-30,3666,0.5005086469989827,0.0,2.3715384864053264,-0.1370803662258393,0.29399796541200407
2026-09-30,3669,0.5005086469989827,-8.333333333333337,12.12121212121212,0.3260427263479145,0.875381485249237
2026-09-30,3672,0.5005086469989827,-5.000000000000004,12.145748987854253,0.4022126144455747,0.9226856561546287
2026-09-30,3673,0.5005086469989827,0.0,20.52980132450331,0.275940996948118,0.828585961342828
2026-09-30,3675,0.5005086469989827,-6.911142454160791,29.848484848484848,0.4343845371312309,0.9415055951169888
2026-09-30,3679,0.5005086469989827,-2.26244343891403,4.62962962962963,-0.2222787385554425,0.19074262461851474
2026-09-30,3680,0.5005086469989827,-3.141361256544506,15.225225225225223,-0.0930824008138352,0.3565615462868769
2026-09-30,3684,0.5005086469989827,-5.366728880123661,8.50661914154803,-0.3479145473041709,0.09460834181078331
2026-09-30,3685,0.5005086469989827,-9.326421286090646,14.571424211774552,-0.422177009155646,0.05798575788402848
2026-09-30,3686,0.5005086469989827,0.0,14.110429447852765,0.1623855544252288,0.7349949135300101
2026-09-30,3687,0.5005086469989827,-7.230769230769241,8.457708912306956,0.0208545269582909,0.5506103763987793
2026-09-30,3689,0.5005086469989827,-10.88709677419355,16.7420814479638,0.3902594099694811,0.9145473041709054
2026-09-30,3691,0.5005086469989827,-8.429118773946364,33.47280334728033,0.4397253306205494,0.944557477110885
2026-09-30,3693,0.5005086469989827,-8.155080213903743,21.542940320232898,-0.7070193285859613,0.01017293997965412
2026-09-30,3694,0.5005086469989827,-1.1516285829050843,6.990288299264259,0.2507629704984741,0.8082400813835199
2026-09-30,3701,0.5005086469989827,0.0,16.122004357298472,0.0813835198372329,0.6449643947100712
2026-09-30,3702,0.5005086469989827,-5.000000000000004,17.543859649122805,-0.2305442522889114,0.18413021363173956
2026-09-30,3703,0.5005086469989827,-5.084744009331866,6.632649168676259,-0.2489827060020345,0.167853509664293
2026-09-30,3704,0.5005086469989827,-5.263157894736848,9.629633397231869,-0.2316887080366225,0.18260427263479145
2026-09-30,3705,0.5005086469989827,-1.2195148210288886,4.056442772059634,-0.2118514750762971,0.1991353001017294
2026-09-30,3706,0.5005086469989827,-8.945723151102303,11.968364932047011,0.1485249237029501,0.7232960325534079
2026-09-30,3707,0.5005086469989827,-2.069857697283306,25.89167666718698,0.3456256358087488,0.8891149542217701
2026-09-30,3708,0.5005086469989827,-3.980582524271836,9.807883668596766,0.2062563580874872,0.7754323499491353
2026-09-30,3709,0.5005086469989827,-3.55029368090869,10.889568211842167,0.409206510681587,0.9252288911495422
2026-09-30,3710,0.5005086469989827,-5.239177072452206,15.384612175134512,-0.1795523906408953,0.23194303153611392
2026-09-30,3711,0.5005086469989827,-2.766251728907332,20.62588904694168,0.0297558494404882,0.5676500508646999
2026-09-30,3712,0.5005086469989827,-6.13636363636364,8.716707021791771,-0.3489318413021363,0.09409969481180061
2026-09-30,3713,0.5005086469989827,-10.322580645161285,16.90647756453042,-0.1634028484231942,0.25839267548321465
2026-09-30,3714,0.5005086469989827,-3.319506155538754,17.596570889496157,-0.0816378433367243,0.3776703967446592
2026-09-30,3715,0.5005086469989827,-8.333333333333337,17.786561264822133,0.3697863682604272,0.9018311291963378
2026-09-30,3716,0.5005086469989827,-2.0028633695531317,4.233578869896213,0.0091556459816887,0.5284842319430315
2026-09-30,3717,0.5005086469989827,-3.9861351819757473,28.700362387977357,0.2266022380467954,0.7884028484231943
2026-09-30,4102,0.5005086469989827,-5.6265947825476115,7.046066325531419,-0.1431841302136317,0.28382502543234994
2026-09-30,4104,0.5005086469989827,-0.4109589041095818,3.301240063107161,-0.2309257375381486,0.18311291963377416
2026-09-30,4105,0.5005086469989827,-1.008831047882386,3.821656050955414,-0.3056968463886063,0.12156663275686673
2026-09-30,4106,0.5005086469989827,-1.0162616975324943,2.4640672750296777,-0.3476602238046795,0.09511698880976602
2026-09-30,4107,0.5005086469989827,-3.0701754385964897,3.619909502262444,-0.0982960325534079,0.34791454730417093
2026-09-30,4108,0.5005086469989827,-2.127659574468088,6.521739130434782,0.1069430315361139,0.6698880976602238
2026-09-30,4109,0.5005086469989827,-2.6431750782979324,4.524886877828054,-0.1176246185147508,0.3209562563580875
2026-09-30,4111,0.5005086469989827,-0.1727142024930961,1.9031181467445664,-0.0481943031536112,0.41963377416073244
2026-09-30,4113,0.5005086469989827,-10.374641740020795,16.077170418006418,-0.4642675483214649,0.04832146490335707
2026-09-30,4114,0.5005086469989827,-1.827243769100806,2.7072796765116065,-0.1447100712105797,0.2812817904374364
2026-09-30,4116,0.5005086469989827,-2.9268292682926855,4.396984924623116,-0.0923194303153611,0.3593591047812818
2026-09-30,4119,0.5005086469989827,-8.5667227307752,15.315315315315312,-0.6614954221770091,0.014242115971515769
2026-09-30,4120,0.5005086469989827,-3.164560079307077,6.100224513633579,-0.1990081383519836,0.20549338758901323
2026-09-30,4121,0.5005086469989827,-2.6717585593723503,4.31372848211551,0.0504832146490336,0.6002034587995931
2026-09-30,4123,0.5005086469989827,-0.7936507936507908,6.8799987792968755,0.3276958290946083,0.8763987792472024
2026-09-30,4126,0.5005086469989827,-0.2554317291987962,1.920614596670935,-0.0272126144455747,0.4529501525940997
2026-09-30,4127,0.5005086469989827,-37.36263998837984,59.64912949946888,-0.0040691759918616,0.4938962360122075
2026-09-30,4128,0.5005086469989827,-0.6472491909385036,8.794785788470822,0.344354018311292,0.8863173957273652
2026-09-30,4129,0.5005086469989827,-0.4773305933064797,3.2374155607154895,0.0607833163784333,0.6098677517802645
2026-09-30,4131,0.5005086469989827,-5.9815906913893375,9.951057869691834,-0.3791963377416072,0.0762970498474059
2026-09-30,4133,0.5005086469989827,-0.721150204627341,3.631961259079904,0.0067395727365209,0.5228891149542217
2026-09-30,4137,0.5005086469989827,-8.844342903124868,13.195348742091486,0.3028992878942014,0.8514750762970499
2026-09-30,4138,0.5005086469989827,-4.569422594297102,9.5764286610303,-0.3672431332655137,0.08290946083418108
2026-09-30,4139,0.5005086469989827,-7.317070034968342,12.440184086703798,-0.0244150559511697,0.4572736520854527
2026-09-30,4142,0.5005086469989827,-0.2732240437158473,6.849319248983308,0.0415818921668361,0.5869786368260427
2026-09-30,4147,0.5005086469989827,-4.210526315789465,12.087913285619235,0.0612919633774161,0.6121566632756866
2026-09-30,4148,0.5005086469989827,-10.48951048951049,15.156251192092896,-0.5183112919633774,0.03458799593082401
2026-09-30,4153,0.5005086469989827,-4.407299266349107,5.564393982030629,-0.353001017293998,0.09231943031536113
2026-09-30,4154,0.5005086469989827,-3.846153846153843,15.599998474121094,0.1394964394710071,0.7100712105798576
2026-09-30,4155,0.5005086469989827,-4.8701275136904805,9.556311389285131,-0.3013733468972533,0.12563580874872837
2026-09-30,4157,0.5005086469989827,-4.202583450358832,7.311581760745482,-0.0938453713123091,0.3550356052899288
2026-09-30,4160,0.5005086469989827,-3.0978897680077777,7.555529894426351,-0.2952695829094608,0.13173957273652084
2026-09-30,4161,0.5005086469989827,-5.434782608695654,5.747126436781609,-0.1775178026449644,0.2352492370295015
2026-09-30,4162,0.5005086469989827,-5.762711864406778,9.172659126117075,0.2709816887080366,0.8229908443540183
2026-09-30,4163,0.5005086469989827,-2.508960573476704,9.926470588235292,0.1325025432349948,0.7004069175991862
2026-09-30,4164,0.5005086469989827,-0.1824817518248034,8.40950500376699,0.1915055951169888,0.7589013224821973
2026-09-30,4166,0.5005086469989827,-6.042883592912451,8.506220900666168,0.0244150559511698,0.556968463886063
2026-09-30,4167,0.5005086469989827,-0.2512562814070196,6.045336206854133,0.0302644964394709,0.568413021363174
2026-09-30,4168,0.5005086469989827,-0.8869146067723599,6.7114093959731544,0.3210834181078331,0.8697863682604272
2026-09-30,4169,0.5005086469989827,-3.797468354430378,11.18421052631579,0.3524923702950152,0.8936927772126144
2026-09-30,4171,0.5005086469989827,-4.637681159420293,7.294837464677527,0.1416581892166836,0.7133774160732451
2026-09-30,4173,0.5005086469989827,-1.1428571428571344,3.46821029751287,-0.1299593082400815,0.30366225839267547
2026-09-30,4174,0.5005086469989827,0.0,38.010206027906776,0.0213631739572736,0.551881993896236
2026-09-30,4175,0.5005086469989827,-1.9230769230769271,2.941176470588235,-0.2327060020345879,0.18056968463886064
2026-09-30,4178,0.5005086469989827,-2.906981050935742,7.18563331101469,0.0287385554425228,0.5656154628687691
2026-09-30,4183,0.5005086469989827,-5.574915402112291,9.963102446271058,-0.1673448626653102,0.254323499491353
2026-09-30,4188,0.5005086469989827,-10.37735634035688,21.754381949441463,-0.1134282807731434,0.32706002034587994
2026-09-30,4190,0.5005086469989827,-6.026362647977579,8.216429807857903,-0.211851475076297,0.19989827060020346
2026-09-30,4192,0.5005086469989827,-4.11311430107395,9.65148066707335,0.036113936927772,0.5783316378433367
2026-09-30,4195,0.5005086469989827,-7.20461095100865,28.26086838052881,0.2993387589013225,0.8474059003051883
2026-09-30,4198,0.5005086469989827,-5.714285714285716,20.2020202020202,-0.5236520854526958,0.03204476093591048
2026-09-30,4205,0.5005086469989827,-2.0028633695531317,2.4817585074988595,-0.1375890132248219,0.29298067141403866
2026-09-30,4207,0.5005086469989827,-7.19424630228227,9.04392764857881,0.0005086469989827,0.5058494404883012
2026-09-30,4303,0.5005086469989827,-12.89062846141542,15.994027769262658,-0.0020345879959308,0.4979654120040692
2026-09-30,4304,0.5005086469989827,-26.69491643913856,54.335263423147914,-0.0226347914547304,0.46210579857578843
2026-09-30,4306,0.5005086469989827,-4.234530067207032,6.802721088435375,0.108087487283825,0.6709053916581892
2026-09-30,4401,0.5005086469989827,-3.135891076705599,5.755397055646512,-0.1785350966429297,0.23346897253306206
2026-09-30,4402,0.5005086469989827,-10.097722103908623,14.130440311155482,0.0251780264496439,0.5577314343845371
2026-09-30,4406,0.5005086469989827,-2.830192176164159,7.281553398058252,-0.2221515768056968,0.19125127161749747
2026-09-30,4413,0.5005086469989827,-5.1401869158878455,13.79310156911464,-0.0183112919633774,0.46897253306205494
2026-09-30,4414,0.5005086469989827,-4.235294117647048,5.528253185075389,-0.0192014242115971,0.4674465920651068
2026-09-30,4416,0.5005086469989827,-7.931034482758625,31.83520599250936,-0.1429298067141403,0.2843336724313327
2026-09-30,4417,0.5005086469989827,-1.8811881188118829,7.56811301715439,-0.484231943031536,0.04170905391658189
2026-09-30,4419,0.5005086469989827,0.0,10.95617377900508,0.0236520854526959,0.5549338758901322
2026-09-30,4420,0.5005086469989827,-9.87500000000001,13.73093138124675,-0.1775178026449644,0.2352492370295015
2026-09-30,4426,0.5005086469989827,-5.465840749187567,7.884367693426104,0.012970498474059,0.5371312309257376
2026-09-30,4430,0.5005086469989827,-1.6620457049360104,5.915488659496039,-0.0142421159715158,0.478382502543235
2026-09-30,4432,0.5005086469989827,-3.144651764315509,4.2207767437030626,-0.1255086469989826,0.3082400813835198
2026-09-30,4433,0.5005086469989827,-5.249340037321959,7.479220149919931,0.1869277721261444,0.7533062054933876
2026-09-30,4438,0.5005086469989827,-7.317073170731703,10.701751708984377,0.2029501525940997,0.7711088504577823
2026-09-30,4439,0.5005086469989827,-0.6060606060605989,5.894312044469307,0.0775686673448626,0.6393692777212614
2026-09-30,4440,0.5005086469989827,-1.680674370075419,2.849002849002849,-0.1579348931841302,0.2634791454730417
2026-09-30,4441,0.5005086469989827,-2.279202279202275,3.498542274052478,-0.0961342828077314,0.34994913530010174
2026-09-30,4442,0.5005086469989827,-8.922561262174112,17.375233874083005,-0.608087487283825,0.019328585961342827
2026-09-30,4502,0.5005086469989827,-4.5045023165981135,7.861635220125797,-0.1180061037639876,0.3199389623601221
2026-09-30,4503,0.5005086469989827,-3.976141684684098,12.422360248447204,0.6358087487283826,0.9969481180061037
2026-09-30,4506,0.5005086469989827,-4.0650406504065035,4.661016949152542,-0.1734486266531028,0.2451678535096643
2026-09-30,4510,0.5005086469989827,-9.18472795225086,16.250003467906605,-0.0502288911495422,0.4165818921668362
2026-09-30,4513,0.5005086469989827,-4.705882352941182,11.728392706976988,-0.1578077314343845,0.2644964394710071
2026-09-30,4523,0.5005086469989827,-4.400000000000004,6.903764094268928,-0.1272889114954221,0.3072227873855544
2026-09-30,4526,0.5005086469989827,-2.014388489208641,14.831128449517026,0.3307477110885046,0.8789420142421159
2026-09-30,4528,0.5005086469989827,-1.6447356079093534,4.6822729716731555,-0.0556968463886063,0.40996948118006105
2026-09-30,4529,0.5005086469989827,-17.77778165003545,24.62462977962093,0.0083926754832146,0.525940996948118
2026-09-30,4530,0.5005086469989827,-18.181818181818176,33.33333333333333,0.0015259409969481,0.5104272634791455
2026-09-30,4532,0.5005086469989827,-2.9296889464603515,9.2555378044635,0.0010172939979653,0.5081383519837233
2026-09-30,4533,0.5005086469989827,-4.291042051487315,10.721247563352827,0.4320956256358088,0.9399796541200407
2026-09-30,4534,0.5005086469989827,-11.063216440994806,24.394181702941996,-0.0462868769074262,0.42166836215666326
2026-09-30,4535,0.5005086469989827,-6.574393230483022,9.999995761447485,-0.1574262461851474,0.26551373346897256
2026-09-30,4536,0.5005086469989827,-3.59281437125748,4.3478260869565215,-0.2264750762970498,0.1861648016276704
2026-09-30,4538,0.5005086469989827,-4.143648429077129,5.763688760806916,0.0063580874872838,0.5218718209562564
2026-09-30,4540,0.5005086469989827,-2.358490566037741,13.204506399550878,0.1164801627670395,0.6826042726347915
2026-09-30,4541,0.5005086469989827,-7.746936118173897,17.32605773133117,0.4526958290946083,0.9557477110885045
2026-09-30,4542,0.5005086469989827,-3.6414565826330514,31.3953488372093,0.4491353001017294,0.9537131230925737
2026-09-30,4543,0.5005086469989827,-4.071663621743083,10.865876953954,0.4435401831129195,0.948118006103764
2026-09-30,4545,0.5005086469989827,0.0,20.076726342711,0.1391149542217701,0.7085452695829094
2026-09-30,4549,0.5005086469989827,-5.222967199130513,9.733245252458,0.0612919633774161,0.6121566632756866
2026-09-30,4550,0.5005086469989827,-0.8113590263691628,5.725971370143144,-0.1286876907426246,0.3046795523906409
2026-09-30,4551,0.5005086469989827,-7.180851063829785,20.63037249283668,0.4725330620549339,0.9643947100712106
2026-09-30,4552,0.5005086469989827,-7.058823529411762,12.658227848101264,0.3131993896236011,0.8596134282807731
2026-09-30,4554,0.5005086469989827,-6.146180591441553,7.610618118691232,0.074262461851475,0.633265513733469
2026-09-30,4555,0.5005086469989827,-10.509551240942926,14.353497596822177,0.1154628687690742,0.6810783316378434
2026-09-30,4556,0.5005086469989827,-2.4038461538461564,37.4384236453202,-0.0368769074262461,0.4369277721261445
2026-09-30,4557,0.5005086469989827,-1.3725490196078494,3.9761431411530817,-0.1093591047812818,0.3316378433367243
2026-09-30,4558,0.5005086469989827,-4.507042253521131,8.25958477009011,-0.1903611393692777,0.21719226856561547
2026-09-30,4560,0.5005086469989827,-0.8291861416032109,5.351171844380357,0.2314343845371312,0.7909460834181078
2026-09-30,4561,0.5005086469989827,-3.1390101390551206,12.962959430835864,0.2614445574771109,0.8161241098677517
2026-09-30,4562,0.5005086469989827,-2.9780552661148985,10.500807754442649,0.1027466937945066,0.6658189216683622
2026-09-30,4563,0.5005086469989827,-1.711023764694375,20.696319048824343,-0.0171668362156662,0.470498474059003
2026-09-30,4564,0.5005086469989827,-2.6706253488551934,8.536588854906038,0.4303153611393693,0.938708036622584
2026-09-30,4566,0.5005086469989827,-3.891050583657585,19.568153206314307,0.0651068158697862,0.6180061037639878
2026-09-30,4568,0.5005086469989827,-2.472189725780316,4.942967713407993,-0.1219481180061037,0.3128179043743642
2026-09-30,4569,0.5005086469989827,-14.16893732970027,20.0,0.4326042726347914,0.9404883011190234
2026-09-30,4571,0.5005086469989827,-6.11620795107034,11.074918566775244,0.3181586978636826,0.8662258392675484
2026-09-30,4572,0.5005086469989827,-4.810996563573888,5.415162454873646,-0.1463631739572736,0.2792472024415056
2026-09-30,4576,0.5005086469989827,-8.527131782945741,18.220338983050848,-0.1277975584944048,0.3059511698880977
2026-09-30,4577,0.5005086469989827,-5.61797899913723,16.991346945494286,0.1024923702950151,0.6653102746693794
2026-09-30,4580,0.5005086469989827,-5.977011494252881,8.435209689338516,-0.1653102746693794,0.25559511698880977
2026-09-30,4581,0.5005086469989827,-0.6185567010309256,2.904567481076569,-0.1284333672431332,0.3051881993896236
2026-09-30,4582,0.5005086469989827,-6.25,8.88888888888889,0.301881993896236,0.8504577822990844
2026-09-30,4583,0.5005086469989827,-13.401015228426392,17.23329425556858,0.1358087487283825,0.7034587995930824
2026-09-30,4584,0.5005086469989827,-7.1518157672500475,9.45945945945946,-0.0985503560528993,0.34689725330620547
2026-09-30,4585,0.5005086469989827,-4.885993485342022,7.191780821917808,-0.2694557477110885,0.14801627670396744
2026-09-30,4588,0.5005086469989827,-2.777775202268362,13.74999455043248,-0.2380467955239064,0.1780264496439471
2026-09-30,4590,0.5005086469989827,-6.5057742426204985,9.539842873176193,-0.2618260427263479,0.15920651068158698
2026-09-30,4609,0.5005086469989827,-6.741569036486716,9.638545024825865,0.1330111902339776,0.7011698880976602
2026-09-30,4702,0.5005086469989827,-5.000001848960367,6.9817462105756345,0.0162767039674466,0.5429806714140386
2026-09-30,4706,0.5005086469989827,-21.27906976744186,31.314618830490677,-0.5785859613428281,0.0254323499491353
2026-09-30,4707,0.5005086469989827,-11.644828680661067,30.14826263980771,0.7210071210579857,0.9989827060020345
2026-09-30,4711,0.5005086469989827,-3.823529411764692,5.810402219813168,0.0048321464903356,0.5167853509664293
2026-09-30,4714,0.5005086469989827,-6.949805579311496,20.331948624606945,-0.2703458799593082,0.14598168870803663
2026-09-30,4716,0.5005086469989827,-12.919898357541214,18.100896999461007,0.4262461851475076,0.9359104781281791
2026-09-30,4720,0.5005086469989827,-4.455449153203328,12.176167779635888,0.1396236012207528,0.7105798575788402
2026-09-30,4721,0.5005086469989827,-2.135231316725972,18.666664817116473,0.3901322482197354,0.9140386571719227
2026-09-30,4722,0.5005086469989827,-12.413793103448278,21.25984251968504,0.3153611393692777,0.8631739572736521
2026-09-30,4726,0.5005086469989827,-5.942621480326126,10.021783168019812,0.1392421159715157,0.7090539165818922
2026-09-30,4728,0.5005086469989827,-1.7241379310344862,4.010025062656641,-0.2627161749745676,0.15818921668362157
2026-09-30,4729,0.5005086469989827,0.0,12.10653937757736,0.305442522889115,0.8540183112919634
2026-09-30,4735,0.5005086469989827,-6.476680240796351,9.279774166540426,-0.1252543234994914,0.30925737538148523
2026-09-30,4736,0.5005086469989827,-3.3457249070631967,8.846153846153847,-0.4374364191251272,0.054933875890132246
2026-09-30,4737,0.5005086469989827,-8.88157780398291,13.718408798052517,-0.1410223804679551,0.2884028484231943
2026-09-30,4739,0.5005086469989827,-1.6685205784204626,17.08144451158619,0.5536622583926755,0.986266531027467
2026-09-30,4741,0.5005086469989827,-7.587772163303952,18.504909440582875,0.7451678535096643,1.0
2026-09-30,4743,0.5005086469989827,-0.736842105263158,9.544008483563095,0.4669379450661242,0.9618514750762971
2026-09-30,4744,0.5005086469989827,-7.006368296998245,17.123287671232877,-0.1622583926754832,0.2599186164801628
2026-09-30,4745,0.5005086469989827,0.0,5.737704918032781,0.3041709053916582,0.8519837232960326
2026-09-30,4746,0.5005086469989827,-1.310480834914196,9.39734111158548,0.3240081383519837,0.8743641912512716
2026-09-30,4747,0.5005086469989827,-13.711152940277248,20.127120260464935,0.1833672431332655,0.7497456765005086
2026-09-30,4749,0.5005086469989827,-7.151515151515153,16.187989556135772,0.4735503560528992,0.9649033570701933
2026-09-30,4754,0.5005086469989827,-2.8205128205128216,5.40896896322044,-0.042853509664293,0.42929806714140384
2026-09-30,4755,0.5005086469989827,-2.8806584362139898,10.59322033898305,0.3889877924720244,0.9125127161749745
2026-09-30,4760,0.5005086469989827,-7.570422535211263,14.285714285714285,0.009791454730417,0.5305188199389623
2026-09-30,4763,0.5005086469989827,-8.598130841121499,17.58690894503291,-0.4954221770091556,0.03814852492370295
2026-09-30,4764,0.5005086469989827,-24.55089820359282,39.94708994708995,0.0150050864699898,0.5406917599186165
2026-09-30,4766,0.5005086469989827,-2.991452991452992,6.020558002936858,-0.0024160732451678,0.49643947100712105
2026-09-30,4767,0.5005086469989827,-4.406779661016946,7.97872340425532,0.0610376398779246,0.6106307222787386
2026-09-30,4768,0.5005086469989827,-0.5235602094240788,24.47368421052632,0.0689216683621567,0.6256358087487284
2026-09-30,4770,0.5005086469989827,-4.406779661016946,29.609929078014183,-0.0142421159715158,0.478382502543235
2026-09-30,4771,0.5005086469989827,-2.500000000000002,9.79020979020979,-0.1719226856561546,0.24643947100712105
2026-09-30,4772,0.5005086469989827,-4.099821746880572,19.33085501858736,0.2614445574771109,0.8161241098677517
2026-09-30,4807,0.5005086469989827,-8.709180071500356,16.69506482411893,-0.0582400813835197,0.40488301119023395
2026-09-30,4903,0.5005086469989827,-3.1602692125767273,25.99067065543506,0.0111902339776195,0.53382502543235
2026-09-30,4904,0.5005086469989827,-3.720930232558139,7.246376811594203,-0.5762970498474059,0.026449643947100712
2026-09-30,4905,0.5005086469989827,-16.301970762724917,20.65359876046773,-0.2152848423194303,0.19735503560528994
2026-09-30,4906,0.5005086469989827,-0.3533568904593775,17.966906680564797,0.1442014242115971,0.7159206510681587
2026-09-30,4907,0.5005086469989827,-6.054282742166772,10.666673448350696,-0.1393692777212614,0.29094608341810785
2026-09-30,4908,0.5005086469989827,-21.886792452830186,31.88405797101449,-0.6597151576805697,0.015259409969481181
2026-09-30,4909,0.5005086469989827,-10.123456790123464,19.78022187620729,0.6691251271617498,0.9984740590030519
2026-09-30,4911,0.5005086469989827,-6.000000000000005,6.737587299752742,-0.1749745676500508,0.24313326551373346
2026-09-30,4912,0.5005086469989827,-5.213270142180093,20.5,0.0595116988809766,0.6088504577822991
2026-09-30,4915,0.5005086469989827,-4.511278195488721,11.181099959245817,-0.4979654120040692,0.037131230925737536
2026-09-30,4916,0.5005086469989827,-3.2558139534883734,14.615381681002118,-0.0128433367243132,0.47965412004069174
2026-09-30,4919,0.5005086469989827,-3.819444444444442,25.27075812274368,0.422177009155646,0.9343845371312309
2026-09-30,4923,0.5005086469989827,-8.902079213715075,28.501628664495115,-0.1083418107833164,0.3367243133265514
2026-09-30,4924,0.5005086469989827,-12.0,53.63636594830138,-0.4188708036622584,0.05925737538148525
2026-09-30,4927,0.5005086469989827,-3.2608695652173947,13.48314606741573,0.1266531027466939,0.6943031536113937
2026-09-30,4930,0.5005086469989827,-3.048778232685601,4.4025145236801055,-0.12029501525941,0.314852492370295
2026-09-30,4931,0.5005086469989827,-5.263157894736848,17.063492063492063,0.3954730417090539,0.9188708036622584
2026-09-30,4933,0.5005086469989827,-2.50895924050607,9.37499719507554,0.4931332655137334,0.9720244150559512
2026-09-30,4934,0.5005086469989827,-1.6447356079093534,13.377926421404682,0.3318921668362157,0.8799593082400814
2026-09-30,4935,0.5005086469989827,-2.005734943477988,12.86550153765762,0.2410986775178026,0.7995930824008138
2026-09-30,4938,0.5005086469989827,-6.066944107421879,8.129170848956884,-0.3527466937945066,0.0930824008138352
2026-09-30,4939,0.5005086469989827,-12.38095238095238,28.019319985799747,0.1785350966429298,0.7472024415055951
2026-09-30,4942,0.5005086469989827,-4.918030624685976,9.247645315331726,0.3166327568667344,0.8652085452695829
2026-09-30,4943,0.5005086469989827,-17.83590814063668,27.20694120989522,0.013733468972533,0.5384028484231943
2026-09-30,4946,0.5005086469989827,-0.9756097560975618,15.763546798029555,0.1469989827060019,0.719735503560529
2026-09-30,4949,0.5005086469989827,-10.235294117647063,18.34862385321101,-0.0389114954221769,0.4338758901322482
2026-09-30,4950,0.5005086469989827,-4.863226296875267,7.028756431116452,-0.1042726347914547,0.34104781281790436
2026-09-30,4951,0.5005086469989827,-16.43835616438356,34.20765360847848,-0.2777212614445575,0.14191251271617497
2026-09-30,4952,0.5005086469989827,-5.363986057500936,12.246962018341188,0.4476093591047813,0.9521871820956256
2026-09-30,4953,0.5005086469989827,-6.772908366533869,8.11965811965812,-0.1765005086469989,0.23906408952187183
2026-09-30,4956,0.5005086469989827,-6.626506024096379,39.78494787728914,-0.2726347914547304,0.14369277721261445
2026-09-30,4958,0.5005086469989827,-7.818181818181813,20.414201183431953,0.3046795523906409,0.8524923702950152
2026-09-30,4960,0.5005086469989827,-2.2044118081007147,22.33606870057153,0.1533570701932858,0.7273652085452695
2026-09-30,4961,0.5005086469989827,-3.723404255319151,15.469613259668508,-0.3591047812817904,0.08748728382502544
2026-09-30,4966,0.5005086469989827,-3.5472972972973027,12.43432574430823,0.2924720244150559,0.8418107833163785
2026-09-30,4967,0.5005086469989827,-4.347826086956519,7.818181818181818,-0.2848423194303153,0.13936927772126145
2026-09-30,4968,0.5005086469989827,-0.1034126163392046,10.248444045799369,0.3435910478128179,0.8855544252288912
2026-09-30,4971,0.5005086469989827,-25.75757575757576,38.218923933209645,-0.2253306205493387,0.1871820956256358
2026-09-30,4972,0.5005086469989827,-4.3988227015888555,5.521470052332965,-0.0459053916581892,0.4237029501525941
2026-09-30,4973,0.5005086469989827,-12.38095238095238,18.115942028985508,0.241353001017294,0.8001017293997965
2026-09-30,4974,0.5005086469989827,-5.960264900662249,9.99999785087478,-0.3374872838250254,0.10274669379450661
2026-09-30,4976,0.5005086469989827,-14.761904761904765,20.810057997037585,0.0862156663275687,0.6510681586978637
2026-09-30,4977,0.5005086469989827,-10.817941952506594,17.159763313609467,-0.3781790437436419,0.0768056968463886
2026-09-30,4979,0.5005086469989827,-13.525835866261392,27.592267135325137,-0.1993896236012207,0.20498474059003052
2026-09-30,4989,0.5005086469989827,-10.29411764705882,15.90164059498271,0.4266276703967446,0.9364191251271617
2026-09-30,4991,0.5005086469989827,-12.857142857142856,29.303278688524593,0.22558494404883,0.7871312309257376
2026-09-30,4994,0.5005086469989827,-5.760371976918444,9.413208530118238,-0.0989318413021363,0.34587995930824006
2026-09-30,4995,0.5005086469989827,-3.992392652167631,9.10890786954672,-0.4626144455747711,0.049338758901322485
2026-09-30,4999,0.5005086469989827,-5.053187636240997,6.722682664374342,0.1197863682604273,0.6846388606307223
2026-09-30,5007,0.5005086469989827,-0.3533542040863091,2.482265445357519,-0.0295015259409969,0.4486266531027467
2026-09-30,5009,0.5005086469989827,-6.099290780141842,10.42296303002856,0.2026958290946083,0.7706002034587996
2026-09-30,5011,0.5005086469989827,-2.3376623376623384,7.446806481544008,0.3090030518819939,0.8552899287894201
2026-09-30,5013,0.5005086469989827,0.0,31.483872936617946,0.0096642929806713,0.5289928789420142
2026-09-30,5014,0.5005086469989827,-1.4423040772329363,7.512190283798573,0.1968463886063072,0.7650050864699899
2026-09-30,5015,0.5005086469989827,-2.2321411921661483,6.164385303514734,-0.1684893184130212,0.25228891149542215
2026-09-30,5016,0.5005086469989827,-1.1605415860735049,6.653621845282692,-0.0198372329603255,0.4659206510681587
2026-09-30,5201,0.5005086469989827,-4.006412603759458,18.530888629079065,-0.3387589013224823,0.1017293997965412
2026-09-30,5202,0.5005086469989827,-11.006287173056128,30.38868718770702,-0.267293997965412,0.150559511698881
2026-09-30,5203,0.5005086469989827,-2.8286165013017617,8.561643835616438,0.1398779247202441,0.711088504577823
2026-09-30,5205,0.5005086469989827,-8.252428883442764,21.693123711480037,0.374618514750763,0.904883011190234
2026-09-30,5206,0.5005086469989827,-4.6218456820270255,12.334798401147784,-0.0811291963377416,0.378942014242116
2026-09-30,5209,0.5005086469989827,-7.9670329670329725,17.91044776119403,-0.6627670396744659,0.013733468972533061
2026-09-30,5210,0.5005086469989827,-0.9708737864077556,9.640520382550802,0.046795523906409,0.5961342828077314
2026-09-30,5211,0.5005086469989827,-3.7296071537753384,11.622283418299787,-0.1265259409969481,0.30773143438453715
2026-09-30,5212,0.5005086469989827,-0.5086469989827092,6.2372219343126885,-0.0542980671414038,0.4125127161749746
2026-09-30,5213,0.5005086469989827,-2.5641060297290297,5.980861244019139,0.0751525940996947,0.6342828077314344
2026-09-30,5215,0.5005086469989827,-4.292925605116016,6.596306068601583,0.2564852492370295,0.8118006103763988
2026-09-30,5220,0.5005086469989827,0.0,20.867770171362505,0.0429806714140387,0.5905391658189216
2026-09-30,5222,0.5005086469989827,-1.8433179723502335,7.042253521126761,0.1977365208545269,0.7655137334689726
2026-09-30,5223,0.5005086469989827,-9.233794469513525,12.987012987012983,0.0076297049847405,0.5249237029501526
2026-09-30,5225,0.5005086469989827,-10.21069803085577,16.425996911224473,0.4465920651068158,0.9516785350966429
2026-09-30,5227,0.5005086469989827,-3.96341240030178,12.063489641462054,0.2391912512716175,0.7970498474059003
2026-09-30,5228,0.5005086469989827,-11.66666666666667,16.9811320754717,0.1457273652085452,0.7182095625635809
2026-09-30,5230,0.5005086469989827,-3.112033195020747,29.122058941924855,0.0292472024415055,0.5666327568667345
2026-09-30,5234,0.5005086469989827,-6.231003039513682,16.53160453808752,0.4384537131230926,0.9437945066124109
2026-09-30,5236,0.5005086469989827,-0.7220216606498187,6.545454545454546,0.3163784333672431,0.8646998982706002
2026-09-30,5243,0.5005086469989827,-7.106598984771573,14.64481041079662,0.2535605289928789,0.8102746693794507
2026-09-30,5244,0.5005086469989827,-4.30107723151838,13.202249334099584,-0.2609359104781281,0.1607324516785351
2026-09-30,5245,0.5005086469989827,-12.394955174901469,16.786570743405274,0.2653865717192269,0.8194303153611394
2026-09-30,5251,0.5005086469989827,-8.952961136976567,25.833333333333336,-0.2011698880976602,0.2034587995930824
2026-09-30,5258,0.5005086469989827,-10.548526086331588,15.566043134005564,0.1309766022380468,0.6993896236012207
2026-09-30,5263,0.5005086469989827,-15.943396226415096,20.202020202020204,0.1566632756866734,0.7304170905391658
2026-09-30,5269,0.5005086469989827,-2.9900332225913595,14.04109589041096,-0.094735503560529,0.35300101729399797
2026-09-30,5272,0.5005086469989827,-3.2258064516129115,12.777782016330304,0.3468972533062054,0.8901322482197355
2026-09-30,5274,0.5005086469989827,-13.990825688073391,30.933333333333337,-0.577822990844354,0.025940996948118005
2026-09-30,5276,0.5005086469989827,-6.631301624261631,9.374997832558371,-0.1078331637843336,0.3382502543234995
2026-09-30,5278,0.5005086469989827,-2.8397550886940404,6.680586143923701,0.0768056968463886,0.638351983723296
2026-09-30,5283,0.5005086469989827,-6.216694999094441,8.14393794897831,-0.4750762970498474,0.045269582909460836
2026-09-30,5284,0.5005086469989827,-17.37931034482758,24.874791318864776,0.2796286876907426,0.8336724313326551
2026-09-30,5285,0.5005086469989827,-6.243494869291643,18.42397166939078,-0.150559511698881,0.27238046795523907
2026-09-30,5287,0.5005086469989827,-1.0791366906474864,3.636363636363636,0.0417090539165818,0.5877416073245167
2026-09-30,5288,0.5005086469989827,-5.4123711340206215,8.71934604904632,-0.2896744659206511,0.1358087487283825
2026-09-30,5289,0.5005086469989827,-12.542372881355934,18.217054263565892,0.2711088504577823,0.823499491353001
2026-09-30,5291,0.5005086469989827,-15.846991027122916,27.11038465623732,0.3936927772126144,0.917090539165819
2026-09-30,5292,0.5005086469989827,-4.56431535269709,14.347826086956522,-0.0012716174974567,0.5007629704984741
2026-09-30,5299,0.5005086469989827,-0.9661835748792312,12.097562464272103,0.4549847405900304,0.95676500508647
2026-09-30,5302,0.5005086469989827,-6.571428571428561,9.887872242903246,0.3301119023397762,0.8779247202441506
2026-09-30,5306,0.5005086469989827,-6.427820261115025,9.00900900900901,-0.1584435401831129,0.262970498474059
2026-09-30,5309,0.5005086469989827,-2.0312499999999956,25.438597708037403,0.3135808748728381,0.8606307222787386
2026-09-30,5310,0.5005086469989827,-6.913995429696696,22.644927536231883,0.0306459816887081,0.5707019328585962
2026-09-30,5312,0.5005086469989827,-2.6002199050979224,3.1145751409986633,-0.2197355035605289,0.193794506612411
2026-09-30,5314,0.5005086469989827,-38.35469984975146,75.56325558773153,-0.3212105798575788,0.11241098677517802
2026-09-30,5315,0.5005086469989827,-4.092067868442695,8.26666259765625,0.0320447609359104,0.5737538148524923
2026-09-30,5321,0.5005086469989827,-21.914645463695603,33.8256982439906,-0.3954730417090539,0.0681586978636826
2026-09-30,5324,0.5005086469989827,-5.323191169860342,8.835336769441032,-0.375381485249237,0.07934893184130214
2026-09-30,5328,0.5005086469989827,-17.289715694520925,24.293781000342072,0.3924211597151577,0.9160732451678535
2026-09-30,5340,0.5005086469989827,-8.783786918578729,14.814814814814811,-0.1958290946083418,0.20905391658189218
2026-09-30,5344,0.5005086469989827,-2.8070175438596467,10.469312702275356,0.4031027466937945,0.9231943031536114
2026-09-30,5345,0.5005086469989827,-6.113535553936944,13.255815727766173,0.4603255340793489,0.9587995930824008
2026-09-30,5347,0.5005086469989827,-2.1621621621621623,20.994475138121548,0.0953713123092574,0.6586978636826043
2026-09-30,5348,0.5005086469989827,-3.2544356860648493,9.48011765786266,-0.1040183112919633,0.34181078331637843
2026-09-30,5351,0.5005086469989827,-12.992125984251969,22.171945701357465,0.1099949135300101,0.6724313326551373
2026-09-30,5353,0.5005086469989827,-1.5570921261941484,5.799647165308518,0.1688708036622583,0.7395727365208545
2026-09-30,5355,0.5005086469989827,-0.7042240183685711,20.425532726531333,-0.1355544252288911,0.297558494404883
2026-09-30,5356,0.5005086469989827,-2.835541555032095,3.891050583657587,-0.1172431332655137,0.32171922685656157
2026-09-30,5364,0.5005086469989827,-1.8713472183105373,4.171637443024155,-0.0289928789420142,0.4506612410986775
2026-09-30,5381,0.5005086469989827,-13.843353942889058,20.718822519572544,0.3944557477110885,0.9175991861648016
2026-09-30,5386,0.5005086469989827,-14.454277286135698,30.0,-0.3428280773143438,0.0979145473041709
2026-09-30,5388,0.5005086469989827,-8.215662901820075,11.048953183047422,0.0858341810783316,0.6495422177009156
2026-09-30,5392,0.5005086469989827,-13.67061498092774,18.20448687546271,0.3222278738555443,0.8713123092573754
2026-09-30,5398,0.5005086469989827,-5.7823117026804205,7.581228813970145,-0.0461597151576805,0.422177009155646
2026-09-30,5403,0.5005086469989827,-3.0302999380560247,3.9870656769851314,-0.2238046795523905,0.18972533062054933
2026-09-30,5410,0.5005086469989827,-9.602196679507555,13.201827887157386,0.1922685656154628,0.7599186164801628
2026-09-30,5425,0.5005086469989827,-1.639342724524051,13.749996821085611,0.4422685656154628,0.9465920651068158
2026-09-30,5426,0.5005086469989827,-10.393700787401572,16.168718388294295,0.0757884028484232,0.6363173957273652
2026-09-30,5432,0.5005086469989827,-6.705539358600587,17.8125,-0.1496693794506612,0.27416073245167855
2026-09-30,5434,0.5005086469989827,-1.7699115044247815,8.468468468468467,-0.1368260427263479,0.2952695829094608
2026-09-30,5438,0.5005086469989827,-2.528085709821959,9.221893222599965,0.3021363173957272,0.8509664292980671
2026-09-30,5439,0.5005086469989827,-9.447415329768273,17.125984251968504,0.5933367243133266,0.9928789420142421
2026-09-30,5443,0.5005086469989827,-8.130081300813007,18.58407079646018,0.2931078331637843,0.8423194303153612
2026-09-30,5450,0.5005086469989827,-2.6315777255557338,6.756756756756756,0.030264496439471,0.569175991861648
2026-09-30,5452,0.5005086469989827,-3.350971318119178,10.583940213614138,0.224059003051882,0.7858596134282808
2026-09-30,5457,0.5005086469989827,-15.15679668049571,22.176597642213167,0.4181078331637843,0.9318413021363174
2026-09-30,5460,0.5005086469989827,-4.189942092254951,11.953348321052742,-0.0295015259409968,0.4491353001017294
2026-09-30,5464,0.5005086469989827,-11.623249195435248,36.05442522875034,-0.4394710071210579,0.05442522889114954
2026-09-30,5465,0.5005086469989827,-10.55480563575827,40.5446339663507,0.005849440488301,0.5203458799593083
2026-09-30,5468,0.5005086469989827,-9.298245614035084,17.214703144833475,0.2919633774160732,0.8413021363173957
2026-09-30,5469,0.5005086469989827,-2.5032957676965006,6.756756756756757,0.2053662258392675,0.7736520854526958
2026-09-30,5471,0.5005086469989827,-16.98412698412699,25.04779822967704,0.4341302136317395,0.940996948118006
2026-09-30,5474,0.5005086469989827,-4.093567251461994,15.24390243902439,-0.219735503560529,0.19328585961342828
2026-09-30,5475,0.5005086469989827,-15.52941176470588,24.79108635097493,0.4450661241098678,0.9496439471007121
2026-09-30,5478,0.5005086469989827,-1.6210709196690654,2.265702315388467,-0.0629450661241098,0.4008138351983723
2026-09-30,5481,0.5005086469989827,-2.242149121824155,11.23852686050835,-0.3130722278738556,0.11749745676500509
2026-09-30,5483,0.5005086469989827,0.0,18.072289156626507,0.1360630722278739,0.7039674465920651
2026-09-30,5484,0.5005086469989827,-8.965517241379306,13.383836457223602,-0.0386571719226856,0.43463886063072227
2026-09-30,5487,0.5005086469989827,-5.9210514510437235,8.39160705779816,-0.4758392675483214,0.04425228891149542
2026-09-30,5488,0.5005086469989827,-1.6260177856380564,7.024796541072121,0.2372838250254324,0.7960325534079349
2026-09-30,5489,0.5005086469989827,-8.690984134624447,17.743828994266856,0.002288911495422,0.512207527975585
2026-09-30,5490,0.5005086469989827,-8.71886244914558,12.085771467718232,0.2665310274669379,0.8209562563580874
2026-09-30,5493,0.5005086469989827,-3.7194458351491377,12.582783141146695,-0.1347914547304172,0.2990844354018311
2026-09-30,5498,0.5005086469989827,-13.513514628107291,19.82422173023224,0.1892166836215666,0.7548321464903357
2026-09-30,5508,0.5005086469989827,-11.5,15.630883685613082,-0.1403865717192268,0.28992878942014244
2026-09-30,5511,0.5005086469989827,-2.657342657342665,3.591954022988506,-0.1731943031536114,0.245676500508647
2026-09-30,5512,0.5005086469989827,-1.6581651793078025,4.53956396199386,-0.1645473041709054,0.25635808748728384
2026-09-30,5514,0.5005086469989827,-2.272724851948238,7.973420659569003,-0.3474059003051881,0.09562563580874874
2026-09-30,5515,0.5005086469989827,-2.443610421609377,9.344898437029595,0.0724821973550355,0.6317395727365208
2026-09-30,5516,0.5005086469989827,-2.834011098452094,7.083336512247736,-0.108850457782299,0.3344354018311292
2026-09-30,5519,0.5005086469989827,-9.15619514018533,12.055340491735889,0.1393692777212614,0.7095625635808749
2026-09-30,5521,0.5005086469989827,-0.9345776733430178,4.245281219482422,-0.1144455747711089,0.32604272634791454
2026-09-30,5522,0.5005086469989827,-5.572753187545754,7.540981105116547,-0.1645473041709053,0.2568667344862665
2026-09-30,5523,0.5005086469989827,-1.2569018825736578e-06,0.6589810969998455,-0.2319430315361139,0.18209562563580875
2026-09-30,5525,0.5005086469989827,-3.719914079997289,5.227270993319425,-0.3634282807731435,0.0849440488301119
2026-09-30,5529,0.5005086469989827,-0.5639112004457769,16.824199481812677,-0.1304679552390641,0.3031536113936928
2026-09-30,5530,0.5005086469989827,-3.267326732673259,5.7318305774013245,-0.1861648016276704,0.22304170905391657
2026-09-30,5531,0.5005086469989827,-7.48663125194552,9.104047896545058,0.025940996948118,0.5602746693794507
2026-09-30,5533,0.5005086469989827,-2.1052631578947434,4.301078003367229,-0.2662767039674465,0.15335707019328587
2026-09-30,5534,0.5005086469989827,-6.760205896334637,7.797543881855977,-0.1574262461851475,0.2650050864699898
2026-09-30,5536,0.5005086469989827,-1.711229946524062,12.948857453754082,0.4379450661241097,0.943031536113937
2026-09-30,5538,0.5005086469989827,-4.6052631578947345,8.96551724137931,0.0417090539165818,0.5877416073245167
2026-09-30,5543,0.5005086469989827,-11.58940620701755,15.730339936102824,-0.1635300101729399,0.2578840284842319
2026-09-30,5546,0.5005086469989827,-8.012822762200223,10.452964330799505,-0.001525940996948,0.5
2026-09-30,5547,0.5005086469989827,-1.225488349044812,4.21836417602842,-0.1167344862665309,0.323499491353001
2026-09-30,5548,0.5005086469989827,-2.184467830760406,2.977669386946534,-0.0653611393692777,0.3987792472024415
2026-09-30,5603,0.5005086469989827,-7.291664210734472,7.865165681874697,-0.0574771108850457,0.4059003051881994
2026-09-30,5604,0.5005086469989827,-2.194356197182068,3.5256422483004055,-0.255467955239064,0.16480162767039674
2026-09-30,5607,0.5005086469989827,-10.273974947107,13.358778625954198,-0.2934893184130213,0.13275686673448628
2026-09-30,5608,0.5005086469989827,-5.571034654238616,10.32448377581121,-0.2955239064089521,0.13123092573753814
2026-09-30,5609,0.5005086469989827,-1.6372814872745334,2.1767024041443266,-0.3400305188199389,0.10020345879959308
2026-09-30,5701,0.5005086469989827,-8.76404103328582,11.330044563180705,-0.0300101729399796,0.4471007121057986
2026-09-30,5703,0.5005086469989827,-4.982207695601826,5.617977528089887,-0.3725839267548321,0.08087487283825025
2026-09-30,5704,0.5005086469989827,-4.430382823368417,6.6225199246775,-0.2187182095625636,0.1943031536113937
2026-09-30,5706,0.5005086469989827,-2.7533072331867303,4.077017104774208,-0.0073753814852492,0.48880976602238047
2026-09-30,5864,0.5005086469989827,-0.3811944091486663,13.520410109539425,0.3148524923702951,0.8621566632756866
2026-09-30,5871,0.5005086469989827,-13.043478260869568,15.099999999999994,-0.1620040691759918,0.2606815869786368
2026-09-30,5876,0.5005086469989827,-1.7000000000000015,15.055954274423003,-0.6098677517802644,0.018819938962360123
2026-09-30,5878,0.5005086469989827,-2.196384357060388,2.24570875281229,-0.2235503560528992,0.19023397761953204
2026-09-30,5880,0.5005086469989827,-5.43478391571619,8.812264921107968,-0.7049847405900306,0.010681586978636826
2026-09-30,5902,0.5005086469989827,-1.7093974364798536,4.637676736582881,-0.2128687690742624,0.19837232960325535
2026-09-30,5903,0.5005086469989827,-0.5347593582887722,1.881720430107527,-0.1492878942014242,0.2746693794506612
2026-09-30,5904,0.5005086469989827,-7.68211920529801,9.89956958393114,-0.3359613428280773,0.10427263479145472
2026-09-30,5905,0.5005086469989827,-6.751591223839326,8.469943791790739,0.2062563580874873,0.7761953204476093
2026-09-30,5906,0.5005086469989827,-4.2056057690345146,21.951219512195124,-0.4226856561546286,0.056968463886063074
2026-09-30,5907,0.5005086469989827,-5.500985151160198,8.1081152457953,0.0055951169888097,0.5198372329603256
2026-09-30,6005,0.5005086469989827,-3.4638576400973453,7.332294481964826,-0.2998474059003052,0.12767039674465921
2026-09-30,6015,0.5005086469989827,-1.6438356164383603,11.420608563011404,-0.185910478128179,0.22380467955239064
2026-09-30,6016,0.5005086469989827,-0.4098360655737654,15.432100335266355,0.0943540183112918,0.6571719226856562
2026-09-30,6020,0.5005086469989827,-3.0373814491446938,5.301206657685429,0.0240335707019329,0.5559511698880977
2026-09-30,6021,0.5005086469989827,-8.833148547228454,17.22487308191911,-0.7886571719226857,0.003560528992878942
2026-09-30,6023,0.5005086469989827,-4.171360851794836,7.17646879308364,-0.2446592065106816,0.17090539165818922
2026-09-30,6024,0.5005086469989827,-5.031444262413276,6.456949852949736,-0.2957782299084435,0.13072227873855544
2026-09-30,6026,0.5005086469989827,-0.6172886310488512,7.4534208878226895,-0.0450152594099695,0.42472024415055953
2026-09-30,6028,0.5005086469989827,-0.900902414546778,6.363639446220012,-0.1424211597151576,0.28585961342828076
2026-09-30,6101,0.5005086469989827,-5.316455696202538,9.358288770053475,-0.1950661241098677,0.20981688708036622
2026-09-30,6103,0.5005086469989827,-18.336889650490782,45.82245729610752,0.3799593082400814,0.9069175991861648
2026-09-30,6104,0.5005086469989827,-8.040201005025127,11.256833936347336,0.2953967446592065,0.844354018311292
2026-09-30,6108,0.5005086469989827,-1.3779527559054985,15.968065395088724,0.0119532044760934,0.534587995930824
2026-09-30,6109,0.5005086469989827,-7.456137254150674,11.374405775024975,0.2451678535096643,0.8036622583926755
2026-09-30,6111,0.5005086469989827,-0.1291989664082837,14.48900782892344,0.4046286876907425,0.9237029501525941
2026-09-30,6112,0.5005086469989827,-9.510355215136723,18.730489073881373,-0.7006612410986774,0.011190233977619531
2026-09-30,6113,0.5005086469989827,-4.8319297223749835,10.15452201792736,0.1464903357070193,0.7192268565615463
2026-09-30,6114,0.5005086469989827,-8.932038834951461,13.006393335012994,0.5307731434384537,0.9806714140386572
2026-09-30,6115,0.5005086469989827,-3.083703697853135,4.318185286088423,-0.1756103763987792,0.24059003051881994
2026-09-30,6116,0.5005086469989827,0.0,16.819569532295247,0.3090030518819939,0.8552899287894201
2026-09-30,6117,0.5005086469989827,-6.886231798812414,9.807077634756205,0.2884028484231944,0.8392675483214649
2026-09-30,6118,0.5005086469989827,-4.46428571428571,12.772585669781936,0.1841302136317395,0.7502543234994914
2026-09-30,6120,0.5005086469989827,0.0,18.1184668989547,0.1782807731434386,0.7466937945066124
2026-09-30,6121,0.5005086469989827,-8.272506082725062,10.875331564986736,0.2952695829094608,0.8438453713123093
2026-09-30,6122,0.5005086469989827,-0.6568144499178974,21.900823924167096,0.0175483214649034,0.5447609359104781
2026-09-30,6123,0.5005086469989827,-1.7123270550789216,4.181182896772467,-0.2015513733468972,0.20244150559511698
2026-09-30,6124,0.5005086469989827,-2.333931777378817,8.088236696579882,0.0661241098677517,0.6215666327568667
2026-09-30,6125,0.5005086469989827,-9.601450524793842,15.430863252383675,0.2783570701932858,0.8311291963377416
2026-09-30,6126,0.5005086469989827,-3.738313181193853,11.812290327448675,0.2015513733468972,0.7685656154628687
2026-09-30,6127,0.5005086469989827,-1.1472275334607929,13.34622528843538,0.4384537131230926,0.9437945066124109
2026-09-30,6128,0.5005086469989827,-4.477613753179033,7.031251986821493,0.0289928789420142,0.5661241098677517
2026-09-30,6129,0.5005086469989827,-4.180065484000128,14.429534041641553,0.1236012207527975,0.6904883011190234
2026-09-30,6130,0.5005086469989827,-13.636363636363637,18.105259945518092,-0.0507375381485249,0.4155645981688708
2026-09-30,6133,0.5005086469989827,-2.791461412151064,29.22297555047112,0.0153865717192268,0.5412004069175992
2026-09-30,6134,0.5005086469989827,-3.789128062653546,8.561643835616438,0.0086469989827059,0.5267039674465921
2026-09-30,6136,0.5005086469989827,-0.3976143141153021,4.391220610536734,-0.1617497456765004,0.2619532044760936
2026-09-30,6138,0.5005086469989827,-7.38255033557047,13.405797101449275,0.5333163784333673,0.9811800610376399
2026-09-30,6139,0.5005086469989827,-3.076923076923077,11.243386243386242,0.4788911495422178,0.9674465920651069
2026-09-30,6140,0.5005086469989827,-15.657622728523055,39.10891844494508,-0.3219735503560529,0.11164801627670397
2026-09-30,6141,0.5005086469989827,-13.522539765511398,23.35907777764162,0.3053153611393693,0.8535096642929807
2026-09-30,6142,0.5005086469989827,-3.673469387755113,13.877121068663524,0.0989318413021363,0.6617497456765005
2026-09-30,6143,0.5005086469989827,-9.49720670391061,12.592588824990356,0.2113428280773143,0.7810274669379451
2026-09-30,6144,0.5005086469989827,-8.058605489167848,11.553783340758049,0.025940996948118,0.5602746693794507
2026-09-30,6146,0.5005086469989827,-6.923076923076921,11.294765840220386,0.2399542217700915,0.7980671414038657
2026-09-30,6147,0.5005086469989827,-10.085836909871247,29.594272076372313,-0.3158697863682604,0.11546286876907426
2026-09-30,6148,0.5005086469989827,-9.501184368402992,38.188974375487,-0.465412004069176,0.04781281790437437
2026-09-30,6150,0.5005086469989827,-3.6363636363636376,11.320755916571466,-0.0081383519837233,0.48677517802644965
2026-09-30,6151,0.5005086469989827,-4.269970439773651,7.33812730089366,0.0803662258392675,0.6434384537131231
2026-09-30,6152,0.5005086469989827,-3.4700338689753862,16.666667913299772,-0.6119023397761953,0.018311291963377416
2026-09-30,6153,0.5005086469989827,-1.0869544710688903,8.5164793245085,0.2866225839267549,0.8362156663275687
2026-09-30,6154,0.5005086469989827,-0.6993020237835768,3.5211267605633805,-0.1892166836215666,0.21897253306205494
2026-09-30,6155,0.5005086469989827,-2.914110429447858,18.009479878261384,0.4407426246185147,0.9455747711088505
2026-09-30,6156,0.5005086469989827,-1.1312217194570096,10.75514874141877,0.4530773143438454,0.9562563580874873
2026-09-30,6158,0.5005086469989827,-6.267031921323696,10.75581617133562,-0.0315361139369277,0.44354018311291965
2026-09-30,6160,0.5005086469989827,-10.610933572322269,12.589928057553957,-0.0001271617497456,0.5040691759918616
2026-09-30,6161,0.5005086469989827,-2.8301886792452824,10.776697547690382,0.2878942014242115,0.8382502543234995
2026-09-30,6163,0.5005086469989827,-4.137931034482756,13.429252935542191,0.1416581892166836,0.7133774160732451
2026-09-30,6164,0.5005086469989827,-2.702701269653518,15.079362051827566,0.3751271617497457,0.9053916581892166
2026-09-30,6165,0.5005086469989827,-2.9126213592232997,9.0,0.0394201424211598,0.5818921668362157
2026-09-30,6166,0.5005086469989827,-7.317073170731703,27.06766917293233,0.0780773143438453,0.6408952187182095
2026-09-30,6167,0.5005086469989827,-2.830192176164159,6.504855109649989,0.2479654120040691,0.8046795523906409
2026-09-30,6168,0.5005086469989827,-3.723404255319151,43.0939226519337,-0.0447609359104781,0.42548321464903355
2026-09-30,6169,0.5005086469989827,-4.7619076452737445,6.6666682561238755,0.203585961342828,0.771617497456765
2026-09-30,6170,0.5005086469989827,-0.7142857142857117,2.7749197823660716,0.0194557477110884,0.5470498474059003
2026-09-30,6171,0.5005086469989827,-0.92592592592593,6.728969110506718,-0.0513733468972532,0.4150559511698881
2026-09-30,6173,0.5005086469989827,-12.839879154078549,32.40901213171577,-0.581383519837233,0.024415055951169887
2026-09-30,6174,0.5005086469989827,-3.703703703703709,15.384615384615383,0.5027975584944049,0.974059003051882
2026-09-30,6175,0.5005086469989827,-7.973856209150321,12.926134196194736,0.2628433367243132,0.8173957273652085
2026-09-30,6176,0.5005086469989827,-5.197502190080439,9.100872173643964,-0.1917599186164801,0.21490335707019328
2026-09-30,6177,0.5005086469989827,-7.83730437756176,9.47255441523984,-0.397761953204476,0.0671414038657172
2026-09-30,6179,0.5005086469989827,-13.365158286259614,36.36363846539795,-0.5208545269582909,0.0335707019328586
2026-09-30,6180,0.5005086469989827,-3.3838938757414616,5.917867024739584,0.1205493387589013,0.6861648016276704
2026-09-30,6182,0.5005086469989827,0.0,24.81203007518797,0.3641912512716175,0.8987792472024415
2026-09-30,6183,0.5005086469989827,-1.9230753242146292,3.921566965273523,-0.2904374364191251,0.1353001017293998
2026-09-30,6184,0.5005086469989827,-4.047619047619055,6.575686168434011,-0.0143692777212614,0.47761953204476093
2026-09-30,6185,0.5005086469989827,-4.214560786944266,7.59999847412108,0.0066124109867751,0.5223804679552391
2026-09-30,6186,0.5005086469989827,-11.933530683420912,14.579754628202718,0.0773143438453713,0.6388606307222787
2026-09-30,6187,0.5005086469989827,-8.710801393728218,19.46564885496183,0.2023143438453714,0.7700915564598169
2026-09-30,6188,0.5005086469989827,-10.51873395587286,13.043481946567406,0.1698880976602238,0.7400813835198372
2026-09-30,6189,0.5005086469989827,-0.1980198019801982,8.928571428571429,0.1510681586978637,0.7263479145473042
2026-09-30,6190,0.5005086469989827,-3.825132602426185,10.795452378012916,0.3240081383519836,0.873855544252289
2026-09-30,6191,0.5005086469989827,-2.097905580110504,6.309527442568824,0.2585198372329604,0.8138351983723296
2026-09-30,6192,0.5005086469989827,-7.203389830508478,8.67579908675799,0.026703967446592,0.5620549338758901
2026-09-30,6194,0.5005086469989827,-2.291323255456479,3.8525950369523394,-0.2561037639877924,0.16378433367243134
2026-09-30,6195,0.5005086469989827,-0.3527336860670194,4.424777410726636,-0.0933367243133265,0.3560528992878942
2026-09-30,6196,0.5005086469989827,-0.5102040816326481,17.60683760683761,0.0481943031536113,0.5971515768056969
2026-09-30,6197,0.5005086469989827,-2.2488755622188883,12.73006134969325,0.1864191251271618,0.7517802644964394
2026-09-30,6198,0.5005086469989827,-0.4962760318779957,3.7406483790523697,0.0859613428280772,0.6500508646998983
2026-09-30,6199,0.5005086469989827,-0.390625,29.960781920189948,0.0071210579857579,0.5239064089521872
2026-09-30,6201,0.5005086469989827,-8.886620419080526,11.098656419146756,-0.2433875890132248,0.17192268565615462
2026-09-30,6202,0.5005086469989827,-2.657808542627882,11.433448400920568,0.323499491353001,0.8723296032553408
2026-09-30,6203,0.5005086469989827,-1.6393442622950838,2.9999987284342446,0.0021617497456765,0.5116988809766022
2026-09-30,6204,0.5005086469989827,-14.166666666666671,34.660191211885625,-0.1525940996948119,0.26907426246185145
2026-09-30,6205,0.5005086469989827,-9.171974522293002,25.94670406732118,0.279501525940997,0.8331637843336724
2026-09-30,6206,0.5005086469989827,-3.7931034482758585,8.960573476702509,-0.328204476093591,0.10935910478128179
2026-09-30,6207,0.5005086469989827,0.0,31.78807947019868,0.0976602238046796,0.6602238046795524
2026-09-30,6208,0.5005086469989827,-7.42996173872511,13.42104861610814,0.3919125127161749,0.9155645981688708
2026-09-30,6209,0.5005086469989827,-7.683615819209033,16.156667011312344,0.0668870803662258,0.6228382502543235
2026-09-30,6210,0.5005086469989827,-0.5555555555555647,8.659213614863392,0.233468972533062,0.7929806714140386
2026-09-30,6213,0.5005086469989827,-4.006163328197232,26.80577849117175,0.013733468972533,0.5384028484231943
2026-09-30,6214,0.5005086469989827,-3.589743589743588,8.51063829787234,-0.5567141403865716,0.028484231943031537
2026-09-30,6215,0.5005086469989827,-7.393364928909952,10.74718526100307,0.0694303153611393,0.6266531027466938
2026-09-30,6216,0.5005086469989827,-3.3898287237842384,7.017541947520167,0.341556459816887,0.8827568667344863
2026-09-30,6217,0.5005086469989827,-16.152019002375294,30.878186968838527,0.3560528992878942,0.8947100712105799
2026-09-30,6218,0.5005086469989827,-10.289855072463771,46.28433202888353,-0.4857578840284843,0.041200406917599186
2026-09-30,6219,0.5005086469989827,-6.153846153846154,9.426226381395669,-0.1182604272634791,0.3186673448626653
2026-09-30,6220,0.5005086469989827,-4.5454531661734965,6.349207862975105,0.1612410986775178,0.7334689725330621
2026-09-30,6221,0.5005086469989827,-8.554576387452595,41.61290814799647,-0.2582655137334688,0.16225839267548323
2026-09-30,6222,0.5005086469989827,-7.434054451371985,13.730567971659449,0.2104526958290946,0.7792472024415056
2026-09-30,6223,0.5005086469989827,-15.429042904290425,20.682926829268293,-0.2678026449643947,0.15005086469989828
2026-09-30,6224,0.5005086469989827,-15.086209688968989,23.223354126596192,-0.5808748728382502,0.024923702950152594
2026-09-30,6225,0.5005086469989827,-23.875,63.05418969766651,-0.356561546286877,0.08901322482197355
2026-09-30,6226,0.5005086469989827,-6.041666666666668,41.241685989955045,-0.155645981688708,0.26602238046795523
2026-09-30,6227,0.5005086469989827,-9.278350515463918,26.136363636363637,-0.3163784333672431,0.11495422177009156
2026-09-30,6228,0.5005086469989827,-8.73786407766991,22.872344483720504,0.242115971515768,0.8008646998982706
2026-09-30,6229,0.5005086469989827,-1.4256588510690893,8.05784651070587,0.2360122075279754,0.7950152594099695
2026-09-30,6230,0.5005086469989827,-5.042016806722693,11.946902654867255,-0.1935401831129196,0.2115971515768057
2026-09-30,6231,0.5005086469989827,-3.885480572597133,17.23404255319149,0.3507121057985757,0.8916581892166836
2026-09-30,6233,0.5005086469989827,-0.4366812227074135,12.719298245614029,0.3161241098677517,0.8641912512716174
2026-09-30,6234,0.5005086469989827,-6.139311848405093,24.402508045892297,-0.0211088504577823,0.4646490335707019
2026-09-30,6235,0.5005086469989827,-4.049079754601226,8.184145173758193,0.25,0.8072227873855544
2026-09-30,6236,0.5005086469989827,-2.887139107611547,25.135137197133673,-0.3427009155645982,0.09867751780264497
2026-09-30,6237,0.5005086469989827,-6.290117368291826,16.16438774213399,0.3900050864699899,0.91353001017294
2026-09-30,6239,0.5005086469989827,-4.139072847682124,13.81692573402418,0.0437436419125127,0.5930824008138352
2026-09-30,6240,0.5005086469989827,-9.557522123893802,27.201568543794338,0.0623092573753814,0.6134282807731435
2026-09-30,6241,0.5005086469989827,-6.8571428571428505,15.337423312883436,0.2121057985757883,0.7817904374364191
2026-09-30,6242,0.5005086469989827,-1.30434782608696,2.643176287456406,-0.0307731434384537,0.44455747711088506
2026-09-30,6243,0.5005086469989827,-4.589375497223658,12.91139819954015,0.2761953204476093,0.8290946083418108
2026-09-30,6244,0.5005086469989827,-0.1992031872509958,13.572851245750693,0.2934893184130214,0.8433367243133265
2026-09-30,6245,0.5005086469989827,-3.0905077262693093,16.514808116035194,-0.3756358087487285,0.07833163784333673
2026-09-30,6246,0.5005086469989827,-7.553954297455546,13.229570500117784,-0.0420905391658189,0.42980671414038657
2026-09-30,6248,0.5005086469989827,-0.2907020972184537,3.790096360809949,0.1030010172939979,0.6663275686673449
2026-09-30,6257,0.5005086469989827,-3.422053231939159,23.228346456692915,0.1035096642929807,0.6673448626653102
2026-09-30,6259,0.5005086469989827,-5.763235395828936,14.380160245028408,0.4788911495422177,0.9669379450661241
2026-09-30,6261,0.5005086469989827,-4.353079904579982,12.3893747438221,0.1930315361139369,0.7606815869786369
2026-09-30,6263,0.5005086469989827,-9.169054441260748,14.195583596214512,0.1244913530010172,0.6922685656154629
2026-09-30,6264,0.5005086469989827,-0.822367176537353,2.9850717800766673,-0.1192777212614445,0.3168870803662258
2026-09-30,6265,0.5005086469989827,-16.120689655172416,23.02158430203382,0.1129196337741607,0.676500508646999
2026-09-30,6266,0.5005086469989827,-0.7936537971601432,3.200004577636719,-0.1506866734486266,0.271617497456765
2026-09-30,6269,0.5005086469989827,-15.708815545801802,23.181822805693656,0.2234231943031535,0.785350966429298
2026-09-30,6270,0.5005086469989827,-2.912620160650603,10.833333333333334,0.2728891149542217,0.8250254323499492
2026-09-30,6271,0.5005086469989827,-7.926829268292678,14.1280353200883,-0.0940996948118005,0.3542726347914547
2026-09-30,6272,0.5005086469989827,-17.948719955133285,24.21875298023224,-0.143438453713123,0.28331637843336727
2026-09-30,6274,0.5005086469989827,-1.9354838709677469,18.092105263157897,0.2021871820956257,0.7695829094608342
2026-09-30,6275,0.5005086469989827,-3.578735115075138,9.22587972177807,0.1309766022380467,0.698880976602238
2026-09-30,6276,0.5005086469989827,-8.095238095238088,11.39896768362411,-0.0762970498474059,0.3853001017293998
2026-09-30,6277,0.5005086469989827,-5.9829077345384345,8.051953996930804,-0.3827568667344863,0.07426246185147507
2026-09-30,6278,0.5005086469989827,-2.2421524663677084,19.954128440366972,0.0826551373346897,0.646998982706002
2026-09-30,6279,0.5005086469989827,-12.109375,16.0,0.2427517802644965,0.8021363173957273
2026-09-30,6281,0.5005086469989827,-1.3539666394768002,1.7647088742723651,-0.1995167853509664,0.20447609359104782
2026-09-30,6282,0.5005086469989827,-4.376369211270026,9.496570997434567,0.4207782299084435,0.9338758901322483
2026-09-30,6283,0.5005086469989827,-4.176905973150347,13.0769289456881,0.5129704984740591,0.9755849440488301
2026-09-30,6284,0.5005086469989827,-7.125308866284186,10.978840015552665,0.1893438453713122,0.7553407934893184
2026-09-30,6285,0.5005086469989827,-6.719367588932801,15.677966101694915,0.350203458799593,0.8911495422177009
2026-09-30,6290,0.5005086469989827,-3.9451114922813058,16.607142857142858,0.0279755849440488,0.5640895218718209
2026-09-30,6291,0.5005086469989827,-7.235621521335811,26.8,-0.2647507629704985,0.15564598168870802
2026-09-30,6292,0.5005086469989827,-3.197678712459895,13.813820687142222,-0.5307731434384537,0.030518819938962362
2026-09-30,6294,0.5005086469989827,-5.201339854844367,6.371678715258573,-0.2980671414038657,0.12894201424211596
2026-09-30,6405,0.5005086469989827,0.0,25.948106838081653,0.414292980671414,0.9282807731434385
2026-09-30,6409,0.5005086469989827,-14.835680751173708,24.14553472987872,0.6220752797558494,0.9959308240081384
2026-09-30,6411,0.5005086469989827,-6.053267029644827,8.762880698921755,0.0999491353001016,0.6622583926754833
2026-09-30,6412,0.5005086469989827,-6.965175895023334,10.42781156652114,0.3868260427263479,0.9104781281790437
2026-09-30,6414,0.5005086469989827,-4.390243902439028,11.862244897959185,0.1063072227873855,0.669379450661241
2026-09-30,6415,0.5005086469989827,-8.705357142857139,15.403422982885084,-0.1190233977619532,0.3179043743641913
2026-09-30,6416,0.5005086469989827,-7.6612903225806495,24.890829694323145,-0.8687690742624619,0.001525940996948118
2026-09-30,6417,0.5005086469989827,-5.555555555555558,7.84313725490196,0.1153357070193286,0.6805696846388606
2026-09-30,6418,0.5005086469989827,-5.32786490551328,11.832607428920909,-0.487792472024415,0.04018311291963377
2026-09-30,6419,0.5005086469989827,-3.4055727554179516,11.858974358974358,0.0549338758901323,0.6047812817904374
2026-09-30,6423,0.5005086469989827,-3.483146067415721,11.990690397855428,-0.3095116988809766,0.1185147507629705
2026-09-30,6425,0.5005086469989827,-1.0025062656641603,25.569622184656836,0.0345879959308239,0.5768056968463886
2026-09-30,6426,0.5005086469989827,-16.262135922330103,47.2463768115942,-0.5386571719226856,0.030010172939979655
2026-09-30,6431,0.5005086469989827,-13.513515134740818,20.17046104777943,0.3207019328585961,0.8690233977619533
2026-09-30,6432,0.5005086469989827,-2.457757296466967,20.62992125984251,0.4750762970498473,0.9659206510681587
2026-09-30,6435,0.5005086469989827,-2.7027027027026973,13.095238095238097,0.3672431332655138,0.9008138351983723
2026-09-30,6438,0.5005086469989827,-3.529411764705881,16.76829268292683,0.1191505595116989,0.6841302136317395
2026-09-30,6441,0.5005086469989827,-8.178437359585644,24.493924036682376,-0.5272126144455749,0.03153611393692777
2026-09-30,6442,0.5005086469989827,-22.395833333333336,29.53020134228188,-0.1950661241098677,0.20981688708036622
2026-09-30,6443,0.5005086469989827,-4.801326908305414,26.08695652173913,0.3214649033570702,0.87029501525941
2026-09-30,6446,0.5005086469989827,-16.206896551724135,26.74897119341564,0.4422685656154629,0.9471007121057986
2026-09-30,6449,0.5005086469989827,-15.010141987829616,19.809069212410503,0.0707019328585961,0.6294506612410987
2026-09-30,6451,0.5005086469989827,-16.732673267326735,26.516052318668255,0.1238555442522889,0.6912512716174974
2026-09-30,6456,0.5005086469989827,-3.866248693834906,37.28260703708815,0.0356052899287894,0.5778229908443541
2026-09-30,6461,0.5005086469989827,-16.836733614820798,24.948876815827106,-0.3738555442522889,0.08036622583926754
2026-09-30,6462,0.5005086469989827,-0.469483568075113,10.754718420640478,0.2749237029501525,0.8257884028484231
2026-09-30,6464,0.5005086469989827,-2.538074840484672,4.1666726271311445,-0.2423702950152594,0.17293997965412003
2026-09-30,6465,0.5005086469989827,-15.314400312170685,21.55688440014503,0.1767548321464903,0.7459308240081384
2026-09-30,6469,0.5005086469989827,-5.57184328193745,6.987571716308594,0.1136826042726348,0.6780264496439471
2026-09-30,6470,0.5005086469989827,-2.7334885744172643,6.440281030444965,-0.1459816887080366,0.2797558494404883
2026-09-30,6472,0.5005086469989827,-5.35714285714286,12.971698113207546,0.1503051881993896,0.724821973550356
2026-09-30,6474,0.5005086469989827,-4.545458439894956,6.722693349800856,0.122965412004069,0.6892166836215666
2026-09-30,6477,0.5005086469989827,-5.31914509384257,11.516849646407566,-0.0071210579857578,0.4893184130213632
2026-09-30,6482,0.5005086469989827,-7.480313571123642,10.638297872340424,-0.0859613428280773,0.3700406917599186
2026-09-30,6485,0.5005086469989827,-0.3881022508588239,24.41558837890625,0.2044760935910478,0.7726347914547305
2026-09-30,6486,0.5005086469989827,-12.95896184866,20.843666777125662,-0.3415564598168871,0.09969481180061038
2026-09-30,6488,0.5005086469989827,0.0,15.7487922705314,0.42764496439471,0.9369277721261444
2026-09-30,6491,0.5005086469989827,-1.1961722488038284,14.285714285714285,-0.0467955239064089,0.42065106815869785
2026-09-30,6492,0.5005086469989827,-1.7167403428948846,5.240172451413528,0.2641149542217701,0.8179043743641913
2026-09-30,6494,0.5005086469989827,-8.641976537930173,15.250968196677425,0.5212360122075279,0.9791454730417091
2026-09-30,6496,0.5005086469989827,-5.020078866186173,7.822408535011724,-0.3143438453713123,0.11673448626653103
2026-09-30,6498,0.5005086469989827,-17.018633540372676,24.40120217329014,0.2398270600203458,0.797558494404883
2026-09-30,6499,0.5005086469989827,-1.0191082802547768,12.87001287001287,0.1330111902339776,0.7011698880976602
2026-09-30,6504,0.5005086469989827,-7.160802240434993,10.01353386451814,-0.3794506612410986,0.0757884028484232
2026-09-30,6505,0.5005086469989827,-1.3184584178498993,26.00205236201663,-0.0465412004069176,0.4211597151576806
2026-09-30,6506,0.5005086469989827,-1.5872996009806295,5.6451571884975635,0.0457782299084434,0.5946083418107834
2026-09-30,6508,0.5005086469989827,-7.547168601442323,16.883114052172715,-0.3916581892166835,0.07019328585961343
2026-09-30,6509,0.5005086469989827,-1.9960079840319336,11.710797405048693,0.2912004069175991,0.840793489318413
2026-09-30,6510,0.5005086469989827,-22.109275730622613,32.95269168026101,-0.7580111902339776,0.006103763987792472
2026-09-30,6512,0.5005086469989827,-3.80047157271185,5.432091230227623,-0.0849440488301119,0.37258392675483215
2026-09-30,6515,0.5005086469989827,-28.208232445520576,46.0370994940978,0.2896744659206511,0.840030518819939
2026-09-30,6516,0.5005086469989827,-5.201339854844367,8.3185786694552,-0.2412258392675483,0.17548321464903358
2026-09-30,6517,0.5005086469989827,-13.351500438898055,19.49685774509262,0.0890132248219735,0.6536113936927772
2026-09-30,6523,0.5005086469989827,-2.1505376344086,4.395604395604396,-0.108850457782299,0.3344354018311292
2026-09-30,6525,0.5005086469989827,-6.872852233676974,19.557195571955717,0.5798575788402849,0.9898270600203459
2026-09-30,6526,0.5005086469989827,-2.5522041763341052,30.357142857142858,0.0162767039674466,0.5429806714140386
2026-09-30,6527,0.5005086469989827,-4.3367365557468895,7.066668701171882,-0.3025178026449644,0.12360122075279756
2026-09-30,6530,0.5005086469989827,-0.4761904761904745,15.215312464955892,-0.047177009155646,0.4201424211597152
2026-09-30,6531,0.5005086469989827,-12.957746478873243,19.2017259978425,-0.4538402848423194,0.05137334689725331
2026-09-30,6532,0.5005086469989827,0.0,23.459918187137383,0.0157680569684639,0.5419633774160733
2026-09-30,6533,0.5005086469989827,0.0,32.8335832083958,0.0157680569684639,0.5419633774160733
2026-09-30,6534,0.5005086469989827,-2.7896963877435454,4.19425543307207,-0.1172431332655137,0.32171922685656157
2026-09-30,6535,0.5005086469989827,-4.418604651162783,14.96350736223578,0.3601220752797559,0.8957273652085452
2026-09-30,6538,0.5005086469989827,-23.931623931623935,68.53932584269663,-0.96617497456765,0.000508646998982706
2026-09-30,6541,0.5005086469989827,-9.06432951398861,13.665594855305466,0.3110376398779247,0.8570701932858596
2026-09-30,6542,0.5005086469989827,-10.792954540069356,12.716053150318288,-0.0925737538148525,0.35783316378433366
2026-09-30,6546,0.5005086469989827,-7.906976744186045,12.626262626262626,0.0952441505595117,0.6581892166836215
2026-09-30,6547,0.5005086469989827,-13.573403549126862,25.160251519618893,0.1978636826042725,0.7660223804679552
2026-09-30,6548,0.5005086469989827,-7.435897435897432,13.157894736842104,-0.0918107833163784,0.36012207527975587
2026-09-30,6550,0.5005086469989827,-11.262145754170326,54.988396267930995,-0.9415055951169888,0.001017293997965412
2026-09-30,6552,0.5005086469989827,-1.1857707509881463,9.200000000000005,0.3856815869786368,0.9089521871820956
2026-09-30,6556,0.5005086469989827,-0.1607729287987913,4.347827315522468,0.1436927772126144,0.7151576805696847
2026-09-30,6558,0.5005086469989827,-3.660889152250813,11.600006103515623,0.4179806714140387,0.9313326551373347
2026-09-30,6560,0.5005086469989827,-10.055864004974014,17.70185979997149,-0.0793489318413021,0.38224821973550355
2026-09-30,6561,0.5005086469989827,-6.11620795107034,7.166123778501629,-0.1780264496439471,0.23397761953204477
2026-09-30,6568,0.5005086469989827,-5.000000000000004,13.684210526315791,-0.1227110885045777,0.3118006103763988
2026-09-30,6569,0.5005086469989827,-0.8602150537634357,4.3383947939262475,0.056205493387589,0.6063072227873856
2026-09-30,6570,0.5005086469989827,-10.113424142836111,14.511044218462471,0.2599186164801628,0.814852492370295
2026-09-30,6573,0.5005086469989827,-8.356549856178486,14.589669131942795,0.4458290946083418,0.9501525940996948
2026-09-30,6574,0.5005086469989827,-3.658536585365857,5.485232067510549,-0.3232451678535096,0.11088504577822991
2026-09-30,6576,0.5005086469989827,-4.790419161676651,6.037739687745676,-0.3219735503560529,0.11164801627670397
2026-09-30,6577,0.5005086469989827,-1.4778288095344094,4.624996185302734,-0.0793489318413021,0.38224821973550355
2026-09-30,6578,0.5005086469989827,-11.08108108108109,13.677811550151976,-0.2922177009155646,0.1342828077314344
2026-09-30,6579,0.5005086469989827,-1.5479876160990669,11.949685534591197,0.0755340793489318,0.6350457782299085
2026-09-30,6581,0.5005086469989827,-3.125,3.686635944700461,-0.4108596134282807,0.06205493387589013
2026-09-30,6582,0.5005086469989827,-4.307692307692301,5.466240395303708,0.0319175991861647,0.5732451678535097
2026-09-30,6584,0.5005086469989827,-20.47128129602357,27.03703703703704,0.0788402848423194,0.6414038657171923
2026-09-30,6585,0.5005086469989827,-8.771929824561408,13.461538461538462,0.1519582909460834,0.7268565615462869
2026-09-30,6588,0.5005086469989827,-14.960629921259835,25.0,-0.39852492370295,0.06663275686673449
2026-09-30,6589,0.5005086469989827,-1.1111111111111185,16.853932584269664,-0.0053407934893183,0.4918616480162767
2026-09-30,6590,0.5005086469989827,-12.13333333333333,29.889814408668435,-0.3947100712105798,0.0686673448626653
2026-09-30,6591,0.5005086469989827,-10.729166666666668,15.635941103709342,-0.0101729399796541,0.48448626653102744
2026-09-30,6592,0.5005086469989827,0.0,39.8520068436798,0.0122075279755849,0.5350966429298067
2026-09-30,6593,0.5005086469989827,-1.8264794581155488,4.961235578670058,0.0394201424211597,0.5813835198372329
2026-09-30,6596,0.5005086469989827,-0.9164938657956978,5.344292855336281,-0.1136826042726347,0.32655137334689727
2026-09-30,6597,0.5005086469989827,-9.486167827577695,15.866086646111944,-0.0895218718209562,0.36368260427263477
2026-09-30,6598,0.5005086469989827,-8.361202844233217,12.043794228212672,-0.3690233977619532,0.08240081383519837
2026-09-30,6603,0.5005086469989827,-6.188925081433217,22.916665342119003,-0.1798067141403865,0.23143438453713122
2026-09-30,6605,0.5005086469989827,-2.4822695035460973,4.7272727272727275,-0.2667853509664293,0.1515768056968464
2026-09-30,6606,0.5005086469989827,-4.980844300648712,6.854841786046181,-0.3242624618514751,0.11037639877924721
2026-09-30,6609,0.5005086469989827,-3.385727994638932,7.384222648916613,-0.0806205493387588,0.38046795523906407
2026-09-30,6612,0.5005086469989827,-3.0748702645992276,8.000004209321121,-0.0577314343845372,0.4053916581892167
2026-09-30,6613,0.5005086469989827,-1.7921146953404965,10.766423357664232,0.5442522889114955,0.9832146490335707
2026-09-30,6614,0.5005086469989827,-3.155008885785049,3.824369090136995,-0.0396744659206511,0.4323499491353001
2026-09-30,6615,0.5005086469989827,-4.01146551481032,4.776126235278685,-0.0732451678535096,0.3891149542217701
2026-09-30,6616,0.5005086469989827,-4.772993542548088,8.312962165963096,-0.2995930824008138,0.12817904374364192
2026-09-30,6617,0.5005086469989827,-7.0469798657718075,25.992779783393495,-0.4033570701932858,0.06561546286876907
2026-09-30,6620,0.5005086469989827,-9.03225806451613,48.36879216187389,-0.1579348931841301,0.2639877924720244
2026-09-30,6624,0.5005086469989827,-9.681224608842642,12.418300653594772,0.2211342828077314,0.7848423194303153
2026-09-30,6625,0.5005086469989827,-3.26797385620915,4.459463583456504,0.0404374364191251,0.5834181078331638
2026-09-30,6629,0.5005086469989827,-7.9999999999999964,11.594202898550725,-0.0432349949135299,0.42878942014242116
2026-09-30,6637,0.5005086469989827,-6.434782608695655,7.99256363765901,0.0251780264496439,0.5577314343845371
2026-09-30,6640,0.5005086469989827,-21.212121212121215,31.25,-0.2454221770091556,0.1698880976602238
2026-09-30,6641,0.5005086469989827,-3.682717465035268,6.176466100356158,0.1055442522889115,0.6688708036622584
2026-09-30,6642,0.5005086469989827,-3.1990538827786907,11.3831126704502,0.200406917599186,0.7675483214649034
2026-09-30,6643,0.5005086469989827,0.0,27.927927927927925,0.0450152594099694,0.5940996948118006
2026-09-30,6645,0.5005086469989827,-5.514708532594003,12.4513648363403,0.0439979654120041,0.5935910478128179
2026-09-30,6649,0.5005086469989827,-3.439151490209502,9.178078011290667,-0.0292472024415055,0.4496439471007121
2026-09-30,6651,0.5005086469989827,-7.594936708860756,15.41095890410959,-0.0167853509664293,0.4722787385554425
2026-09-30,6654,0.5005086469989827,-4.424778761061942,15.74074074074074,-0.0553153611393693,0.41149542217700913
2026-09-30,6655,0.5005086469989827,-3.846153846153843,12.8,-0.2555951169888097,0.16429298067141404
2026-09-30,6657,0.5005086469989827,-16.153846153846153,27.828747343944116,-0.3893692777212614,0.07273652085452696
2026-09-30,6658,0.5005086469989827,-8.375634517766494,19.113573407202217,0.28382502543235,0.8357070193285859
2026-09-30,6664,0.5005086469989827,-4.2038216560509545,17.154255319148938,0.2014242115971515,0.768056968463886
2026-09-30,6666,0.5005086469989827,-0.87051307137751,7.574096076705715,-0.1182604272634791,0.3186673448626653
2026-09-30,6667,0.5005086469989827,-2.78293135435993,21.183206106870227,-0.0687945066124109,0.39420142421159715
2026-09-30,6668,0.5005086469989827,-13.0314208372732,31.45589635932104,-0.4188708036622584,0.05925737538148525
2026-09-30,6669,0.5005086469989827,-27.30434782608696,38.27751196172249,0.0484486266531027,0.5981688708036622
2026-09-30,6670,0.5005086469989827,-5.555555555555558,7.169117647058823,-0.1322482197355036,0.301119023397762
2026-09-30,6671,0.5005086469989827,-3.404255319148941,4.185025387398472,-0.1028738555442522,0.34333672431332657
2026-09-30,6672,0.5005086469989827,0.0,29.13279132791328,0.0206002034587996,0.5490844354018312
2026-09-30,6674,0.5005086469989827,-1.3513513513513489,16.712329812245827,0.0044506612410987,0.5162767039674466
2026-09-30,6679,0.5005086469989827,-5.287356321839076,12.62135922330097,0.3402848423194304,0.8819938962360122
2026-09-30,6680,0.5005086469989827,-8.947368421052637,12.716760065743918,-0.5185656154628688,0.0340793489318413
2026-09-30,6683,0.5005086469989827,-8.62068965517241,31.761006289308177,-0.1678535096642929,0.2530518819938962
2026-09-30,6684,0.5005086469989827,-5.103972491490483,17.33067881063636,0.2048575788402848,0.7731434384537131
2026-09-30,6689,0.5005086469989827,-13.253008504272978,22.68518047568239,-0.5707019328585962,0.02695829094608342
2026-09-30,6690,0.5005086469989827,-11.940298507462687,22.88135593220339,-0.7179552390640895,0.008138351983723296
2026-09-30,6691,0.5005086469989827,0.0,16.82892906815021,0.1930315361139369,0.7606815869786369
2026-09-30,6692,0.5005086469989827,-2.6530612244897944,9.01467345295712,0.1136826042726347,0.6775178026449644
2026-09-30,6693,0.5005086469989827,-5.369127516778526,28.60520094562648,0.444557477110885,0.9486266531027467
2026-09-30,6695,0.5005086469989827,-1.4336917562723928,18.545457319779825,0.2339776195320447,0.7937436419125127
2026-09-30,6697,0.5005086469989827,-3.953488372093028,7.263922518159808,-0.37970498474059,0.0752797558494405
2026-09-30,6698,0.5005086469989827,-1.7699159258765085,9.009014736782682,0.3428280773143438,0.8845371312309257
2026-09-30,6703,0.5005086469989827,-2.898550724637683,3.9800995024875623,-0.09117497456765,0.36063072227873855
2026-09-30,6706,0.5005086469989827,-10.71428571428571,31.666666666666664,-0.7348677517802645,0.007121057985757884
2026-09-30,6708,0.5005086469989827,0.0,28.82011752986355,0.0282299084435402,0.5645981688708036
2026-09-30,6712,0.5005086469989827,-0.917431192660545,7.4074074074074066,0.0142421159715158,0.5401831129196337
2026-09-30,6715,0.5005086469989827,-7.820646506777895,38.91402714932127,-0.1751017293997966,0.24262461851475076
2026-09-30,6716,0.5005086469989827,-17.391304347826086,22.36842105263158,-0.3650813835198372,0.0839267548321465
2026-09-30,6719,0.5005086469989827,-5.089058524173029,10.455764075067025,0.3985249237029501,0.9201424211597151
2026-09-30,6720,0.5005086469989827,-5.555555555555558,7.0588235294117645,0.0591302136317395,0.6083418107833164
2026-09-30,6721,0.5005086469989827,-3.660889152250813,5.100006103515625,-0.0101729399796541,0.48448626653102744
2026-09-30,6722,0.5005086469989827,-3.5608330438351765,5.5384650597205525,-0.1055442522889115,0.3397761953204476
2026-09-30,6725,0.5005086469989827,-6.638115631691644,12.844036697247708,0.3194303153611394,0.8677517802644964
2026-09-30,6727,0.5005086469989827,-19.834710743801654,29.27835051546392,0.0534079348931841,0.603763987792472
2026-09-30,6728,0.5005086469989827,0.0,2.752293577981652,-0.0787131230925737,0.38351983723296035
2026-09-30,6730,0.5005086469989827,-3.0303030303030276,4.6875,0.1677263479145473,0.7385554425228891
2026-09-30,6732,0.5005086469989827,-1.9417475728155331,7.590759075907591,0.3996693794506613,0.9216683621566633
2026-09-30,6733,0.5005086469989827,-11.05169098530573,12.825648244731646,-0.0666327568667344,0.3977619532044761
2026-09-30,6735,0.5005086469989827,-2.0378413543408636,14.41307124553074,0.4445574771108851,0.9491353001017294
2026-09-30,6739,0.5005086469989827,-17.15328467153284,28.634361233480178,0.2444048830111902,0.8031536113936928
2026-09-30,6741,0.5005086469989827,-9.07590530133402,10.163336613649898,-0.1968463886063072,0.20803662258392674
2026-09-30,6742,0.5005086469989827,-3.924914675767921,26.820603907637658,0.2400813835198372,0.7985757884028484
2026-09-30,6743,0.5005086469989827,-1.5455904102161688,15.855570603015844,0.0429806714140386,0.590030518819939
2026-09-30,6751,0.5005086469989827,-1.6574585635359074,9.775277469935045,0.000762970498474,0.5071210579857579
2026-09-30,6752,0.5005086469989827,-9.004739336492895,10.9375,-0.147761953204476,0.2782299084435402
2026-09-30,6753,0.5005086469989827,-6.315789473684208,9.363295880149812,0.1827314343845371,0.7487283825025433
2026-09-30,6754,0.5005086469989827,-4.046242774566478,6.626506024096386,-0.2863682604272635,0.13835198372329605
2026-09-30,6756,0.5005086469989827,-6.4454976303317535,12.1580547112462,0.2107070193285859,0.7797558494404883
2026-09-30,6757,0.5005086469989827,-4.085256249073854,6.851853264702691,0.0762970498474058,0.6378433367243134
2026-09-30,6761,0.5005086469989827,-15.16709511568124,20.909090909090907,0.323880976602238,0.8733468972533062
2026-09-30,6762,0.5005086469989827,-5.952380952380953,7.2784810126582276,-0.2029501525940996,0.20193285859613427
2026-09-30,6763,0.5005086469989827,-3.278690252751837,6.295405057671573,0.0194557477110884,0.5470498474059003
2026-09-30,6767,0.5005086469989827,-5.587671369205793,15.102043930365111,-0.0909206510681586,0.36164801627670395
2026-09-30,6768,0.5005086469989827,-4.420729484109865,7.177033492822966,0.2873855544252288,0.8377416073245167
2026-09-30,6770,0.5005086469989827,-0.1326259946949681,11.553788913356996,0.0269582909460832,0.5625635808748728
2026-09-30,6771,0.5005086469989827,-1.1600893081732069,4.929573882913366,-0.1978636826042725,0.20701932858596134
2026-09-30,6776,0.5005086469989827,-1.121495327102806,4.536864888239898,0.0422177009155645,0.5892675483214649
2026-09-30,6781,0.5005086469989827,-13.191489361702123,18.92156862745098,0.4692268565615463,0.9628687690742624
2026-09-30,6782,0.5005086469989827,-5.46875,15.082644628099173,-0.0897761953204475,0.36291963377416075
2026-09-30,6785,0.5005086469989827,-11.944444444444446,18.296531572953636,-0.0361139369277721,0.4379450661241099
2026-09-30,6788,0.5005086469989827,-11.19592875318066,21.48997134670487,0.5602746693794506,0.9867751780264497
2026-09-30,6789,0.5005086469989827,-3.703703703703709,17.813765182186234,0.2482197355035604,0.8051881993896236
2026-09-30,6790,0.5005086469989827,-1.176470588235301,1.8518538702101937,-0.0845625635808748,0.3733468972533062
2026-09-30,6791,0.5005086469989827,-4.784688995215314,7.035175879396985,-0.1149542217700915,0.32553407934893186
2026-09-30,6792,0.5005086469989827,-5.3968253968254,9.73154234406132,-0.0300101729399796,0.4471007121057986
2026-09-30,6794,0.5005086469989827,-7.830553795114426,9.88858151236617,-0.1678535096642929,0.2530518819938962
2026-09-30,6796,0.5005086469989827,-13.5399662974915,22.264149503887825,0.5633265513733469,0.9888097660223805
2026-09-30,6799,0.5005086469989827,-1.2917131390408287,17.01199397395975,0.3865717192268565,0.909969481180061
2026-09-30,6803,0.5005086469989827,-1.6574585635359074,2.4344569288389515,-0.108850457782299,0.3344354018311292
2026-09-30,6804,0.5005086469989827,-2.1333333333333204,6.267027893897947,-0.150559511698881,0.27238046795523907
2026-09-30,6805,0.5005086469989827,-10.72727272727273,30.14256619144603,-0.0935910478128179,0.3555442522889115
2026-09-30,6807,0.5005086469989827,-5.555557662438348,9.28792805863608,-0.2726347914547304,0.14369277721261445
2026-09-30,6811,0.5005086469989827,-11.743119266055048,22.24532224532225,-0.7782299084435402,0.004069175991861648
2026-09-30,6821,0.5005086469989827,-0.2331037816364234,7.943928798782491,0.3858087487283824,0.9094608341810784
2026-09-30,6823,0.5005086469989827,-5.295945653990075,14.802625304774237,0.3415564598168871,0.8835198372329603
2026-09-30,6829,0.5005086469989827,-21.320754716981128,29.97601918465228,-0.176881993896236,0.2375381485249237
2026-09-30,6830,0.5005086469989827,-16.84867394695788,24.765478424015008,-0.7337232960325534,0.0076297049847405905
2026-09-30,6831,0.5005086469989827,-25.748031496062996,35.100742311770944,0.0078840284842319,0.5254323499491353
2026-09-30,6834,0.5005086469989827,-9.917355371900827,31.19266055045872,-0.137589013224822,0.29247202441505593
2026-09-30,6835,0.5005086469989827,-1.7322834645669305,5.92948840214656,0.1382248219735503,0.7060020345879959
2026-09-30,6838,0.5005086469989827,-3.189492047644349,14.534883720930234,0.0363682604272634,0.5788402848423194
2026-09-30,6840,0.5005086469989827,-11.30044843049327,24.974718855654384,-0.4504069175991861,0.05188199389623601
2026-09-30,6841,0.5005086469989827,0.0,13.265306122448974,0.3143438453713122,0.861648016276704
2026-09-30,6843,0.5005086469989827,-4.342429950845316,6.74448372015848,-0.1225839267548321,0.3123092573753815
2026-09-30,6844,0.5005086469989827,-4.485051044387422,7.130438763162364,0.0437436419125126,0.5925737538148524
2026-09-30,6846,0.5005086469989827,-2.3372312023632547,7.350432567107372,-0.3349440488301118,0.10478128179043744
2026-09-30,6854,0.5005086469989827,-9.417475728155344,16.934622777875468,0.3064598168870804,0.854526958290946
2026-09-30,6855,0.5005086469989827,-3.734439834024894,8.620689655172415,0.1143184130213632,0.6795523906408952
2026-09-30,6856,0.5005086469989827,-4.436861727164699,8.214287530808221,-0.0277212614445574,0.4519328585961343
2026-09-30,6859,0.5005086469989827,-6.5891472868217065,17.012448132780083,-0.2616988809766023,0.15971515768056968
2026-09-30,6861,0.5005086469989827,0.0,43.0622009569378,0.1711597151576807,0.7416073245167853
2026-09-30,6862,0.5005086469989827,-6.122448979591832,12.681159420289855,0.1335198372329603,0.7019328585961343
2026-09-30,6863,0.5005086469989827,-13.755656108597291,20.566630088269775,-0.0755340793489318,0.38809766022380465
2026-09-30,6865,0.5005086469989827,-1.3536353549508218,17.49570660075847,-0.0230162767039674,0.46083418107833163
2026-09-30,6869,0.5005086469989827,-2.309780583377097,15.577186297972442,0.1009664292980672,0.6627670396744659
2026-09-30,6870,0.5005086469989827,-4.852941176470593,25.0386398763524,-0.1551373346897253,0.2667853509664293
2026-09-30,6872,0.5005086469989827,-11.090570505267594,55.09355112817333,-0.1915055951169888,0.21566632756866735
2026-09-30,6873,0.5005086469989827,-4.73538009365665,7.748542473330135,0.0506103763987792,0.6007121057985758
2026-09-30,6874,0.5005086469989827,-9.350649350649354,13.61031518624642,0.3125635808748728,0.8591047812817905
2026-09-30,6875,0.5005086469989827,-13.636361821205869,18.660282214102377,-0.1150813835198372,0.32502543234994913
2026-09-30,6877,0.5005086469989827,-3.076923076923077,18.650793650793652,0.15882502543235,0.731943031536114
2026-09-30,6881,0.5005086469989827,-0.9237875288683584,3.0303030303030303,-0.0756612410986775,0.387589013224822
2026-09-30,6884,0.5005086469989827,-5.999999999999995,10.310964381441156,-0.4916073245167853,0.038657171922685654
2026-09-30,6885,0.5005086469989827,-3.0303030303030276,31.25,-0.1700152594099694,0.24974567650050863
2026-09-30,6887,0.5005086469989827,-4.391464344114226,9.186351706036746,-0.592319430315361,0.022380467955239063
2026-09-30,6890,0.5005086469989827,-19.565217391304344,26.013513513513516,0.4712614445574771,0.9638860630722279
2026-09-30,6894,0.5005086469989827,-5.620915032679741,14.265927977839334,-0.4896998982706002,0.03967446592065107
2026-09-30,6895,0.5005086469989827,-10.619469026548678,22.112211221122113,0.2324516785350965,0.7919633774160733
2026-09-30,6899,0.5005086469989827,-7.60668165085373,10.441768600280026,-0.0443794506612411,0.42675483214649035
2026-09-30,6901,0.5005086469989827,-2.3188405797101352,16.32047477744807,0.323499491353001,0.8723296032553408
2026-09-30,6902,0.5005086469989827,-13.11475409836066,39.308176100628934,-0.0685401831129196,0.3947100712105799
2026-09-30,6903,0.5005086469989827,-2.472952086553326,10.618066561014263,0.435147507629705,0.9420142421159715
2026-09-30,6904,0.5005086469989827,-1.9920318725099584,5.691056910569105,0.0778229908443539,0.6398779247202442
2026-09-30,6906,0.5005086469989827,-5.749714908353509,15.310999309046988,-0.065233977619532,0.3992878942014242
2026-09-30,6907,0.5005086469989827,-10.688836104513069,19.9468085106383,-0.0239064089521872,0.4582909460834181
2026-09-30,6908,0.5005086469989827,-16.97818919996169,21.388362004206737,-0.0328077314343845,0.4420142421159715
2026-09-30,6909,0.5005086469989827,-2.6136363636363624,10.851812195750073,0.1129196337741607,0.676500508646999
2026-09-30,6910,0.5005086469989827,0.0,10.575137731095632,0.0839267548321466,0.6480162767039674
2026-09-30,6913,0.5005086469989827,-23.73887240356083,35.797665369649806,0.0012716174974568,0.5091556459816887
2026-09-30,6914,0.5005086469989827,-3.2520325203251987,4.201680672268908,-0.0390386571719227,0.4331129196337742
2026-09-30,6916,0.5005086469989827,-8.108109830662125,13.368983957219251,0.1937945066124109,0.7619532044760936
2026-09-30,6918,0.5005086469989827,-7.1250000000000036,9.95962520306717,-0.0447609359104781,0.42548321464903355
2026-09-30,6919,0.5005086469989827,-19.305414945149803,26.07594743559632,0.0815106815869786,0.645473041709054
2026-09-30,6921,0.5005086469989827,-2.5788008210015145,15.294119890998392,-0.2179552390640894,0.1948118006103764
2026-09-30,6922,0.5005086469989827,-3.913043478260869,21.945701357466064,0.0470498474059002,0.5966429298067142
2026-09-30,6923,0.5005086469989827,-4.689482198128115,6.117019247501454,-0.2489827060020346,0.16734486266531026
2026-09-30,6924,0.5005086469989827,-6.25,24.444444444444443,-0.5217446592065107,0.03255340793489318
2026-09-30,6925,0.5005086469989827,-1.6000000000000014,34.95934855970264,0.0241607324516786,0.5564598168870803
2026-09-30,6928,0.5005086469989827,-5.737703444335551,9.130436441172725,-0.0640895218718209,0.3997965412004069
2026-09-30,6929,0.5005086469989827,-8.786609422797188,15.596328525368223,-0.1762461851475076,0.23957273652085453
2026-09-30,6931,0.5005086469989827,-7.3809523809523885,10.02571086344192,-0.1360630722278738,0.2960325534079349
2026-09-30,6933,0.5005086469989827,-6.075949367088606,30.862533692722373,-0.023143438453713,0.46007121057985756
2026-09-30,6934,0.5005086469989827,-8.170731707317081,13.54581268026851,-0.060528992878942,0.40284842319430314
2026-09-30,6936,0.5005086469989827,-3.3232583831721785,4.999995231628418,-0.0456510681586979,0.4242115971515768
2026-09-30,6937,0.5005086469989827,-2.377179080824088,12.337662337662335,-0.0760427263479146,0.38708036622583925
2026-09-30,6944,0.5005086469989827,-2.515723270440251,15.354838709677418,0.0892675483214648,0.6541200406917599
2026-09-30,6945,0.5005086469989827,-0.3355704697986628,37.71043771043771,-0.0164038657171923,0.47304170905391657
2026-09-30,6947,0.5005086469989827,-4.73538009365665,7.748542473330135,0.2868769074262461,0.8367243133265514
2026-09-30,6949,0.5005086469989827,-38.217339368410975,66.50197930015594,0.0264496439471007,0.5615462868769074
2026-09-30,6951,0.5005086469989827,-3.888888888888886,4.190751445086714,-0.1358087487283825,0.29679552390640895
2026-09-30,6952,0.5005086469989827,-2.7568959494035483,7.474230736801306,-0.3041709053916582,0.12309257375381485
2026-09-30,6953,0.5005086469989827,-4.854368932038833,15.306122448979592,-0.0495930824008138,0.41785350966429297
2026-09-30,6955,0.5005086469989827,-10.280373831775702,15.20833174387614,0.2989572736520854,0.8468972533062055
2026-09-30,6957,0.5005086469989827,0.0,42.318059299191376,0.000762970498474,0.5071210579857579
2026-09-30,6958,0.5005086469989827,0.0,22.500003467906605,0.0129704984740589,0.5366225839267549
2026-09-30,6961,0.5005086469989827,-5.128206555846826,7.484412242865613,0.1442014242115971,0.7159206510681587
2026-09-30,6962,0.5005086469989827,-4.135889327118914,11.556234491991884,0.3301119023397763,0.8784333672431333
2026-09-30,6965,0.5005086469989827,-15.1797585961995,19.78021738480549,-0.069938962360122,0.3916581892166836
2026-09-30,6967,0.5005086469989827,-4.748978416783589,15.811963638349136,0.4562563580874873,0.9572736520854527
2026-09-30,6968,0.5005086469989827,-1.6607390285599877,2.6538052806233035,-0.0925737538148525,0.35783316378433366
2026-09-30,6969,0.5005086469989827,-15.612385700276732,22.00957424522777,-0.4407426246185147,0.05391658189216684
2026-09-30,6971,0.5005086469989827,-11.985021241576764,13.61702452314661,0.0041963377416073,0.5152594099694812
2026-09-30,6982,0.5005086469989827,-9.165807017487335,12.585032283584004,0.2056205493387589,0.7741607324516785
2026-09-30,6983,0.5005086469989827,-4.657534246575345,7.183908045977011,-0.3020091556459817,0.12461851475076297
2026-09-30,6986,0.5005086469989827,-5.064658294393009,15.891032917139617,0.1401322482197354,0.7118514750762971
2026-09-30,6988,0.5005086469989827,-6.400000000000006,10.683760683760685,-0.3593591047812818,0.08697863682604273
2026-09-30,6994,0.5005086469989827,-27.097658562857085,40.56603053830705,0.0307731434384537,0.5712105798575788
2026-09-30,6996,0.5005086469989827,-9.35828877005348,13.569321533923304,0.2403357070193285,0.7990844354018312
2026-09-30,6997,0.5005086469989827,-3.3189075764398113,4.179109032474347,-0.3092573753814852,0.1190233977619532
2026-09-30,7402,0.5005086469989827,-9.82142857142857,13.267328243444462,0.2791200406917599,0.832146490335707
2026-09-30,7547,0.5005086469989827,-2.26244343891403,28.472224576973616,0.0648524923702951,0.6174974567650051
2026-09-30,7556,0.5005086469989827,-3.290676416819016,13.799621928166353,0.0796032553407934,0.6424211597151577
2026-09-30,7584,0.5005086469989827,-1.374571739608765,12.543555336131451,-0.1861648016276704,0.22304170905391657
2026-09-30,7610,0.5005086469989827,-20.04608294930875,39.481268011527376,-0.4776195320447609,0.04323499491353001
2026-09-30,7631,0.5005086469989827,-7.26072607260726,13.167259786476867,0.1571719226856561,0.7309257375381485
2026-09-30,7642,0.5005086469989827,-13.619171041782716,16.496354820084395,0.0651068158697864,0.6187690742624619
2026-09-30,7689,0.5005086469989827,-9.375,14.733542319749215,0.4094608341810783,0.9257375381485249
2026-09-30,7703,0.5005086469989827,-7.14285714285714,18.858560794044664,-0.1940488301119023,0.211088504577823
2026-09-30,7704,0.5005086469989827,-4.806201550387601,9.609123006317438,-0.186673448626653,0.22177009155645983
2026-09-30,7705,0.5005086469989827,-2.768732058031609,4.020103058423628,-0.1477619532044761,0.2774669379450661
2026-09-30,7708,0.5005086469989827,-1.3903743315508033,2.1691973969631237,-0.1103763987792472,0.3301119023397762
2026-09-30,7709,0.5005086469989827,-9.15789473684211,30.590963529407773,-0.474440488301119,0.04577822990844354
2026-09-30,7711,0.5005086469989827,-17.037037037037038,42.32142857142857,-0.0198372329603254,0.4664292980671414
2026-09-30,7712,0.5005086469989827,-5.847953216374268,18.32298136645963,0.2878942014242116,0.8387589013224822
2026-09-30,7713,0.5005086469989827,-0.9333333333333416,2.6917900403768504,-0.3313835198372329,0.10630722278738555
2026-09-30,7714,0.5005086469989827,-9.473684210526311,20.63953488372093,-0.62970498474059,0.017293997965412006
2026-09-30,7715,0.5005086469989827,-6.425041186161462,12.85210998964982,0.3463886063072227,0.8896236012207528
2026-09-30,7716,0.5005086469989827,-0.4166666666666763,4.1841004184100425,0.000762970498474,0.5071210579857579
2026-09-30,7717,0.5005086469989827,-4.278922345483361,36.75496688741722,-0.1277975584944048,0.3059511698880977
2026-09-30,7718,0.5005086469989827,-3.4773461252042392,4.039306307463667,-0.1200406917599186,0.31536113936927773
2026-09-30,7721,0.5005086469989827,-2.8124999999999956,12.861736334405144,0.0511190233977619,0.6014750762970499
2026-09-30,7722,0.5005086469989827,-9.281961471103328,11.196911196911197,0.0221261444557477,0.5523906408952187
2026-09-30,7723,0.5005086469989827,-10.895882131209522,13.315215318099316,0.0336978636826042,0.5757884028484231
2026-09-30,7728,0.5005086469989827,-4.1666666666666625,19.04047976011994,0.0808748728382502,0.6444557477110885
2026-09-30,7730,0.5005086469989827,-6.994818652849744,15.041782729805014,0.1866734486266531,0.7527975584944049
2026-09-30,7732,0.5005086469989827,-3.873740410989046,6.119400707643424,-0.2589013224821974,0.1617497456765005
2026-09-30,7734,0.5005086469989827,-14.85623003194888,27.204502814258912,0.5167853509664293,0.9773652085452695
2026-09-30,7736,0.5005086469989827,-3.385051444608067,4.233578869896213,-0.0946083418107832,0.3535096642929807
2026-09-30,7738,0.5005086469989827,-13.370473537604454,16.39871382636656,-0.125381485249237,0.30874872838250256
2026-09-30,7740,0.5005086469989827,-22.5925925925926,31.57894736842105,-0.0806205493387589,0.3799593082400814
2026-09-30,7743,0.5005086469989827,-2.7237382963384404,19.0,-0.2717446592065106,0.14445574771108852
2026-09-30,7744,0.5005086469989827,-8.566433566433563,18.068833652007648,-0.1593336724313326,0.2624618514750763
2026-09-30,7747,0.5005086469989827,-3.463203463203468,4.0358744394618835,-0.2360122075279756,0.1785350966429298
2026-09-30,7749,0.5005086469989827,-4.981773997569872,19.053708439897697,0.2339776195320447,0.7937436419125127
2026-09-30,7750,0.5005086469989827,-22.626262626262623,32.375979112271544,-0.0254323499491353,0.4557477110885046
2026-09-30,7751,0.5005086469989827,-4.692082111436946,24.615384615384617,0.2087995930824007,0.7787385554425229
2026-09-30,7753,0.5005086469989827,-3.3921262574785116,4.353930441181311,0.111648016276704,0.6744659206510681
2026-09-30,7757,0.5005086469989827,-4.347829182473573,8.203992822482142,-0.0849440488301119,0.37258392675483215
2026-09-30,7760,0.5005086469989827,-2.8358208955224007,6.912442396313365,-0.1620040691759918,0.2606815869786368
2026-09-30,7765,0.5005086469989827,-8.846153846153848,19.198312236286917,-0.5907934893184129,0.02288911495422177
2026-09-30,7767,0.5005086469989827,-6.370072223133794,10.69114635624072,-0.543997965412004,0.029501525940996948
2026-09-30,7768,0.5005086469989827,-4.006410256410254,20.03338898163606,0.2758138351983723,0.8275686673448627
2026-09-30,7769,0.5005086469989827,-23.11452513966481,32.334241598546775,-0.1350457782299084,0.29857578840284843
2026-09-30,7770,0.5005086469989827,-0.8149028095977617,20.070420744273584,0.1085961342828077,0.671414038657172
2026-09-30,7772,0.5005086469989827,-11.557788944723612,62.78409090909091,-0.0925737538148524,0.35859613428280773
2026-09-30,7777,0.5005086469989827,-6.976740711328544,14.473684210526317,0.5399287894201424,0.982706002034588
2026-09-30,7780,0.5005086469989827,-4.692077846676012,6.769227247971754,0.150940996948118,0.7258392675483215
2026-09-30,7782,0.5005086469989827,-7.339449541284404,10.891089108910892,-0.2469481180061037,0.1688708036622584
2026-09-30,7786,0.5005086469989827,-0.8298755186721962,7.531380753138076,-0.0874872838250253,0.3672431332655137
2026-09-30,7788,0.5005086469989827,-13.4020618556701,25.170068027210885,0.1223296032553408,0.6879450661241099
2026-09-30,7791,0.5005086469989827,-3.658539146435591,4.520795660036167,-0.0386571719226856,0.43463886063072227
2026-09-30,7792,0.5005086469989827,-6.401766004415011,36.91037735849056,0.001525940996948,0.5096642929806714
2026-09-30,7795,0.5005086469989827,-16.865417376490633,25.40983606557377,0.2820447609359104,0.8351983723296033
2026-09-30,7799,0.5005086469989827,-3.405017921146958,38.218923933209645,-0.0793489318413022,0.3814852492370295
2026-09-30,7803,0.5005086469989827,-10.250000000000004,13.92757660167131,-0.0714649033570702,0.3901322482197355
2026-09-30,7805,0.5005086469989827,-5.9047619047619015,7.28744939271255,0.08646998982706,0.6515768056968464
2026-09-30,7810,0.5005086469989827,-2.083333333333337,13.191489361702128,-0.0078840284842319,0.4883011190233978
2026-09-30,7811,0.5005086469989827,-0.9433921523345434,2.993193126860119,0.0053407934893184,0.5188199389623601
2026-09-30,7814,0.5005086469989827,-5.676129280914932,6.548673916706997,0.2263479145473041,0.7878942014242116
2026-09-30,7818,0.5005086469989827,-3.376206972959861,5.15807369187747,-0.0147507629704984,0.4766022380467955
2026-09-30,7819,0.5005086469989827,-9.041833484599891,10.534122365164826,-0.1337741607324516,0.30010172939979657
2026-09-30,7820,0.5005086469989827,-7.916666666666671,16.7420814479638,0.4460834181078331,0.9506612410986776
2026-09-30,7821,0.5005086469989827,-10.58530850400976,12.67409895787996,-0.1487792472024415,0.27517802644964395
2026-09-30,7822,0.5005086469989827,-2.634146341463417,23.34669338677355,0.3619023397761953,0.8967446592065107
2026-09-30,7823,0.5005086469989827,-7.921927204362921,10.099748720849243,-0.3499491353001017,0.0935910478128179
2026-09-30,7825,0.5005086469989827,-29.372384937238493,52.96208530805687,-0.1152085452695829,0.3240081383519837
2026-09-30,7827,0.5005086469989827,-1.49253731343284,13.636363636363637,-0.0528992878942015,0.41302136317395727
2026-09-30,7828,0.5005086469989827,-15.47085201793722,27.055702917771885,-0.5835452695829094,0.023906408952187184
2026-09-30,7839,0.5005086469989827,-3.571426929259758,6.250001766063548,-0.176500508646999,0.23855544252288913
2026-09-30,7842,0.5005086469989827,-9.816513761467894,15.462865664539372,-0.1205493387589012,0.3143438453713123
2026-09-30,8011,0.5005086469989827,-3.5928187756192775,8.385095537079035,-0.0963886063072227,0.349440488301119
2026-09-30,8016,0.5005086469989827,-6.115702479338847,10.915492957746478,0.2774669379450661,0.8301119023397762
2026-09-30,8021,0.5005086469989827,-0.3076923076923088,15.843621399176955,0.1897253306205494,0.7558494404883012
2026-09-30,8024,0.5005086469989827,-9.057972271435876,17.529881997887358,0.0701932858596134,0.6276703967446592
2026-09-30,8027,0.5005086469989827,0.0,27.47747747747748,0.2749237029501525,0.8257884028484231
2026-09-30,8028,0.5005086469989827,-4.3993231810490645,27.964601769911507,0.3624109867751781,0.897761953204476
2026-09-30,8032,0.5005086469989827,-1.4965986394557709,7.320446204085377,0.2896744659206511,0.840030518819939
2026-09-30,8033,0.5005086469989827,-7.427055702917773,13.18051575931232,0.41353001017294,0.927263479145473
2026-09-30,8034,0.5005086469989827,-5.787038700897796,10.810814559899033,-0.0900305188199389,0.3621566632756867
2026-09-30,8038,0.5005086469989827,-0.2881844380403509,16.184969995752244,0.4178535096642928,0.930824008138352
2026-09-30,8039,0.5005086469989827,-10.1644245142003,27.121464226289515,0.3509664292980672,0.8926754832146491
2026-09-30,8040,0.5005086469989827,-3.9024390243902474,29.238581778434323,0.1279247202441507,0.6948118006103764
2026-09-30,8042,0.5005086469989827,-9.716599190283404,21.076233183856505,-0.0350966429298067,0.4399796541200407
2026-09-30,8043,0.5005086469989827,-13.861386138613865,17.624521072796934,0.1266531027466937,0.6937945066124109
2026-09-30,8044,0.5005086469989827,-2.213281179182003,8.024694497693224,0.147761953204476,0.7212614445574771
2026-09-30,8045,0.5005086469989827,-6.908465320317947,23.46939058604621,0.1932858596134281,0.7614445574771109
2026-09-30,8046,0.5005086469989827,0.0,24.62686567164179,0.0824008138351982,0.6459816887080366
2026-09-30,8047,0.5005086469989827,-1.3592233009708798,20.472443948580526,-0.018056968463886,0.4694811800610376
2026-09-30,8048,0.5005086469989827,-5.42056074766355,12.64822435944448,0.4483723296032554,0.9526958290946084
2026-09-30,8049,0.5005086469989827,-0.404861375913379,2.032520325203252,-0.0111902339776195,0.4821973550356053
2026-09-30,8050,0.5005086469989827,-6.470588235294117,21.698112007956833,0.0111902339776194,0.5330620549338759
2026-09-30,8054,0.5005086469989827,-3.695652173913044,14.108352144469528,0.3301119023397761,0.8774160732451679
2026-09-30,8059,0.5005086469989827,-25.42325467206781,35.83932548500709,-0.3964903357070193,0.0676500508646999
2026-09-30,8064,0.5005086469989827,-6.129032258064515,36.769759450171826,0.0165310274669379,0.5437436419125127
2026-09-30,8066,0.5005086469989827,-1.6233741865126827,7.590756557955588,-0.0119532044760936,0.48168870803662256
2026-09-30,8067,0.5005086469989827,-2.371538557920738,11.336029299840256,0.0099186164801626,0.5310274669379451
2026-09-30,8068,0.5005086469989827,-6.3324575969743275,19.4366240165603,0.2754323499491352,0.82706002034588
2026-09-30,8069,0.5005086469989827,-9.999999999999998,14.930555555555555,0.232706002034588,0.7924720244150559
2026-09-30,8070,0.5005086469989827,-1.9531264610122667,5.87649554370409,0.0335707019328586,0.5752797558494405
2026-09-30,8071,0.5005086469989827,-8.884300393213307,14.96599158462213,0.4512970498474059,0.9552390640895219
2026-09-30,8072,0.5005086469989827,-3.466205782485965,11.310591089875308,0.0208545269582909,0.5506103763987793
2026-09-30,8074,0.5005086469989827,-10.26086956521739,16.76356884860253,0.561291963377416,0.9883011190233978
2026-09-30,8076,0.5005086469989827,-6.8376053188618275,10.779818263622598,0.3621566632756867,0.8972533062054934
2026-09-30,8077,0.5005086469989827,-7.868852459016395,8.896797153024911,-0.0940996948118005,0.3542726347914547
2026-09-30,8080,0.5005086469989827,-8.702793748907734,9.892089075321776,-0.391912512716175,0.06968463886063073
2026-09-30,8081,0.5005086469989827,-3.2692307692307687,6.560636182902585,0.2988301119023398,0.8463886063072228
2026-09-30,8083,0.5005086469989827,-2.19435736677116,3.205128205128205,-0.1322482197355035,0.30162767039674465
2026-09-30,8084,0.5005086469989827,-45.20408163265306,82.49534450651768,-0.0017802644964394,0.49872838250254325
2026-09-30,8085,0.5005086469989827,-11.656437582773671,16.319440470801457,-0.0048321464903356,0.4923702950152594
2026-09-30,8086,0.5005086469989827,-9.126984126984128,19.65065502183406,0.6294506612410987,0.996439471007121
2026-09-30,8087,0.5005086469989827,-15.555555555555555,19.29824561403508,-0.0017802644964394,0.49872838250254325
2026-09-30,8088,0.5005086469989827,-2.2026464587427075,10.360365515356666,0.5508646998982706,0.9847405900305188
2026-09-30,8089,0.5005086469989827,-4.176905973150347,17.94871794871795,-0.2090539165818921,0.20091556459816887
2026-09-30,8091,0.5005086469989827,-4.194260485651213,10.829493087557603,0.3545269582909461,0.8942014242115972
2026-09-30,8092,0.5005086469989827,-7.692305112630682,9.1269810994466,-0.0002543234994913,0.5033062054933876
2026-09-30,8093,0.5005086469989827,-17.30769341065076,25.58140018777666,-0.4107324516785351,0.06256358087487283
2026-09-30,8096,0.5005086469989827,-23.549783549783555,38.618344817804186,0.6426754832146491,0.9979654120040692
2026-09-30,8097,0.5005086469989827,-6.370654991630865,8.659795387504026,-0.0554425228891149,0.41098677517802645
2026-09-30,8099,0.5005086469989827,-3.715672809664361,6.7114093959731544,-0.0694303153611393,0.392675483214649
2026-09-30,8101,0.5005086469989827,-11.952192573210072,18.55203792520238,-0.0158952187182095,0.4745676500508647
2026-09-30,8102,0.5005086469989827,-11.390530544270415,17.19532299519382,-0.0724821973550356,0.3896236012207528
2026-09-30,8103,0.5005086469989827,-7.954545454545459,19.34156378600823,-0.375381485249237,0.07934893184130214
2026-09-30,8104,0.5005086469989827,-1.078582434514641,11.059191219531868,0.3720752797558494,0.9023397761953205
2026-09-30,8105,0.5005086469989827,-2.3331481080468564e-06,13.4556621586511,0.5462868769074263,0.9842319430315362
2026-09-30,8107,0.5005086469989827,-6.25000139698384,9.166668256123868,-0.1373346897253306,0.29348931841302134
2026-09-30,8109,0.5005086469989827,-2.877697841726623,10.37037037037037,0.1668362156663275,0.7375381485249237
2026-09-30,8110,0.5005086469989827,-7.344630105821571,25.609752996181083,-0.1197863682604273,0.3158697863682604
2026-09-30,8111,0.5005086469989827,-5.482719239832246,20.554858829454997,-0.3898779247202442,0.07222787385554426
2026-09-30,8112,0.5005086469989827,-50.27144325863458,101.20087003083208,-0.0002543234994913,0.5033062054933876
2026-09-30,8114,0.5005086469989827,-10.050251256281406,13.687150837988826,0.2365208545269583,0.7955239064089522
2026-09-30,8121,0.5005086469989827,-3.8167938931297662,21.428571428571427,0.4860122075279756,0.9710071210579858
2026-09-30,8131,0.5005086469989827,-4.573168512045889,12.9392946870944,0.4839776195320447,0.970498474059003
2026-09-30,8147,0.5005086469989827,-1.2461059190031154,23.02839116719243,0.1205493387589012,0.6856561546286877
2026-09-30,8150,0.5005086469989827,-1.2931034482758674,27.68558685435999,0.1353001017293997,0.7029501525940997
2026-09-30,8155,0.5005086469989827,-15.62082777036048,22.943037974683545,0.0498474059003051,0.5991861648016277
2026-09-30,8162,0.5005086469989827,-3.047897647854403,16.167669239158403,0.4376907426246186,0.9425228891149542
2026-09-30,8163,0.5005086469989827,-5.6162224022119345,9.917355371900827,0.2792472024415056,0.8326551373346898
2026-09-30,8171,0.5005086469989827,-1.8867959836997183,9.85577473273644,0.0961342828077314,0.6594608341810784
2026-09-30,8176,0.5005086469989827,-2.400000000000002,5.122950819672131,-0.1841302136317396,0.22482197355035605
2026-09-30,8182,0.5005086469989827,-2.8168979274731165,14.734295831210371,0.4636317395727365,0.9600712105798576
2026-09-30,8201,0.5005086469989827,0.0,28.34890965732087,0.038148524923703,0.5803662258392676
2026-09-30,8210,0.5005086469989827,-17.227722772277232,21.291866028708135,0.0061037639877924,0.5213631739572736
2026-09-30,8213,0.5005086469989827,0.0,7.681158314580502,0.0885045778229907,0.6531027466937945
2026-09-30,8215,0.5005086469989827,-4.354838709677422,21.922428330522767,-0.1828585961342829,0.22634791454730416
2026-09-30,8222,0.5005086469989827,-10.27569265434657,15.782127167259516,0.4303153611393693,0.938708036622584
2026-09-30,8227,0.5005086469989827,0.0,58.1646423751687,-0.0030518819938962,0.49542217700915564
2026-09-30,8234,0.5005086469989827,-10.953062187051044,15.49521498025035,0.1876907426246185,0.7538148524923703
2026-09-30,8240,0.5005086469989827,0.0,18.49912606816849,0.0261953204476094,0.5610376398779248
2026-09-30,8249,0.5005086469989827,-5.952380952380953,12.405067154123811,0.4674465920651068,0.9623601220752798
2026-09-30,8255,0.5005086469989827,-2.970297029702973,13.26530612244898,0.6007121057985758,0.9938962360122076
2026-09-30,8261,0.5005086469989827,-5.630026809651478,16.193181818181817,0.5033062054933874,0.9745676500508647
2026-09-30,8271,0.5005086469989827,-12.93103448275862,17.326732673267326,-0.1177517802644964,0.32044760935910477
2026-09-30,8272,0.5005086469989827,-4.867260919204719,10.542640390322193,-0.2534333672431333,0.16581892166836215
2026-09-30,8277,0.5005086469989827,-24.390243902439025,37.74193794496599,-0.4875381485249237,0.04069175991861648
2026-09-30,8279,0.5005086469989827,-3.4653501806976683,4.102569971329126,-0.0350966429298067,0.4399796541200407
2026-09-30,8284,0.5005086469989827,-2.4390201186157423,7.058816797593061,-0.4809257375381485,0.0422177009155646
2026-09-30,8289,0.5005086469989827,-2.7253684321730476,16.27155007987187,0.5180569684638862,0.978382502543235
2026-09-30,8291,0.5005086469989827,-13.484848484848476,17.338006174919272,0.0025432349949135,0.5127161749745677
2026-09-30,8299,0.5005086469989827,-8.510638297872342,20.930232558139537,0.1912512716174974,0.7576297049847406
2026-09-30,8341,0.5005086469989827,-2.7450980392156765,3.3602150537634405,-0.1233468972533061,0.31129196337741605
2026-09-30,8342,0.5005086469989827,-5.113636363636365,8.383233532934131,-0.0326805696846388,0.44252288911495424
2026-09-30,8349,0.5005086469989827,0.0,7.301978309555805,0.0684130213631739,0.624618514750763
2026-09-30,8354,0.5005086469989827,-6.111111111111123,7.98816793769069,-0.0785859613428281,0.384028484231943
2026-09-30,8358,0.5005086469989827,-12.234042553191491,19.090909090909093,0.1307222787385554,0.6978636826042727
2026-09-30,8367,0.5005086469989827,-1.8203901675994505,3.337459304866154,-0.2858596134282807,0.13886063072227875
2026-09-30,8374,0.5005086469989827,-12.612615615823575,17.525781061231477,0.2375381485249237,0.7965412004069176
2026-09-30,8383,0.5005086469989827,-2.5640983283365393,10.233912551612184,-0.023143438453713,0.46007121057985756
2026-09-30,8390,0.5005086469989827,-9.50951089166695,12.057523811812947,0.1113936927772126,0.6739572736520855
2026-09-30,8401,0.5005086469989827,-1.0869565217391353,2.637364314152644,-0.1903611393692776,0.21770091556459817
2026-09-30,8403,0.5005086469989827,-1.3020872552360283,2.3746742107622856,-0.1106307222787384,0.32934893184130215
2026-09-30,8404,0.5005086469989827,-19.939573348564466,25.660374479473777,-0.0061037639877924,0.4903357070193286
2026-09-30,8409,0.5005086469989827,-2.439028424559042,3.0555619133843317,-0.1380976602238046,0.2917090539165819
2026-09-30,8410,0.5005086469989827,-8.852459016393443,10.611513535753428,-0.0813835198372329,0.37843336724313326
2026-09-30,8411,0.5005086469989827,-9.848483545830511,13.44537654844653,-0.2838250254323499,0.14038657171922686
2026-09-30,8415,0.5005086469989827,-6.878304998777374,9.80113853107799,0.0239064089521872,0.555442522889115
2026-09-30,8416,0.5005086469989827,-2.0289855072463725,2.6627218934911245,-0.3208290946083417,0.11291963377416073
2026-09-30,8421,0.5005086469989827,-6.159421586860148,13.127411654557028,0.1285605289928789,0.6953204476093591
2026-09-30,8422,0.5005086469989827,-4.074074074074074,5.984553038843811,-0.014496439471007,0.47711088504577825
2026-09-30,8423,0.5005086469989827,-6.666666666666665,13.186811090825678,-0.1013479145473041,0.34384537131230924
2026-09-30,8424,0.5005086469989827,-0.7022429349339054,3.818949007414692,-0.069175991861648,0.39318413021363174
2026-09-30,8426,0.5005086469989827,-2.132703191156926,6.053268765133173,-0.0820193285859613,0.3769074262461852
2026-09-30,8429,0.5005086469989827,-3.1147525836561885,4.7377281382604295,-0.0109359104781281,0.48296032553407936
2026-09-30,8431,0.5005086469989827,-4.978666998322845,25.89820816131409,-0.1510681586978637,0.2706002034587996
2026-09-30,8432,0.5005086469989827,-1.361870632487172,3.35305870402259,-0.142675483214649,0.2850966429298067
2026-09-30,8433,0.5005086469989827,-4.69314341925492,6.0606075055671464,-0.1810783316378433,0.22965412004069177
2026-09-30,8435,0.5005086469989827,-0.743493016232244,2.0599222361818237,-0.1421668362156662,0.2863682604272635
2026-09-30,8436,0.5005086469989827,-10.878661087866105,15.96244131455399,0.344354018311292,0.8863173957273652
2026-09-30,8437,0.5005086469989827,-5.990786715361207,20.098041085635938,0.1185147507629705,0.6836215666327569
2026-09-30,8438,0.5005086469989827,-3.1175077677572105,21.410894866036895,0.4707527975584943,0.9633774160732451
2026-09-30,8440,0.5005086469989827,-5.3488372093023155,9.828009828009828,0.1263987792472025,0.6932858596134283
2026-09-30,8442,0.5005086469989827,-3.1847102393119164,6.688594818115234,-0.4132756866734487,0.06002034587995931
2026-09-30,8443,0.5005086469989827,-2.192979183296695,4.035872728835291,-0.2169379450661241,0.1958290946083418
2026-09-30,8444,0.5005086469989827,-13.00000000000001,18.160918663287987,-0.1327568667344862,0.30061037639877924
2026-09-30,8446,0.5005086469989827,-1.7381263021024496,2.5943450207980177,-0.1551373346897253,0.2667853509664293
2026-09-30,8450,0.5005086469989827,-2.3890759566134623,4.545451877834068,0.0058494404883011,0.5208545269582909
2026-09-30,8454,0.5005086469989827,-4.563492063492058,7.6923076923076925,-0.142675483214649,0.2850966429298067
2026-09-30,8455,0.5005086469989827,-8.677688829479091,9.502265895653627,-0.1345371312309257,0.29959308240081384
2026-09-30,8462,0.5005086469989827,-7.848837209302328,10.094637223974765,-0.3334181078331638,0.10579857578840285
2026-09-30,8463,0.5005086469989827,-1.620372107817114,5.176472383386948,-0.1043997965412004,0.3402848423194303
2026-09-30,8464,0.5005086469989827,-5.297157622739013,7.366984993178717,-0.3204476093591047,0.11342828077314344
2026-09-30,8466,0.5005086469989827,-10.119043537278117,21.854299583182428,0.1744659206510682,0.7441505595116988
2026-09-30,8467,0.5005086469989827,-6.203208556149731,12.65678275270364,0.2566124109867751,0.8123092573753815
2026-09-30,8472,0.5005086469989827,-16.365822772375125,26.043163272116683,-0.5040691759918617,0.03560528992878942
2026-09-30,8473,0.5005086469989827,-6.76416789569193,12.915278980567022,0.5109359104781283,0.9750762970498474
2026-09-30,8476,0.5005086469989827,-1.2285030800164964,8.20895332602126,0.1904883011190234,0.7563580874872838
2026-09-30,8477,0.5005086469989827,-8.737862951011577,10.99290915414798,-0.1754832146490336,0.24109867751780265
2026-09-30,8478,0.5005086469989827,-2.422145328719727,4.609929078014184,0.0054679552390641,0.5193285859613428
2026-09-30,8481,0.5005086469989827,-2.0334910348680624,3.296699570503281,-0.1864191251271617,0.22227873855544253
2026-09-30,8482,0.5005086469989827,-3.529411764705881,9.552847079145227,-0.0768056968463886,0.38453713123092575
2026-09-30,8487,0.5005086469989827,-1.5299047323149018,2.683617974405235,-0.1119023397761953,0.3275686673448627
2026-09-30,8488,0.5005086469989827,-12.719295325004689,17.085425218745076,-0.1529755849440488,0.2685656154628688
2026-09-30,8489,0.5005086469989827,-5.073994240532875,10.913135214213009,0.0760427263479144,0.6373346897253306
2026-09-30,8499,0.5005086469989827,-3.3707865168539297,6.5891472868217065,0.3189216683621567,0.8672431332655137
2026-09-30,8905,0.5005086469989827,-1.7021276595744703,4.040408444094968,-0.3578331637843337,0.08850457782299084
2026-09-30,8906,0.5005086469989827,-6.229508196721312,10.48951048951049,-0.375381485249237,0.07934893184130214
2026-09-30,8908,0.5005086469989827,-1.585365853658538,4.203654576411477,-0.2662767039674465,0.15335707019328587
2026-09-30,8916,0.5005086469989827,-1.322111765132017,2.557854414276606,-0.0221261444557476,0.46388606307222785
2026-09-30,8917,0.5005086469989827,-3.243243243243243,7.448789571694599,-0.226347914547304,0.1866734486266531
2026-09-30,8921,0.5005086469989827,-3.170030947417968,11.011907032557897,-0.0460325534079349,0.42268565615462866
2026-09-30,8923,0.5005086469989827,-4.2553152634363105,4.444440205891928,-0.1119023397761952,0.32807731434384535
2026-09-30,8924,0.5005086469989827,-3.980582524271836,4.954501037289086,-0.0203458799593082,0.465412004069176
2026-09-30,8926,0.5005086469989827,-1.497501658853828,7.263512224764438,0.0681586978636826,0.6241098677517802
2026-09-30,8927,0.5005086469989827,-5.303026654138532,7.466664632161459,-0.0623092573753815,0.40183112919633773
2026-09-30,8928,0.5005086469989827,-8.016034876881605,10.239653078299463,-0.0670142421159715,0.3972533062054934
2026-09-30,8929,0.5005086469989827,-0.3773584905660376,3.787878787878788,0.1637843336724313,0.7360122075279756
2026-09-30,8930,0.5005086469989827,-5.737704918032782,7.304349152938179,-0.1191505595116989,0.31739572736520855
2026-09-30,8931,0.5005086469989827,-2.0385084819337207,8.323704714030889,-0.2732706002034587,0.14292980671414038
2026-09-30,8932,0.5005086469989827,-4.0414507772020825,12.31101676660789,0.1492878942014242,0.7238046795523907
2026-09-30,8933,0.5005086469989827,-4.2553152634363105,8.44443639119466,0.1317395727365208,0.6998982706002035
2026-09-30,8935,0.5005086469989827,-3.676470588235292,19.8473282442748,0.3766531027466939,0.9059003051881994
2026-09-30,8936,0.5005086469989827,-0.5671106185736963,5.513310885701342,-0.0024160732451679,0.49593082400813837
2026-09-30,8937,0.5005086469989827,-19.135806277437272,30.53435696900347,-0.2695829094608342,0.14750762970498474
2026-09-30,8938,0.5005086469989827,-0.7547169811320753,4.942962878557212,-0.1768819938962361,0.237029501525941
2026-09-30,8940,0.5005086469989827,-5.329152472913412,9.271520652518369,0.2127416073245168,0.7822990844354019
2026-09-30,8941,0.5005086469989827,-3.524232317408349,7.0776307963889495,-0.3831383519837232,0.07375381485249237
2026-09-30,8942,0.5005086469989827,-6.293709626677191,7.08955603452465,-0.2438962360122075,0.17141403865717192
2026-09-30,8996,0.5005086469989827,-3.6036036036036,32.087227414330215,0.0053407934893183,0.5183112919633774
2026-09-30,9103,0.5005086469989827,-3.3009726644539494,4.016070002054114,-0.0167853509664293,0.4722787385554425
2026-09-30,9105,0.5005086469989827,-5.745858340060872,8.792497069167645,0.2080366225839267,0.7774669379450662
2026-09-30,9110,0.5005086469989827,-3.548384129566806,19.39799075939982,0.0574771108850458,0.6068158697863683
2026-09-30,9136,0.5005086469989827,-20.174671159347312,26.3676127928352,0.0434893184130213,0.5920651068158698
2026-09-30,9802,0.5005086469989827,-11.232876712328776,15.432098765432102,0.4137843336724314,0.9277721261444557
2026-09-30,9902,0.5005086469989827,-4.69314341925493,6.06060750556716,-0.1617497456765005,0.2614445574771109
2026-09-30,9904,0.5005086469989827,-0.3991985632981643,4.208413775793775,-0.0695574771108851,0.39216683621566634
2026-09-30,9905,0.5005086469989827,-0.9280707384740738,2.810297302674912,-0.1007121057985758,0.34486266531027465
2026-09-30,9906,0.5005086469989827,-9.167164750934289,18.96433473690985,-0.0690488301119023,0.3936927772126144
2026-09-30,9907,0.5005086469989827,-4.4871818227723566,6.040272296675112,-0.1497965412004069,0.2736520854526958
2026-09-30,9908,0.5005086469989827,-2.027028289652799,2.413795734273976,-0.1778992878942014,0.23448626653102747
2026-09-30,9910,0.5005086469989827,-6.267031921323696,8.866276851920194,-0.1321210579857579,0.3021363173957274
2026-09-30,9911,0.5005086469989827,-2.0432656377376235,2.4539877300613497,-0.0957527975584944,0.35096642929806715
2026-09-30,9912,0.5005086469989827,-2.6022291020705968,7.251906940955243,-0.2426246185147507,0.17243133265513733
2026-09-30,9914,0.5005086469989827,-17.71084337349398,25.036600987000146,0.2492370295015259,0.8062054933875891
2026-09-30,9917,0.5005086469989827,-2.7649769585253448,3.3175355450236967,-0.33646998982706,0.10325534079348932
2026-09-30,9918,0.5005086469989827,-0.8045977011494232,2.6651252048178593,-0.2931078331637843,0.13326551373346898
2026-09-30,9919,0.5005086469989827,-3.1468544386903163,5.776174662345583,-0.2873855544252289,0.13784333672431331
2026-09-30,9921,0.5005086469989827,-10.048309178743963,19.54886890251578,0.20676500508647,0.7767039674465921
2026-09-30,9924,0.5005086469989827,-3.2911392405063244,4.9738259839761945,-0.0859613428280773,0.3700406917599186
2026-09-30,9925,0.5005086469989827,-1.2484375695015593,1.7699134334752291,-0.190996948118006,0.21617497456765006
2026-09-30,9926,0.5005086469989827,-1.8000000000000016,2.749487727334203,-0.3344354018311291,0.10528992878942015
2026-09-30,9927,0.5005086469989827,-0.7082152974504208,1.8544892271643107,-0.2451678535096643,0.1703967446592065
2026-09-30,9928,0.5005086469989827,-1.9337037242720068,3.943666270081426,-0.0256866734486266,0.45523906408952186
2026-09-30,9929,0.5005086469989827,-7.500000000000007,10.81080909247871,-0.1698880976602237,0.25025432349949134
2026-09-30,9930,0.5005086469989827,-5.790299589242476,6.644520807107819,-0.121820956256358,0.3133265513733469
2026-09-30,9931,0.5005086469989827,-0.2915451895043608,1.754385964912264,-0.1897253306205493,0.21820956256358087
2026-09-30,9933,0.5005086469989827,-5.4587671979271395,10.810805187178476,-0.4633774160732451,0.048830111902339775
2026-09-30,9934,0.5005086469989827,-11.479817599303155,14.387032181296288,0.1236012207527975,0.6904883011190234
2026-09-30,9935,0.5005086469989827,-7.808566003437834,10.92896174863388,0.2021871820956256,0.7690742624618515
2026-09-30,9937,0.5005086469989827,-2.1543999039545514,3.4862413318879018,-0.1434384537131231,0.28280773143438453
2026-09-30,9938,0.5005086469989827,-8.820025496181161,11.11111111111111,0.2555951169888097,0.811291963377416
2026-09-30,9939,0.5005086469989827,-4.9056603773584895,7.142857142857142,-0.0881230925737538,0.3646998982706002
2026-09-30,9940,0.5005086469989827,-6.074764680858225,8.20895332602126,-0.3362156663275686,0.10376398779247202
2026-09-30,9941,0.5005086469989827,-41.13389734405965,69.87705230712892,-0.0038148524923702,0.49440488301119023
2026-09-30,9942,0.5005086469989827,-1.2931034482758674,2.620087336244542,-0.0525178026449644,0.41353001017294
2026-09-30,9943,0.5005086469989827,-2.5145082084241377,3.174607715909443,-0.1705239064089522,0.24872838250254323
2026-09-30,9944,0.5005086469989827,-1.1494231202010097,2.6162724162256996,-0.1533570701932858,0.26754832146490337
2026-09-30,9945,0.5005086469989827,-3.1249987843789406,9.507637477285389,-0.1688708036622583,0.25127161749745675
2026-09-30,9946,0.5005086469989827,-6.849315068493156,9.705880109001608,-0.0792217700915565,0.3830111902339776
2026-09-30,9949,0.5005086469989827,-2.016126017912767,3.703702133869438,0.1597151576805696,0.7329603255340793
2026-09-30,9950,0.5005086469989827,-4.672897196261683,5.882349201277166,-0.1871820956256358,0.22126144455747712
2026-09-30,9951,0.5005086469989827,-14.07678364815743,16.702132529400764,-0.0628179043743641,0.40132248219735506
2026-09-30,9955,0.5005086469989827,-5.714285714285705,10.822510822510822,0.005086469989827,0.5178026449643948
2026-09-30,9958,0.5005086469989827,-1.0638297872340383,7.204297793808803,0.1958290946083417,0.7634791454730417
2026-09-30,9960,0.5005086469989827,-1.0727056019070424,31.08433918780592,0.0330620549338759,0.5747711088504578
2026-09-30,9962,0.5005086469989827,-0.9569359912951936,6.183568982110507,0.070701932858596,0.6286876907426246
